"Date","Price","Open","High","Low","Vol.","Change %"
"25/04/2000","11,124.83","10,916.65","11,136.61","10,881.04","240.20M","2.01%"
"24/04/2000","10,906.10","10,822.33","10,910.75","10,695.44","295.33M","0.57%"
"23/04/2000","10,844.06","10,844.06","10,844.06","10,844.06","","0.00%"
"22/04/2000","10,844.06","10,844.06","10,844.06","10,844.06","","0.00%"
"21/04/2000","10,844.06","10,844.06","10,844.06","10,844.06","","0.00%"
"20/04/2000","10,844.06","10,668.19","10,845.29","10,665.09","158.39M","1.58%"
"19/04/2000","10,674.97","10,748.97","10,789.44","10,632.15","193.86M","-0.86%"
"18/04/2000","10,767.42","10,584.02","10,773.93","10,571.34","218.38M","1.75%"
"17/04/2000","10,582.52","10,303.29","10,583.75","10,232.55","247.52M","2.69%"
"16/04/2000","10,305.78","10,305.78","10,305.78","10,305.78","","0.00%"
"15/04/2000","10,305.78","10,305.78","10,305.78","10,305.78","","0.00%"
"14/04/2000","10,305.78","10,922.85","10,922.85","10,201.53","267.58M","-5.66%"
"13/04/2000","10,923.55","11,132.58","11,144.06","10,920.76","200.24M","-1.81%"
"12/04/2000","11,125.14","11,283.05","11,425.45","11,116.75","234.78M","-1.43%"
"11/04/2000","11,287.09","11,180.98","11,361.15","11,102.48","171.13M","0.90%"
"10/04/2000","11,186.57","11,114.89","11,287.70","11,097.21","150.07M","0.68%"
"09/04/2000","11,111.49","11,111.49","11,111.49","11,111.49","","0.00%"
"08/04/2000","11,111.49","11,111.49","11,111.49","11,111.49","","0.00%"
"07/04/2000","11,111.49","11,122.03","11,192.45","11,062.77","156.50M","-0.03%"
"06/04/2000","11,114.28","11,029.56","11,201.14","11,029.56","161.82M","0.73%"
"05/04/2000","11,033.93","11,163.29","11,218.21","11,002.58","189.31M","-1.17%"
"04/04/2000","11,164.85","11,225.34","11,418.24","10,717.78","319.28M","-0.51%"
"03/04/2000","11,221.94","10,863.28","11,223.79","10,862.97","279.95M","2.75%"
"02/04/2000","10,921.93","10,921.93","10,921.93","10,921.93","","0.00%"
"01/04/2000","10,921.93","10,921.93","10,921.93","10,921.93","","0.00%"
"31/03/2000","10,921.93","10,993.28","11,107.76","10,921.92","179.59M","-0.53%"
"30/03/2000","10,980.25","11,008.17","11,144.06","10,916.34","214.19M","-0.35%"
"29/03/2000","11,018.72","10,939.05","11,101.55","10,910.75","199.37M","0.76%"
"28/03/2000","10,936.12","11,023.68","11,094.34","10,932.78","177.78M","-0.81%"
"27/03/2000","11,025.86","11,093.25","11,170.82","10,982.73","184.88M","-0.78%"
"26/03/2000","11,112.73","11,112.73","11,112.73","11,112.73","","0.00%"
"25/03/2000","11,112.73","11,112.73","11,112.73","11,112.73","","0.00%"
"24/03/2000","11,112.73","11,107.45","11,234.65","11,045.09","217.14M","-0.06%"
"23/03/2000","11,119.86","10,884.38","11,136.61","10,831.02","224.71M","2.33%"
"22/03/2000","10,866.70","10,916.96","10,917.27","10,789.13","195.83M","-0.37%"
"21/03/2000","10,907.35","10,680.24","10,907.34","10,603.61","211.95M","2.13%"
"20/03/2000","10,680.25","10,594.75","10,727.71","10,586.99","177.73M","0.80%"
"19/03/2000","10,595.24","10,595.24","10,595.24","10,595.24","","0.00%"
"18/03/2000","10,595.24","10,595.24","10,595.24","10,595.24","","0.00%"
"17/03/2000","10,595.24","10,629.98","10,763.38","10,567.31","247.83M","-0.33%"
"16/03/2000","10,630.61","10,139.58","10,632.46","10,138.34","253.79M","4.93%"
"15/03/2000","10,131.42","9,808.15","10,180.20","9,776.49","204.92M","3.26%"
"14/03/2000","9,811.24","9,957.67","10,043.30","9,811.24","186.08M","-1.37%"
"13/03/2000","9,947.13","9,911.22","9,998.55","9,735.54","186.21M","0.18%"
"12/03/2000","9,928.83","9,928.83","9,928.83","9,928.83","","0.00%"
"11/03/2000","9,928.83","9,928.83","9,928.83","9,928.83","","0.00%"
"10/03/2000","9,928.83","10,008.55","10,091.39","9,907.26","197.44M","-0.82%"
"09/03/2000","10,010.73","9,855.29","10,010.73","9,738.95","187.36M","1.56%"
"08/03/2000","9,856.54","9,800.69","9,918.89","9,731.81","223.31M","0.62%"
"07/03/2000","9,796.04","10,197.61","10,229.14","9,752.68","278.18M","-3.68%"
"06/03/2000","10,170.51","10,358.96","10,383.95","10,121.48","172.59M","-1.90%"
"05/03/2000","10,367.20","10,367.20","10,367.20","10,367.20","","0.00%"
"04/03/2000","10,367.20","10,367.20","10,367.20","10,367.20","","0.00%"
"03/03/2000","10,367.20","10,171.12","10,443.52","10,171.12","210.28M","1.99%"
"02/03/2000","10,164.92","10,135.44","10,212.39","10,103.49","206.51M","0.27%"
"01/03/2000","10,137.93","10,128.11","10,186.33","10,084.56","216.78M","0.09%"
"29/02/2000","10,128.31","10,039.58","10,204.94","10,029.96","191.36M","0.89%"
"28/02/2000","10,038.66","9,854.66","10,156.54","9,842.57","213.19M","1.79%"
"27/02/2000","9,862.12","9,862.12","9,862.12","9,862.12","","0.00%"
"26/02/2000","9,862.12","9,862.12","9,862.12","9,862.12","","0.00%"
"25/02/2000","9,862.12","10,090.77","10,132.42","9,836.06","195.10M","-2.28%"
"24/02/2000","10,092.64","10,242.48","10,248.06","9,942.78","237.41M","-1.30%"
"23/02/2000","10,225.73","10,294.82","10,338.35","10,164.92","185.23M","-0.77%"
"22/02/2000","10,304.85","10,219.83","10,336.79","10,103.80","194.20M","0.83%"
"21/02/2000","10,219.53","10,219.53","10,219.53","10,219.53","","0.00%"
"20/02/2000","10,219.53","10,219.53","10,219.53","10,219.53","","0.00%"
"19/02/2000","10,219.53","10,219.53","10,219.53","10,219.53","","0.00%"
"18/02/2000","10,219.53","10,514.57","10,517.75","10,199.98","208.93M","-2.81%"
"17/02/2000","10,514.57","10,565.76","10,671.86","10,454.61","195.83M","-0.44%"
"16/02/2000","10,561.42","10,711.82","10,741.67","10,561.41","163.24M","-1.46%"
"15/02/2000","10,718.10","10,520.15","10,763.07","10,494.48","183.32M","1.88%"
"14/02/2000","10,519.85","10,431.65","10,549.00","10,430.80","167.24M","0.91%"
"13/02/2000","10,425.22","10,425.22","10,425.22","10,425.22","","0.00%"
"12/02/2000","10,425.22","10,425.22","10,425.22","10,425.22","","0.00%"
"11/02/2000","10,425.22","10,638.64","10,638.64","10,356.96","193.54M","-2.05%"
"10/02/2000","10,643.64","10,697.92","10,738.25","10,606.40","156.39M","-0.52%"
"09/02/2000","10,699.17","10,948.82","10,948.82","10,698.85","168.55M","-2.36%"
"08/02/2000","10,957.61","10,904.26","11,023.06","10,904.26","168.89M","0.48%"
"07/02/2000","10,905.79","10,965.97","10,970.94","10,846.22","145.66M","-0.53%"
"06/02/2000","10,963.81","10,963.81","10,963.81","10,963.81","","0.00%"
"05/02/2000","10,963.81","10,963.81","10,963.81","10,963.81","","0.00%"
"04/02/2000","10,963.81","11,014.37","11,089.45","10,943.02","166.58M","-0.45%"
"03/02/2000","11,013.45","11,010.48","11,079.52","10,842.26","178.63M","0.09%"
"02/02/2000","11,003.21","11,037.64","11,118.93","10,987.07","164.06M","-0.34%"
"01/02/2000","11,041.06","10,937.74","11,073.32","10,907.96","183.04M","0.92%"
"31/01/2000","10,940.54","10,735.77","10,956.67","10,701.64","191.88M","1.88%"
"30/01/2000","10,738.88","10,738.88","10,738.88","10,738.88","","0.00%"
"29/01/2000","10,738.88","10,738.88","10,738.88","10,738.88","","0.00%"
"28/01/2000","10,738.88","11,024.92","11,024.92","10,735.77","183.06M","-2.62%"
"27/01/2000","11,028.03","11,035.55","11,164.14","10,915.40","194.28M","-0.04%"
"26/01/2000","11,032.99","11,025.85","11,131.03","11,002.58","188.84M","0.03%"
"25/01/2000","11,029.89","11,010.96","11,079.52","10,883.45","209.23M","0.20%"
"24/01/2000","11,008.17","11,251.94","11,366.50","10,917.27","202.74M","-2.16%"
"23/01/2000","11,251.72","11,251.72","11,251.72","11,251.72","","0.00%"
"22/01/2000","11,251.72","11,251.72","11,251.72","11,251.72","","0.00%"
"21/01/2000","11,251.72","11,356.26","11,387.60","11,232.48","205.84M","-0.88%"
"20/01/2000","11,351.30","11,490.29","11,558.70","11,274.98","191.23M","-1.20%"
"19/01/2000","11,489.37","11,535.24","11,574.68","11,456.01","192.94M","-0.62%"
"18/01/2000","11,560.73","11,719.19","11,720.12","11,546.45","200.22M","-1.38%"
"17/01/2000","11,722.98","11,722.98","11,722.98","11,722.98","","0.00%"
"16/01/2000","11,722.98","11,722.98","11,722.98","11,722.98","","0.00%"
"15/01/2000","11,722.98","11,722.98","11,722.98","11,722.98","","0.00%"
"14/01/2000","11,722.98","11,619.35","11,750.28","11,612.53","238.62M","1.21%"
"13/01/2000","11,582.44","11,558.24","11,656.58","11,524.11","174.91M","0.27%"
"12/01/2000","11,551.11","11,568.47","11,612.53","11,505.18","194.05M","0.35%"
"11/01/2000","11,511.09","11,568.47","11,663.10","11,502.70","177.30M","-0.53%"
"10/01/2000","11,572.20","11,247.06","11,638.28","11,532.48","168.18M","0.43%"
"09/01/2000","11,522.56","11,522.56","11,522.56","11,522.56","","0.00%"
"08/01/2000","11,522.56","11,522.56","11,522.56","11,522.56","","0.00%"
"07/01/2000","11,522.56","11,247.06","11,528.14","11,239.92","184.90M","2.39%"
"06/01/2000","11,253.27","11,113.37","11,313.45","11,098.45","176.55M","1.17%"
"05/01/2000","11,122.66","10,989.37","11,215.10","10,938.67","203.19M","1.13%"
"04/01/2000","10,997.94","11,349.75","11,350.06","10,986.45","178.42M","-3.17%"
"03/01/2000","11,357.51","11,501.85","11,522.01","11,305.69","169.75M","-1.21%"
"02/01/2000","11,497.12","11,497.12","11,497.12","11,497.12","","0.00%"
"01/01/2000","11,497.12","11,497.12","11,497.12","11,497.12","","0.00%"
"31/12/1999","11,497.12","11,453.48","11,542.41","11,442.82","43.62M","0.39%"
"30/12/1999","11,452.86","11,484.36","11,568.77","11,446.74","67.60M","-0.28%"
"29/12/1999","11,484.67","11,472.88","11,543.08","11,465.17","69.88M","0.07%"
"28/12/1999","11,476.71","11,389.24","11,517.39","11,382.21","91.56M","0.75%"
"27/12/1999","11,391.08","11,410.65","11,475.18","11,380.60","111.50M","-0.13%"
"26/12/1999","11,405.76","11,405.76","11,405.76","11,405.76","","0.00%"
"25/12/1999","11,405.76","11,405.76","11,405.76","11,405.76","","0.00%"
"24/12/1999","11,405.76","11,405.76","11,405.76","11,405.76","","0.00%"
"23/12/1999","11,405.76","11,202.07","11,443.07","11,202.07","97.85M","1.80%"
"22/12/1999","11,203.61","11,199.45","11,260.18","11,181.89","115.11M","0.03%"
"21/12/1999","11,200.55","11,142.43","11,237.85","11,098.01","141.38M","0.50%"
"20/12/1999","11,144.28","11,254.50","11,310.03","11,110.93","131.09M","-1.01%"
"19/12/1999","11,257.43","11,257.43","11,257.43","11,257.43","","0.00%"
"18/12/1999","11,257.43","11,257.43","11,257.43","11,257.43","","0.00%"
"17/12/1999","11,257.43","11,259.26","11,383.74","11,257.43","274.05M","0.11%"
"16/12/1999","11,244.89","11,224.40","11,244.89","11,124.39","190.76M","0.17%"
"15/12/1999","11,225.32","11,158.78","11,282.20","11,130.51","234.24M","0.58%"
"14/12/1999","11,160.18","11,195.34","11,235.71","11,143.05","200.62M","-0.29%"
"13/12/1999","11,192.60","11,217.46","11,250.39","11,162.31","149.86M","-0.29%"
"12/12/1999","11,224.71","11,224.71","11,224.71","11,224.71","","0.00%"
"11/12/1999","11,224.71","11,224.71","11,224.71","11,224.71","","0.00%"
"10/12/1999","11,224.71","11,137.85","11,274.55","11,118.27","170.11M","0.81%"
"09/12/1999","11,134.79","11,073.62","11,204.21","11,054.66","177.98M","0.60%"
"08/12/1999","11,068.12","11,107.26","11,171.79","11,068.12","148.81M","-0.35%"
"07/12/1999","11,106.66","11,221.65","11,253.45","11,106.65","169.04M","-1.05%"
"06/12/1999","11,225.02","11,286.79","11,297.80","11,193.51","134.76M","-0.54%"
"05/12/1999","11,286.18","11,286.18","11,286.18","11,286.18","","0.00%"
"04/12/1999","11,286.18","11,286.18","11,286.18","11,286.18","","0.00%"
"03/12/1999","11,286.18","11,046.10","11,341.23","11,045.79","167.79M","2.24%"
"02/12/1999","11,039.07","10,995.02","11,070.72","10,988.60","132.56M","0.37%"
"01/12/1999","10,998.39","10,876.47","11,000.83","10,859.65","145.82M","1.11%"
"30/11/1999","10,877.81","10,945.49","11,045.48","10,873.61","157.39M","-0.64%"
"29/11/1999","10,947.93","10,985.73","10,987.38","10,886.15","148.33M","-0.37%"
"28/11/1999","10,988.91","10,988.91","10,988.91","10,988.91","","0.00%"
"27/11/1999","10,988.91","10,988.91","10,988.91","10,988.91","","0.00%"
"26/11/1999","10,988.91","11,007.26","11,055.58","10,984.01","64.24M","-0.18%"
"25/11/1999","11,008.18","11,008.18","11,008.18","11,008.18","","0.00%"
"24/11/1999","11,008.18","11,000.22","11,044.26","10,949.15","132.16M","0.11%"
"23/11/1999","10,995.64","11,090.29","11,101.76","10,976.37","159.84M","-0.85%"
"22/11/1999","11,089.53","11,008.78","11,112.77","10,978.20","181.94M","0.78%"
"21/11/1999","11,003.90","11,003.90","11,003.90","11,003.90","","0.00%"
"20/11/1999","11,003.90","11,003.90","11,003.90","11,003.90","","0.00%"
"19/11/1999","11,003.90","11,033.25","11,036.62","10,976.06","157.69M","-0.29%"
"18/11/1999","11,035.70","10,887.67","11,049.46","10,886.15","165.08M","1.40%"
"17/11/1999","10,883.09","10,929.00","10,937.53","10,879.11","157.13M","-0.45%"
"16/11/1999","10,932.33","10,762.89","10,937.83","10,757.39","162.77M","1.59%"
"15/11/1999","10,760.76","10,764.73","10,798.37","10,712.13","130.86M","-0.08%"
"14/11/1999","10,769.32","10,769.32","10,769.32","10,769.32","","0.00%"
"13/11/1999","10,769.32","10,769.32","10,769.32","10,769.32","","0.00%"
"12/11/1999","10,769.32","10,593.51","10,771.76","10,542.39","158.32M","1.64%"
"11/11/1999","10,595.30","10,603.25","10,643.93","10,543.92","130.06M","-0.02%"
"10/11/1999","10,597.75","10,611.94","10,654.63","10,536.27","148.24M","-0.18%"
"09/11/1999","10,617.32","10,715.10","10,765.65","10,585.21","168.95M","-0.95%"
"08/11/1999","10,718.86","10,668.42","10,748.52","10,650.35","213.12M","0.13%"
"07/11/1999","10,704.49","10,704.49","10,704.49","10,704.49","","0.00%"
"06/11/1999","10,704.49","10,704.49","10,704.49","10,704.49","","0.00%"
"05/11/1999","10,704.49","10,639.95","10,842.72","10,638.42","171.66M","0.61%"
"04/11/1999","10,639.65","10,612.42","10,711.82","10,602.94","195.63M","0.29%"
"03/11/1999","10,609.07","10,582.54","10,650.35","10,563.19","153.74M","0.26%"
"02/11/1999","10,581.84","10,653.71","10,751.88","10,572.67","143.43M","-0.63%"
"01/11/1999","10,648.52","10,730.79","10,745.77","10,648.51","150.03M","-0.76%"
"31/10/1999","10,729.87","10,729.87","10,729.87","10,729.87","","0.00%"
"30/10/1999","10,729.87","10,729.87","10,729.87","10,729.87","","0.00%"
"29/10/1999","10,729.87","10,629.18","10,790.02","10,628.87","136.61M","1.01%"
"28/10/1999","10,622.54","10,397.67","10,637.73","10,397.67","144.68M","2.19%"
"27/10/1999","10,394.90","10,302.76","10,420.54","10,273.95","108.11M","0.90%"
"26/10/1999","10,302.13","10,350.88","10,408.19","10,300.86","116.93M","-0.46%"
"25/10/1999","10,349.94","10,468.98","10,469.30","10,315.11","99.38M","-1.15%"
"24/10/1999","10,470.25","10,470.25","10,470.25","10,470.25","","0.00%"
"23/10/1999","10,470.25","10,470.25","10,470.25","10,470.25","","0.00%"
"22/10/1999","10,470.25","10,298.96","10,520.90","10,298.96","127.48M","1.68%"
"21/10/1999","10,297.70","10,390.71","10,390.71","10,177.38","188.05M","-0.91%"
"20/10/1999","10,392.36","10,203.31","10,392.36","10,203.31","111.75M","1.84%"
"19/10/1999","10,204.93","10,117.54","10,335.37","10,117.54","99.72M","0.88%"
"18/10/1999","10,116.28","10,018.45","10,127.99","9,976.02","91.68M","0.96%"
"17/10/1999","10,019.72","10,019.72","10,019.72","10,019.72","","0.00%"
"16/10/1999","10,019.72","10,019.72","10,019.72","10,019.72","","0.00%"
"15/10/1999","10,019.72","10,286.61","10,286.61","9,998.18","114.64M","-2.59%"
"14/10/1999","10,286.62","10,286.61","10,342.97","10,133.69","100.33M","0.53%"
"13/10/1999","10,232.16","10,412.31","10,443.02","10,226.46","92.23M","-1.77%"
"12/10/1999","10,417.06","10,648.81","10,648.81","10,417.06","77.47M","-2.17%"
"11/10/1999","10,648.18","10,649.76","10,719.10","10,634.88","71.71M","-0.01%"
"10/10/1999","10,649.77","10,649.77","10,649.77","10,649.77","","0.00%"
"09/10/1999","10,649.77","10,649.77","10,649.77","10,649.77","","0.00%"
"08/10/1999","10,649.77","10,534.52","10,655.78","10,506.34","96.89M","1.07%"
"07/10/1999","10,537.06","10,588.34","10,604.49","10,508.24","87.86M","-0.48%"
"06/10/1999","10,588.35","10,399.77","10,588.34","10,399.45","100.93M","1.81%"
"05/10/1999","10,400.60","10,401.23","10,509.19","10,277.11","118.51M","-0.01%"
"04/10/1999","10,401.23","10,274.58","10,417.69","10,274.27","99.08M","1.25%"
"03/10/1999","10,273.00","10,273.00","10,273.00","10,273.00","","0.00%"
"02/10/1999","10,273.00","10,273.00","10,273.00","10,273.00","","0.00%"
"01/10/1999","10,273.00","10,335.69","10,335.69","10,184.03","109.89M","-0.62%"
"30/09/1999","10,336.96","10,214.11","10,402.81","10,212.84","108.36M","1.21%"
"29/09/1999","10,213.48","10,274.27","10,334.74","10,210.94","88.81M","-0.60%"
"28/09/1999","10,275.54","10,300.51","10,310.04","10,081.13","93.52M","-0.27%"
"27/09/1999","10,303.40","10,279.33","10,402.49","10,279.33","79.05M","0.23%"
"26/09/1999","10,279.34","10,279.34","10,279.34","10,279.34","","0.00%"
"25/09/1999","10,279.34","10,279.34","10,279.34","10,279.34","","0.00%"
"24/09/1999","10,279.34","10,311.94","10,336.32","10,187.20","94.08M","-0.38%"
"23/09/1999","10,318.60","10,524.07","10,572.51","10,302.13","99.50M","-1.95%"
"22/09/1999","10,524.07","10,599.42","10,606.07","10,493.99","95.22M","-0.70%"
"21/09/1999","10,598.48","10,822.95","10,822.95","10,551.93","82.63M","-2.08%"
"20/09/1999","10,823.90","10,801.87","10,845.74","10,780.84","57.67M","0.19%"
"19/09/1999","10,803.64","10,803.64","10,803.64","10,803.64","","0.00%"
"18/09/1999","10,803.64","10,803.64","10,803.64","10,803.64","","0.00%"
"17/09/1999","10,803.64","10,745.38","10,860.94","10,745.06","102.60M","0.62%"
"16/09/1999","10,737.47","10,795.77","10,799.25","10,626.65","77.20M","-0.59%"
"15/09/1999","10,801.42","10,910.40","11,013.86","10,798.57","78.97M","-1.00%"
"14/09/1999","10,910.34","11,028.74","11,028.74","10,886.27","74.20M","-1.09%"
"13/09/1999","11,030.33","11,027.40","11,042.36","10,982.20","67.13M","0.02%"
"12/09/1999","11,028.43","11,028.43","11,028.43","11,028.43","","0.00%"
"11/09/1999","11,028.43","11,028.43","11,028.43","11,028.43","","0.00%"
"10/09/1999","11,028.43","11,031.28","11,142.41","11,023.99","70.47M","-0.46%"
"09/09/1999","11,079.40","11,031.28","11,095.86","10,981.89","78.92M","0.39%"
"08/09/1999","11,036.35","11,034.13","11,117.39","10,967.00","86.07M","0.02%"
"07/09/1999","11,034.13","11,079.08","11,104.10","11,011.96","79.91M","-0.40%"
"06/09/1999","11,078.46","11,078.46","11,078.46","11,078.46","","0.00%"
"05/09/1999","11,078.46","11,078.46","11,078.46","11,078.46","","0.00%"
"04/09/1999","11,078.46","11,078.46","11,078.46","11,078.46","","0.00%"
"03/09/1999","11,078.46","10,856.19","11,087.00","10,856.19","79.66M","2.17%"
"02/09/1999","10,843.21","10,828.44","10,934.08","10,732.71","77.11M","-0.87%"
"01/09/1999","10,937.88","10,828.44","10,941.36","10,828.44","80.83M","1.00%"
"31/08/1999","10,829.28","10,909.70","10,982.20","10,782.11","100.53M","-0.78%"
"30/08/1999","10,914.13","11,087.69","11,123.09","10,902.10","70.32M","-1.59%"
"29/08/1999","11,090.17","11,090.17","11,090.17","11,090.17","","0.00%"
"28/08/1999","11,090.17","11,090.17","11,090.17","11,090.17","","0.00%"
"27/08/1999","11,090.17","11,198.45","11,229.16","11,077.82","60.34M","-0.97%"
"26/08/1999","11,198.45","11,326.04","11,333.00","11,191.48","74.93M","-1.13%"
"25/08/1999","11,326.04","11,282.38","11,334.59","11,198.45","99.87M","0.38%"
"24/08/1999","11,283.30","11,297.54","11,365.93","11,194.01","83.02M","-0.15%"
"23/08/1999","11,299.76","11,099.66","11,299.76","11,098.08","85.07M","1.79%"
"22/08/1999","11,100.62","11,100.62","11,100.62","11,100.62","","0.00%"
"21/08/1999","11,100.62","11,100.62","11,100.62","11,100.62","","0.00%"
"20/08/1999","11,100.62","10,963.84","11,100.61","10,963.84","87.58M","1.25%"
"19/08/1999","10,963.84","10,988.85","10,995.50","10,873.29","87.21M","-0.25%"
"18/08/1999","10,991.39","11,109.66","11,110.92","10,982.84","85.32M","-1.13%"
"17/08/1999","11,117.08","11,049.64","11,117.08","11,011.65","84.28M","0.64%"
"16/08/1999","11,046.80","10,980.11","11,046.79","10,950.86","65.13M","0.67%"
"15/08/1999","10,973.66","10,973.66","10,973.66","10,973.66","","0.00%"
"14/08/1999","10,973.66","10,973.66","10,973.66","10,973.66","","0.00%"
"13/08/1999","10,973.66","10,786.70","10,981.89","10,786.70","77.85M","1.71%"
"12/08/1999","10,789.39","10,785.65","10,900.83","10,780.84","71.31M","0.01%"
"11/08/1999","10,787.81","10,650.59","10,795.72","10,646.91","85.16M","1.25%"
"10/08/1999","10,655.15","10,704.22","10,714.67","10,549.08","98.92M","-0.49%"
"09/08/1999","10,707.71","10,714.03","10,761.84","10,683.32","81.31M","-0.06%"
"08/08/1999","10,714.04","10,714.04","10,714.04","10,714.04","","0.00%"
"07/08/1999","10,714.04","10,714.04","10,714.04","10,714.04","","0.00%"
"06/08/1999","10,714.04","10,792.58","10,818.20","10,653.25","84.82M","-0.74%"
"05/08/1999","10,793.82","10,675.41","10,798.25","10,566.18","102.81M","1.12%"
"04/08/1999","10,674.78","10,675.66","10,829.91","10,670.03","88.66M","-0.02%"
"03/08/1999","10,677.31","10,645.96","10,727.97","10,613.99","76.71M","0.29%"
"02/08/1999","10,645.97","10,654.83","10,791.60","10,615.25","68.67M","-0.09%"
"01/08/1999","10,655.15","10,655.15","10,655.15","10,655.15","","0.00%"
"31/07/1999","10,655.15","10,655.15","10,655.15","10,655.15","","0.00%"
"30/07/1999","10,655.15","10,791.29","10,825.80","10,647.86","82.55M","-1.26%"
"29/07/1999","10,791.29","10,971.36","10,971.36","10,714.03","74.60M","-1.65%"
"28/07/1999","10,972.08","10,970.80","11,023.99","10,925.85","65.37M","-0.06%"
"27/07/1999","10,979.04","10,862.84","11,031.28","10,862.84","73.55M","1.07%"
"26/07/1999","10,863.16","10,907.80","10,929.33","10,831.81","69.27M","-0.44%"
"25/07/1999","10,910.97","10,910.97","10,910.97","10,910.97","","0.00%"
"24/07/1999","10,910.97","10,910.97","10,910.97","10,910.97","","0.00%"
"23/07/1999","10,910.97","10,969.22","11,006.58","10,861.89","64.99M","-0.53%"
"22/07/1999","10,969.22","11,002.78","11,044.26","10,880.25","84.31M","-0.31%"
"21/07/1999","11,002.78","10,998.94","11,055.97","10,945.48","85.19M","0.06%"
"20/07/1999","10,996.14","11,188.00","11,188.63","10,969.54","88.32M","-1.71%"
"19/07/1999","11,187.68","11,209.84","11,252.27","11,159.82","79.78M","-0.20%"
"18/07/1999","11,209.85","11,209.85","11,209.85","11,209.85","","0.00%"
"17/07/1999","11,209.85","11,209.85","11,209.85","11,209.85","","0.00%"
"16/07/1999","11,209.85","11,186.35","11,213.33","11,143.04","80.45M","0.21%"
"15/07/1999","11,186.42","11,149.37","11,217.76","11,149.37","83.29M","0.34%"
"14/07/1999","11,148.11","11,177.55","11,209.21","11,112.01","72.72M","-0.24%"
"13/07/1999","11,175.02","11,200.03","11,211.11","11,085.10","80.11M","-0.23%"
"12/07/1999","11,200.98","11,193.38","11,230.74","11,149.69","75.30M","0.07%"
"11/07/1999","11,193.70","11,193.70","11,193.70","11,193.70","","0.00%"
"10/07/1999","11,193.70","11,193.70","11,193.70","11,193.70","","0.00%"
"09/07/1999","11,193.70","11,125.63","11,194.33","11,124.04","88.43M","0.60%"
"08/07/1999","11,126.90","11,182.62","11,211.11","11,092.07","97.37M","-0.54%"
"07/07/1999","11,187.37","11,135.12","11,187.36","11,080.35","81.75M","0.47%"
"06/07/1999","11,135.13","11,137.47","11,236.76","11,104.10","78.11M","-0.04%"
"05/07/1999","11,139.25","11,139.25","11,139.25","11,139.25","","0.00%"
"04/07/1999","11,139.25","11,139.25","11,139.25","11,139.25","","0.00%"
"03/07/1999","11,139.25","11,139.25","11,139.25","11,139.25","","0.00%"
"02/07/1999","11,139.25","11,065.15","11,139.56","11,058.82","65.82M","0.66%"
"01/07/1999","11,066.43","10,966.05","11,080.35","10,903.68","100.67M","0.87%"
"30/06/1999","10,970.81","10,813.89","11,003.41","10,731.45","125.38M","1.44%"
"29/06/1999","10,815.35","10,655.46","10,815.35","10,633.93","82.39M","1.50%"
"28/06/1999","10,655.15","10,555.88","10,692.51","10,555.88","71.64M","0.97%"
"27/06/1999","10,552.57","10,552.57","10,552.57","10,552.57","","0.00%"
"26/06/1999","10,552.57","10,552.57","10,552.57","10,552.57","","0.00%"
"25/06/1999","10,552.57","10,542.43","10,650.40","10,538.00","62.02M","0.17%"
"24/06/1999","10,534.84","10,666.86","10,666.86","10,471.20","78.75M","-1.24%"
"23/06/1999","10,666.87","10,721.63","10,725.12","10,616.84","68.71M","-0.51%"
"22/06/1999","10,721.64","10,815.98","10,815.98","10,708.65","67.37M","-0.87%"
"21/06/1999","10,815.99","10,854.75","10,880.25","10,755.83","74.69M","-0.36%"
"20/06/1999","10,855.56","10,855.56","10,855.56","10,855.56","","0.00%"
"19/06/1999","10,855.56","10,855.56","10,855.56","10,855.56","","0.00%"
"18/06/1999","10,855.56","10,847.64","10,888.49","10,811.55","110.99M","0.13%"
"17/06/1999","10,841.63","10,777.72","10,870.44","10,714.35","70.15M","0.53%"
"16/06/1999","10,784.96","10,598.54","10,800.47","10,598.22","86.49M","1.79%"
"15/06/1999","10,594.99","10,563.33","10,682.06","10,562.06","73.19M","0.30%"
"14/06/1999","10,563.33","10,490.83","10,606.39","10,486.71","67.04M","0.69%"
"13/06/1999","10,490.51","10,490.51","10,490.51","10,490.51","","0.00%"
"12/06/1999","10,490.51","10,490.51","10,490.51","10,490.51","","0.00%"
"11/06/1999","10,490.51","10,618.23","10,691.56","10,430.67","77.53M","-1.23%"
"10/06/1999","10,621.27","10,690.29","10,690.29","10,526.29","86.33M","-0.65%"
"09/06/1999","10,690.29","10,765.64","10,790.02","10,672.56","77.25M","-0.70%"
"08/06/1999","10,765.65","10,908.12","10,909.07","10,724.17","80.04M","-1.32%"
"07/06/1999","10,909.39","10,799.20","10,917.30","10,782.74","84.22M","1.01%"
"06/06/1999","10,799.84","10,799.84","10,799.84","10,799.84","","0.00%"
"05/06/1999","10,799.84","10,799.84","10,799.84","10,799.84","","0.00%"
"04/06/1999","10,799.84","10,661.79","10,799.84","10,659.58","87.58M","1.28%"
"03/06/1999","10,663.70","10,577.26","10,667.18","10,577.26","71.28M","0.81%"
"02/06/1999","10,577.90","10,594.89","10,627.60","10,464.55","79.17M","-0.17%"
"01/06/1999","10,596.26","10,561.01","10,597.52","10,409.14","84.67M","0.35%"
"31/05/1999","10,559.75","10,559.75","10,559.75","10,559.75","","0.00%"
"30/05/1999","10,559.75","10,559.75","10,559.75","10,559.75","","0.00%"
"29/05/1999","10,559.75","10,559.75","10,559.75","10,559.75","","0.00%"
"28/05/1999","10,559.75","10,468.49","10,589.50","10,467.24","72.82M","0.89%"
"27/05/1999","10,466.93","10,701.28","10,701.28","10,434.26","98.02M","-2.20%"
"26/05/1999","10,702.16","10,530.89","10,721.33","10,518.70","97.20M","1.62%"
"25/05/1999","10,531.09","10,829.87","10,754.66","10,530.21","89.82M","-1.16%"
"24/05/1999","10,654.68","10,829.87","10,856.42","10,626.65","92.34M","-1.61%"
"23/05/1999","10,829.28","10,829.28","10,829.28","10,829.28","","0.00%"
"22/05/1999","10,829.28","10,829.28","10,829.28","10,829.28","","0.00%"
"21/05/1999","10,829.28","10,867.04","10,888.86","10,787.40","79.81M","-0.34%"
"20/05/1999","10,866.74","10,887.68","10,946.08","10,866.74","77.58M","-0.19%"
"19/05/1999","10,887.39","10,836.67","10,891.81","10,797.13","83.78M","0.47%"
"18/05/1999","10,836.95","10,849.79","10,930.75","10,740.80","95.79M","-0.15%"
"17/05/1999","10,853.47","10,910.57","10,910.57","10,745.80","78.88M","-0.55%"
"16/05/1999","10,913.32","10,913.32","10,913.32","10,913.32","","0.00%"
"15/05/1999","10,913.32","10,913.32","10,913.32","10,913.32","","0.00%"
"14/05/1999","10,913.32","11,105.90","11,106.76","10,870.08","88.15M","-1.75%"
"13/05/1999","11,107.19","10,998.43","11,130.67","10,998.43","86.56M","0.97%"
"12/05/1999","11,000.37","11,023.61","11,043.61","10,812.81","93.55M","-0.23%"
"11/05/1999","11,026.14","11,001.23","11,102.32","10,970.59","95.28M","0.17%"
"10/05/1999","11,007.24","11,029.14","11,100.60","10,951.98","91.67M","-0.22%"
"09/05/1999","11,031.59","11,031.59","11,031.59","11,031.59","","0.00%"
"08/05/1999","11,031.59","11,031.59","11,031.59","11,031.59","","0.00%"
"07/05/1999","11,031.59","10,947.11","11,033.88","10,933.65","91.89M","0.77%"
"06/05/1999","10,946.82","10,949.73","10,980.04","10,852.32","118.31M","-0.08%"
"05/05/1999","10,955.42","10,883.54","10,955.41","10,775.86","110.84M","0.64%"
"04/05/1999","10,886.12","11,014.69","11,035.31","10,868.36","105.90M","-1.17%"
"03/05/1999","11,014.69","10,789.04","11,014.69","10,756.11","94.52M","2.09%"
"02/05/1999","10,789.04","10,789.04","10,789.04","10,789.04","","0.00%"
"01/05/1999","10,789.04","10,789.04","10,789.04","10,789.04","","0.00%"
"30/04/1999","10,789.04","10,876.95","10,961.71","10,654.73","122.04M","-0.82%"
"29/04/1999","10,878.38","10,844.78","10,928.21","10,834.86","104.67M","0.30%"
"28/04/1999","10,845.45","10,831.99","10,935.37","10,811.09","99.54M","0.13%"
"27/04/1999","10,831.71","10,719.16","10,847.74","10,719.16","103.39M","1.06%"
"26/04/1999","10,718.59","10,689.67","10,729.19","10,649.86","86.86M","0.27%"
"25/04/1999","10,689.67","10,689.67","10,689.67","10,689.67","","0.00%"
"24/04/1999","10,689.67","10,689.67","10,689.67","10,689.67","","0.00%"
"23/04/1999","10,689.67","10,726.04","10,754.67","10,646.71","106.99M","-0.35%"
"22/04/1999","10,727.18","10,580.62","10,753.81","10,580.05","107.78M","1.38%"
"21/04/1999","10,581.42","10,448.96","10,581.42","10,420.77","95.18M","1.27%"
"20/04/1999","10,448.55","10,440.53","10,496.37","10,333.15","113.40M","0.08%"
"19/04/1999","10,440.53","10,493.89","10,765.74","10,404.87","145.00M","-0.51%"
"18/04/1999","10,493.89","10,493.89","10,493.89","10,493.89","","0.00%"
"17/04/1999","10,493.89","10,493.89","10,493.89","10,493.89","","0.00%"
"16/04/1999","10,493.89","10,463.56","10,520.01","10,386.61","113.56M","0.30%"
"15/04/1999","10,462.72","10,411.66","10,500.74","10,378.63","137.10M","0.49%"
"14/04/1999","10,411.66","10,394.73","10,526.54","10,367.81","107.23M","0.16%"
"13/04/1999","10,395.01","10,340.62","10,418.87","10,316.47","88.69M","0.54%"
"12/04/1999","10,339.51","10,174.11","10,340.62","10,096.69","84.54M","1.63%"
"11/04/1999","10,173.83","10,173.83","10,173.83","10,173.83","","0.00%"
"10/04/1999","10,173.83","10,173.83","10,173.83","10,173.83","","0.00%"
"09/04/1999","10,173.83","10,197.70","10,212.13","10,094.47","79.95M","-0.23%"
"08/04/1999","10,197.70","10,086.42","10,209.08","10,059.78","91.21M","1.11%"
"07/04/1999","10,085.31","9,963.49","10,089.75","9,955.16","95.47M","1.22%"
"06/04/1999","9,963.49","10,004.84","10,030.37","9,915.76","74.90M","-0.44%"
"05/04/1999","10,007.33","9,836.12","10,023.15","9,836.12","71.12M","1.78%"
"04/04/1999","9,832.50","9,832.50","9,832.50","9,832.50","","0.00%"
"03/04/1999","9,832.50","9,832.50","9,832.50","9,832.50","","0.00%"
"02/04/1999","9,832.50","9,832.50","9,832.50","9,832.50","","0.00%"
"01/04/1999","9,832.50","9,786.44","9,840.00","9,765.63","68.32M","0.47%"
"31/03/1999","9,786.16","9,914.37","10,002.34","9,781.45","111.74M","-1.28%"
"30/03/1999","9,913.26","10,003.84","10,003.84","9,874.41","74.21M","-0.93%"
"29/03/1999","10,006.78","9,821.61","10,040.36","9,821.61","69.04M","1.88%"
"28/03/1999","9,822.24","9,822.24","9,822.24","9,822.24","","0.00%"
"27/03/1999","9,822.24","9,822.24","9,822.24","9,822.24","","0.00%"
"26/03/1999","9,822.24","9,836.39","9,853.32","9,747.31","66.21M","-0.14%"
"25/03/1999","9,836.39","9,664.90","9,841.94","9,664.90","80.47M","1.75%"
"24/03/1999","9,666.84","9,671.56","9,703.19","9,625.21","72.99M","-0.05%"
"23/03/1999","9,671.83","9,890.23","9,891.06","9,632.71","87.51M","-2.21%"
"22/03/1999","9,890.50","9,902.28","9,934.63","9,874.97","61.21M","-0.13%"
"21/03/1999","9,903.55","9,903.55","9,903.55","9,903.55","","0.00%"
"20/03/1999","9,903.55","9,903.55","9,903.55","9,903.55","","0.00%"
"19/03/1999","9,903.55","10,001.23","10,085.31","9,899.94","117.43M","-0.94%"
"18/03/1999","9,997.62","9,873.90","10,001.51","9,845.83","86.48M","1.20%"
"17/03/1999","9,879.40","9,931.13","9,960.71","9,859.15","84.57M","-0.51%"
"16/03/1999","9,930.47","9,957.66","10,001.78","9,926.58","74.48M","-0.28%"
"15/03/1999","9,958.77","9,876.08","9,970.15","9,862.48","78.86M","0.83%"
"14/03/1999","9,876.35","9,876.35","9,876.35","9,876.35","","0.00%"
"13/03/1999","9,876.35","9,876.35","9,876.35","9,876.35","","0.00%"
"12/03/1999","9,876.35","9,897.72","9,958.77","9,861.92","97.76M","-0.21%"
"11/03/1999","9,897.44","9,769.96","9,935.46","9,769.96","97.87M","1.27%"
"10/03/1999","9,772.84","9,695.98","9,776.17","9,675.72","90.04M","0.82%"
"09/03/1999","9,693.75","9,725.39","9,798.93","9,669.89","96.62M","-0.35%"
"08/03/1999","9,727.61","9,737.19","9,764.80","9,674.33","78.54M","-0.09%"
"07/03/1999","9,736.07","9,736.07","9,736.07","9,736.07","","0.00%"
"06/03/1999","9,736.07","9,736.07","9,736.07","9,736.07","","0.00%"
"05/03/1999","9,736.07","9,467.67","9,738.79","9,467.67","97.21M","2.84%"
"04/03/1999","9,467.40","9,275.72","9,480.71","9,275.72","89.88M","2.06%"
"03/03/1999","9,275.88","9,296.44","9,337.00","9,211.23","74.64M","-0.23%"
"02/03/1999","9,297.61","9,324.24","9,421.22","9,268.00","79.71M","-0.29%"
"01/03/1999","9,324.78","9,307.39","9,355.21","9,222.63","80.90M","0.20%"
"28/02/1999","9,306.57","9,306.57","9,306.57","9,306.57","","0.00%"
"27/02/1999","9,306.57","9,306.57","9,306.57","9,306.57","","0.00%"
"26/02/1999","9,306.57","9,365.26","9,398.40","9,252.52","81.46M","-0.64%"
"25/02/1999","9,366.34","9,395.66","9,396.19","9,233.32","80.78M","-0.35%"
"24/02/1999","9,399.66","9,544.23","9,600.13","9,391.14","82.63M","-1.52%"
"23/02/1999","9,544.41","9,553.48","9,611.33","9,473.24","84.81M","-0.09%"
"22/02/1999","9,552.67","9,339.95","9,558.28","9,331.16","81.95M","2.28%"
"21/02/1999","9,339.95","9,339.95","9,339.95","9,339.95","","0.00%"
"20/02/1999","9,339.95","9,339.95","9,339.95","9,339.95","","0.00%"
"19/02/1999","9,339.95","9,299.17","9,395.67","9,267.71","73.11M","0.44%"
"18/02/1999","9,298.63","9,201.87","9,308.76","9,190.94","75.07M","1.12%"
"17/02/1999","9,195.47","9,289.78","9,365.54","9,179.21","83.35M","-1.09%"
"16/02/1999","9,297.03","9,277.31","9,387.66","9,234.73","76.97M","0.24%"
"15/02/1999","9,274.89","9,274.89","9,274.89","9,274.89","","0.00%"
"14/02/1999","9,274.89","9,274.89","9,274.89","9,274.89","","0.00%"
"13/02/1999","9,274.89","9,274.89","9,274.89","9,274.89","","0.00%"
"12/02/1999","9,274.89","9,367.32","9,389.98","9,228.03","78.43M","-0.95%"
"11/02/1999","9,363.45","9,175.05","9,363.46","9,143.33","87.43M","2.03%"
"10/02/1999","9,177.31","9,133.91","9,183.49","9,099.04","86.03M","0.48%"
"09/02/1999","9,133.03","9,291.11","9,305.02","9,123.25","73.55M","-1.70%"
"08/02/1999","9,291.11","9,301.59","9,334.88","9,209.24","72.88M","-0.14%"
"07/02/1999","9,304.24","9,304.24","9,304.24","9,304.24","","0.00%"
"06/02/1999","9,304.24","9,304.24","9,304.24","9,304.24","","0.00%"
"05/02/1999","9,304.24","9,305.02","9,347.24","9,247.34","88.36M","0.00%"
"04/02/1999","9,304.50","9,365.15","9,397.96","9,274.89","88.34M","-0.67%"
"03/02/1999","9,366.82","9,272.58","9,398.22","9,239.62","89.76M","1.00%"
"02/02/1999","9,274.12","9,342.61","9,344.92","9,198.17","82.52M","-0.77%"
"01/02/1999","9,345.69","9,359.60","9,430.66","9,341.58","77.79M","-0.14%"
"31/01/1999","9,358.82","9,358.82","9,358.82","9,358.82","","0.00%"
"30/01/1999","9,358.82","9,358.82","9,358.82","9,358.82","","0.00%"
"29/01/1999","9,358.82","9,281.59","9,383.28","9,224.17","86.05M","0.83%"
"28/01/1999","9,281.33","9,203.57","9,301.15","9,203.57","80.49M","0.88%"
"27/01/1999","9,200.23","9,325.36","9,385.86","9,195.34","88.80M","-1.33%"
"26/01/1999","9,324.58","9,203.32","9,329.99","9,188.38","90.78M","1.32%"
"25/01/1999","9,203.31","9,120.67","9,203.83","9,063.26","89.25M","0.91%"
"24/01/1999","9,120.67","9,120.67","9,120.67","9,120.67","","0.00%"
"23/01/1999","9,120.67","9,120.67","9,120.67","9,120.67","","0.00%"
"22/01/1999","9,120.67","9,264.08","9,264.59","9,088.49","93.64M","-1.55%"
"21/01/1999","9,264.07","9,335.91","9,377.36","9,228.55","98.34M","-0.77%"
"20/01/1999","9,335.92","9,354.05","9,480.09","9,300.90","105.22M","-0.21%"
"19/01/1999","9,355.22","9,343.12","9,399.25","9,210.01","76.36M","0.16%"
"18/01/1999","9,340.55","9,340.55","9,340.55","9,340.55","","0.00%"
"17/01/1999","9,340.55","9,340.55","9,340.55","9,340.55","","0.00%"
"16/01/1999","9,340.55","9,340.55","9,340.55","9,340.55","","0.00%"
"15/01/1999","9,340.55","9,127.16","9,342.61","9,127.16","79.44M","2.41%"
"14/01/1999","9,120.93","9,349.56","9,359.08","9,087.72","90.51M","-2.45%"
"13/01/1999","9,349.56","9,471.34","9,471.34","9,213.10","109.06M","-1.32%"
"12/01/1999","9,474.68","9,618.86","9,620.15","9,451.77","95.68M","-1.51%"
"11/01/1999","9,619.89","9,643.32","9,643.32","9,532.61","98.72M","-0.24%"
"10/01/1999","9,643.32","9,643.32","9,643.32","9,643.32","","0.00%"
"09/01/1999","9,643.32","9,643.32","9,643.32","9,643.32","","0.00%"
"08/01/1999","9,643.32","9,538.28","9,647.96","9,525.41","103.25M","1.11%"
"07/01/1999","9,537.76","9,542.14","9,542.14","9,426.02","88.29M","-0.08%"
"06/01/1999","9,544.97","9,315.42","9,562.22","9,315.42","103.34M","2.51%"
"05/01/1999","9,311.19","9,184.78","9,338.74","9,182.98","79.86M","1.38%"
"04/01/1999","9,184.26","9,184.01","9,350.33","9,122.47","89.41M","0.03%"
"03/01/1999","9,181.43","9,181.43","9,181.43","9,181.43","","0.00%"
"02/01/1999","9,181.43","9,181.43","9,181.43","9,181.43","","0.00%"
"01/01/1999","9,181.43","9,181.43","9,181.43","9,181.43","","0.00%"
"31/12/1998","9,181.43","9,274.12","9,287.77","9,181.43","53.40M","-1.00%"
"30/12/1998","9,274.64","9,320.98","9,326.39","9,268.20","48.25M","-0.50%"
"29/12/1998","9,320.97","9,221.11","9,334.88","9,187.61","51.15M","1.02%"
"28/12/1998","9,226.75","9,220.57","9,262.79","9,189.41","45.91M","0.10%"
"27/12/1998","9,217.99","9,217.99","9,217.99","9,217.99","","0.00%"
"26/12/1998","9,217.99","9,217.99","9,217.99","9,217.99","","0.00%"
"25/12/1998","9,217.99","9,217.99","9,217.99","9,217.99","","0.00%"
"24/12/1998","9,217.99","9,202.29","9,245.54","9,178.60","20.21M","0.17%"
"23/12/1998","9,202.03","9,044.72","9,211.04","9,043.17","58.32M","1.74%"
"22/12/1998","9,044.46","8,989.11","9,069.44","8,948.69","58.51M","0.62%"
"21/12/1998","8,988.85","8,902.97","9,079.22","8,898.74","77.84M","0.96%"
"20/12/1998","8,903.62","8,903.62","8,903.62","8,903.62","","0.00%"
"19/12/1998","8,903.62","8,903.62","8,903.62","8,903.62","","0.00%"
"18/12/1998","8,903.62","8,877.63","8,928.60","8,858.57","95.15M","0.31%"
"17/12/1998","8,875.82","8,787.55","8,879.94","8,785.75","71.75M","0.97%"
"16/12/1998","8,790.60","8,830.25","8,851.36","8,740.65","70.31M","-0.37%"
"15/12/1998","8,823.29","8,699.46","8,823.30","8,678.61","77.34M","1.47%"
"14/12/1998","8,695.59","8,820.73","8,820.73","8,676.03","71.52M","-1.43%"
"13/12/1998","8,821.76","8,821.76","8,821.76","8,821.76","","0.00%"
"12/12/1998","8,821.76","8,821.76","8,821.76","8,821.76","","0.00%"
"11/12/1998","8,821.76","8,839.51","8,844.93","8,730.10","71.70M","-0.22%"
"10/12/1998","8,841.58","9,008.42","9,012.79","8,823.30","76.63M","-1.86%"
"09/12/1998","9,009.18","9,027.15","9,050.90","8,968.51","80.31M","-0.21%"
"08/12/1998","9,027.98","9,070.47","9,088.75","8,946.63","79.24M","-0.47%"
"07/12/1998","9,070.46","9,017.17","9,084.11","9,003.78","53.31M","0.60%"
"06/12/1998","9,016.14","9,016.14","9,016.14","9,016.14","","0.00%"
"05/12/1998","9,016.14","9,016.14","9,016.14","9,016.14","","0.00%"
"04/12/1998","9,016.14","8,879.68","9,025.15","8,879.68","69.61M","1.54%"
"03/12/1998","8,879.68","9,064.80","9,082.57","8,871.45","78.46M","-2.04%"
"02/12/1998","9,064.54","9,129.78","9,129.78","8,955.12","92.35M","-0.76%"
"01/12/1998","9,133.54","9,116.55","9,141.27","8,987.82","87.73M","0.19%"
"30/11/1998","9,116.55","9,333.08","9,333.08","9,116.55","72.22M","-2.32%"
"29/11/1998","9,333.07","9,333.07","9,333.07","9,333.07","","0.00%"
"28/11/1998","9,333.07","9,333.07","9,333.07","9,333.07","","0.00%"
"27/11/1998","9,333.07","9,311.85","9,346.21","9,304.50","29.01M","0.20%"
"26/11/1998","9,314.28","9,314.28","9,314.28","9,314.28","","0.00%"
"25/11/1998","9,314.28","9,300.78","9,318.15","9,252.49","58.20M","0.14%"
"24/11/1998","9,301.15","9,371.52","9,380.20","9,289.05","81.14M","-0.78%"
"23/11/1998","9,374.27","9,159.55","9,374.27","9,159.29","84.08M","2.34%"
"22/11/1998","9,159.54","9,159.54","9,159.54","9,159.54","","0.00%"
"21/11/1998","9,159.54","9,159.54","9,159.54","9,159.54","","0.00%"
"20/11/1998","9,159.54","9,058.62","9,161.35","9,058.62","75.92M","1.14%"
"19/11/1998","9,056.05","9,039.83","9,087.72","9,010.73","64.21M","0.17%"
"18/11/1998","9,041.11","8,978.62","9,041.11","8,957.18","63.44M","0.61%"
"17/11/1998","8,986.29","9,010.99","9,103.16","8,929.12","83.80M","-0.28%"
"16/11/1998","9,011.24","8,921.14","9,030.30","8,920.88","68.03M","1.03%"
"15/11/1998","8,919.59","8,919.59","8,919.59","8,919.59","","0.00%"
"14/11/1998","8,919.59","8,919.59","8,919.59","8,919.59","","0.00%"
"13/11/1998","8,919.59","8,830.61","8,925.51","8,829.84","56.06M","1.02%"
"12/11/1998","8,829.75","8,822.32","8,907.75","8,810.94","58.85M","0.07%"
"11/11/1998","8,823.82","8,863.98","8,936.07","8,792.66","71.30M","-0.45%"
"10/11/1998","8,863.97","8,895.17","8,928.35","8,854.71","72.80M","-0.38%"
"09/11/1998","8,897.96","8,971.97","8,985.50","8,845.96","61.02M","-0.86%"
"08/11/1998","8,975.46","8,975.46","8,975.46","8,975.46","","0.00%"
"07/11/1998","8,975.46","8,975.46","8,975.46","8,975.46","","0.00%"
"06/11/1998","8,975.46","8,915.34","8,990.91","8,897.19","67.75M","0.67%"
"05/11/1998","8,915.47","8,782.11","8,917.27","8,714.91","78.00M","1.51%"
"04/11/1998","8,783.14","8,708.47","8,854.45","8,708.47","87.02M","0.88%"
"03/11/1998","8,706.15","8,706.67","8,744.52","8,677.58","75.34M","0.00%"
"02/11/1998","8,706.15","8,595.70","8,742.97","8,595.70","80.84M","1.33%"
"01/11/1998","8,592.11","8,592.11","8,592.11","8,592.11","","0.00%"
"31/10/1998","8,592.11","8,592.11","8,592.11","8,592.11","","0.00%"
"30/10/1998","8,592.11","8,498.12","8,659.81","8,498.12","70.95M","1.14%"
"29/10/1998","8,495.03","8,371.22","8,496.32","8,352.40","61.42M","1.47%"
"28/10/1998","8,371.97","8,365.27","8,432.98","8,328.71","61.66M","0.07%"
"27/10/1998","8,366.04","8,433.24","8,533.14","8,346.22","75.88M","-0.78%"
"26/10/1998","8,432.21","8,448.95","8,521.04","8,408.01","57.13M","-0.24%"
"25/10/1998","8,452.29","8,452.29","8,452.29","8,452.29","","0.00%"
"24/10/1998","8,452.29","8,452.29","8,452.29","8,452.29","","0.00%"
"23/10/1998","8,452.29","8,531.34","8,531.34","8,426.81","64.44M","-0.95%"
"22/10/1998","8,533.14","8,519.03","8,555.79","8,422.17","71.46M","0.16%"
"21/10/1998","8,519.23","8,504.67","8,561.97","8,446.12","81.66M","0.16%"
"20/10/1998","8,505.85","8,471.86","8,652.86","8,471.86","99.75M","0.47%"
"19/10/1998","8,466.45","8,415.48","8,515.37","8,388.96","72.63M","0.59%"
"18/10/1998","8,416.76","8,416.76","8,416.76","8,416.76","","0.00%"
"17/10/1998","8,416.76","8,416.76","8,416.76","8,416.76","","0.00%"
"16/10/1998","8,416.76","8,300.39","8,429.38","8,300.39","126.79M","1.41%"
"15/10/1998","8,299.36","7,966.97","8,347.46","7,920.12","99.69M","4.15%"
"14/10/1998","7,968.79","7,938.14","8,048.33","7,878.15","80.57M","0.39%"
"13/10/1998","7,938.14","8,002.50","8,009.97","7,884.59","78.69M","-0.79%"
"12/10/1998","8,001.47","7,900.55","8,084.64","7,900.55","74.37M","1.29%"
"11/10/1998","7,899.53","7,899.53","7,899.53","7,899.53","","0.00%"
"10/10/1998","7,899.53","7,899.53","7,899.53","7,899.53","","0.00%"
"09/10/1998","7,899.53","7,734.74","7,917.28","7,666.51","101.64M","2.17%"
"08/10/1998","7,731.91","7,734.48","7,756.37","7,467.49","138.48M","-0.13%"
"07/10/1998","7,741.70","7,745.18","7,858.32","7,629.18","105.82M","-0.02%"
"06/10/1998","7,742.98","7,733.97","7,880.98","7,683.51","91.56M","0.22%"
"05/10/1998","7,726.24","7,787.01","7,788.04","7,551.68","98.08M","-0.75%"
"04/10/1998","7,784.70","7,784.70","7,784.70","7,784.70","","0.00%"
"03/10/1998","7,784.70","7,784.70","7,784.70","7,784.70","","0.00%"
"02/10/1998","7,784.70","7,631.24","7,818.16","7,530.31","102.73M","1.99%"
"01/10/1998","7,632.53","7,841.33","7,841.33","7,582.84","100.93M","-2.68%"
"30/09/1998","7,842.62","8,079.49","8,079.49","7,825.37","87.64M","-2.94%"
"29/09/1998","8,080.52","8,109.87","8,150.55","8,015.63","81.20M","-0.35%"
"28/09/1998","8,108.83","8,026.17","8,160.33","8,026.17","74.48M","1.00%"
"27/09/1998","8,028.77","8,028.77","8,028.77","8,028.77","","0.00%"
"26/09/1998","8,028.77","8,028.77","8,028.77","8,028.77","","0.00%"
"25/09/1998","8,028.77","8,001.99","8,086.44","7,889.99","79.14M","0.33%"
"24/09/1998","8,001.98","8,152.35","8,182.47","7,935.82","83.18M","-1.87%"
"23/09/1998","8,154.41","7,899.52","8,160.59","7,896.43","94.27M","3.26%"
"22/09/1998","7,897.20","7,934.28","7,986.80","7,855.75","70.85M","-0.45%"
"21/09/1998","7,933.25","7,889.33","7,945.35","7,711.05","77.72M","0.48%"
"20/09/1998","7,895.65","7,895.65","7,895.65","7,895.65","","0.00%"
"19/09/1998","7,895.65","7,895.65","7,895.65","7,895.65","","0.00%"
"18/09/1998","7,895.65","7,876.35","7,930.67","7,827.94","99.09M","0.28%"
"17/09/1998","7,873.77","8,078.15","8,078.15","7,854.46","71.89M","-2.67%"
"16/09/1998","8,089.78","8,026.13","8,102.92","7,962.85","88.36M","0.81%"
"15/09/1998","8,024.39","7,945.09","8,035.72","7,881.50","72.89M","0.99%"
"14/09/1998","7,945.35","7,796.53","8,039.06","7,796.53","89.75M","1.92%"
"13/09/1998","7,795.50","7,795.50","7,795.50","7,795.50","","0.00%"
"12/09/1998","7,795.50","7,795.50","7,795.50","7,795.50","","0.00%"
"11/09/1998","7,795.50","7,612.18","7,817.39","7,518.99","91.32M","2.36%"
"10/09/1998","7,615.55","7,858.07","7,858.07","7,519.50","101.55M","-3.17%"
"09/09/1998","7,865.02","8,020.78","8,030.57","7,851.89","85.19M","-1.94%"
"08/09/1998","8,020.78","7,645.14","8,033.14","7,645.14","100.54M","4.98%"
"07/09/1998","7,640.25","7,640.25","7,640.25","7,640.25","","0.00%"
"06/09/1998","7,640.25","7,640.25","7,640.25","7,640.25","","0.00%"
"05/09/1998","7,640.25","7,640.25","7,640.25","7,640.25","","0.00%"
"04/09/1998","7,640.25","7,685.05","7,760.75","7,495.81","96.75M","-0.55%"
"03/09/1998","7,682.22","7,781.34","7,781.34","7,578.46","108.28M","-1.29%"
"02/09/1998","7,782.37","7,824.17","7,952.56","7,767.44","95.88M","-0.58%"
"01/09/1998","7,827.42","7,545.76","7,897.97","7,400.30","147.17M","3.82%"
"31/08/1998","7,539.06","8,052.45","8,095.45","7,539.07","117.89M","-6.37%"
"30/08/1998","8,051.68","8,051.68","8,051.68","8,051.68","","0.00%"
"29/08/1998","8,051.68","8,051.68","8,051.68","8,051.68","","0.00%"
"28/08/1998","8,051.68","8,164.18","8,244.52","8,011.52","94.63M","-1.40%"
"27/08/1998","8,165.99","8,518.09","8,518.35","8,164.19","104.25M","-4.19%"
"26/08/1998","8,523.35","8,600.93","8,600.93","8,467.48","67.77M","-0.92%"
"25/08/1998","8,602.65","8,568.41","8,689.42","8,538.54","65.56M","0.42%"
"24/08/1998","8,566.60","8,533.65","8,619.13","8,502.76","61.94M","0.39%"
"23/08/1998","8,533.65","8,533.65","8,533.65","8,533.65","","0.00%"
"22/08/1998","8,533.65","8,533.65","8,533.65","8,533.65","","0.00%"
"21/08/1998","8,533.65","8,607.80","8,608.06","8,328.20","83.41M","-0.90%"
"20/08/1998","8,611.40","8,694.05","8,694.57","8,604.97","60.59M","-0.94%"
"19/08/1998","8,693.28","8,712.70","8,753.78","8,663.41","55.81M","-0.25%"
"18/08/1998","8,714.64","8,572.49","8,730.61","8,568.11","66.32M","1.63%"
"17/08/1998","8,574.84","8,419.96","8,574.85","8,368.62","67.56M","1.78%"
"16/08/1998","8,425.00","8,425.00","8,425.00","8,425.00","","0.00%"
"15/08/1998","8,425.00","8,425.00","8,425.00","8,425.00","","0.00%"
"14/08/1998","8,425.00","8,458.99","8,556.57","8,380.72","83.00M","-0.41%"
"13/08/1998","8,459.50","8,550.70","8,603.43","8,459.50","71.10M","-1.09%"
"12/08/1998","8,552.96","8,462.63","8,564.55","8,460.06","72.30M","1.06%"
"11/08/1998","8,462.84","8,570.84","8,570.84","8,316.87","90.96M","-1.31%"
"10/08/1998","8,574.84","8,596.73","8,635.35","8,543.18","59.29M","-0.27%"
"09/08/1998","8,598.02","8,598.02","8,598.02","8,598.02","","0.00%"
"08/08/1998","8,598.02","8,598.02","8,598.02","8,598.02","","0.00%"
"07/08/1998","8,598.02","8,579.22","8,710.02","8,552.96","80.62M","0.24%"
"06/08/1998","8,577.67","8,546.13","8,593.38","8,486.02","77.09M","0.36%"
"05/08/1998","8,546.78","8,486.02","8,574.85","8,361.92","98.76M","0.70%"
"04/08/1998","8,487.31","8,788.80","8,857.03","8,487.31","96.98M","-3.41%"
"03/08/1998","8,786.73","8,883.29","8,886.12","8,785.97","65.83M","-1.09%"
"02/08/1998","8,883.29","8,883.29","8,883.29","8,883.29","","0.00%"
"01/08/1998","8,883.29","8,883.29","8,883.29","8,883.29","","0.00%"
"31/07/1998","8,883.29","9,026.95","9,030.04","8,828.19","75.42M","-1.59%"
"30/07/1998","9,026.95","8,913.41","9,041.37","8,913.41","73.50M","1.26%"
"29/07/1998","8,914.95","8,935.81","9,001.21","8,880.71","66.51M","-0.22%"
"28/07/1998","8,934.78","9,028.50","9,028.50","8,816.09","77.50M","-1.04%"
"27/07/1998","9,028.24","8,937.36","9,028.24","8,855.74","73.13M","1.02%"
"26/07/1998","8,937.35","8,937.35","8,937.35","8,937.35","","0.00%"
"25/07/1998","8,937.35","8,937.35","8,937.35","8,937.35","","0.00%"
"24/07/1998","8,937.35","8,934.52","8,998.38","8,863.21","83.96M","0.05%"
"23/07/1998","8,932.97","9,130.46","9,156.46","8,932.98","94.41M","-2.15%"
"22/07/1998","9,128.91","9,185.71","9,186.37","9,075.10","90.78M","-0.67%"
"21/07/1998","9,190.18","9,296.26","9,344.67","9,173.97","75.25M","-1.14%"
"20/07/1998","9,295.74","9,340.55","9,367.84","9,264.59","58.49M","-0.45%"
"19/07/1998","9,337.97","9,337.97","9,337.97","9,337.97","","0.00%"
"18/07/1998","9,337.97","9,337.97","9,337.97","9,337.97","","0.00%"
"17/07/1998","9,337.97","9,328.19","9,354.71","9,310.17","56.87M","0.10%"
"16/07/1998","9,328.18","9,233.23","9,332.31","9,206.15","63.19M","1.01%"
"15/07/1998","9,234.47","9,246.57","9,305.53","9,228.03","75.86M","-0.12%"
"14/07/1998","9,245.54","9,100.07","9,256.61","9,098.53","61.49M","1.64%"
"13/07/1998","9,096.21","9,107.03","9,132.77","9,073.30","57.05M","-0.10%"
"12/07/1998","9,105.73","9,105.73","9,105.73","9,105.73","","0.00%"
"11/07/1998","9,105.73","9,105.73","9,105.73","9,105.73","","0.00%"
"10/07/1998","9,105.73","9,090.81","9,135.60","9,029.79","67.28M","0.18%"
"09/07/1998","9,089.77","9,174.97","9,174.97","9,065.61","65.78M","-0.93%"
"08/07/1998","9,174.96","9,086.29","9,184.44","9,084.30","59.98M","0.99%"
"07/07/1998","9,085.03","9,091.27","9,150.81","9,067.11","56.52M","-0.07%"
"06/07/1998","9,091.76","9,023.06","9,091.77","9,000.59","48.82M","0.74%"
"05/07/1998","9,025.25","9,025.25","9,025.25","9,025.25","","0.00%"
"04/07/1998","9,025.25","9,025.25","9,025.25","9,025.25","","0.00%"
"03/07/1998","9,025.25","9,025.25","9,025.25","9,025.25","","0.00%"
"02/07/1998","9,025.25","9,047.68","9,047.68","9,003.33","50.06M","-0.26%"
"01/07/1998","9,048.66","8,958.99","9,049.17","8,958.99","66.79M","1.08%"
"30/06/1998","8,952.01","8,994.72","9,020.52","8,929.60","61.36M","-0.50%"
"29/06/1998","8,997.35","8,945.54","9,052.66","8,945.54","50.17M","0.59%"
"28/06/1998","8,944.53","8,944.53","8,944.53","8,944.53","","0.00%"
"27/06/1998","8,944.53","8,944.53","8,944.53","8,944.53","","0.00%"
"26/06/1998","8,944.53","8,934.26","8,991.63","8,934.08","52.14M","0.10%"
"25/06/1998","8,935.57","8,923.87","9,025.01","8,915.40","68.64M","0.13%"
"24/06/1998","8,923.86","8,829.21","8,934.33","8,777.89","73.65M","1.08%"
"23/06/1998","8,828.45","8,713.37","8,830.45","8,713.37","54.91M","1.35%"
"22/06/1998","8,711.12","8,711.74","8,763.69","8,684.22","45.54M","-0.02%"
"21/06/1998","8,712.86","8,712.86","8,712.86","8,712.86","","0.00%"
"20/06/1998","8,712.86","8,712.86","8,712.86","8,712.86","","0.00%"
"19/06/1998","8,712.86","8,812.77","8,861.84","8,688.96","79.84M","-1.14%"
"18/06/1998","8,813.00","8,824.92","8,853.87","8,793.33","64.31M","-0.19%"
"17/06/1998","8,829.45","8,666.23","8,892.48","8,665.73","72.94M","1.89%"
"16/06/1998","8,665.28","8,635.15","8,675.51","8,569.88","68.61M","0.43%"
"15/06/1998","8,627.92","8,831.95","8,831.95","8,623.19","58.00M","-2.34%"
"14/06/1998","8,834.93","8,834.93","8,834.93","8,834.93","","0.00%"
"13/06/1998","8,834.93","8,834.93","8,834.93","8,834.93","","0.00%"
"12/06/1998","8,834.93","8,811.77","8,834.94","8,684.22","59.70M","0.26%"
"11/06/1998","8,811.76","8,969.51","8,993.62","8,808.53","59.84M","-1.78%"
"10/06/1998","8,971.69","9,050.17","9,096.00","8,952.27","62.72M","-0.86%"
"09/06/1998","9,049.91","9,070.59","9,086.54","9,014.54","45.31M","-0.22%"
"08/06/1998","9,069.59","9,039.95","9,104.72","9,034.97","49.41M","0.35%"
"07/06/1998","9,037.70","9,037.70","9,037.70","9,037.70","","0.00%"
"06/06/1998","9,037.70","9,037.70","9,037.70","9,037.70","","0.00%"
"05/06/1998","9,037.70","8,870.56","9,039.46","8,870.56","53.63M","1.88%"
"04/06/1998","8,870.55","8,804.30","8,876.54","8,749.74","49.95M","0.76%"
"03/06/1998","8,803.79","8,889.44","8,928.35","8,789.85","46.97M","-0.98%"
"02/06/1998","8,891.23","8,922.87","8,976.68","8,872.30","55.16M","-0.35%"
"01/06/1998","8,922.37","8,900.95","8,981.41","8,864.08","54.77M","0.25%"
"31/05/1998","8,899.95","8,899.95","8,899.95","8,899.95","","0.00%"
"30/05/1998","8,899.95","8,899.95","8,899.95","8,899.95","","0.00%"
"29/05/1998","8,899.95","8,970.20","9,027.00","8,899.95","49.31M","-0.78%"
"28/05/1998","8,970.20","8,933.47","8,993.12","8,900.70","47.97M","0.38%"
"27/05/1998","8,936.56","8,963.81","8,964.06","8,788.10","66.91M","-0.30%"
"26/05/1998","8,963.72","9,114.44","9,168.74","8,962.73","43.35M","-1.65%"
"25/05/1998","9,114.43","9,114.43","9,114.43","9,114.43","","0.00%"
"24/05/1998","9,114.43","9,114.43","9,114.43","9,114.43","","0.00%"
"23/05/1998","9,114.43","9,114.43","9,114.43","9,114.43","","0.00%"
"22/05/1998","9,114.43","9,132.37","9,164.26","9,077.32","34.13M","-0.20%"
"21/05/1998","9,132.36","9,171.73","9,202.37","9,104.97","58.66M","-0.43%"
"20/05/1998","9,171.48","9,053.76","9,172.98","9,052.02","62.43M","1.29%"
"19/05/1998","9,054.64","9,052.16","9,113.44","9,038.21","55.27M","0.04%"
"18/05/1998","9,050.91","9,092.97","9,128.89","8,999.85","53.14M","-0.50%"
"17/05/1998","9,095.99","9,095.99","9,095.99","9,095.99","","0.00%"
"16/05/1998","9,095.99","9,095.99","9,095.99","9,095.99","","0.00%"
"15/05/1998","9,095.99","9,170.34","9,186.18","9,090.52","62.59M","-0.83%"
"14/05/1998","9,172.22","9,211.34","9,221.56","9,113.94","72.87M","-0.43%"
"13/05/1998","9,211.83","9,158.62","9,225.54","9,157.03","59.71M","0.55%"
"12/05/1998","9,161.76","9,089.53","9,175.72","9,059.88","56.31M","0.77%"
"11/05/1998","9,091.51","9,055.51","9,189.67","9,055.40","56.82M","0.40%"
"10/05/1998","9,055.14","9,055.14","9,055.14","9,055.14","","0.00%"
"09/05/1998","9,055.14","9,055.14","9,055.14","9,055.14","","0.00%"
"08/05/1998","9,055.14","8,978.17","9,095.75","8,971.20","51.56M","0.87%"
"07/05/1998","8,976.67","9,053.16","9,055.65","8,965.22","52.34M","-0.86%"
"06/05/1998","9,054.64","9,146.19","9,180.20","9,049.92","45.34M","-1.02%"
"05/05/1998","9,147.56","9,192.66","9,198.14","9,104.47","42.75M","-0.49%"
"04/05/1998","9,192.65","9,145.33","9,261.91","9,145.33","50.98M","0.50%"
"03/05/1998","9,147.06","9,147.06","9,147.06","9,147.06","","0.00%"
"02/05/1998","9,147.06","9,147.06","9,147.06","9,147.06","","0.00%"
"01/05/1998","9,147.06","9,066.61","9,147.82","9,066.61","50.10M","0.92%"
"30/04/1998","9,063.36","8,953.51","9,128.64","8,953.51","58.81M","1.25%"
"29/04/1998","8,951.51","8,899.21","8,995.11","8,899.21","51.34M","0.59%"
"28/04/1998","8,898.95","8,920.88","9,006.57","8,863.58","63.23M","-0.21%"
"27/04/1998","8,917.63","9,058.14","9,058.64","8,840.67","78.75M","-1.62%"
"26/04/1998","9,064.61","9,064.61","9,064.61","9,064.61","","0.00%"
"25/04/1998","9,064.61","9,064.61","9,064.61","9,064.61","","0.00%"
"24/04/1998","9,064.61","9,143.83","9,160.02","9,020.03","68.36M","-0.86%"
"23/04/1998","9,143.32","9,176.96","9,209.10","9,114.69","66.13M","-0.36%"
"22/04/1998","9,176.71","9,184.93","9,213.33","9,165.26","55.02M","-0.09%"
"21/04/1998","9,184.93","9,137.85","9,193.65","9,098.25","67.52M","0.47%"
"20/04/1998","9,141.83","9,166.75","9,172.73","9,091.52","60.31M","-0.28%"
"19/04/1998","9,167.49","9,167.49","9,167.49","9,167.49","","0.00%"
"18/04/1998","9,167.49","9,167.49","9,167.49","9,167.49","","0.00%"
"17/04/1998","9,167.49","9,077.57","9,167.50","9,052.91","62.81M","1.00%"
"16/04/1998","9,076.56","9,162.27","9,164.76","9,041.95","64.98M","-0.94%"
"15/04/1998","9,162.26","9,110.45","9,162.27","9,083.55","67.26M","0.57%"
"14/04/1998","9,110.19","9,014.30","9,121.41","9,013.80","61.98M","1.09%"
"13/04/1998","9,012.29","8,997.11","9,025.26","8,925.61","62.32M","0.19%"
"12/04/1998","8,994.86","8,994.86","8,994.86","8,994.86","","0.00%"
"11/04/1998","8,994.86","8,994.86","8,994.86","8,994.86","","0.00%"
"10/04/1998","8,994.86","8,994.86","8,994.86","8,994.86","","0.00%"
"09/04/1998","8,994.86","8,890.74","9,014.30","8,890.74","56.62M","1.16%"
"08/04/1998","8,891.48","8,959.49","8,968.96","8,861.84","71.63M","-0.73%"
"07/04/1998","8,956.49","9,028.96","9,033.98","8,893.48","74.58M","-0.85%"
"06/04/1998","9,033.22","8,985.90","9,094.76","8,985.90","76.62M","0.55%"
"05/04/1998","8,983.40","8,983.40","8,983.40","8,983.40","","0.00%"
"04/04/1998","8,983.40","8,983.40","8,983.40","8,983.40","","0.00%"
"03/04/1998","8,983.40","8,986.64","9,030.49","8,946.29","65.52M","-0.04%"
"02/04/1998","8,986.64","8,868.32","8,997.11","8,861.34","74.63M","1.33%"
"01/04/1998","8,868.31","8,801.56","8,883.76","8,748.74","79.54M","0.78%"
"31/03/1998","8,799.80","8,783.12","8,898.96","8,776.89","61.77M","0.20%"
"30/03/1998","8,782.12","8,795.08","8,827.96","8,748.74","44.03M","-0.16%"
"29/03/1998","8,796.07","8,796.07","8,796.07","8,796.07","","0.00%"
"28/03/1998","8,796.07","8,796.07","8,796.07","8,796.07","","0.00%"
"27/03/1998","8,796.07","8,846.33","8,895.72","8,771.91","57.39M","-0.57%"
"26/03/1998","8,846.88","8,868.57","8,892.98","8,820.99","52.24M","-0.29%"
"25/03/1998","8,872.79","8,905.19","8,959.24","8,800.06","59.39M","-0.36%"
"24/03/1998","8,904.43","8,817.50","8,920.38","8,817.50","46.28M","1.00%"
"23/03/1998","8,816.25","8,899.89","8,900.14","8,807.29","52.57M","-1.01%"
"22/03/1998","8,906.42","8,906.42","8,906.42","8,906.42","","0.00%"
"21/03/1998","8,906.42","8,906.42","8,906.42","8,906.42","","0.00%"
"20/03/1998","8,906.42","8,803.80","8,913.41","8,803.30","78.60M","1.17%"
"19/03/1998","8,803.04","8,771.11","8,803.05","8,759.95","54.71M","0.32%"
"18/03/1998","8,775.39","8,746.69","8,780.13","8,706.89","48.74M","0.29%"
"17/03/1998","8,749.98","8,718.85","8,749.99","8,683.98","51.72M","0.36%"
"16/03/1998","8,718.84","8,603.51","8,718.85","8,602.02","49.98M","1.35%"
"15/03/1998","8,602.51","8,602.51","8,602.51","8,602.51","","0.00%"
"14/03/1998","8,602.51","8,602.51","8,602.51","8,602.51","","0.00%"
"13/03/1998","8,602.51","8,659.56","8,698.42","8,592.80","48.87M","-0.66%"
"12/03/1998","8,659.55","8,673.91","8,682.48","8,611.24","46.11M","-0.19%"
"11/03/1998","8,675.75","8,642.52","8,695.19","8,639.63","48.62M","0.38%"
"10/03/1998","8,643.11","8,567.64","8,650.10","8,566.64","52.66M","0.89%"
"09/03/1998","8,567.14","8,570.63","8,624.44","8,541.24","60.73M","-0.03%"
"08/03/1998","8,569.38","8,569.38","8,569.38","8,569.38","","0.00%"
"07/03/1998","8,569.38","8,569.38","8,569.38","8,569.38","","0.00%"
"06/03/1998","8,569.38","8,446.82","8,570.88","8,444.58","56.18M","1.48%"
"05/03/1998","8,444.32","8,536.80","8,537.05","8,405.72","57.11M","-1.11%"
"04/03/1998","8,539.24","8,582.79","8,583.04","8,494.65","51.38M","-0.53%"
"03/03/1998","8,584.82","8,548.71","8,585.08","8,509.35","57.20M","0.40%"
"02/03/1998","8,550.44","8,544.47","8,566.89","8,510.84","55.60M","0.06%"
"01/03/1998","8,545.71","8,545.71","8,545.71","8,545.71","","0.00%"
"28/02/1998","8,545.71","8,545.71","8,545.71","8,545.71","","0.00%"
"27/02/1998","8,545.71","8,489.67","8,566.89","8,474.97","55.15M","0.65%"
"26/02/1998","8,490.66","8,455.53","8,503.12","8,419.92","49.39M","0.39%"
"25/02/1998","8,457.77","8,368.85","8,489.17","8,368.85","47.54M","1.05%"
"24/02/1998","8,370.09","8,408.21","8,421.66","8,345.44","53.39M","-0.48%"
"23/02/1998","8,410.20","8,414.94","8,446.57","8,374.83","47.94M","-0.04%"
"22/02/1998","8,413.93","8,413.93","8,413.93","8,413.93","","0.00%"
"21/02/1998","8,413.93","8,413.93","8,413.93","8,413.93","","0.00%"
"20/02/1998","8,413.93","8,375.83","8,424.40","8,318.53","57.23M","0.46%"
"19/02/1998","8,375.57","8,451.81","8,451.81","8,369.35","54.34M","-0.89%"
"18/02/1998","8,451.05","8,393.78","8,451.06","8,361.88","55.00M","0.63%"
"17/02/1998","8,398.49","8,368.60","8,446.32","8,368.60","57.18M","0.34%"
"16/02/1998","8,370.09","8,370.09","8,370.09","8,370.09","","0.00%"
"15/02/1998","8,370.09","8,370.09","8,370.09","8,370.09","","0.00%"
"14/02/1998","8,370.09","8,370.09","8,370.09","8,370.09","","0.00%"
"13/02/1998","8,370.09","8,366.96","8,374.83","8,311.81","44.03M","0.01%"
"12/02/1998","8,369.59","8,311.48","8,390.27","8,238.32","57.83M","0.66%"
"11/02/1998","8,314.54","8,293.80","8,314.55","8,276.93","50.19M","0.23%"
"10/02/1998","8,295.61","8,179.78","8,320.03","8,178.28","67.30M","1.41%"
"09/02/1998","8,180.52","8,191.49","8,216.65","8,141.91","45.45M","-0.11%"
"08/02/1998","8,189.49","8,189.49","8,189.49","8,189.49","","0.00%"
"07/02/1998","8,189.49","8,189.49","8,189.49","8,189.49","","0.00%"
"06/02/1998","8,189.49","8,114.07","8,211.91","8,113.13","49.52M","0.89%"
"05/02/1998","8,117.24","8,128.71","8,182.27","8,071.91","60.11M","-0.15%"
"04/02/1998","8,129.70","8,158.60","8,160.10","8,090.10","56.07M","-0.38%"
"03/02/1998","8,160.34","8,107.78","8,164.33","8,057.71","59.10M","0.65%"
"02/02/1998","8,107.78","7,909.99","8,122.23","7,909.99","64.72M","2.55%"
"01/02/1998","7,906.50","7,906.50","7,906.50","7,906.50","","0.00%"
"31/01/1998","7,906.50","7,906.50","7,906.50","7,906.50","","0.00%"
"30/01/1998","7,906.50","7,971.27","7,985.97","7,893.05","53.67M","-0.83%"
"29/01/1998","7,973.01","7,916.72","8,015.12","7,883.09","77.77M","0.73%"
"28/01/1998","7,915.46","7,815.08","7,919.21","7,815.08","73.51M","1.28%"
"27/01/1998","7,815.07","7,713.19","7,848.46","7,708.71","69.30M","1.32%"
"26/01/1998","7,712.94","7,701.73","7,757.78","7,690.77","52.54M","0.16%"
"25/01/1998","7,700.73","7,700.73","7,700.73","7,700.73","","0.00%"
"24/01/1998","7,700.73","7,700.73","7,700.73","7,700.73","","0.00%"
"23/01/1998","7,700.73","7,730.63","7,776.97","7,642.70","61.25M","-0.39%"
"22/01/1998","7,730.87","7,793.41","7,797.89","7,701.98","73.46M","-0.82%"
"21/01/1998","7,794.40","7,872.12","7,872.12","7,737.36","69.13M","-1.00%"
"20/01/1998","7,873.12","7,753.80","7,874.87","7,749.56","69.31M","1.54%"
"19/01/1998","7,753.54","7,753.54","7,753.54","7,753.54","","0.00%"
"18/01/1998","7,753.54","7,753.54","7,753.54","7,753.54","","0.00%"
"17/01/1998","7,753.54","7,753.54","7,753.54","7,753.54","","0.00%"
"16/01/1998","7,753.54","7,696.01","7,803.12","7,696.01","72.62M","0.80%"
"15/01/1998","7,691.76","7,783.69","7,783.94","7,686.54","55.90M","-1.19%"
"14/01/1998","7,784.68","7,732.13","7,788.92","7,707.96","60.66M","0.68%"
"13/01/1998","7,732.12","7,646.43","7,733.12","7,645.69","69.01M","1.11%"
"12/01/1998","7,647.17","7,575.19","7,652.66","7,443.41","80.34M","0.88%"
"11/01/1998","7,580.41","7,580.41","7,580.41","7,580.41","","0.00%"
"10/01/1998","7,580.41","7,580.41","7,580.41","7,580.41","","0.00%"
"09/01/1998","7,580.41","7,799.88","7,800.13","7,527.36","86.30M","-2.85%"
"08/01/1998","7,802.62","7,902.02","7,902.02","7,796.15","63.72M","-1.26%"
"07/01/1998","7,902.26","7,904.76","7,905.76","7,776.97","60.99M","-0.05%"
"06/01/1998","7,906.25","7,978.99","7,978.99","7,880.35","60.20M","-0.91%"
"05/01/1998","7,978.99","7,967.04","8,035.54","7,912.98","67.56M","0.18%"
"04/01/1998","7,965.04","7,965.04","7,965.04","7,965.04","","0.00%"
"03/01/1998","7,965.04","7,965.04","7,965.04","7,965.04","","0.00%"
"02/01/1998","7,965.04","7,910.49","7,965.04","7,880.84","47.03M","0.72%"
"01/01/1998","7,908.24","7,908.24","7,908.24","7,908.24","","0.00%"
"31/12/1997","7,908.24","7,916.22","7,959.56","7,886.57","36.72M","-0.10%"
"30/12/1997","7,915.96","7,791.51","7,922.70","7,791.51","43.62M","1.59%"
"29/12/1997","7,792.40","7,677.30","7,801.63","7,677.30","35.19M","1.47%"
"28/12/1997","7,679.31","7,679.31","7,679.31","7,679.31","","0.00%"
"27/12/1997","7,679.31","7,679.31","7,679.31","7,679.31","","0.00%"
"26/12/1997","7,679.31","7,660.13","7,717.93","7,659.14","13.34M","0.25%"
"25/12/1997","7,660.12","7,660.12","7,660.12","7,660.12","","0.00%"
"24/12/1997","7,660.12","7,692.77","7,740.35","7,660.13","25.51M","-0.41%"
"23/12/1997","7,691.76","7,819.31","7,823.05","7,689.28","40.54M","-1.63%"
"22/12/1997","7,819.31","7,758.97","7,844.72","7,743.34","50.13M","0.81%"
"21/12/1997","7,756.28","7,756.28","7,756.28","7,756.28","","0.00%"
"20/12/1997","7,756.28","7,756.28","7,756.28","7,756.28","","0.00%"
"19/12/1997","7,756.28","7,846.50","7,846.50","7,576.93","98.69M","-1.15%"
"18/12/1997","7,846.49","7,953.63","7,955.87","7,810.45","62.33M","-1.39%"
"17/12/1997","7,957.40","7,978.53","8,034.00","7,932.04","56.99M","-0.24%"
"16/12/1997","7,976.30","7,924.83","8,019.82","7,924.34","57.11M","0.68%"
"15/12/1997","7,922.59","7,839.29","7,947.71","7,838.30","54.11M","1.08%"
"14/12/1997","7,838.29","7,838.29","7,838.29","7,838.29","","0.00%"
"13/12/1997","7,838.29","7,838.29","7,838.29","7,838.29","","0.00%"
"12/12/1997","7,838.29","7,849.49","7,904.94","7,784.33","55.52M","-0.14%"
"11/12/1997","7,848.98","7,973.97","7,973.97","7,815.17","63.79M","-1.63%"
"10/12/1997","7,978.79","8,048.67","8,049.42","7,922.35","62.99M","-0.88%"
"09/12/1997","8,049.66","8,110.84","8,111.09","8,029.77","51.06M","-0.75%"
"08/12/1997","8,110.83","8,148.88","8,158.08","8,083.73","46.28M","-0.47%"
"07/12/1997","8,149.13","8,149.13","8,149.13","8,149.13","","0.00%"
"06/12/1997","8,149.13","8,149.13","8,149.13","8,149.13","","0.00%"
"05/12/1997","8,149.13","8,049.17","8,166.29","8,017.09","60.71M","1.23%"
"04/12/1997","8,050.16","8,032.76","8,113.82","8,023.80","64.38M","0.23%"
"03/12/1997","8,032.00","8,017.04","8,076.02","7,961.64","63.02M","0.16%"
"02/12/1997","8,018.82","8,012.12","8,041.71","7,995.21","55.75M","0.07%"
"01/12/1997","8,013.10","7,825.12","8,015.10","7,825.12","58.28M","2.43%"
"30/11/1997","7,823.12","7,823.12","7,823.12","7,823.12","","0.00%"
"29/11/1997","7,823.12","7,823.12","7,823.12","7,823.12","","0.00%"
"28/11/1997","7,823.12","7,794.78","7,853.22","7,794.78","20.08M","0.36%"
"27/11/1997","7,794.77","7,794.77","7,794.77","7,794.77","","0.00%"
"26/11/1997","7,794.77","7,809.55","7,846.50","7,794.53","47.42M","-0.18%"
"25/11/1997","7,808.95","7,767.26","7,821.39","7,739.57","56.36M","0.53%"
"24/11/1997","7,767.92","7,881.07","7,881.07","7,753.25","52.42M","-1.44%"
"23/11/1997","7,881.06","7,881.06","7,881.06","7,881.06","","0.00%"
"22/11/1997","7,881.06","7,881.06","7,881.06","7,881.06","","0.00%"
"21/11/1997","7,881.06","7,827.85","7,881.07","7,791.55","63.73M","0.70%"
"20/11/1997","7,826.60","7,724.75","7,856.20","7,724.75","61.63M","1.32%"
"19/11/1997","7,724.73","7,646.54","7,753.96","7,625.53","50.76M","0.97%"
"18/11/1997","7,650.82","7,694.93","7,720.81","7,643.21","59.38M","-0.62%"
"17/11/1997","7,698.21","7,575.67","7,738.49","7,575.67","64.88M","1.66%"
"16/11/1997","7,572.48","7,572.48","7,572.48","7,572.48","","0.00%"
"15/11/1997","7,572.48","7,572.48","7,572.48","7,572.48","","0.00%"
"14/11/1997","7,572.48","7,486.26","7,590.16","7,467.38","60.50M","1.13%"
"13/11/1997","7,487.76","7,400.14","7,499.79","7,349.99","66.90M","1.17%"
"12/11/1997","7,401.31","7,554.73","7,554.73","7,393.71","63.89M","-2.08%"
"11/11/1997","7,558.72","7,552.59","7,599.74","7,518.21","47.53M","0.08%"
"10/11/1997","7,552.59","7,581.57","7,656.22","7,540.56","51.81M","-0.38%"
"09/11/1997","7,581.32","7,581.32","7,581.32","7,581.32","","0.00%"
"08/11/1997","7,581.32","7,581.32","7,581.32","7,581.32","","0.00%"
"07/11/1997","7,581.32","7,678.68","7,678.68","7,487.76","66.15M","-1.33%"
"06/11/1997","7,683.23","7,692.03","7,708.04","7,640.26","54.58M","-0.12%"
"05/11/1997","7,692.56","7,688.15","7,765.75","7,664.57","56.78M","0.04%"
"04/11/1997","7,689.12","7,675.13","7,701.65","7,622.33","56.33M","0.19%"
"03/11/1997","7,674.39","7,443.07","7,674.39","7,443.07","67.16M","3.12%"
"02/11/1997","7,442.08","7,442.08","7,442.08","7,442.08","","0.00%"
"01/11/1997","7,442.08","7,442.08","7,442.08","7,442.08","","0.00%"
"31/10/1997","7,442.08","7,384.62","7,495.86","7,352.69","70.37M","0.82%"
"30/10/1997","7,381.67","7,502.15","7,543.01","7,381.18","77.16M","-1.67%"
"29/10/1997","7,506.66","7,498.56","7,621.60","7,456.08","95.99M","0.11%"
"28/10/1997","7,498.31","7,160.90","7,515.02","6,971.32","160.97M","4.71%"
"27/10/1997","7,161.14","7,714.42","7,714.42","7,159.92","91.83M","-7.18%"
"26/10/1997","7,715.40","7,715.40","7,715.40","7,715.40","","0.00%"
"25/10/1997","7,715.40","7,715.40","7,715.40","7,715.40","","0.00%"
"24/10/1997","7,715.40","7,849.00","7,939.61","7,695.51","91.09M","-1.69%"
"23/10/1997","7,847.76","7,870.61","8,029.00","7,805.04","86.34M","-2.33%"
"22/10/1997","8,034.64","8,054.05","8,059.94","7,993.88","89.95M","-0.32%"
"21/10/1997","8,060.43","7,950.17","8,064.61","7,921.93","66.02M","1.75%"
"20/10/1997","7,921.44","7,872.82","7,924.88","7,815.60","64.29M","0.95%"
"19/10/1997","7,847.03","7,847.03","7,847.03","7,847.03","","0.00%"
"18/10/1997","7,847.03","7,847.03","7,847.03","7,847.03","","0.00%"
"17/10/1997","7,847.03","7,880.43","7,934.21","7,755.68","81.01M","-1.16%"
"16/10/1997","7,938.87","8,082.05","8,112.74","7,896.39","67.50M","-1.48%"
"15/10/1997","8,057.97","8,044.72","8,093.31","8,035.39","44.92M","-0.47%"
"14/10/1997","8,096.28","8,111.76","8,112.25","8,018.93","57.86M","0.30%"
"13/10/1997","8,072.22","8,092.61","8,114.71","8,042.75","29.90M","0.34%"
"12/10/1997","8,045.20","8,045.20","8,045.20","8,045.20","","0.00%"
"11/10/1997","8,045.20","8,045.20","8,045.20","8,045.20","","0.00%"
"10/10/1997","8,045.20","8,020.65","8,059.45","8,002.73","40.12M","-0.20%"
"09/10/1997","8,061.41","8,029.98","8,094.08","8,002.73","49.66M","-0.42%"
"08/10/1997","8,095.05","8,183.71","8,184.70","8,051.35","59.73M","-1.02%"
"07/10/1997","8,178.31","8,107.34","8,181.75","8,088.92","54.93M","0.96%"
"06/10/1997","8,100.21","8,080.33","8,109.30","8,039.56","46.02M","0.77%"
"05/10/1997","8,038.57","8,038.57","8,038.57","8,038.57","","0.00%"
"04/10/1997","8,038.57","8,038.57","8,038.57","8,038.57","","0.00%"
"03/10/1997","8,038.57","8,128.21","8,144.42","7,956.07","77.87M","0.14%"
"02/10/1997","8,027.52","8,016.48","8,033.67","7,984.06","47.19M","0.15%"
"01/10/1997","8,015.49","7,992.17","8,028.76","7,945.02","54.31M","0.88%"
"30/09/1997","7,945.25","7,977.68","8,001.25","7,937.40","49.84M","-0.58%"
"29/09/1997","7,991.42","7,912.85","7,995.60","7,893.45","51.05M","0.87%"
"28/09/1997","7,922.17","7,922.17","7,922.17","7,922.17","","0.00%"
"27/09/1997","7,922.17","7,922.17","7,922.17","7,922.17","","0.00%"
"26/09/1997","7,922.17","7,912.85","7,928.81","7,849.13","51.05M","0.94%"
"25/09/1997","7,848.01","7,905.48","7,929.55","7,840.40","55.04M","-0.74%"
"24/09/1997","7,906.70","7,979.89","8,035.63","7,901.30","68.04M","-0.79%"
"23/09/1997","7,970.06","7,999.53","8,005.18","7,929.05","53.08M","-0.33%"
"22/09/1997","7,996.83","7,968.84","8,021.88","7,915.55","59.82M","1.01%"
"21/09/1997","7,917.26","7,917.26","7,917.26","7,917.26","","0.00%"
"20/09/1997","7,917.26","7,917.26","7,917.26","7,917.26","","0.00%"
"19/09/1997","7,917.26","7,897.35","7,931.02","7,865.57","74.70M","-0.07%"
"18/09/1997","7,922.72","7,910.86","8,020.90","7,882.62","66.77M","0.46%"
"17/09/1997","7,886.43","7,926.99","7,931.50","7,862.25","63.07M","-0.12%"
"16/09/1997","7,895.92","7,768.81","7,910.63","7,722.80","81.00M","2.26%"
"15/09/1997","7,721.13","7,744.83","7,794.53","7,718.12","47.70M","-0.28%"
"14/09/1997","7,742.97","7,742.97","7,742.97","7,742.97","","0.00%"
"13/09/1997","7,742.97","7,742.97","7,742.97","7,742.97","","0.00%"
"12/09/1997","7,742.97","7,702.09","7,752.96","7,607.56","58.66M","1.07%"
"11/09/1997","7,660.98","7,682.35","7,717.27","7,580.85","74.03M","-0.76%"
"10/09/1997","7,719.27","7,815.90","7,847.72","7,712.54","60.37M","-1.69%"
"09/09/1997","7,851.90","7,827.75","7,899.06","7,797.79","48.79M","0.21%"
"08/09/1997","7,835.18","7,860.96","7,881.17","7,821.71","38.99M","0.16%"
"07/09/1997","7,822.40","7,822.40","7,822.40","7,822.40","","0.00%"
"06/09/1997","7,822.40","7,822.40","7,822.40","7,822.40","","0.00%"
"05/09/1997","7,822.40","7,901.84","7,942.26","7,785.94","51.45M","-0.57%"
"04/09/1997","7,867.23","7,866.54","7,899.99","7,817.99","52.71M","-0.35%"
"03/09/1997","7,894.64","7,880.47","7,944.35","7,866.72","54.60M","0.19%"
"02/09/1997","7,879.78","7,667.25","7,880.24","7,628.93","54.77M","3.38%"
"01/09/1997","7,622.42","7,622.42","7,622.42","7,622.42","","0.00%"
"31/08/1997","7,622.42","7,622.42","7,622.42","7,622.42","","0.00%"
"30/08/1997","7,622.42","7,622.42","7,622.42","7,622.42","","0.00%"
"29/08/1997","7,622.42","7,651.22","7,710.45","7,606.86","41.95M","-0.94%"
"28/08/1997","7,694.42","7,748.78","7,812.42","7,658.19","49.71M","-1.19%"
"27/08/1997","7,787.33","7,774.33","7,809.17","7,697.68","51.55M","0.07%"
"26/08/1997","7,782.22","7,799.64","7,860.73","7,770.61","44.86M","-0.98%"
"25/08/1997","7,859.57","7,890.23","7,944.12","7,833.32","40.48M","-0.36%"
"24/08/1997","7,887.90","7,887.90","7,887.90","7,887.90","","0.00%"
"23/08/1997","7,887.90","7,887.90","7,887.90","7,887.90","","0.00%"
"22/08/1997","7,887.90","7,758.30","7,893.71","7,716.72","52.97M","-0.08%"
"21/08/1997","7,893.94","8,016.12","8,023.09","7,847.49","45.67M","-1.59%"
"20/08/1997","8,021.23","7,913.92","8,021.23","7,893.71","49.68M","1.30%"
"19/08/1997","7,918.10","7,845.87","7,918.80","7,803.09","57.64M","1.47%"
"18/08/1997","7,803.36","7,732.52","7,803.36","7,618.47","69.26M","1.41%"
"17/08/1997","7,694.65","7,694.65","7,694.65","7,694.65","","0.00%"
"16/08/1997","7,694.65","7,694.65","7,694.65","7,694.65","","0.00%"
"15/08/1997","7,694.65","7,852.60","7,937.49","7,694.66","61.19M","-3.11%"
"14/08/1997","7,942.02","7,966.41","7,997.77","7,864.91","56.41M","0.17%"
"13/08/1997","7,928.32","8,037.72","8,040.51","7,879.08","68.90M","-0.41%"
"12/08/1997","7,960.84","8,075.12","8,095.56","7,948.99","56.43M","-1.26%"
"11/08/1997","8,062.11","8,028.90","8,076.51","7,964.56","64.45M","0.38%"
"10/08/1997","8,031.22","8,031.22","8,031.22","8,031.22","","0.00%"
"09/08/1997","8,031.22","8,031.22","8,031.22","8,031.22","","0.00%"
"08/08/1997","8,031.22","8,118.09","8,184.05","7,976.40","65.47M","-1.91%"
"07/08/1997","8,188.00","8,286.25","8,299.49","8,181.03","56.10M","-0.86%"
"06/08/1997","8,259.30","8,161.75","8,274.87","8,155.95","50.32M","0.88%"
"05/08/1997","8,187.53","8,196.83","8,209.14","8,162.45","41.37M","-0.13%"
"04/08/1997","8,198.45","8,168.26","8,216.11","8,134.11","45.01M","0.05%"
"03/08/1997","8,194.04","8,194.04","8,194.04","8,194.04","","0.00%"
"02/08/1997","8,194.04","8,194.04","8,194.04","8,194.04","","0.00%"
"01/08/1997","8,194.04","8,213.78","8,247.69","8,103.45","53.77M","-0.35%"
"31/07/1997","8,222.61","8,271.15","8,282.77","8,207.28","48.22M","-0.39%"
"30/07/1997","8,254.89","8,205.42","8,274.17","8,172.67","50.39M","0.98%"
"29/07/1997","8,174.52","8,114.14","8,176.62","8,092.07","55.39M","0.66%"
"28/07/1997","8,121.10","8,121.11","8,178.01","8,108.33","49.58M","0.09%"
"27/07/1997","8,113.44","8,113.44","8,113.44","8,113.44","","0.00%"
"26/07/1997","8,113.44","8,113.44","8,113.44","8,113.44","","0.00%"
"25/07/1997","8,113.44","8,127.61","8,175.11","8,080.46","52.41M","-0.04%"
"24/07/1997","8,116.92","8,088.12","8,132.95","7,993.82","57.79M","0.35%"
"23/07/1997","8,088.35","8,147.12","8,147.82","8,058.16","71.42M","0.33%"
"22/07/1997","8,061.64","7,930.41","8,068.61","7,906.02","68.76M","1.96%"
"21/07/1997","7,906.72","7,886.51","7,919.96","7,839.83","56.89M","0.21%"
"20/07/1997","7,890.46","7,890.46","7,890.46","7,890.46","","0.00%"
"19/07/1997","7,890.46","7,890.46","7,890.46","7,890.46","","0.00%"
"18/07/1997","7,890.46","8,011.94","8,036.10","7,875.36","73.34M","-1.62%"
"17/07/1997","8,020.76","8,035.63","8,068.38","7,990.80","78.86M","-0.23%"
"16/07/1997","8,038.88","7,964.32","8,069.78","7,953.41","74.91M","0.79%"
"15/07/1997","7,975.70","7,960.61","7,983.14","7,879.08","59.19M","0.67%"
"14/07/1997","7,922.98","7,935.29","7,950.39","7,860.04","49.49M","0.01%"
"13/07/1997","7,921.81","7,921.81","7,921.81","7,921.81","","0.00%"
"12/07/1997","7,921.81","7,921.81","7,921.81","7,921.81","","0.00%"
"11/07/1997","7,921.81","7,892.19","7,955.07","7,887.21","46.33M","0.44%"
"10/07/1997","7,886.76","7,852.83","7,913.22","7,809.63","58.93M","0.57%"
"09/07/1997","7,842.43","7,986.51","7,991.26","7,794.70","66.97M","-1.51%"
"08/07/1997","7,962.30","7,870.70","7,962.31","7,857.13","47.22M","1.32%"
"07/07/1997","7,858.48","7,919.78","7,951.45","7,828.18","53.23M","-0.47%"
"06/07/1997","7,895.80","7,895.80","7,895.80","7,895.80","","0.00%"
"05/07/1997","7,895.80","7,895.80","7,895.80","7,895.80","","0.00%"
"04/07/1997","7,895.80","7,895.80","7,895.80","7,895.80","","0.00%"
"03/07/1997","7,895.80","7,800.00","7,896.03","7,796.97","40.87M","1.29%"
"02/07/1997","7,795.38","7,737.03","7,795.38","7,697.45","51.40M","0.95%"
"01/07/1997","7,722.32","7,692.47","7,748.34","7,667.36","53.43M","0.65%"
"30/06/1997","7,672.79","7,713.50","7,727.53","7,612.18","48.99M","-0.19%"
"29/06/1997","7,687.72","7,687.72","7,687.72","7,687.72","","0.00%"
"28/06/1997","7,687.72","7,687.72","7,687.72","7,687.72","","0.00%"
"27/06/1997","7,687.72","7,687.72","7,770.73","7,653.79","41.09M","0.44%"
"26/06/1997","7,654.24","7,675.96","7,730.24","7,594.08","46.50M","-0.46%"
"25/06/1997","7,689.98","7,747.66","7,812.12","7,629.14","59.86M","-0.88%"
"24/06/1997","7,758.06","7,684.55","7,764.62","7,607.65","56.80M","2.02%"
"23/06/1997","7,604.25","7,769.37","7,797.87","7,602.45","49.26M","-2.47%"
"22/06/1997","7,796.51","7,796.51","7,796.51","7,796.51","","0.00%"
"21/06/1997","7,796.51","7,796.51","7,796.51","7,796.51","","0.00%"
"20/06/1997","7,796.51","7,787.47","7,834.06","7,777.06","82.43M","0.25%"
"19/06/1997","7,777.06","7,748.56","7,810.54","7,716.45","52.31M","0.76%"
"18/06/1997","7,718.70","7,717.35","7,760.08","7,697.90","44.89M","-0.54%"
"17/06/1997","7,760.77","7,752.18","7,810.09","7,703.78","53.76M","-0.15%"
"16/06/1997","7,772.08","7,771.63","7,795.16","7,752.63","45.00M","-0.13%"
"15/06/1997","7,782.03","7,782.03","7,782.03","7,782.03","","0.00%"
"14/06/1997","7,782.03","7,782.03","7,782.03","7,782.03","","0.00%"
"13/06/1997","7,782.03","7,737.25","7,799.68","7,712.37","70.70M","0.92%"
"12/06/1997","7,711.46","7,610.18","7,712.35","7,573.98","62.67M","1.79%"
"11/06/1997","7,575.82","7,537.51","7,584.19","7,534.81","55.68M","0.48%"
"10/06/1997","7,539.27","7,506.68","7,572.30","7,478.06","51.51M","0.81%"
"09/06/1997","7,478.49","7,460.00","7,511.53","7,437.98","44.34M","0.57%"
"08/06/1997","7,435.77","7,435.77","7,435.77","7,435.77","","0.00%"
"07/06/1997","7,435.77","7,435.77","7,435.77","7,435.77","","0.00%"
"06/06/1997","7,435.77","7,315.16","7,445.22","7,304.86","44.84M","1.79%"
"05/06/1997","7,305.28","7,291.55","7,351.65","7,268.22","44.73M","0.49%"
"04/06/1997","7,269.65","7,297.99","7,312.15","7,258.93","42.26M","-0.58%"
"03/06/1997","7,312.15","7,264.51","7,342.63","7,253.78","45.30M","0.31%"
"02/06/1997","7,289.40","7,351.65","7,354.22","7,279.96","43.82M","-0.57%"
"01/06/1997","7,331.04","7,331.04","7,331.04","7,331.04","","0.00%"
"31/05/1997","7,331.04","7,331.04","7,331.04","7,331.04","","0.00%"
"30/05/1997","7,331.04","7,245.19","7,371.39","7,241.76","51.12M","0.01%"
"29/05/1997","7,330.18","7,355.94","7,368.81","7,307.00","38.62M","-0.37%"
"28/05/1997","7,357.22","7,368.81","7,391.14","7,308.72","49.17M","-0.35%"
"27/05/1997","7,383.40","7,319.54","7,394.95","7,302.23","49.62M","0.51%"
"26/05/1997","7,345.90","7,345.90","7,345.90","7,345.90","","0.00%"
"25/05/1997","7,345.90","7,345.90","7,345.90","7,345.90","","0.00%"
"24/05/1997","7,345.90","7,345.90","7,345.90","7,345.90","","0.00%"
"23/05/1997","7,345.90","7,285.74","7,362.80","7,259.78","39.29M","1.21%"
"22/05/1997","7,258.13","7,302.64","7,310.06","7,242.47","41.95M","-0.45%"
"21/05/1997","7,290.68","7,326.95","7,352.91","7,239.18","58.38M","-0.17%"
"20/05/1997","7,303.46","7,185.19","7,313.35","7,152.64","50.01M","1.03%"
"19/05/1997","7,228.87","7,203.74","7,243.30","7,172.42","38.05M","0.48%"
"18/05/1997","7,194.67","7,194.67","7,194.67","7,194.67","","0.00%"
"17/05/1997","7,194.67","7,194.67","7,194.67","7,194.67","","0.00%"
"16/05/1997","7,194.67","7,285.74","7,333.96","7,190.14","68.12M","-1.89%"
"15/05/1997","7,333.54","7,280.39","7,336.43","7,254.01","44.05M","0.65%"
"14/05/1997","7,286.15","7,327.78","7,351.68","7,262.67","46.00M","0.16%"
"13/05/1997","7,274.20","7,295.22","7,316.24","7,241.65","55.94M","-0.25%"
"12/05/1997","7,292.74","7,180.66","7,296.46","7,168.71","52.37M","1.72%"
"11/05/1997","7,169.53","7,169.53","7,169.53","7,169.53","","0.00%"
"10/05/1997","7,169.53","7,169.53","7,169.53","7,169.53","","0.00%"
"09/05/1997","7,169.53","7,183.18","7,196.02","7,094.48","47.69M","0.46%"
"08/05/1997","7,136.62","7,072.81","7,215.29","7,056.75","55.56M","0.72%"
"07/05/1997","7,085.65","7,205.26","7,225.65","7,076.02","46.82M","-1.93%"
"06/05/1997","7,225.32","7,193.22","7,269.47","7,186.79","67.15M","0.15%"
"05/05/1997","7,214.48","7,087.66","7,215.29","7,055.95","60.16M","2.03%"
"04/05/1997","7,071.20","7,071.20","7,071.20","7,071.20","","0.00%"
"03/05/1997","7,071.20","7,071.20","7,071.20","7,071.20","","0.00%"
"02/05/1997","7,071.20","6,981.30","7,077.62","6,976.88","46.35M","1.36%"
"01/05/1997","6,976.47","6,980.09","7,009.79","6,913.06","40.18M","-0.46%"
"30/04/1997","7,008.99","6,943.97","7,057.55","6,935.54","60.41M","0.67%"
"29/04/1997","6,962.03","6,890.59","6,970.86","6,783.82","58.75M","2.64%"
"28/04/1997","6,783.02","6,701.14","6,788.64","6,701.14","43.72M","0.66%"
"27/04/1997","6,738.87","6,738.87","6,738.87","6,738.87","","0.00%"
"26/04/1997","6,738.87","6,738.87","6,738.87","6,738.87","","0.00%"
"25/04/1997","6,738.87","6,777.00","6,792.25","6,726.03","43.08M","-0.79%"
"24/04/1997","6,792.25","6,883.76","6,890.59","6,777.40","51.40M","-0.30%"
"23/04/1997","6,812.72","6,825.17","6,850.05","6,798.68","51.32M","-0.31%"
"22/04/1997","6,833.59","6,674.65","6,834.40","6,657.40","59.68M","2.60%"
"21/04/1997","6,660.20","6,711.18","6,721.21","6,616.86","43.49M","-0.65%"
"20/04/1997","6,703.55","6,703.55","6,703.55","6,703.55","","0.00%"
"19/04/1997","6,703.55","6,703.55","6,703.55","6,703.55","","0.00%"
"18/04/1997","6,703.55","6,666.23","6,711.98","6,657.40","52.06M","0.68%"
"17/04/1997","6,658.60","6,667.83","6,713.59","6,648.17","49.89M","-0.32%"
"16/04/1997","6,679.87","6,573.91","6,679.87","6,558.66","63.49M","1.41%"
"15/04/1997","6,587.15","6,536.99","6,587.16","6,452.70","52.71M","2.10%"
"14/04/1997","6,451.89","6,395.71","6,455.11","6,356.37","45.83M","0.94%"
"13/04/1997","6,391.69","6,391.69","6,391.69","6,391.69","","0.00%"
"12/04/1997","6,391.69","6,391.69","6,391.69","6,391.69","","0.00%"
"11/04/1997","6,391.69","6,482.90","6,538.09","6,386.99","52.07M","-2.27%"
"10/04/1997","6,540.04","6,569.88","6,593.30","6,535.14","41.60M","-0.36%"
"09/04/1997","6,563.84","6,626.91","6,639.00","6,545.71","43.95M","-0.69%"
"08/04/1997","6,609.16","6,552.13","6,609.54","6,520.03","39.90M","0.81%"
"07/04/1997","6,555.90","6,572.15","6,589.14","6,526.07","37.37M","0.46%"
"06/04/1997","6,526.07","6,526.07","6,526.07","6,526.07","","0.00%"
"05/04/1997","6,526.07","6,526.07","6,526.07","6,526.07","","0.00%"
"04/04/1997","6,526.07","6,413.15","6,527.21","6,404.84","54.08M","0.75%"
"03/04/1997","6,477.35","6,481.13","6,517.39","6,421.46","52.06M","-0.61%"
"02/04/1997","6,517.01","6,582.35","6,610.37","6,499.64","47.19M","-1.42%"
"01/04/1997","6,611.04","6,562.33","6,621.62","6,522.67","54.78M","0.42%"
"31/03/1997","6,583.47","6,706.22","6,739.83","6,561.20","63.29M","-2.33%"
"30/03/1997","6,740.58","6,740.58","6,740.58","6,740.58","","0.00%"
"29/03/1997","6,740.58","6,740.58","6,740.58","6,740.58","","0.00%"
"28/03/1997","6,740.58","6,740.58","6,740.58","6,740.58","","0.00%"
"27/03/1997","6,740.58","6,888.26","6,891.28","6,663.92","48.61M","-2.04%"
"26/03/1997","6,880.70","6,892.03","6,915.07","6,846.33","47.45M","0.07%"
"25/03/1997","6,876.17","6,921.87","6,952.46","6,867.86","51.53M","-0.42%"
"24/03/1997","6,905.25","6,820.65","6,906.01","6,783.64","47.96M","1.48%"
"23/03/1997","6,804.79","6,804.79","6,804.79","6,804.79","","0.00%"
"22/03/1997","6,804.79","6,804.79","6,804.79","6,804.79","","0.00%"
"21/03/1997","6,804.79","6,833.49","6,851.62","6,790.06","71.51M","-0.23%"
"20/03/1997","6,820.27","6,861.44","6,879.57","6,798.37","47.41M","-0.83%"
"19/03/1997","6,877.68","6,886.37","6,914.31","6,826.32","51.04M","-0.27%"
"18/03/1997","6,896.56","6,960.77","6,970.59","6,854.64","43.24M","-0.85%"
"17/03/1997","6,955.48","6,915.45","6,969.45","6,854.27","51.52M","0.29%"
"16/03/1997","6,935.46","6,935.46","6,935.46","6,935.46","","0.00%"
"15/03/1997","6,935.46","6,935.46","6,935.46","6,935.46","","0.00%"
"14/03/1997","6,935.46","6,917.38","6,956.63","6,878.51","37.89M","0.82%"
"13/03/1997","6,878.89","6,982.41","7,038.21","6,874.66","44.12M","-2.28%"
"12/03/1997","7,039.36","7,063.23","7,088.24","7,010.89","36.54M","-0.65%"
"11/03/1997","7,085.16","7,091.32","7,112.10","7,063.61","37.68M","0.08%"
"10/03/1997","7,079.39","7,022.05","7,079.39","6,993.19","32.75M","1.12%"
"09/03/1997","7,000.88","7,000.88","7,000.88","7,000.88","","0.00%"
"08/03/1997","7,000.88","7,000.88","7,000.88","7,000.88","","0.00%"
"07/03/1997","7,000.88","6,960.86","7,018.59","6,944.70","39.03M","0.81%"
"06/03/1997","6,944.70","6,956.24","6,987.80","6,937.00","44.03M","-0.02%"
"05/03/1997","6,945.85","6,876.20","6,945.85","6,851.95","52.94M","1.36%"
"04/03/1997","6,852.72","6,930.08","6,942.78","6,845.41","54.59M","-0.96%"
"03/03/1997","6,918.91","6,836.56","6,918.92","6,828.10","46.03M","0.60%"
"02/03/1997","6,877.73","6,877.73","6,877.73","6,877.73","","0.00%"
"01/03/1997","6,877.73","6,877.73","6,877.73","6,877.73","","0.00%"
"28/02/1997","6,877.73","6,889.28","6,923.92","6,868.12","41.65M","-0.68%"
"27/02/1997","6,925.07","6,981.64","6,989.34","6,920.46","36.23M","-0.83%"
"26/02/1997","6,983.18","7,033.98","7,046.68","6,915.45","49.95M","-0.78%"
"25/02/1997","7,038.21","7,020.90","7,046.68","6,972.79","40.79M","0.43%"
"24/02/1997","7,008.19","6,907.76","7,013.59","6,905.45","35.56M","1.10%"
"23/02/1997","6,931.61","6,931.61","6,931.61","6,931.61","","0.00%"
"22/02/1997","6,931.61","6,931.61","6,931.61","6,931.61","","0.00%"
"21/02/1997","6,931.61","6,930.85","6,950.86","6,906.22","38.34M","0.06%"
"20/02/1997","6,927.38","6,989.34","7,017.82","6,905.83","34.31M","-1.32%"
"19/02/1997","7,020.12","7,045.53","7,073.62","7,011.28","38.33M","-0.67%"
"18/02/1997","7,067.46","7,007.43","7,067.46","6,977.80","35.87M","1.12%"
"17/02/1997","6,988.95","6,988.95","6,988.95","6,988.95","","0.00%"
"16/02/1997","6,988.95","6,988.95","6,988.95","6,988.95","","0.00%"
"15/02/1997","6,988.95","6,988.95","6,988.95","6,988.95","","0.00%"
"14/02/1997","6,988.95","7,017.05","7,024.75","6,983.95","37.82M","-0.48%"
"13/02/1997","7,022.43","6,976.64","7,040.90","6,960.19","44.74M","0.87%"
"12/02/1997","6,961.63","6,864.65","6,961.63","6,854.65","42.70M","1.51%"
"11/02/1997","6,858.11","6,831.94","6,861.19","6,783.45","39.08M","0.76%"
"10/02/1997","6,806.54","6,850.80","6,876.58","6,798.46","40.36M","-0.72%"
"09/02/1997","6,855.80","6,855.80","6,855.80","6,855.80","","0.00%"
"08/02/1997","6,855.80","6,855.80","6,855.80","6,855.80","","0.00%"
"07/02/1997","6,855.80","6,831.56","6,868.50","6,762.67","42.20M","1.22%"
"06/02/1997","6,773.06","6,754.98","6,773.06","6,713.80","47.52M","0.39%"
"05/02/1997","6,746.89","6,860.42","6,875.43","6,710.72","47.39M","-1.27%"
"04/02/1997","6,833.48","6,802.31","6,833.48","6,767.68","34.11M","0.40%"
"03/02/1997","6,806.16","6,813.86","6,819.24","6,766.91","39.06M","-0.10%"
"02/02/1997","6,813.08","6,813.08","6,813.08","6,813.08","","0.00%"
"01/02/1997","6,813.08","6,813.08","6,813.08","6,813.08","","0.00%"
"31/01/1997","6,813.08","6,849.26","6,873.89","6,808.08","41.47M","-0.16%"
"30/01/1997","6,823.86","6,766.52","6,823.86","6,740.74","38.88M","1.23%"
"29/01/1997","6,740.73","6,673.39","6,740.74","6,656.84","41.19M","1.27%"
"28/01/1997","6,656.07","6,752.67","6,761.13","6,622.98","50.60M","-0.07%"
"27/01/1997","6,660.69","6,698.02","6,708.80","6,635.68","47.76M","-0.53%"
"26/01/1997","6,696.48","6,696.48","6,696.48","6,696.48","","0.00%"
"25/01/1997","6,696.48","6,696.48","6,696.48","6,696.48","","0.00%"
"24/01/1997","6,696.48","6,750.74","6,759.98","6,662.23","56.48M","-0.88%"
"23/01/1997","6,755.74","6,880.05","6,906.22","6,742.28","54.65M","-1.38%"
"22/01/1997","6,850.03","6,881.20","6,888.13","6,808.08","52.96M","-0.49%"
"21/01/1997","6,883.89","6,801.16","6,894.67","6,800.00","48.86M","0.58%"
"20/01/1997","6,843.87","6,839.26","6,855.80","6,808.08","34.24M","0.16%"
"19/01/1997","6,833.09","6,833.09","6,833.09","6,833.09","","0.00%"
"18/01/1997","6,833.09","6,833.09","6,833.09","6,833.09","","0.00%"
"17/01/1997","6,833.09","6,762.67","6,835.79","6,764.60","46.58M","1.00%"
"16/01/1997","6,765.36","6,756.52","6,781.53","6,715.72","43.87M","0.57%"
"15/01/1997","6,726.88","6,724.96","6,762.29","6,704.18","42.83M","-0.52%"
"14/01/1997","6,762.28","6,731.50","6,788.84","6,707.64","40.13M","0.79%"
"13/01/1997","6,709.18","6,728.42","6,734.20","6,659.54","36.30M","0.08%"
"12/01/1997","6,703.79","6,703.79","6,703.79","6,703.79","","0.00%"
"11/01/1997","6,703.79","6,703.79","6,703.79","6,703.79","","0.00%"
"10/01/1997","6,703.79","6,553.71","6,708.03","6,558.33","49.59M","1.18%"
"09/01/1997","6,625.67","6,552.55","6,657.23","6,544.86","40.44M","1.16%"
"08/01/1997","6,549.47","6,629.14","6,627.98","6,536.78","43.04M","-0.78%"
"07/01/1997","6,600.65","6,548.71","6,603.35","6,512.53","45.47M","0.51%"
"06/01/1997","6,567.17","6,569.49","6,619.13","6,530.62","51.68M","0.35%"
"05/01/1997","6,544.08","6,544.08","6,544.08","6,544.08","","0.00%"
"04/01/1997","6,544.08","6,544.08","6,544.08","6,544.08","","0.00%"
"03/01/1997","6,544.08","6,481.75","6,545.63","6,443.65","43.05M","1.58%"
"02/01/1997","6,442.49","6,461.73","6,468.54","6,352.82","53.85M","-0.09%"
"01/01/1997","6,448.26","6,448.26","6,448.26","6,448.26","","0.00%"
"31/12/1996","6,448.26","6,553.60","6,553.60","6,448.27","31.91M","-1.54%"
"30/12/1996","6,549.37","6,571.29","6,587.05","6,540.53","26.48M","-0.18%"
"29/12/1996","6,560.90","6,560.90","6,560.90","6,560.90","","0.00%"
"28/12/1996","6,560.90","6,560.90","6,560.90","6,560.90","","0.00%"
"27/12/1996","6,560.90","6,569.36","6,576.28","6,537.46","20.86M","0.22%"
"26/12/1996","6,546.68","6,530.54","6,563.21","6,522.08","20.87M","0.37%"
"25/12/1996","6,522.84","6,522.84","6,522.84","6,522.84","","0.00%"
"24/12/1996","6,522.84","6,492.09","6,523.62","6,486.33","13.35M","0.52%"
"23/12/1996","6,489.01","6,481.33","6,508.62","6,450.19","25.22M","0.07%"
"22/12/1996","6,484.40","6,484.40","6,484.40","6,484.40","","0.00%"
"21/12/1996","6,484.40","6,484.40","6,484.40","6,484.40","","0.00%"
"20/12/1996","6,484.40","6,583.97","6,549.37","6,479.02","72.43M","0.17%"
"19/12/1996","6,473.63","6,393.67","6,479.02","6,343.69","43.22M","2.00%"
"18/12/1996","6,346.77","6,319.48","6,357.15","6,308.33","38.03M","0.61%"
"17/12/1996","6,308.32","6,236.82","6,324.86","6,236.05","42.06M","0.64%"
"16/12/1996","6,268.34","6,320.25","6,355.61","6,253.35","43.48M","-0.58%"
"15/12/1996","6,304.86","6,304.86","6,304.86","6,304.86","","0.00%"
"14/12/1996","6,304.86","6,304.86","6,304.86","6,304.86","","0.00%"
"13/12/1996","6,304.86","6,279.88","6,345.23","6,251.05","44.53M","0.02%"
"12/12/1996","6,303.71","6,434.43","6,436.73","6,302.18","41.52M","-1.54%"
"11/12/1996","6,402.51","6,383.29","6,472.87","6,343.31","49.94M","-1.09%"
"10/12/1996","6,473.25","6,475.49","6,512.39","6,463.94","35.49M","0.14%"
"09/12/1996","6,463.93","6,424.06","6,467.29","6,383.44","31.72M","1.28%"
"08/12/1996","6,381.94","6,381.94","6,381.94","6,381.94","","0.00%"
"07/12/1996","6,381.94","6,381.94","6,381.94","6,381.94","","0.00%"
"06/12/1996","6,381.94","6,306.29","6,433.38","6,291.75","48.66M","-0.86%"
"05/12/1996","6,437.10","6,414.00","6,452.01","6,402.07","36.90M","0.22%"
"04/12/1996","6,422.94","6,430.39","6,443.07","6,367.41","44.90M","-0.31%"
"03/12/1996","6,442.69","6,523.94","6,554.87","6,438.22","38.39M","-1.21%"
"02/12/1996","6,521.70","6,501.58","6,523.94","6,472.88","31.22M","0.00%"
"01/12/1996","6,521.70","6,521.70","6,521.70","6,521.70","","0.00%"
"30/11/1996","6,521.70","6,521.70","6,521.70","6,521.70","","0.00%"
"29/11/1996","6,521.70","6,505.68","6,532.14","6,499.34","12.21M","0.34%"
"28/11/1996","6,499.34","6,499.34","6,499.34","6,499.34","","0.00%"
"27/11/1996","6,499.34","6,526.55","6,538.85","6,491.14","29.20M","-0.45%"
"26/11/1996","6,528.41","6,539.97","6,589.53","6,497.11","51.00M","-0.30%"
"25/11/1996","6,547.79","6,483.32","6,548.16","6,464.31","33.91M","1.17%"
"24/11/1996","6,471.76","6,471.76","6,471.76","6,471.76","","0.00%"
"23/11/1996","6,471.76","6,471.76","6,471.76","6,471.76","","0.00%"
"22/11/1996","6,471.76","6,434.12","6,471.76","6,418.47","32.81M","0.83%"
"21/11/1996","6,418.46","6,438.97","6,438.97","6,393.50","36.25M","-0.18%"
"20/11/1996","6,430.02","6,407.29","6,447.17","6,391.26","38.57M","0.51%"
"19/11/1996","6,397.59","6,358.84","6,397.97","6,347.28","34.75M","0.80%"
"18/11/1996","6,346.91","6,362.19","6,376.35","6,324.18","31.30M","-0.02%"
"17/11/1996","6,348.03","6,348.03","6,348.03","6,348.03","","0.00%"
"16/11/1996","6,348.03","6,348.03","6,348.03","6,348.03","","0.00%"
"15/11/1996","6,348.03","6,343.56","6,377.85","6,312.62","50.69M","0.56%"
"14/11/1996","6,312.99","6,260.08","6,314.12","6,254.11","41.26M","0.62%"
"13/11/1996","6,274.23","6,252.25","6,285.05","6,243.68","39.65M","0.13%"
"12/11/1996","6,266.03","6,259.70","6,278.71","6,236.22","46.09M","0.17%"
"11/11/1996","6,255.60","6,228.40","6,262.31","6,219.82","30.72M","0.58%"
"10/11/1996","6,219.82","6,219.82","6,219.82","6,219.82","","0.00%"
"09/11/1996","6,219.82","6,219.82","6,219.82","6,219.82","","0.00%"
"08/11/1996","6,219.82","6,201.19","6,222.06","6,181.06","32.56M","0.22%"
"07/11/1996","6,206.03","6,149.76","6,222.81","6,149.76","39.68M","0.46%"
"06/11/1996","6,177.71","6,089.01","6,178.46","6,074.10","46.01M","1.59%"
"05/11/1996","6,081.18","6,065.16","6,093.48","6,042.42","40.56M","0.65%"
"04/11/1996","6,041.67","6,018.20","6,049.51","6,011.49","37.31M","0.33%"
"03/11/1996","6,021.92","6,021.92","6,021.92","6,021.92","","0.00%"
"02/11/1996","6,021.92","6,021.92","6,021.92","6,021.92","","0.00%"
"01/11/1996","6,021.92","6,036.46","6,057.70","5,998.82","37.03M","-0.12%"
"31/10/1996","6,029.38","5,994.25","6,041.31","5,990.62","32.03M","0.60%"
"30/10/1996","5,993.23","6,028.63","6,028.63","5,990.99","30.25M","-0.23%"
"29/10/1996","6,007.01","5,992.11","6,032.73","5,959.69","32.28M","0.57%"
"28/10/1996","5,972.73","6,018.94","6,043.17","5,972.36","30.26M","-0.57%"
"27/10/1996","6,007.01","6,007.01","6,007.01","6,007.01","","0.00%"
"26/10/1996","6,007.01","6,007.01","6,007.01","6,007.01","","0.00%"
"25/10/1996","6,007.01","5,984.28","6,020.44","5,981.68","25.98M","0.24%"
"24/10/1996","5,992.48","6,039.07","6,039.07","5,988.38","34.59M","-0.73%"
"23/10/1996","6,036.46","6,037.21","6,060.31","5,992.86","37.48M","-0.42%"
"22/10/1996","6,061.80","6,081.56","6,091.25","6,037.58","29.44M","-0.48%"
"21/10/1996","6,090.87","6,086.03","6,134.11","6,059.94","41.96M","-0.05%"
"20/10/1996","6,094.22","6,094.22","6,094.22","6,094.22","","0.00%"
"19/10/1996","6,094.22","6,094.22","6,094.22","6,094.22","","0.00%"
"18/10/1996","6,094.22","6,061.06","6,095.35","6,040.19","39.94M","0.58%"
"17/10/1996","6,059.19","6,037.58","6,065.90","6,020.81","34.33M","0.64%"
"16/10/1996","6,020.80","6,016.71","6,021.18","5,969.38","34.68M","0.27%"
"15/10/1996","6,004.78","6,045.03","6,044.29","5,970.49","37.72M","-0.09%"
"14/10/1996","6,010.00","5,975.71","6,020.81","5,970.12","27.42M","0.68%"
"13/10/1996","5,969.37","5,969.37","5,969.37","5,969.37","","0.00%"
"12/10/1996","5,969.37","5,969.37","5,969.37","5,969.37","","0.00%"
"11/10/1996","5,969.37","5,946.64","5,972.73","5,922.04","23.69M","0.81%"
"10/10/1996","5,921.67","5,914.22","5,930.99","5,904.90","26.74M","-0.15%"
"09/10/1996","5,930.61","5,971.24","5,974.97","5,915.34","35.77M","-0.61%"
"08/10/1996","5,966.76","5,975.71","6,010.37","5,959.69","41.98M","-0.22%"
"07/10/1996","5,979.81","5,993.60","6,002.55","5,970.49","26.82M","-0.22%"
"06/10/1996","5,992.85","5,992.85","5,992.85","5,992.85","","0.00%"
"05/10/1996","5,992.85","5,992.85","5,992.85","5,992.85","","0.00%"
"04/10/1996","5,992.85","5,952.23","5,995.09","5,932.85","39.94M","1.01%"
"03/10/1996","5,932.85","5,936.58","5,942.17","5,917.20","28.64M","-0.02%"
"02/10/1996","5,933.97","5,926.14","5,939.93","5,906.39","34.61M","0.49%"
"01/10/1996","5,904.90","5,878.81","5,910.86","5,861.67","34.71M","0.39%"
"30/09/1996","5,882.16","5,875.51","5,907.69","5,872.55","27.84M","0.16%"
"29/09/1996","5,872.92","5,872.92","5,872.92","5,872.92","","0.00%"
"28/09/1996","5,872.92","5,872.92","5,872.92","5,872.92","","0.00%"
"27/09/1996","5,872.92","5,876.62","5,876.62","5,845.18","29.40M","0.07%"
"26/09/1996","5,868.85","5,882.17","5,903.99","5,851.47","36.77M","-0.14%"
"25/09/1996","5,877.35","5,891.41","5,895.11","5,855.53","37.19M","0.06%"
"24/09/1996","5,874.03","5,884.76","5,929.88","5,852.58","48.21M","-0.35%"
"23/09/1996","5,894.74","5,863.30","5,896.59","5,835.19","23.31M","0.11%"
"22/09/1996","5,888.45","5,888.45","5,888.45","5,888.45","","0.00%"
"21/09/1996","5,888.45","5,888.45","5,888.45","5,888.45","","0.00%"
"20/09/1996","5,888.45","5,875.51","5,897.33","5,864.78","49.82M","0.35%"
"19/09/1996","5,867.74","5,861.82","5,881.43","5,847.40","31.64M","-0.16%"
"18/09/1996","5,877.35","5,883.65","5,890.68","5,864.41","34.20M","-0.19%"
"17/09/1996","5,888.82","5,895.11","5,897.70","5,849.62","38.18M","-0.01%"
"16/09/1996","5,889.19","5,855.90","5,905.47","5,837.78","33.16M","0.87%"
"15/09/1996","5,838.52","5,838.52","5,838.52","5,838.52","","0.00%"
"14/09/1996","5,838.52","5,838.52","5,838.52","5,838.52","","0.00%"
"13/09/1996","5,838.52","5,808.19","5,855.16","5,773.05","36.36M","1.15%"
"12/09/1996","5,771.93","5,771.20","5,794.13","5,750.85","29.02M","0.30%"
"11/09/1996","5,754.92","5,716.82","5,767.50","5,713.49","28.42M","0.48%"
"10/09/1996","5,727.18","5,740.87","5,741.60","5,709.42","32.86M","-0.12%"
"09/09/1996","5,733.83","5,689.45","5,735.69","5,659.86","24.91M","1.31%"
"08/09/1996","5,659.85","5,659.85","5,659.85","5,659.85","","0.00%"
"07/09/1996","5,659.85","5,659.85","5,659.85","5,659.85","","0.00%"
"06/09/1996","5,659.85","5,615.10","5,681.31","5,605.11","28.22M","0.94%"
"05/09/1996","5,606.96","5,636.18","5,656.53","5,601.41","22.65M","-0.88%"
"04/09/1996","5,656.89","5,643.58","5,659.86","5,631.00","27.34M","0.15%"
"03/09/1996","5,648.39","5,581.07","5,650.98","5,561.46","29.82M","0.57%"
"02/09/1996","5,616.20","5,616.20","5,616.20","5,616.20","","0.00%"
"01/09/1996","5,616.20","5,616.20","5,616.20","5,616.20","","0.00%"
"31/08/1996","5,616.20","5,616.20","5,616.20","5,616.20","","0.00%"
"30/08/1996","5,616.20","5,641.73","5,647.28","5,588.47","22.08M","-0.56%"
"29/08/1996","5,647.65","5,700.18","5,710.90","5,625.83","26.80M","-1.13%"
"28/08/1996","5,712.38","5,717.56","5,727.18","5,702.40","23.09M","0.02%"
"27/08/1996","5,711.27","5,707.20","5,712.01","5,690.93","20.03M","0.31%"
"26/08/1996","5,693.88","5,731.62","5,733.47","5,675.39","23.08M","-0.50%"
"25/08/1996","5,722.74","5,722.74","5,722.74","5,722.74","","0.00%"
"24/08/1996","5,722.74","5,722.74","5,722.74","5,722.74","","0.00%"
"23/08/1996","5,722.74","5,720.52","5,739.02","5,700.92","25.41M","-0.19%"
"22/08/1996","5,733.46","5,688.71","5,733.47","5,684.27","34.76M","0.77%"
"21/08/1996","5,689.82","5,709.79","5,722.00","5,672.80","26.72M","-0.55%"
"20/08/1996","5,721.26","5,702.40","5,723.85","5,692.78","24.53M","0.38%"
"19/08/1996","5,699.43","5,695.37","5,704.98","5,686.49","24.62M","0.18%"
"18/08/1996","5,689.45","5,689.45","5,689.45","5,689.45","","0.00%"
"17/08/1996","5,689.45","5,689.45","5,689.45","5,689.45","","0.00%"
"16/08/1996","5,689.45","5,679.46","5,698.70","5,666.52","28.46M","0.42%"
"15/08/1996","5,665.77","5,667.25","5,679.09","5,649.87","24.03M","-0.02%"
"14/08/1996","5,666.88","5,653.94","5,667.99","5,630.26","27.90M","0.35%"
"13/08/1996","5,647.28","5,689.08","5,704.61","5,635.44","37.32M","-1.01%"
"12/08/1996","5,704.98","5,653.20","5,706.09","5,648.02","45.18M","0.42%"
"11/08/1996","5,681.31","5,681.31","5,681.31","5,681.31","","0.00%"
"10/08/1996","5,681.31","5,681.31","5,681.31","5,681.31","","0.00%"
"09/08/1996","5,681.31","5,716.45","5,729.03","5,667.62","22.46M","-0.56%"
"08/08/1996","5,713.49","5,702.77","5,716.45","5,685.75","26.89M","-0.09%"
"07/08/1996","5,718.67","5,711.27","5,719.41","5,679.83","31.84M","0.40%"
"06/08/1996","5,696.10","5,668.36","5,700.92","5,648.02","26.77M","0.38%"
"05/08/1996","5,674.28","5,676.13","5,696.48","5,661.34","22.67M","-0.10%"
"04/08/1996","5,679.83","5,679.83","5,679.83","5,679.83","","0.00%"
"03/08/1996","5,679.83","5,679.83","5,679.83","5,679.83","","0.00%"
"02/08/1996","5,679.83","5,636.92","5,679.83","5,595.12","34.47M","1.52%"
"01/08/1996","5,594.75","5,534.09","5,607.33","5,524.10","36.71M","1.19%"
"31/07/1996","5,528.91","5,477.13","5,536.31","5,473.43","32.30M","0.86%"
"30/07/1996","5,481.93","5,463.81","5,481.93","5,421.64","26.54M","0.87%"
"29/07/1996","5,434.58","5,458.26","5,473.80","5,434.59","23.20M","-0.70%"
"28/07/1996","5,473.05","5,473.05","5,473.05","5,473.05","","0.00%"
"27/07/1996","5,473.05","5,473.05","5,473.05","5,473.05","","0.00%"
"26/07/1996","5,473.05","5,437.55","5,474.54","5,422.01","27.42M","0.94%"
"25/07/1996","5,422.01","5,406.84","5,431.26","5,355.06","37.19M","1.26%"
"24/07/1996","5,354.68","5,274.05","5,378.73","5,270.35","43.60M","0.15%"
"23/07/1996","5,346.55","5,407.58","5,434.22","5,330.64","39.37M","-0.82%"
"22/07/1996","5,390.94","5,414.24","5,426.82","5,369.48","32.89M","-0.66%"
"21/07/1996","5,426.82","5,426.82","5,426.82","5,426.82","","0.00%"
"20/07/1996","5,426.82","5,426.82","5,426.82","5,426.82","","0.00%"
"19/07/1996","5,426.82","5,466.77","5,469.36","5,408.69","36.05M","-0.68%"
"18/07/1996","5,464.18","5,400.93","5,473.06","5,368.74","45.80M","1.62%"
"17/07/1996","5,376.88","5,429.41","5,430.15","5,356.76","43.01M","0.34%"
"16/07/1996","5,358.75","5,368.37","5,402.04","5,182.32","69.58M","0.17%"
"15/07/1996","5,349.51","5,501.33","5,509.83","5,348.77","43.11M","-2.92%"
"14/07/1996","5,510.56","5,510.56","5,510.56","5,510.56","","0.00%"
"13/07/1996","5,510.56","5,510.56","5,510.56","5,510.56","","0.00%"
"12/07/1996","5,510.56","5,517.95","5,543.07","5,471.41","34.13M","-0.18%"
"11/07/1996","5,520.53","5,582.96","5,603.44","5,469.93","47.78M","-1.48%"
"10/07/1996","5,603.65","5,594.42","5,604.39","5,533.47","33.76M","0.39%"
"09/07/1996","5,581.85","5,574.47","5,596.63","5,550.83","28.58M","0.56%"
"08/07/1996","5,550.82","5,573.73","5,598.85","5,538.64","30.85M","-0.67%"
"07/07/1996","5,588.13","5,588.13","5,588.13","5,588.13","","0.00%"
"06/07/1996","5,588.13","5,588.13","5,588.13","5,588.13","","0.00%"
"05/07/1996","5,588.13","5,640.59","5,702.28","5,581.49","19.02M","-2.01%"
"04/07/1996","5,703.01","5,703.01","5,703.01","5,703.01","","0.00%"
"03/07/1996","5,703.01","5,713.36","5,720.75","5,682.70","28.91M","-0.30%"
"02/07/1996","5,720.37","5,727.77","5,733.31","5,695.63","29.02M","-0.17%"
"01/07/1996","5,729.98","5,670.14","5,729.98","5,653.88","27.74M","1.33%"
"30/06/1996","5,654.62","5,654.62","5,654.62","5,654.62","","0.00%"
"29/06/1996","5,654.62","5,654.62","5,654.62","5,654.62","","0.00%"
"28/06/1996","5,654.62","5,687.50","5,704.86","5,652.04","31.83M","-0.40%"
"27/06/1996","5,677.52","5,673.83","5,683.07","5,646.50","36.81M","-0.09%"
"26/06/1996","5,682.70","5,711.51","5,720.75","5,673.83","29.93M","-0.64%"
"25/06/1996","5,719.27","5,719.27","5,729.98","5,698.95","33.60M","0.03%"
"24/06/1996","5,717.79","5,720.38","5,742.54","5,704.49","33.33M","0.22%"
"23/06/1996","5,705.23","5,705.23","5,705.23","5,705.23","","0.00%"
"22/06/1996","5,705.23","5,705.23","5,705.23","5,705.23","","0.00%"
"21/06/1996","5,705.23","5,672.36","5,705.23","5,660.17","60.90M","0.81%"
"20/06/1996","5,659.42","5,663.86","5,680.48","5,632.83","40.39M","0.20%"
"19/06/1996","5,648.34","5,630.25","5,674.57","5,627.66","25.23M","0.36%"
"18/06/1996","5,628.03","5,641.33","5,663.49","5,622.86","26.67M","-0.44%"
"17/06/1996","5,652.78","5,659.06","5,677.90","5,637.26","24.75M","0.06%"
"16/06/1996","5,649.45","5,649.45","5,649.45","5,649.45","","0.00%"
"15/06/1996","5,649.45","5,649.45","5,649.45","5,649.45","","0.00%"
"14/06/1996","5,649.45","5,662.75","5,664.97","5,630.99","30.40M","-0.15%"
"13/06/1996","5,657.95","5,673.83","5,683.44","5,639.85","29.90M","-0.18%"
"12/06/1996","5,668.29","5,675.68","5,705.23","5,662.01","28.70M","-0.01%"
"11/06/1996","5,668.66","5,694.89","5,728.87","5,657.58","31.22M","-0.34%"
"10/06/1996","5,687.87","5,699.32","5,703.02","5,663.86","24.55M","-0.16%"
"09/06/1996","5,697.10","5,697.10","5,697.10","5,697.10","","0.00%"
"08/06/1996","5,697.10","5,697.10","5,697.10","5,697.10","","0.00%"
"07/06/1996","5,697.10","5,581.49","5,697.11","5,580.38","38.41M","0.53%"
"06/06/1996","5,667.18","5,728.87","5,723.33","5,665.24","39.76M","-0.53%"
"05/06/1996","5,697.47","5,662.75","5,699.32","5,656.84","26.98M","0.56%"
"04/06/1996","5,665.70","5,646.87","5,671.99","5,625.44","30.70M","0.73%"
"03/06/1996","5,624.70","5,627.29","5,643.91","5,606.24","23.73M","-0.33%"
"02/06/1996","5,643.17","5,643.17","5,643.17","5,643.17","","0.00%"
"01/06/1996","5,643.17","5,643.17","5,643.17","5,643.17","","0.00%"
"31/05/1996","5,643.17","5,693.41","5,698.58","5,636.90","27.04M","-0.88%"
"30/05/1996","5,693.41","5,660.17","5,715.58","5,644.28","37.34M","0.35%"
"29/05/1996","5,673.83","5,709.67","5,717.05","5,645.39","31.83M","-0.63%"
"28/05/1996","5,709.66","5,775.42","5,783.91","5,697.84","30.46M","-0.92%"
"27/05/1996","5,762.85","5,762.85","5,762.85","5,762.85","","0.00%"
"26/05/1996","5,762.85","5,762.85","5,762.85","5,762.85","","0.00%"
"25/05/1996","5,762.85","5,762.85","5,762.85","5,762.85","","0.00%"
"24/05/1996","5,762.85","5,772.46","5,789.08","5,745.13","29.27M","0.01%"
"23/05/1996","5,762.11","5,771.72","5,796.10","5,728.50","42.45M","-0.28%"
"22/05/1996","5,778.00","5,724.07","5,782.44","5,715.58","41.36M","0.73%"
"21/05/1996","5,736.26","5,753.25","5,759.16","5,731.46","35.57M","-0.22%"
"20/05/1996","5,748.82","5,704.12","5,750.30","5,671.99","40.74M","1.08%"
"19/05/1996","5,687.50","5,687.50","5,687.50","5,687.50","","0.00%"
"18/05/1996","5,687.50","5,687.50","5,687.50","5,687.50","","0.00%"
"17/05/1996","5,687.50","5,665.71","5,698.58","5,635.42","43.89M","0.93%"
"16/05/1996","5,635.04","5,611.78","5,654.26","5,607.34","38.13M","0.17%"
"15/05/1996","5,625.44","5,626.92","5,673.10","5,619.53","40.65M","0.01%"
"14/05/1996","5,624.70","5,598.48","5,633.57","5,578.17","43.37M","0.75%"
"13/05/1996","5,582.59","5,529.40","5,587.77","5,516.47","33.23M","1.17%"
"12/05/1996","5,518.13","5,518.13","5,518.13","5,518.13","","0.00%"
"11/05/1996","5,518.13","5,518.13","5,518.13","5,518.13","","0.00%"
"10/05/1996","5,518.13","5,530.06","5,533.67","5,476.23","26.74M","0.79%"
"09/05/1996","5,475.14","5,464.31","5,504.05","5,460.69","33.03M","0.02%"
"08/05/1996","5,474.06","5,384.10","5,475.87","5,342.19","43.88M","0.98%"
"07/05/1996","5,420.95","5,464.31","5,468.28","5,414.45","34.74M","-0.79%"
"06/05/1996","5,464.30","5,494.29","5,500.07","5,423.12","36.47M","-0.25%"
"04/05/1996","5,478.03","5,478.03","5,478.03","5,478.03","","0.00%"
"03/05/1996","5,478.03","5,514.52","5,527.17","5,458.16","38.88M","-0.37%"
"02/05/1996","5,498.26","5,524.64","5,575.22","5,475.51","43.62M","-1.38%"
"01/05/1996","5,575.22","5,554.26","5,594.73","5,547.76","29.21M","0.11%"
"30/04/1996","5,569.07","5,571.97","5,579.91","5,547.04","28.46M","-0.08%"
"29/04/1996","5,573.41","5,550.29","5,589.67","5,552.82","27.01M","0.10%"
"27/04/1996","5,567.99","5,567.99","5,567.99","5,567.99","","0.00%"
"26/04/1996","5,567.99","5,569.44","5,590.39","5,546.32","29.49M","0.02%"
"25/04/1996","5,566.91","5,548.48","5,582.80","5,508.38","39.79M","0.23%"
"24/04/1996","5,553.90","5,605.93","5,599.06","5,530.78","36.71M","-0.62%"
"23/04/1996","5,588.58","5,569.08","5,598.34","5,562.21","31.98M","0.43%"
"22/04/1996","5,564.74","5,571.97","5,588.22","5,536.20","30.65M","0.53%"
"20/04/1996","5,535.48","5,535.48","5,535.48","5,535.48","","0.00%"
"19/04/1996","5,535.48","5,558.96","5,572.33","5,518.86","37.59M","-0.29%"
"18/04/1996","5,551.73","5,552.82","5,564.38","5,522.83","38.77M","0.03%"
"17/04/1996","5,549.93","5,617.13","5,620.74","5,527.89","48.60M","-1.25%"
"16/04/1996","5,620.01","5,602.68","5,627.96","5,577.39","35.27M","0.48%"
"15/04/1996","5,592.92","5,549.93","5,592.92","5,534.76","27.04M","1.09%"
"13/04/1996","5,532.59","5,532.59","5,532.59","5,532.59","","0.00%"
"12/04/1996","5,532.59","5,497.18","5,536.20","5,480.20","39.97M","0.83%"
"11/04/1996","5,487.06","5,499.71","5,512.36","5,415.53","58.93M","0.02%"
"10/04/1996","5,485.98","5,554.26","5,567.99","5,472.98","45.43M","-1.34%"
"09/04/1996","5,560.40","5,622.55","5,618.93","5,549.93","35.27M","-0.61%"
"08/04/1996","5,594.36","5,573.05","5,679.99","5,542.34","39.94M","-1.56%"
"06/04/1996","5,682.88","5,682.88","5,682.88","5,682.88","","0.00%"
"05/04/1996","5,682.88","5,682.88","5,682.88","5,682.88","","0.00%"
"04/04/1996","5,682.88","5,690.83","5,697.69","5,671.32","29.39M","-0.12%"
"03/04/1996","5,689.74","5,663.01","5,689.74","5,641.69","28.83M","0.32%"
"02/04/1996","5,671.68","5,653.98","5,671.68","5,623.27","34.94M","0.60%"
"01/04/1996","5,637.72","5,609.90","5,640.25","5,587.50","32.47M","0.91%"
"30/03/1996","5,587.14","5,587.14","5,587.14","5,587.14","","0.00%"
"29/03/1996","5,587.14","5,645.31","5,645.31","5,576.66","32.02M","-0.78%"
"28/03/1996","5,630.85","5,603.76","5,636.27","5,591.48","29.01M","0.07%"
"27/03/1996","5,626.88","5,677.46","5,680.71","5,608.46","32.66M","-0.77%"
"26/03/1996","5,670.59","5,627.60","5,678.54","5,623.63","31.41M","0.47%"
"25/03/1996","5,643.86","5,657.23","5,678.54","5,619.66","35.66M","0.13%"
"23/03/1996","5,636.63","5,636.63","5,636.63","5,636.63","","0.00%"
"22/03/1996","5,636.63","5,643.50","5,649.28","5,620.38","27.79M","0.17%"
"21/03/1996","5,626.88","5,663.01","5,668.79","5,613.87","32.55M","-0.50%"
"20/03/1996","5,655.42","5,682.88","5,683.96","5,616.40","46.29M","-0.25%"
"19/03/1996","5,669.51","5,703.83","5,709.97","5,652.53","51.45M","-0.25%"
"18/03/1996","5,683.60","5,603.76","5,683.60","5,585.70","49.30M","1.77%"
"16/03/1996","5,584.97","5,584.97","5,584.97","5,584.97","","0.00%"
"15/03/1996","5,584.97","5,582.80","5,590.03","5,550.65","54.83M","-0.02%"
"14/03/1996","5,586.05","5,582.44","5,629.77","5,569.08","52.38M","0.31%"
"13/03/1996","5,568.71","5,578.47","5,598.34","5,548.84","42.13M","-0.27%"
"12/03/1996","5,583.89","5,537.65","5,584.25","5,485.26","47.25M","0.05%"
"11/03/1996","5,581.00","5,456.00","5,583.17","5,444.07","46.98M","2.02%"
"09/03/1996","5,470.45","5,470.45","5,470.45","5,470.45","","0.00%"
"08/03/1996","5,470.45","5,538.37","5,637.00","5,424.20","50.79M","-3.04%"
"07/03/1996","5,641.69","5,626.88","5,641.69","5,599.78","31.94M","0.21%"
"06/03/1996","5,629.77","5,644.58","5,666.98","5,624.35","33.86M","-0.22%"
"05/03/1996","5,642.41","5,595.81","5,642.42","5,577.02","30.24M","0.75%"
"04/03/1996","5,600.14","5,549.57","5,629.05","5,535.11","31.20M","1.15%"
"02/03/1996","5,536.56","5,536.56","5,536.56","5,536.56","","0.00%"
"01/03/1996","5,536.56","5,524.64","5,537.28","5,436.13","41.36M","0.93%"
"29/02/1996","5,485.62","5,478.40","5,530.78","5,461.78","39.81M","-0.37%"
"28/02/1996","5,506.21","5,583.53","5,593.28","5,495.74","37.22M","-0.77%"
"27/02/1996","5,549.20","5,561.13","5,565.10","5,509.10","37.09M","-0.29%"
"26/02/1996","5,565.10","5,601.95","5,629.77","5,559.68","31.72M","-1.16%"
"24/02/1996","5,630.49","5,630.49","5,630.49","5,630.49","","0.00%"
"23/02/1996","5,630.49","5,639.53","5,659.40","5,560.41","41.67M","0.39%"
"22/02/1996","5,608.45","5,545.23","5,613.87","5,516.33","41.57M","1.68%"
"21/02/1996","5,515.97","5,462.14","5,520.67","5,455.63","36.97M","1.05%"
"20/02/1996","5,458.52","5,440.46","5,502.24","5,433.24","35.18M","-0.81%"
"19/02/1996","5,503.32","5,503.32","5,503.32","5,503.32","","0.00%"
"17/02/1996","5,503.32","5,503.32","5,503.32","5,503.32","","0.00%"
"16/02/1996","5,503.32","5,535.48","5,552.10","5,499.35","43.49M","-0.87%"
"15/02/1996","5,551.37","5,573.77","5,595.81","5,547.04","34.61M","-0.51%"
"14/02/1996","5,579.55","5,587.86","5,610.62","5,553.90","35.43M","-0.39%"
"13/02/1996","5,601.23","5,562.57","5,627.96","5,562.57","42.72M","0.02%"
"12/02/1996","5,600.14","5,558.24","5,616.40","5,541.26","37.01M","1.06%"
"10/02/1996","5,541.62","5,541.62","5,541.62","5,541.62","","0.00%"
"09/02/1996","5,541.62","5,532.23","5,584.97","5,513.44","49.23M","0.04%"
"08/02/1996","5,539.45","5,482.01","5,542.70","5,471.89","48.28M","0.86%"
"07/02/1996","5,492.12","5,461.05","5,492.49","5,452.02","37.46M","0.60%"
"06/02/1996","5,459.61","5,405.78","5,460.33","5,397.11","38.71M","0.96%"
"05/02/1996","5,407.58","5,357.73","5,407.95","5,348.34","29.36M","0.63%"
"03/02/1996","5,373.99","5,373.99","5,373.99","5,373.99","","0.00%"
"02/02/1996","5,373.99","5,409.39","5,410.84","5,357.01","33.35M","-0.57%"
"01/02/1996","5,405.05","5,387.35","5,405.06","5,370.37","44.70M","0.18%"
"31/01/1996","5,395.30","5,370.37","5,408.67","5,350.14","44.70M","0.26%"
"30/01/1996","5,381.21","5,324.13","5,381.57","5,304.26","44.91M","1.44%"
"29/01/1996","5,304.98","5,281.14","5,306.07","5,271.38","28.03M","0.63%"
"27/01/1996","5,271.74","5,271.74","5,271.74","5,271.74","","0.00%"
"26/01/1996","5,271.74","5,205.63","5,276.44","5,205.99","31.63M","1.05%"
"25/01/1996","5,216.83","5,247.54","5,249.71","5,209.25","39.27M","-0.50%"
"24/01/1996","5,242.84","5,219.36","5,260.55","5,193.71","41.72M","0.97%"
"23/01/1996","5,192.26","5,197.32","5,220.08","5,177.81","38.98M","-0.52%"
"22/01/1996","5,219.36","5,183.23","5,219.36","5,175.65","37.58M","0.67%"
"20/01/1996","5,184.68","5,184.68","5,184.68","5,184.68","","0.00%"
"19/01/1996","5,184.68","5,110.26","5,194.07","5,111.70","51.67M","1.18%"
"18/01/1996","5,124.34","5,097.25","5,125.07","5,065.82","52.13M","1.13%"
"17/01/1996","5,066.90","5,084.97","5,097.97","5,052.09","42.41M","-0.42%"
"16/01/1996","5,088.22","5,068.35","5,116.04","5,000.79","34.40M","0.88%"
"15/01/1996","5,043.78","5,059.68","5,078.82","5,036.92","29.90M","-0.34%"
"13/01/1996","5,061.12","5,061.12","5,061.12","5,061.12","","0.00%"
"12/01/1996","5,061.12","5,087.49","5,090.02","5,022.83","34.01M","-0.08%"
"11/01/1996","5,065.09","5,067.62","5,066.18","5,020.30","34.53M","0.64%"
"10/01/1996","5,032.94","5,090.75","5,127.60","5,014.52","45.26M","-1.89%"
"09/01/1996","5,130.12","5,209.97","5,213.58","5,116.04","37.10M","-1.30%"
"08/01/1996","5,197.68","5,187.21","5,207.08","5,179.98","11.09M","0.31%"
"06/01/1996","5,181.42","5,181.42","5,181.42","5,181.42","","0.00%"
"05/01/1996","5,181.42","5,154.69","5,181.79","5,133.38","35.53M","0.15%"
"04/01/1996","5,173.84","5,194.07","5,227.31","5,139.88","52.01M","-0.39%"
"03/01/1996","5,194.07","5,188.65","5,207.08","5,177.09","44.76M","0.32%"
"02/01/1996","5,177.45","5,107.00","5,184.68","5,098.33","39.91M","1.18%"
"01/01/1996","5,117.12","5,117.12","5,117.12","5,117.12","","0.00%"
"30/12/1995","5,117.12","5,117.12","5,117.12","5,117.12","","0.00%"
"29/12/1995","5,117.12","5,105.92","5,117.12","5,087.86","21.53M","0.42%"
"28/12/1995","5,095.80","5,100.14","5,106.28","5,088.22","21.49M","-0.20%"
"27/12/1995","5,105.92","5,114.59","5,126.51","5,098.33","19.48M","-0.08%"
"26/12/1995","5,110.25","5,115.67","5,117.12","5,097.97","14.54M","0.24%"
"25/12/1995","5,097.97","5,097.97","5,097.97","5,097.97","","0.00%"
"23/12/1995","5,097.97","5,097.97","5,097.97","5,097.97","","0.00%"
"22/12/1995","5,097.97","5,100.14","5,126.87","5,092.91","21.36M","0.03%"
"21/12/1995","5,096.52","5,068.71","5,135.91","5,031.50","35.30M","0.74%"
"20/12/1995","5,059.31","5,120.37","5,140.24","5,059.32","33.12M","-0.99%"
"19/12/1995","5,109.89","5,061.48","5,114.59","5,051.73","40.91M","0.68%"
"18/12/1995","5,075.21","5,127.60","5,159.39","5,042.70","36.78M","-1.96%"
"16/12/1995","5,176.73","5,176.73","5,176.73","5,176.73","","0.00%"
"15/12/1995","5,176.73","5,195.52","5,188.65","5,163.00","67.52M","-0.10%"
"14/12/1995","5,182.15","5,221.89","5,235.62","5,172.39","36.38M","-0.66%"
"13/12/1995","5,216.47","5,169.87","5,219.36","5,166.61","33.32M","0.80%"
"12/12/1995","5,174.92","5,177.45","5,188.29","5,169.14","26.07M","-0.18%"
"11/12/1995","5,184.32","5,153.97","5,194.43","5,145.66","25.47M","0.53%"
"09/12/1995","5,156.86","5,156.86","5,156.86","5,156.86","","0.00%"
"08/12/1995","5,156.86","5,169.14","5,175.65","5,137.71","23.63M","-0.05%"
"07/12/1995","5,159.39","5,186.12","5,199.13","5,148.19","27.21M","-0.76%"
"06/12/1995","5,199.13","5,191.90","5,209.25","5,168.78","29.46M","0.42%"
"05/12/1995","5,177.45","5,137.71","5,191.54","5,134.82","30.00M","0.74%"
"04/12/1995","5,139.52","5,082.80","5,139.52","5,074.13","30.26M","1.03%"
"02/12/1995","5,087.13","5,087.13","5,087.13","5,087.13","","0.00%"
"01/12/1995","5,087.13","5,074.13","5,107.37","5,073.41","28.45M","0.25%"
"30/11/1995","5,074.49","5,102.67","5,118.93","5,074.49","25.98M","-0.61%"
"29/11/1995","5,105.56","5,082.44","5,105.56","5,075.93","27.69M","0.54%"
"28/11/1995","5,078.10","5,056.43","5,078.10","5,032.94","31.61M","0.14%"
"27/11/1995","5,070.87","5,061.12","5,090.02","5,048.84","30.89M","0.44%"
"25/11/1995","5,048.84","5,048.84","5,048.84","5,048.84","","0.00%"
"24/11/1995","5,048.84","5,050.64","5,057.51","5,041.61","9.99M","0.14%"
"23/11/1995","5,041.61","5,041.61","5,041.61","5,041.61","","0.00%"
"22/11/1995","5,041.61","5,022.83","5,067.62","5,018.49","34.82M","0.36%"
"21/11/1995","5,023.55","4,978.39","5,024.63","4,976.58","32.37M","0.81%"
"20/11/1995","4,983.08","4,988.87","5,003.68","4,976.22","27.37M","-0.14%"
"18/11/1995","4,989.95","4,989.95","4,989.95","4,989.95","","0.00%"
"17/11/1995","4,989.95","4,971.89","4,996.81","4,958.52","34.74M","0.41%"
"16/11/1995","4,969.36","4,923.11","4,969.36","4,920.59","37.18M","0.95%"
"15/11/1995","4,922.75","4,860.61","4,922.75","4,860.61","36.80M","1.05%"
"14/11/1995","4,871.81","4,870.37","4,890.24","4,861.34","34.31M","-0.02%"
"13/11/1995","4,872.89","4,852.67","4,886.63","4,847.61","25.47M","0.05%"
"11/11/1995","4,870.37","4,870.37","4,870.37","4,870.37","","0.00%"
"10/11/1995","4,870.37","4,842.55","4,873.62","4,840.02","21.02M","0.13%"
"09/11/1995","4,864.22","4,849.86","4,876.87","4,840.74","29.32M","0.24%"
"08/11/1995","4,852.66","4,808.23","4,852.67","4,794.86","28.10M","1.16%"
"07/11/1995","4,797.03","4,816.54","4,818.71","4,788.72","24.90M","-0.35%"
"06/11/1995","4,814.01","4,819.07","4,832.43","4,810.03","25.06M","-0.24%"
"04/11/1995","4,825.57","4,825.57","4,825.57","4,825.57","","0.00%"
"03/11/1995","4,825.57","4,812.56","4,825.93","4,802.81","25.33M","0.35%"
"02/11/1995","4,808.59","4,778.60","4,808.59","4,766.32","29.07M","0.88%"
"01/11/1995","4,766.68","4,749.34","4,770.29","4,744.64","26.95M","0.24%"
"31/10/1995","4,755.48","4,766.32","4,801.00","4,755.48","29.03M","-0.02%"
"30/10/1995","4,756.56","4,754.40","4,765.60","4,742.84","24.46M","0.31%"
"28/10/1995","4,741.75","4,741.75","4,741.75","4,741.75","","0.00%"
"27/10/1995","4,741.75","4,696.96","4,742.48","4,676.00","30.51M","0.81%"
"26/10/1995","4,703.82","4,750.42","4,755.48","4,667.69","36.36M","-1.05%"
"25/10/1995","4,753.67","4,796.31","4,800.28","4,733.81","38.38M","-0.63%"
"24/10/1995","4,783.66","4,775.71","4,788.72","4,755.84","28.05M","0.59%"
"23/10/1995","4,755.48","4,774.27","4,795.22","4,746.81","28.01M","-0.82%"
"21/10/1995","4,794.86","4,794.86","4,794.86","4,794.86","","0.00%"
"20/10/1995","4,794.86","4,799.20","4,815.82","4,786.91","34.64M","-0.16%"
"19/10/1995","4,802.45","4,786.91","4,802.45","4,770.29","32.06M","0.52%"
"18/10/1995","4,777.52","4,793.05","4,810.76","4,771.02","33.80M","-0.38%"
"17/10/1995","4,795.94","4,795.58","4,798.11","4,771.38","33.48M","0.24%"
"16/10/1995","4,784.38","4,796.67","4,796.67","4,772.82","23.08M","-0.20%"
"14/10/1995","4,793.78","4,793.78","4,793.78","4,793.78","","0.00%"
"13/10/1995","4,793.78","4,786.19","4,816.90","4,765.60","31.43M","0.61%"
"12/10/1995","4,764.87","4,742.48","4,764.88","4,735.25","30.77M","0.63%"
"11/10/1995","4,735.25","4,730.19","4,738.86","4,711.41","31.00M","0.31%"
"10/10/1995","4,720.80","4,673.11","4,726.58","4,659.74","40.92M","-0.11%"
"09/10/1995","4,726.22","4,758.73","4,768.13","4,711.77","26.79M","-0.90%"
"07/10/1995","4,769.21","4,769.21","4,769.21","4,769.21","","0.00%"
"06/10/1995","4,769.21","4,765.60","4,783.66","4,749.70","25.08M","0.14%"
"05/10/1995","4,762.71","4,735.61","4,762.71","4,735.25","32.63M","0.46%"
"04/10/1995","4,740.67","4,738.50","4,749.70","4,726.94","33.08M","-0.19%"
"03/10/1995","4,749.70","4,761.62","4,767.40","4,716.10","32.97M","-0.24%"
"02/10/1995","4,761.26","4,786.55","4,789.80","4,748.98","29.05M","-0.58%"
"30/09/1995","4,789.08","4,789.08","4,789.08","4,789.08","","0.00%"
"29/09/1995","4,789.08","4,787.27","4,816.54","4,781.86","28.99M","0.03%"
"28/09/1995","4,787.63","4,770.29","4,787.64","4,758.37","36.10M","0.53%"
"27/09/1995","4,762.34","4,738.86","4,765.24","4,712.13","49.21M","-0.07%"
"26/09/1995","4,765.60","4,777.52","4,798.11","4,755.12","35.49M","-0.09%"
"25/09/1995","4,769.93","4,767.77","4,769.93","4,744.65","26.53M","0.12%"
"23/09/1995","4,764.15","4,764.15","4,764.15","4,764.15","","0.00%"
"22/09/1995","4,764.15","4,730.55","4,773.18","4,728.39","38.20M","-0.07%"
"21/09/1995","4,767.40","4,788.36","4,794.14","4,742.84","38.62M","-0.53%"
"20/09/1995","4,792.69","4,773.91","4,796.31","4,763.07","52.43M","0.54%"
"19/09/1995","4,767.04","4,776.80","4,781.13","4,730.55","34.57M","-0.28%"
"18/09/1995","4,780.41","4,777.52","4,795.76","4,755.84","32.94M","-0.36%"
"16/09/1995","4,797.57","4,797.57","4,797.57","4,797.57","","0.00%"
"15/09/1995","4,797.57","4,816.94","4,815.18","4,784.54","53.96M","-0.09%"
"14/09/1995","4,801.80","4,774.68","4,801.80","4,759.89","41.53M","0.76%"
"13/09/1995","4,765.52","4,741.22","4,771.16","4,732.77","44.14M","0.39%"
"12/09/1995","4,747.21","4,718.68","4,747.21","4,704.24","33.21M","0.90%"
"11/09/1995","4,704.94","4,703.54","4,723.61","4,698.96","26.09M","0.09%"
"09/09/1995","4,700.72","4,700.72","4,700.72","4,700.72","","0.00%"
"08/09/1995","4,700.72","4,683.11","4,701.42","4,664.44","27.07M","0.66%"
"07/09/1995","4,669.72","4,685.22","4,688.04","4,663.74","27.87M","-0.30%"
"06/09/1995","4,683.81","4,675.71","4,716.21","4,648.95","27.87M","0.29%"
"05/09/1995","4,670.08","4,660.22","4,679.23","4,645.78","26.87M","0.48%"
"04/09/1995","4,647.54","4,647.54","4,647.54","4,647.54","","0.00%"
"02/09/1995","4,647.54","4,647.54","4,647.54","4,647.54","","0.00%"
"01/09/1995","4,647.54","4,610.20","4,648.95","4,607.03","21.02M","0.80%"
"31/08/1995","4,610.56","4,605.27","4,615.84","4,599.99","20.01M","0.13%"
"30/08/1995","4,604.57","4,615.49","4,621.47","4,601.05","23.82M","-0.08%"
"29/08/1995","4,608.44","4,591.19","4,609.85","4,570.85","25.31M","0.31%"
"28/08/1995","4,594.00","4,611.61","4,620.77","4,580.27","22.56M","-0.16%"
"26/08/1995","4,601.40","4,601.40","4,601.40","4,601.40","","0.00%"
"25/08/1995","4,601.40","4,584.85","4,614.43","4,579.92","24.52M","0.45%"
"24/08/1995","4,580.62","4,592.24","4,595.76","4,573.22","26.54M","-0.09%"
"23/08/1995","4,584.85","4,617.95","4,624.29","4,584.49","27.23M","-0.77%"
"22/08/1995","4,620.42","4,618.30","4,623.59","4,595.76","29.16M","0.12%"
"21/08/1995","4,614.78","4,628.17","4,656.34","4,614.08","34.83M","-0.06%"
"19/08/1995","4,617.60","4,617.60","4,617.60","4,617.60","","0.00%"
"18/08/1995","4,617.60","4,640.49","4,647.18","4,612.32","32.16M","-0.28%"
"17/08/1995","4,630.63","4,628.52","4,638.38","4,606.68","29.77M","-0.18%"
"16/08/1995","4,639.08","4,634.15","4,643.66","4,627.46","33.76M","-0.04%"
"15/08/1995","4,640.84","4,652.47","4,661.27","4,614.08","30.78M","-0.41%"
"14/08/1995","4,659.86","4,615.84","4,660.22","4,615.13","23.13M","0.90%"
"12/08/1995","4,618.30","4,618.30","4,618.30","4,618.30","","0.00%"
"11/08/1995","4,618.30","4,647.54","4,647.89","4,597.17","24.26M","-0.55%"
"10/08/1995","4,643.66","4,671.49","4,698.96","4,621.47","25.12M","-0.60%"
"09/08/1995","4,671.49","4,696.49","4,696.84","4,666.55","22.27M","-0.47%"
"08/08/1995","4,693.32","4,696.49","4,702.13","4,667.96","22.68M","0.00%"
"07/08/1995","4,693.32","4,697.20","4,702.83","4,683.46","19.59M","0.21%"
"05/08/1995","4,683.46","4,683.46","4,683.46","4,683.46","","0.00%"
"04/08/1995","4,683.46","4,706.70","4,709.52","4,682.05","20.17M","-0.38%"
"03/08/1995","4,701.42","4,661.27","4,701.42","4,649.30","32.21M","0.24%"
"02/08/1995","4,690.15","4,731.71","4,754.96","4,682.40","37.60M","-0.22%"
"01/08/1995","4,700.36","4,711.28","4,709.52","4,666.91","35.54M","-0.17%"
"31/07/1995","4,708.47","4,716.92","4,726.78","4,687.33","29.25M","-0.15%"
"29/07/1995","4,715.51","4,715.51","4,715.51","4,715.51","","0.00%"
"28/07/1995","4,715.51","4,738.75","4,738.05","4,705.30","25.08M","-0.36%"
"27/07/1995","4,732.77","4,723.26","4,741.92","4,707.41","30.67M","0.55%"
"26/07/1995","4,707.06","4,722.91","4,725.37","4,691.56","38.48M","-0.16%"
"25/07/1995","4,714.45","4,683.81","4,719.03","4,668.67","39.21M","0.98%"
"24/07/1995","4,668.67","4,647.18","4,679.23","4,640.49","28.14M","0.58%"
"22/07/1995","4,641.55","4,641.55","4,641.55","4,641.55","","0.00%"
"21/07/1995","4,641.55","4,640.84","4,651.06","4,611.61","44.76M","0.00%"
"20/07/1995","4,641.55","4,634.86","4,650.35","4,607.74","36.46M","0.27%"
"19/07/1995","4,628.87","4,646.48","4,688.04","4,552.09","49.33M","-1.23%"
"18/07/1995","4,686.28","4,712.34","4,735.94","4,678.18","40.01M","-1.06%"
"17/07/1995","4,736.29","4,714.45","4,747.21","4,704.59","26.82M","0.58%"
"15/07/1995","4,708.82","4,708.82","4,708.82","4,708.82","","0.00%"
"14/07/1995","4,708.82","4,695.79","4,726.08","4,687.69","29.26M","-0.39%"
"13/07/1995","4,727.48","4,722.91","4,735.58","4,706.35","31.17M","0.00%"
"12/07/1995","4,727.28","4,680.60","4,733.86","4,671.26","33.66M","1.00%"
"11/07/1995","4,680.60","4,684.75","4,704.12","4,670.57","27.59M","-0.46%"
"10/07/1995","4,702.38","4,709.99","4,728.32","4,692.70","31.43M","-0.01%"
"08/07/1995","4,702.73","4,702.73","4,702.73","4,702.73","","0.00%"
"07/07/1995","4,702.73","4,656.74","4,704.81","4,653.62","44.20M","0.83%"
"06/07/1995","4,664.00","4,624.23","4,664.69","4,607.28","33.91M","1.06%"
"05/07/1995","4,615.23","4,591.03","4,630.11","4,583.76","34.19M","0.66%"
"04/07/1995","4,585.14","4,585.14","4,585.14","4,585.14","","0.00%"
"03/07/1995","4,585.14","4,552.98","4,585.15","4,551.25","11.96M","0.64%"
"01/07/1995","4,556.09","4,556.09","4,556.09","4,556.09","","0.00%"
"30/06/1995","4,556.09","4,563.01","4,581.00","4,544.34","22.00M","0.12%"
"29/06/1995","4,550.56","4,558.86","4,577.88","4,521.86","25.42M","-0.14%"
"28/06/1995","4,556.78","4,545.38","4,574.08","4,528.43","31.52M","0.31%"
"27/06/1995","4,542.61","4,549.18","4,574.08","4,535.69","28.19M","-0.19%"
"26/06/1995","4,551.25","4,578.23","4,593.10","4,549.53","23.26M","-0.75%"
"24/06/1995","4,585.84","4,585.84","4,585.84","4,585.84","","0.00%"
"23/06/1995","4,585.84","4,571.66","4,589.64","4,572.00","24.24M","-0.08%"
"22/06/1995","4,589.64","4,557.83","4,589.64","4,547.80","35.09M","0.94%"
"21/06/1995","4,547.10","4,549.87","4,559.21","4,541.92","30.37M","-0.08%"
"20/06/1995","4,550.56","4,545.38","4,554.37","4,535.00","29.35M","-0.07%"
"19/06/1995","4,553.67","4,513.90","4,557.13","4,509.06","23.84M","0.95%"
"17/06/1995","4,510.79","4,510.79","4,510.79","4,510.79","","0.00%"
"16/06/1995","4,510.79","4,506.99","4,517.02","4,496.61","47.48M","0.32%"
"15/06/1995","4,496.26","4,494.19","4,510.45","4,482.09","24.25M","0.12%"
"14/06/1995","4,491.08","4,477.94","4,492.81","4,463.76","24.59M","0.15%"
"13/06/1995","4,484.50","4,466.18","4,491.77","4,447.16","25.49M","0.86%"
"12/06/1995","4,446.46","4,436.44","4,465.83","4,423.99","24.86M","0.51%"
"10/06/1995","4,423.98","4,423.98","4,423.98","4,423.98","","0.00%"
"09/06/1995","4,423.98","4,447.85","4,458.23","4,406.69","30.32M","-0.78%"
"08/06/1995","4,458.57","4,465.14","4,468.94","4,452.69","22.54M","-0.08%"
"07/06/1995","4,462.02","4,469.64","4,484.51","4,448.89","26.96M","-0.52%"
"06/06/1995","4,485.20","4,475.52","4,493.50","4,470.33","32.36M","0.19%"
"05/06/1995","4,476.55","4,437.82","4,493.84","4,439.55","35.95M","0.72%"
"03/06/1995","4,444.39","4,444.39","4,444.39","4,444.39","","0.00%"
"02/06/1995","4,444.39","4,447.50","4,488.66","4,430.56","31.72M","-0.63%"
"01/06/1995","4,472.75","4,457.19","4,478.63","4,437.47","32.35M","0.17%"
"31/05/1995","4,465.14","4,378.33","4,465.14","4,367.61","29.47M","1.97%"
"30/05/1995","4,378.68","4,376.95","4,390.09","4,352.40","21.74M","0.22%"
"29/05/1995","4,368.99","4,368.99","4,368.99","4,368.99","","0.00%"
"27/05/1995","4,368.99","4,368.99","4,368.99","4,368.99","","0.00%"
"26/05/1995","4,368.99","4,407.04","4,412.57","4,355.16","25.46M","-0.98%"
"25/05/1995","4,412.22","4,427.44","4,438.16","4,388.71","28.96M","-0.58%"
"24/05/1995","4,438.16","4,444.39","4,458.57","4,404.62","33.71M","0.04%"
"23/05/1995","4,436.43","4,401.85","4,436.78","4,393.21","32.21M","0.93%"
"22/05/1995","4,395.62","4,348.25","4,403.93","4,341.33","24.33M","1.25%"
"20/05/1995","4,341.33","4,341.33","4,341.33","4,341.33","","0.00%"
"19/05/1995","4,341.33","4,314.01","4,345.48","4,311.24","41.94M","0.02%"
"18/05/1995","4,340.63","4,403.93","4,422.26","4,340.64","32.80M","-1.85%"
"17/05/1995","4,422.60","4,431.94","4,436.09","4,403.23","27.07M","-0.28%"
"16/05/1995","4,435.05","4,436.78","4,443.35","4,429.52","31.20M","-0.05%"
"15/05/1995","4,437.47","4,423.29","4,446.12","4,417.76","35.13M","0.16%"
"13/05/1995","4,430.55","4,430.55","4,430.55","4,430.55","","0.00%"
"12/05/1995","4,430.55","4,395.97","4,435.05","4,393.55","36.66M","0.44%"
"11/05/1995","4,411.19","4,399.43","4,420.87","4,390.44","35.26M","0.15%"
"10/05/1995","4,404.62","4,395.28","4,407.04","4,375.22","39.92M","0.32%"
"09/05/1995","4,390.78","4,397.01","4,403.93","4,374.88","27.79M","0.16%"
"08/05/1995","4,383.86","4,337.18","4,395.63","4,335.10","25.67M","0.93%"
"06/05/1995","4,343.40","4,343.40","4,343.40","4,343.40","","0.00%"
"05/05/1995","4,343.40","4,373.15","4,371.76","4,327.50","33.64M","-0.37%"
"04/05/1995","4,359.66","4,380.06","4,410.50","4,347.01","40.00M","-0.31%"
"03/05/1995","4,373.14","4,331.65","4,375.57","4,327.84","33.90M","1.02%"
"02/05/1995","4,328.88","4,310.55","4,331.65","4,306.40","26.01M","0.30%"
"01/05/1995","4,316.08","4,316.43","4,327.15","4,301.56","27.07M","-0.12%"
"29/04/1995","4,321.27","4,321.27","4,321.27","4,321.27","","0.00%"
"28/04/1995","4,321.27","4,315.74","4,328.53","4,282.88","29.59M","0.15%"
"27/04/1995","4,314.70","4,295.68","4,316.08","4,289.11","25.21M","0.35%"
"26/04/1995","4,299.83","4,296.72","4,307.78","4,283.23","26.79M","-0.01%"
"25/04/1995","4,300.17","4,298.10","4,315.39","4,294.64","31.81M","-0.09%"
"24/04/1995","4,303.98","4,265.24","4,310.90","4,255.91","33.28M","0.79%"
"22/04/1995","4,270.08","4,270.08","4,270.08","4,270.08","","0.00%"
"21/04/1995","4,270.08","4,250.72","4,270.43","4,231.35","40.43M","0.93%"
"20/04/1995","4,230.66","4,221.67","4,244.84","4,203.69","35.08M","0.55%"
"19/04/1995","4,207.49","4,187.43","4,210.95","4,156.65","32.68M","0.68%"
"18/04/1995","4,179.13","4,205.76","4,205.07","4,169.10","27.00M","-0.39%"
"17/04/1995","4,195.38","4,231.70","4,237.23","4,189.51","30.90M","-0.30%"
"15/04/1995","4,208.18","4,208.18","4,208.18","4,208.18","","0.00%"
"14/04/1995","4,208.18","4,208.18","4,208.18","4,208.18","","0.00%"
"13/04/1995","4,208.18","4,206.11","4,221.32","4,195.73","27.62M","0.25%"
"12/04/1995","4,197.80","4,190.20","4,201.96","4,182.24","24.97M","0.26%"
"11/04/1995","4,187.08","4,209.91","4,216.83","4,182.93","22.74M","-0.26%"
"10/04/1995","4,198.15","4,181.21","4,203.69","4,180.86","22.09M","0.13%"
"08/04/1995","4,192.62","4,192.62","4,192.62","4,192.62","","0.00%"
"07/04/1995","4,192.62","4,203.69","4,211.29","4,169.45","28.94M","-0.30%"
"06/04/1995","4,205.41","4,208.53","4,224.09","4,194.46","25.78M","0.12%"
"05/04/1995","4,200.57","4,196.08","4,210.60","4,188.12","26.74M","-0.02%"
"04/04/1995","4,201.61","4,176.02","4,201.61","4,168.41","30.29M","0.80%"
"03/04/1995","4,168.41","4,159.42","4,172.56","4,155.96","25.61M","0.26%"
"01/04/1995","4,157.69","4,157.69","4,157.69","4,157.69","","0.00%"
"31/03/1995","4,157.69","4,144.20","4,172.21","4,111.69","34.44M","-0.36%"
"30/03/1995","4,172.56","4,178.44","4,183.28","4,153.88","33.97M","0.28%"
"29/03/1995","4,160.80","4,155.61","4,198.84","4,139.70","37.49M","0.22%"
"28/03/1995","4,151.81","4,149.73","4,156.65","4,137.63","22.29M","-0.13%"
"27/03/1995","4,157.34","4,146.62","4,157.34","4,132.10","24.33M","0.45%"
"25/03/1995","4,138.66","4,138.66","4,138.66","4,138.66","","0.00%"
"24/03/1995","4,138.66","4,099.59","4,139.36","4,087.14","30.78M","1.24%"
"23/03/1995","4,087.83","4,067.42","4,094.75","4,068.12","27.75M","0.12%"
"22/03/1995","4,082.98","4,071.92","4,082.99","4,060.51","28.50M","0.25%"
"21/03/1995","4,072.61","4,074.69","4,109.27","4,061.89","31.48M","-0.27%"
"20/03/1995","4,083.68","4,080.57","4,088.87","4,071.57","27.48M","0.25%"
"18/03/1995","4,073.65","4,073.65","4,073.65","4,073.65","","0.00%"
"17/03/1995","4,073.65","4,076.07","4,080.22","4,058.78","45.54M","0.11%"
"16/03/1995","4,069.15","4,038.03","4,075.38","4,038.03","33.51M","0.76%"
"15/03/1995","4,038.37","4,044.94","4,054.63","4,029.04","28.27M","-0.26%"
"14/03/1995","4,048.75","4,041.83","4,060.51","4,025.58","32.39M","0.58%"
"13/03/1995","4,025.23","4,032.49","4,042.52","4,019.70","25.95M","-0.26%"
"11/03/1995","4,035.60","4,035.60","4,035.60","4,035.60","","0.00%"
"10/03/1995","4,035.60","3,994.45","4,048.40","3,984.08","30.91M","1.31%"
"09/03/1995","3,983.38","3,978.54","3,993.76","3,971.28","23.71M","0.10%"
"08/03/1995","3,979.23","3,971.97","3,985.46","3,956.06","29.03M","0.42%"
"07/03/1995","3,962.63","3,989.96","3,997.91","3,945.69","31.54M","-0.87%"
"06/03/1995","3,997.56","3,970.93","4,001.02","3,995.37","30.84M","0.20%"
"04/03/1995","3,989.61","3,989.61","3,989.61","3,989.61","","0.00%"
"03/03/1995","3,989.61","3,965.75","3,989.61","3,959.18","27.30M","0.24%"
"02/03/1995","3,979.92","3,986.50","3,995.49","3,959.19","31.59M","-0.37%"
"01/03/1995","3,994.80","3,992.03","4,014.51","3,985.11","33.45M","-0.41%"
"28/02/1995","4,011.05","3,983.04","4,011.05","3,978.89","22.44M","0.56%"
"27/02/1995","3,988.57","4,001.02","4,021.23","3,974.74","25.82M","-0.58%"
"25/02/1995","4,011.74","4,011.74","4,011.74","4,011.74","","0.00%"
"24/02/1995","4,011.74","4,004.01","4,013.09","3,990.88","27.22M","0.21%"
"23/02/1995","4,003.33","4,001.31","4,020.49","3,973.73","37.84M","0.76%"
"22/02/1995","3,973.05","3,964.31","3,986.85","3,962.29","28.68M","0.23%"
"21/02/1995","3,963.97","3,960.94","3,969.69","3,952.53","30.06M","0.26%"
"20/02/1995","3,953.54","3,953.54","3,953.54","3,953.54","","0.00%"
"18/02/1995","3,953.54","3,953.54","3,953.54","3,953.54","","0.00%"
"17/02/1995","3,953.54","3,980.45","3,987.18","3,953.54","36.11M","-0.85%"
"16/02/1995","3,987.52","3,984.83","3,987.52","3,964.31","37.77M","0.03%"
"15/02/1995","3,986.17","3,961.61","3,997.95","3,953.20","42.53M","0.71%"
"14/02/1995","3,958.25","3,962.29","3,965.65","3,949.50","3.41M","0.10%"
"13/02/1995","3,954.21","3,937.39","3,956.90","3,935.03","8.50M","0.38%"
"11/02/1995","3,939.07","3,939.07","3,939.07","3,939.07","","0.00%"
"10/02/1995","3,939.07","3,936.04","3,945.13","3,923.93","24.52M","0.16%"
"09/02/1995","3,932.68","3,941.09","3,948.83","3,928.31","26.87M","-0.07%"
"08/02/1995","3,935.37","3,931.67","3,953.54","3,930.66","27.29M","-0.05%"
"07/02/1995","3,937.39","3,939.41","3,942.10","3,924.94","25.00M","-0.01%"
"06/02/1995","3,937.72","3,923.93","3,948.83","3,920.57","29.34M","0.23%"
"04/02/1995","3,928.64","3,928.64","3,928.64","3,928.64","","0.00%"
"03/02/1995","3,928.64","3,894.33","3,944.46","3,872.12","43.27M","1.50%"
"02/02/1995","3,870.77","3,847.56","3,871.11","3,843.86","25.28M","0.60%"
"01/02/1995","3,847.56","3,850.25","3,868.08","3,831.41","37.88M","0.10%"
"31/01/1995","3,843.86","3,841.84","3,851.93","3,828.05","38.97M","0.31%"
"30/01/1995","3,832.08","3,850.92","3,859.00","3,817.26","34.45M","-0.67%"
"28/01/1995","3,857.99","3,857.99","3,857.99","3,857.99","","0.00%"
"27/01/1995","3,857.99","3,888.94","3,887.26","3,848.23","47.93M","-0.32%"
"26/01/1995","3,870.44","3,870.10","3,879.52","3,853.28","29.44M","-0.03%"
"25/01/1995","3,871.44","3,852.94","3,891.30","3,845.88","32.34M","0.23%"
"24/01/1995","3,862.70","3,864.05","3,876.49","3,862.36","26.47M","-0.12%"
"23/01/1995","3,867.41","3,836.46","3,871.11","3,838.48","31.63M","-0.05%"
"21/01/1995","3,869.43","3,869.43","3,869.43","3,869.43","","0.00%"
"20/01/1995","3,869.43","3,872.79","3,882.55","3,847.22","31.75M","-0.33%"
"19/01/1995","3,882.21","3,905.76","3,928.31","3,878.51","24.46M","-1.19%"
"18/01/1995","3,928.98","3,923.93","3,931.33","3,906.10","22.99M","-0.04%"
"17/01/1995","3,930.66","3,924.94","3,934.70","3,916.19","26.88M","-0.04%"
"16/01/1995","3,932.34","3,916.87","3,936.72","3,907.45","29.25M","0.61%"
"14/01/1995","3,908.45","3,908.45","3,908.45","3,908.45","","0.00%"
"13/01/1995","3,908.45","3,880.87","3,910.14","3,859.00","30.58M","1.28%"
"12/01/1995","3,859.00","3,856.31","3,864.05","3,851.26","23.74M","-0.08%"
"11/01/1995","3,862.02","3,881.20","3,882.89","3,840.16","28.10M","-0.12%"
"10/01/1995","3,866.73","3,874.81","3,898.70","3,861.35","28.25M","0.14%"
"09/01/1995","3,861.35","3,853.62","3,874.48","3,853.28","20.82M","-0.16%"
"07/01/1995","3,867.41","3,867.41","3,867.41","3,867.41","","0.00%"
"06/01/1995","3,867.41","3,845.54","3,887.26","3,841.84","30.24M","0.43%"
"05/01/1995","3,850.92","3,849.91","3,860.68","3,843.19","25.81M","-0.17%"
"04/01/1995","3,857.65","3,840.49","3,857.99","3,831.07","27.22M","0.50%"
"03/01/1995","3,838.47","3,831.41","3,845.20","3,827.71","24.44M","0.11%"
"02/01/1995","3,834.44","3,834.44","3,834.44","3,834.44","","0.00%"
"31/12/1994","3,834.44","3,834.44","3,834.44","3,834.44","","0.00%"
"30/12/1994","3,834.44","3,841.17","3,850.59","3,833.09","17.21M","0.03%"
"29/12/1994","3,833.43","3,836.12","3,847.90","3,832.42","16.91M","-0.16%"
"28/12/1994","3,839.48","3,856.98","3,862.36","3,826.03","15.67M","-0.58%"
"27/12/1994","3,861.69","3,844.20","3,866.40","3,833.77","17.32M","0.74%"
"26/12/1994","3,833.43","3,833.43","3,833.43","3,833.43","","0.00%"
"24/12/1994","3,833.43","3,833.43","3,833.43","3,833.43","","0.00%"
"23/12/1994","3,833.43","3,818.63","3,846.89","3,812.57","18.38M","0.49%"
"22/12/1994","3,814.92","3,807.52","3,829.06","3,800.79","28.57M","0.35%"
"21/12/1994","3,801.80","3,771.52","3,817.95","3,768.16","29.31M","0.92%"
"20/12/1994","3,767.15","3,782.96","3,791.04","3,767.15","24.17M","-0.62%"
"19/12/1994","3,790.70","3,794.07","3,806.85","3,700.94","22.44M","-0.43%"
"17/12/1994","3,807.18","3,807.18","3,807.18","3,807.18","","0.00%"
"16/12/1994","3,807.18","3,785.65","3,807.19","3,765.80","59.07M","1.11%"
"15/12/1994","3,765.47","3,746.96","3,775.90","3,743.60","24.87M","0.51%"
"14/12/1994","3,746.29","3,712.31","3,758.74","3,713.66","31.49M","0.83%"
"13/12/1994","3,715.34","3,715.67","3,727.45","3,710.29","24.97M","-0.08%"
"12/12/1994","3,718.36","3,686.74","3,718.37","3,682.03","25.71M","0.74%"
"10/12/1994","3,691.11","3,691.11","3,691.11","3,691.11","","0.00%"
"09/12/1994","3,691.11","3,676.98","3,691.11","3,655.11","27.30M","0.15%"
"08/12/1994","3,685.73","3,730.48","3,742.93","3,677.66","26.58M","-1.33%"
"07/12/1994","3,735.52","3,718.03","3,744.94","3,718.03","23.64M","-0.28%"
"06/12/1994","3,745.95","3,730.14","3,749.32","3,716.01","26.43M","0.11%"
"05/12/1994","3,741.91","3,749.66","3,762.78","3,727.11","24.05M","-0.10%"
"03/12/1994","3,745.62","3,745.62","3,745.62","3,745.62","","0.00%"
"02/12/1994","3,745.62","3,698.52","3,745.95","3,690.44","24.66M","1.21%"
"01/12/1994","3,700.87","3,733.51","3,743.26","3,690.44","24.68M","-1.03%"
"30/11/1994","3,739.22","3,759.08","3,763.11","3,731.15","28.00M","0.02%"
"29/11/1994","3,738.55","3,730.14","3,742.93","3,712.69","22.87M","-0.03%"
"28/11/1994","3,739.56","3,708.95","3,741.92","3,707.94","25.63M","0.84%"
"26/11/1994","3,708.27","3,708.27","3,708.27","3,708.27","","0.00%"
"25/11/1994","3,708.27","3,685.06","3,713.32","3,673.96","10.61M","0.92%"
"24/11/1994","3,674.63","3,674.63","3,674.63","3,674.63","","0.00%"
"23/11/1994","3,674.63","3,660.50","3,685.73","3,638.83","47.28M","-0.09%"
"22/11/1994","3,677.99","3,755.37","3,770.18","3,677.99","35.79M","-2.43%"
"21/11/1994","3,769.50","3,826.03","3,833.43","3,763.45","23.40M","-1.20%"
"19/11/1994","3,815.26","3,815.26","3,815.26","3,815.26","","0.00%"
"18/11/1994","3,815.26","3,818.63","3,828.05","3,784.90","38.50M","-0.33%"
"17/11/1994","3,828.04","3,848.91","3,849.58","3,808.53","35.82M","-0.45%"
"16/11/1994","3,845.20","3,830.40","3,845.54","3,820.31","27.73M","0.49%"
"15/11/1994","3,826.36","3,832.42","3,856.31","3,807.86","29.98M","-0.09%"
"14/11/1994","3,829.73","3,808.87","3,833.43","3,800.46","25.53M","0.74%"
"12/11/1994","3,801.46","3,801.46","3,801.46","3,801.46","","0.00%"
"11/11/1994","3,801.46","3,813.92","3,821.65","3,795.41","19.52M","-0.54%"
"10/11/1994","3,821.99","3,849.58","3,858.66","3,814.92","31.05M","-0.25%"
"09/11/1994","3,831.74","3,867.41","3,868.76","3,810.55","35.56M","0.03%"
"08/11/1994","3,830.74","3,817.95","3,846.55","3,808.87","27.96M","0.57%"
"07/11/1994","3,808.87","3,807.52","3,819.30","3,798.10","24.81M","0.04%"
"05/11/1994","3,807.52","3,807.52","3,807.52","3,807.52","","0.00%"
"04/11/1994","3,807.52","3,855.63","3,865.05","3,807.52","28.91M","-1.00%"
"03/11/1994","3,845.88","3,843.52","3,853.63","3,833.43","26.45M","0.23%"
"02/11/1994","3,837.13","3,855.30","3,875.15","3,837.13","31.24M","-0.68%"
"01/11/1994","3,863.37","3,892.98","3,907.78","3,858.33","36.64M","-1.15%"
"31/10/1994","3,908.12","3,928.64","3,937.05","3,907.78","31.92M","-0.57%"
"29/10/1994","3,930.66","3,930.66","3,930.66","3,930.66","","0.00%"
"28/10/1994","3,930.66","3,875.82","3,931.67","3,873.47","36.98M","1.43%"
"27/10/1994","3,875.15","3,858.66","3,875.15","3,848.91","31.56M","0.70%"
"26/10/1994","3,848.23","3,866.74","3,870.10","3,837.47","31.25M","-0.06%"
"25/10/1994","3,850.59","3,830.06","3,863.04","3,832.42","36.02M","-0.12%"
"24/10/1994","3,855.30","3,892.98","3,911.48","3,853.62","34.75M","-0.92%"
"22/10/1994","3,891.29","3,891.29","3,891.29","3,891.29","","0.00%"
"21/10/1994","3,891.29","3,899.04","3,911.58","3,883.90","41.96M","-0.51%"
"20/10/1994","3,911.14","3,934.70","3,942.10","3,894.66","41.19M","-0.63%"
"19/10/1994","3,936.04","3,908.07","3,949.84","3,901.05","28.38M","0.47%"
"18/10/1994","3,917.54","3,927.97","3,927.97","3,903.75","23.06M","-0.16%"
"17/10/1994","3,923.93","3,902.74","3,934.03","3,901.05","26.45M","0.34%"
"15/10/1994","3,910.47","3,910.47","3,910.47","3,910.47","","0.00%"
"14/10/1994","3,910.47","3,896.34","3,912.16","3,878.51","21.50M","0.53%"
"13/10/1994","3,889.95","3,914.51","3,927.63","3,876.83","28.90M","0.38%"
"12/10/1994","3,875.15","3,871.45","3,887.26","3,862.03","23.99M","-0.04%"
"11/10/1994","3,876.83","3,831.75","3,882.55","3,821.32","33.17M","1.45%"
"10/10/1994","3,821.31","3,811.22","3,825.35","3,798.10","18.75M","0.63%"
"08/10/1994","3,797.43","3,797.43","3,797.43","3,797.43","","0.00%"
"07/10/1994","3,797.43","3,773.88","3,802.81","3,769.17","30.08M","0.58%"
"06/10/1994","3,775.56","3,788.68","3,795.07","3,768.16","22.51M","-0.31%"
"05/10/1994","3,787.33","3,796.42","3,802.14","3,747.97","35.61M","-0.36%"
"04/10/1994","3,801.13","3,850.59","3,858.33","3,794.07","32.34M","-1.19%"
"03/10/1994","3,846.88","3,850.59","3,852.27","3,826.36","25.88M","0.10%"
"01/10/1994","3,843.18","3,843.18","3,843.18","3,843.18","","0.00%"
"30/09/1994","3,843.18","3,856.98","3,875.82","3,838.81","27.41M","-0.30%"
"29/09/1994","3,854.62","3,879.86","3,878.18","3,847.90","22.70M","-0.61%"
"28/09/1994","3,878.17","3,867.75","3,890.96","3,863.04","27.21M","0.39%"
"27/09/1994","3,863.03","3,855.97","3,871.78","3,844.87","27.44M","0.36%"
"26/09/1994","3,849.24","3,833.09","3,849.91","3,826.36","24.58M","0.46%"
"24/09/1994","3,831.74","3,831.74","3,831.74","3,831.74","","0.00%"
"23/09/1994","3,831.74","3,840.16","3,851.26","3,820.21","27.12M","-0.14%"
"22/09/1994","3,837.13","3,863.37","3,864.72","3,832.76","25.82M","-0.38%"
"21/09/1994","3,851.59","3,875.82","3,876.16","3,821.65","37.50M","-0.45%"
"20/09/1994","3,869.09","3,920.57","3,936.38","3,869.09","32.96M","-1.72%"
"19/09/1994","3,936.71","3,938.40","3,953.30","3,928.31","29.44M","0.09%"
"17/09/1994","3,933.35","3,933.35","3,933.35","3,933.35","","0.00%"
"16/09/1994","3,933.35","3,915.86","3,953.54","3,912.83","56.56M","-0.52%"
"15/09/1994","3,953.87","3,898.03","3,953.88","3,894.33","27.34M","1.50%"
"14/09/1994","3,895.33","3,877.17","3,900.72","3,873.80","27.69M","0.40%"
"13/09/1994","3,879.86","3,878.51","3,892.64","3,861.02","24.04M","0.51%"
"12/09/1994","3,860.34","3,874.14","3,880.53","3,859.00","22.75M","-0.37%"
"10/09/1994","3,874.81","3,874.81","3,874.81","3,874.81","","0.00%"
"09/09/1994","3,874.81","3,878.51","3,907.78","3,858.33","27.58M","-0.86%"
"08/09/1994","3,908.45","3,883.22","3,911.15","3,882.89","25.95M","0.57%"
"07/09/1994","3,886.25","3,899.37","3,903.41","3,881.54","28.16M","-0.32%"
"06/09/1994","3,898.70","3,885.24","3,898.70","3,877.17","19.88M","0.34%"
"05/09/1994","3,885.58","3,885.58","3,885.58","3,885.58","","0.00%"
"03/09/1994","3,885.58","3,885.58","3,885.58","3,885.58","","0.00%"
"02/09/1994","3,885.58","3,916.33","3,919.89","3,880.40","21.52M","-0.41%"
"01/09/1994","3,901.44","3,899.50","3,913.10","3,887.52","27.82M","-0.31%"
"31/08/1994","3,913.42","3,907.92","3,939.32","3,906.95","37.36M","-0.10%"
"30/08/1994","3,917.30","3,900.47","3,920.87","3,888.49","25.83M","0.47%"
"29/08/1994","3,898.85","3,892.38","3,911.15","3,881.37","29.03M","0.46%"
"27/08/1994","3,881.04","3,881.04","3,881.04","3,881.04","","0.00%"
"26/08/1994","3,881.04","3,849.97","3,893.67","3,829.89","35.58M","1.34%"
"25/08/1994","3,829.89","3,840.58","3,856.12","3,827.95","29.80M","-0.44%"
"24/08/1994","3,846.73","3,787.48","3,846.73","3,775.83","29.41M","1.88%"
"23/08/1994","3,775.83","3,758.02","3,791.37","3,750.90","30.06M","0.66%"
"22/08/1994","3,751.22","3,744.43","3,755.11","3,737.63","18.83M","-0.10%"
"20/08/1994","3,755.11","3,755.11","3,755.11","3,755.11","","0.00%"
"19/08/1994","3,755.11","3,764.50","3,762.23","3,741.51","30.96M","-0.01%"
"18/08/1994","3,755.43","3,769.68","3,776.48","3,749.28","32.36M","-0.56%"
"17/08/1994","3,776.47","3,798.49","3,795.25","3,772.91","30.25M","-0.21%"
"16/08/1994","3,784.57","3,767.41","3,788.13","3,740.54","31.86M","0.65%"
"15/08/1994","3,760.29","3,774.21","3,781.33","3,759.97","22.82M","-0.22%"
"13/08/1994","3,768.70","3,768.70","3,768.70","3,768.70","","0.00%"
"12/08/1994","3,768.70","3,761.26","3,774.21","3,750.25","24.45M","0.47%"
"11/08/1994","3,750.90","3,766.12","3,773.56","3,736.33","23.86M","-0.42%"
"10/08/1994","3,766.76","3,759.97","3,777.45","3,756.08","25.90M","0.29%"
"09/08/1994","3,755.75","3,748.96","3,758.67","3,743.78","24.70M","0.05%"
"08/08/1994","3,753.81","3,758.02","3,761.91","3,747.02","19.27M","0.18%"
"06/08/1994","3,747.01","3,747.01","3,747.01","3,747.01","","0.00%"
"05/08/1994","3,747.01","3,745.07","3,765.79","3,742.16","21.17M","-0.50%"
"04/08/1994","3,765.79","3,785.54","3,792.02","3,765.79","27.65M","-0.71%"
"03/08/1994","3,792.66","3,788.78","3,796.55","3,780.68","22.20M","-0.09%"
"02/08/1994","3,796.22","3,805.94","3,811.44","3,791.37","27.14M","-0.05%"
"01/08/1994","3,798.16","3,767.09","3,798.81","3,760.94","24.68M","0.89%"
"30/07/1994","3,764.50","3,764.50","3,764.50","3,764.50","","0.00%"
"29/07/1994","3,764.50","3,741.51","3,770.00","3,730.83","24.80M","0.90%"
"28/07/1994","3,730.83","3,717.88","3,757.05","3,717.55","21.21M","0.28%"
"27/07/1994","3,720.47","3,735.04","3,736.66","3,714.96","22.90M","-0.41%"
"26/07/1994","3,735.68","3,733.09","3,743.78","3,727.59","23.06M","-0.16%"
"25/07/1994","3,741.83","3,733.09","3,744.10","3,731.80","19.62M","0.18%"
"23/07/1994","3,735.03","3,735.03","3,735.03","3,735.03","","0.00%"
"22/07/1994","3,735.03","3,742.16","3,742.48","3,724.68","24.70M","0.07%"
"21/07/1994","3,732.44","3,724.35","3,744.10","3,714.64","27.85M","0.14%"
"20/07/1994","3,727.26","3,749.93","3,753.49","3,720.14","21.10M","-0.56%"
"19/07/1994","3,748.31","3,753.81","3,762.56","3,748.31","20.12M","-0.19%"
"18/07/1994","3,755.43","3,751.55","3,761.26","3,739.25","20.59M","0.04%"
"16/07/1994","3,753.81","3,753.81","3,753.81","3,753.81","","0.00%"
"15/07/1994","3,753.81","3,734.71","3,753.81","3,731.15","27.74M","0.39%"
"14/07/1994","3,739.24","3,718.20","3,748.63","3,705.90","27.74M","0.94%"
"13/07/1994","3,704.28","3,714.96","3,722.09","3,696.19","20.78M","0.04%"
"12/07/1994","3,702.66","3,705.25","3,706.87","3,672.23","24.28M","-0.01%"
"11/07/1994","3,702.98","3,718.53","3,718.20","3,680.32","20.55M","-0.17%"
"09/07/1994","3,709.13","3,709.13","3,709.13","3,709.13","","0.00%"
"08/07/1994","3,709.13","3,674.50","3,709.46","3,674.17","20.58M","0.56%"
"07/07/1994","3,688.42","3,681.30","3,694.25","3,668.99","22.15M","0.38%"
"06/07/1994","3,674.49","3,647.30","3,682.91","3,643.09","20.49M","0.60%"
"05/07/1994","3,652.48","3,640.18","3,667.70","3,636.29","19.19M","0.16%"
"04/07/1994","3,646.65","3,646.65","3,646.65","3,646.65","","0.00%"
"02/07/1994","3,646.65","3,646.65","3,646.65","3,646.65","","0.00%"
"01/07/1994","3,646.65","3,654.42","3,650.54","3,623.02","21.37M","0.60%"
"30/06/1994","3,624.96","3,668.99","3,675.79","3,622.70","25.50M","-1.15%"
"29/06/1994","3,667.05","3,673.53","3,700.07","3,661.55","23.78M","-0.07%"
"28/06/1994","3,669.64","3,686.48","3,694.25","3,639.53","22.91M","-0.43%"
"27/06/1994","3,685.50","3,622.05","3,687.77","3,610.40","25.19M","1.34%"
"24/06/1994","3,636.94","3,690.85","3,698.77","3,629.02","25.08M","-1.68%"
"23/06/1994","3,699.09","3,725.09","3,741.26","3,694.02","24.21M","-0.69%"
"22/06/1994","3,724.77","3,722.24","3,733.34","3,707.97","22.89M","0.45%"
"21/06/1994","3,707.97","3,733.97","3,741.58","3,686.41","30.14M","-0.91%"
"20/06/1994","3,741.89","3,741.58","3,776.14","3,729.85","23.16M","-0.92%"
"17/06/1994","3,776.77","3,807.53","3,812.61","3,775.51","44.45M","-0.91%"
"16/06/1994","3,811.34","3,785.65","3,811.34","3,785.34","25.21M","0.55%"
"15/06/1994","3,790.41","3,817.05","3,823.39","3,783.75","27.50M","-0.64%"
"14/06/1994","3,814.82","3,790.09","3,816.41","3,783.43","30.33M","0.84%"
"13/06/1994","3,783.12","3,764.41","3,787.24","3,759.97","22.29M","0.26%"
"10/06/1994","3,773.45","3,758.99","3,779.60","3,751.91","1.60M","0.54%"
"09/06/1994","3,753.14","3,742.37","3,755.29","3,740.52","23.34M","0.10%"
"08/06/1994","3,749.45","3,765.75","3,767.29","3,730.98","21.21M","-0.17%"
"07/06/1994","3,755.91","3,758.06","3,773.13","3,752.21","20.42M","-0.33%"
"06/06/1994","3,768.52","3,782.37","3,793.44","3,768.21","24.28M","-0.10%"
"03/06/1994","3,772.21","3,749.14","3,775.60","3,742.67","24.54M","0.35%"
"02/06/1994","3,758.98","3,770.68","3,770.36","3,753.75","23.92M","-0.05%"
"01/06/1994","3,760.83","3,753.14","3,768.52","3,732.21","25.05M","0.07%"
"31/05/1994","3,758.37","3,746.37","3,767.29","3,742.06","19.63M","0.03%"
"30/05/1994","3,757.14","3,757.14","3,757.14","3,757.14","","0.00%"
"27/05/1994","3,757.14","3,739.03","3,757.14","3,739.03","18.13M","0.10%"
"26/05/1994","3,753.45","3,754.68","3,772.79","3,742.71","27.23M","-0.05%"
"25/05/1994","3,755.30","3,736.88","3,755.30","3,721.23","21.71M","0.27%"
"24/05/1994","3,745.17","3,743.63","3,766.35","3,729.21","31.44M","0.07%"
"23/05/1994","3,742.40","3,743.63","3,765.73","3,727.06","24.12M","-0.64%"
"20/05/1994","3,766.35","3,752.23","3,768.80","3,740.87","32.75M","0.20%"
"19/05/1994","3,758.98","3,729.51","3,763.28","3,723.68","1.59M","0.70%"
"18/05/1994","3,732.89","3,727.98","3,741.18","3,700.66","31.18M","0.33%"
"17/05/1994","3,720.61","3,669.66","3,720.61","3,667.51","28.44M","1.34%"
"16/05/1994","3,671.50","3,653.08","3,676.10","3,647.55","20.92M","0.32%"
"13/05/1994","3,659.68","3,659.98","3,665.03","3,637.37","23.35M","0.19%"
"12/05/1994","3,652.84","3,651.06","3,664.14","3,629.64","24.57M","0.66%"
"11/05/1994","3,629.04","3,660.57","3,661.76","3,623.10","26.13M","-0.75%"
"10/05/1994","3,656.41","3,658.49","3,666.52","3,629.34","30.02M","0.75%"
"09/05/1994","3,629.04","3,648.97","3,669.79","3,625.18","24.44M","-1.10%"
"06/05/1994","3,669.50","3,663.84","3,695.67","3,641.54","28.06M","-0.72%"
"05/05/1994","3,695.97","3,707.27","3,712.33","3,691.51","21.22M","-0.05%"
"04/05/1994","3,697.75","3,715.00","3,715.60","3,684.96","21.30M","-0.45%"
"03/05/1994","3,714.41","3,709.65","3,714.41","3,683.48","24.26M","0.36%"
"02/05/1994","3,701.02","3,683.77","3,713.81","3,665.03","25.07M","0.53%"
"29/04/1994","3,681.69","3,664.14","3,689.72","3,659.38","21.89M","0.36%"
"28/04/1994","3,668.31","3,707.27","3,704.89","3,657.30","31.00M","-0.84%"
"27/04/1994","3,699.54","3,699.54","3,699.54","3,699.54","","0.00%"
"26/04/1994","3,699.54","3,710.84","3,710.84","3,692.99","23.93M","-0.17%"
"25/04/1994","3,705.78","3,656.41","3,706.08","3,648.68","24.33M","1.56%"
"22/04/1994","3,648.68","3,662.95","3,664.14","3,640.64","27.43M","-0.11%"
"21/04/1994","3,652.54","3,622.50","3,652.84","3,599.30","38.97M","1.50%"
"20/04/1994","3,598.71","3,637.08","3,646.00","3,570.15","38.02M","-0.58%"
"19/04/1994","3,619.82","3,620.12","3,642.13","3,582.94","35.38M","-0.02%"
"18/04/1994","3,620.42","3,661.17","3,668.01","3,613.58","26.78M","-1.12%"
"15/04/1994","3,661.47","3,660.57","3,679.31","3,655.81","29.59M","-0.05%"
"14/04/1994","3,663.25","3,650.46","3,674.55","3,640.35","26.19M","0.05%"
"13/04/1994","3,661.47","3,680.50","3,685.86","3,631.13","26.33M","-0.55%"
"12/04/1994","3,681.69","3,700.73","3,704.00","3,673.96","21.53M","-0.19%"
"11/04/1994","3,688.83","3,681.69","3,701.02","3,670.69","22.68M","0.40%"
"08/04/1994","3,674.26","3,683.47","3,701.03","3,655.25","26.12M","-0.51%"
"07/04/1994","3,693.26","3,685.20","3,697.29","3,657.84","26.90M","0.37%"
"06/04/1994","3,679.73","3,683.18","3,695.85","3,655.83","34.54M","0.12%"
"05/04/1994","3,675.41","3,649.50","3,680.30","3,593.93","41.36M","2.28%"
"04/04/1994","3,593.35","3,552.18","3,634.52","3,552.18","43.71M","-1.17%"
"01/04/1994","3,635.96","3,635.96","3,635.96","3,635.96","","0.00%"
"31/03/1994","3,635.96","3,639.71","3,650.65","3,559.09","47.35M","0.25%"
"30/03/1994","3,626.75","3,688.36","3,699.02","3,626.75","44.57M","-1.95%"
"29/03/1994","3,699.02","3,757.17","3,762.93","3,697.86","26.85M","-1.68%"
"28/03/1994","3,762.35","3,776.46","3,779.05","3,728.38","27.19M","-0.33%"
"25/03/1994","3,774.73","3,827.13","3,826.85","3,774.73","21.53M","-1.21%"
"24/03/1994","3,821.09","3,849.88","3,869.46","3,803.24","27.44M","-1.25%"
"23/03/1994","3,869.46","3,868.88","3,881.55","3,857.08","23.34M","0.18%"
"22/03/1994","3,862.55","3,865.71","3,879.53","3,861.39","25.09M","-0.06%"
"21/03/1994","3,864.85","3,878.38","3,895.94","3,857.94","20.08M","-0.79%"
"18/03/1994","3,895.65","3,865.42","3,895.65","3,848.15","56.36M","0.79%"
"17/03/1994","3,865.14","3,853.62","3,865.14","3,842.97","26.42M","0.44%"
"16/03/1994","3,848.15","3,851.03","3,866.29","3,836.63","25.83M","-0.04%"
"15/03/1994","3,849.59","3,863.41","3,872.05","3,839.22","27.50M","-0.35%"
"14/03/1994","3,862.98","3,870.29","3,871.42","3,855.94","24.60M","0.01%"
"11/03/1994","3,862.70","3,832.58","3,862.70","3,815.42","21.39M","0.84%"
"10/03/1994","3,830.61","3,852.57","3,856.51","3,814.86","24.66M","-0.59%"
"09/03/1994","3,853.41","3,853.97","3,856.51","3,829.77","24.82M","0.04%"
"08/03/1994","3,851.72","3,858.48","3,859.88","3,840.46","28.66M","-0.12%"
"07/03/1994","3,856.22","3,851.72","3,861.85","3,832.02","22.15M","0.62%"
"04/03/1994","3,832.30","3,830.90","3,847.22","3,815.14","25.71M","0.21%"
"03/03/1994","3,824.42","3,829.49","3,832.58","3,808.66","27.30M","-0.19%"
"02/03/1994","3,831.74","3,758.29","3,832.30","3,755.76","38.36M","0.59%"
"01/03/1994","3,809.23","3,828.93","3,835.68","3,786.15","30.29M","-0.59%"
"28/02/1994","3,832.02","3,848.34","3,852.28","3,832.02","24.20M","-0.18%"
"25/02/1994","3,838.78","3,850.88","3,855.38","3,826.39","23.87M","-0.03%"
"24/02/1994","3,839.90","3,879.02","3,890.84","3,837.37","27.42M","-1.33%"
"23/02/1994","3,891.68","3,911.66","3,914.48","3,882.68","23.56M","-0.51%"
"22/02/1994","3,911.66","3,895.34","3,911.66","3,885.77","20.61M","0.62%"
"21/02/1994","3,887.46","3,887.46","3,887.46","3,887.46","","0.00%"
"18/02/1994","3,887.46","3,918.42","3,923.30","3,880.14","26.28M","-0.90%"
"17/02/1994","3,922.64","3,952.47","3,958.10","3,906.60","31.71M","-0.37%"
"16/02/1994","3,937.27","3,935.02","3,949.65","3,927.14","25.32M","0.23%"
"15/02/1994","3,928.27","3,911.38","3,930.80","3,904.06","24.94M","0.62%"
"14/02/1994","3,904.06","3,894.50","3,920.67","3,892.53","23.22M","0.24%"
"11/02/1994","3,894.78","3,884.93","3,908.85","3,867.20","21.11M","-0.01%"
"10/02/1994","3,895.34","3,932.21","3,938.40","3,893.93","29.89M","-0.93%"
"09/02/1994","3,931.92","3,906.88","3,936.99","3,904.91","29.38M","0.66%"
"08/02/1994","3,906.03","3,919.54","3,918.70","3,892.53","30.97M","-0.01%"
"07/02/1994","3,906.32","3,853.97","3,910.26","3,859.04","36.37M","0.90%"
"04/02/1994","3,871.42","3,958.94","3,968.51","3,870.01","34.48M","-2.43%"
"03/02/1994","3,967.66","3,969.63","3,975.54","3,948.53","25.09M","-0.20%"
"02/02/1994","3,975.54","3,961.47","3,976.95","3,956.69","26.99M","0.29%"
"01/02/1994","3,964.01","3,976.67","3,982.02","3,957.25","23.15M","-0.36%"
"31/01/1994","3,978.36","3,958.10","3,985.96","3,945.43","26.45M","0.83%"
"28/01/1994","3,945.43","3,954.72","3,953.31","3,926.01","25.89M","0.49%"
"27/01/1994","3,926.30","3,909.69","3,930.52","3,901.25","27.77M","0.47%"
"26/01/1994","3,908.00","3,893.09","3,911.10","3,887.18","30.05M","0.33%"
"25/01/1994","3,895.34","3,905.75","3,920.95","3,887.18","38.41M","-0.45%"
"24/01/1994","3,912.79","3,904.35","3,934.46","3,902.66","27.02M","-0.04%"
"21/01/1994","3,914.48","3,895.34","3,914.48","3,884.65","30.97M","0.58%"
"20/01/1994","3,891.96","3,883.52","3,893.09","3,877.33","25.95M","0.20%"
"19/01/1994","3,884.37","3,866.64","3,885.49","3,864.38","28.70M","0.36%"
"18/01/1994","3,870.29","3,875.64","3,882.11","3,863.82","30.40M","0.00%"
"17/01/1994","3,870.29","3,863.26","3,878.46","3,856.22","18.55M","0.08%"
"14/01/1994","3,867.20","3,846.94","3,873.67","3,841.87","26.50M","0.64%"
"13/01/1994","3,842.43","3,833.15","3,848.34","3,829.21","22.90M","-0.16%"
"12/01/1994","3,848.63","3,855.10","3,858.48","3,824.99","31.20M","-0.04%"
"11/01/1994","3,850.31","3,853.97","3,864.95","3,845.81","31.44M","-0.39%"
"10/01/1994","3,865.51","3,824.42","3,865.51","3,813.45","32.39M","1.17%"
"07/01/1994","3,820.77","3,811.20","3,826.39","3,799.10","29.21M","0.44%"
"06/01/1994","3,803.88","3,813.17","3,813.17","3,798.25","36.32M","0.13%"
"05/01/1994","3,798.82","3,789.53","3,798.82","3,771.80","43.95M","0.39%"
"04/01/1994","3,783.90","3,739.16","3,783.90","3,742.81","30.50M","0.73%"
"03/01/1994","3,756.60","3,751.57","3,764.99","3,745.43","24.96M","0.07%"
"31/12/1993","3,754.09","3,775.33","3,792.09","3,754.09","14.73M","-0.58%"
"30/12/1993","3,775.88","3,790.97","3,794.89","3,769.74","15.85M","-0.49%"
"29/12/1993","3,794.33","3,794.61","3,799.92","3,782.03","19.68M","0.01%"
"28/12/1993","3,793.77","3,789.58","3,796.56","3,779.80","17.47M","0.02%"
"27/12/1993","3,792.93","3,768.90","3,792.93","3,755.74","16.28M","0.94%"
"24/12/1993","3,757.72","3,757.72","3,757.72","3,757.72","","0.00%"
"23/12/1993","3,757.72","3,761.63","3,774.21","3,757.44","22.63M","-0.12%"
"22/12/1993","3,762.19","3,753.81","3,762.75","3,744.87","23.49M","0.45%"
"21/12/1993","3,745.15","3,751.85","3,756.04","3,736.76","22.39M","-0.27%"
"20/12/1993","3,755.21","3,752.13","3,760.52","3,742.63","21.96M","0.10%"
"17/12/1993","3,751.57","3,725.58","3,751.57","3,723.35","38.90M","0.68%"
"16/12/1993","3,726.14","3,728.38","3,734.81","3,713.85","29.05M","0.25%"
"15/12/1993","3,716.92","3,740.67","3,743.75","3,716.92","34.31M","-0.69%"
"14/12/1993","3,742.63","3,768.90","3,770.02","3,741.51","21.06M","-0.58%"
"13/12/1993","3,764.43","3,738.16","3,766.66","3,732.01","21.68M","0.64%"
"10/12/1993","3,740.67","3,737.04","3,741.23","3,723.91","21.35M","0.29%"
"09/12/1993","3,729.78","3,738.72","3,748.78","3,725.86","22.57M","-0.13%"
"08/12/1993","3,734.53","3,720.00","3,735.09","3,716.08","22.10M","0.42%"
"07/12/1993","3,718.88","3,718.60","3,723.63","3,709.94","27.12M","0.23%"
"06/12/1993","3,710.21","3,707.98","3,721.11","3,702.11","21.56M","0.17%"
"03/12/1993","3,704.07","3,707.98","3,709.94","3,694.29","19.75M","0.05%"
"02/12/1993","3,702.11","3,697.64","3,707.70","3,690.65","19.52M","0.14%"
"01/12/1993","3,697.08","3,707.70","3,711.61","3,685.06","27.91M","0.36%"
"30/11/1993","3,683.95","3,678.36","3,698.76","3,673.61","23.22M","0.17%"
"29/11/1993","3,677.80","3,683.11","3,700.71","3,676.12","25.57M","-0.17%"
"26/11/1993","3,683.95","3,688.70","3,697.92","3,675.56","8.88M","-0.10%"
"25/11/1993","3,687.58","3,687.58","3,687.58","3,687.58","","0.00%"
"24/11/1993","3,687.58","3,678.64","3,690.65","3,672.49","20.27M","0.36%"
"23/11/1993","3,674.17","3,679.48","3,684.51","3,663.55","21.77M","0.11%"
"22/11/1993","3,670.25","3,673.33","3,693.17","3,650.69","28.66M","-0.64%"
"19/11/1993","3,694.01","3,680.03","3,694.01","3,657.12","31.06M","0.24%"
"18/11/1993","3,685.34","3,693.17","3,704.35","3,668.02","38.27M","-0.51%"
"17/11/1993","3,704.35","3,714.41","3,717.76","3,684.51","34.12M","-0.17%"
"16/11/1993","3,710.77","3,676.96","3,711.89","3,668.58","29.66M","0.90%"
"15/11/1993","3,677.52","3,684.23","3,687.82","3,669.97","23.52M","-0.19%"
"12/11/1993","3,684.51","3,665.78","3,691.21","3,662.99","29.94M","0.60%"
"11/11/1993","3,662.43","3,671.65","3,679.76","3,658.52","32.58M","-0.03%"
"10/11/1993","3,663.55","3,639.51","3,663.55","3,631.97","31.39M","0.65%"
"09/11/1993","3,640.07","3,669.42","3,669.97","3,640.07","24.89M","-0.21%"
"08/11/1993","3,647.90","3,648.18","3,661.03","3,634.48","21.13M","0.12%"
"05/11/1993","3,643.43","3,611.57","3,644.54","3,600.67","26.95M","0.51%"
"04/11/1993","3,624.98","3,655.72","3,670.53","3,623.87","25.03M","-1.01%"
"03/11/1993","3,661.87","3,701.83","3,700.43","3,644.54","34.19M","-0.97%"
"02/11/1993","3,697.64","3,694.85","3,703.23","3,667.46","32.64M","0.14%"
"01/11/1993","3,692.61","3,673.33","3,695.12","3,674.45","22.94M","0.33%"
"29/10/1993","3,680.59","3,686.74","3,690.93","3,675.00","24.83M","-0.20%"
"28/10/1993","3,687.86","3,668.30","3,708.82","3,664.66","34.53M","0.63%"
"27/10/1993","3,664.66","3,663.55","3,673.33","3,654.33","27.13M","-0.21%"
"26/10/1993","3,672.49","3,670.81","3,674.73","3,654.05","27.07M","-0.03%"
"25/10/1993","3,673.61","3,646.22","3,676.96","3,644.82","25.72M","0.67%"
"22/10/1993","3,649.30","3,651.53","3,676.96","3,637.28","27.84M","0.36%"
"21/10/1993","3,636.16","3,650.13","3,656.00","3,630.85","23.14M","-0.25%"
"20/10/1993","3,645.10","3,640.91","3,645.10","3,629.45","19.67M","0.27%"
"19/10/1993","3,635.32","3,636.16","3,653.21","3,623.87","24.92M","-0.19%"
"18/10/1993","3,642.31","3,623.87","3,646.50","3,620.23","29.18M","0.35%"
"15/10/1993","3,629.73","3,632.81","3,642.31","3,618.84","36.39M","0.22%"
"14/10/1993","3,621.63","3,614.36","3,637.50","3,598.44","39.74M","0.51%"
"13/10/1993","3,603.19","3,592.01","3,608.22","3,588.66","27.77M","0.28%"
"12/10/1993","3,593.13","3,600.39","3,602.63","3,588.66","21.13M","-0.01%"
"11/10/1993","3,593.41","3,586.98","3,597.04","3,583.63","14.95M","0.24%"
"08/10/1993","3,584.74","3,593.69","3,597.04","3,557.36","19.30M","0.03%"
"07/10/1993","3,583.63","3,597.32","3,600.67","3,583.07","18.00M","-0.43%"
"06/10/1993","3,598.99","3,585.58","3,605.98","3,584.18","21.83M","0.33%"
"05/10/1993","3,587.26","3,585.02","3,599.27","3,575.52","24.01M","0.27%"
"04/10/1993","3,577.76","3,579.15","3,584.46","3,566.86","17.83M","-0.09%"
"01/10/1993","3,581.11","3,557.36","3,587.26","3,553.72","24.15M","0.73%"
"30/09/1993","3,555.12","3,561.27","3,567.70","3,547.86","22.93M","-0.31%"
"29/09/1993","3,566.30","3,565.74","3,576.36","3,554.28","21.86M","0.01%"
"28/09/1993","3,566.02","3,572.45","3,571.33","3,559.87","18.74M","-0.05%"
"27/09/1993","3,567.70","3,555.68","3,573.84","3,542.83","19.56M","0.69%"
"24/09/1993","3,543.11","3,536.68","3,548.42","3,528.57","20.37M","0.09%"
"23/09/1993","3,539.75","3,550.93","3,554.28","3,530.81","25.32M","-0.20%"
"22/09/1993","3,547.02","3,552.61","3,557.08","3,529.13","27.42M","0.28%"
"21/09/1993","3,537.24","3,581.39","3,584.18","3,507.06","30.36M","-1.08%"
"20/09/1993","3,575.80","3,611.85","3,621.35","3,575.52","19.61M","-1.04%"
"17/09/1993","3,613.25","3,598.72","3,630.57","3,600.67","50.35M","-0.48%"
"16/09/1993","3,630.85","3,628.62","3,633.65","3,617.44","18.23M","-0.08%"
"15/09/1993","3,633.65","3,600.39","3,636.72","3,586.14","27.71M","0.49%"
"14/09/1993","3,615.76","3,618.28","3,634.21","3,606.82","18.55M","-0.51%"
"13/09/1993","3,634.21","3,629.18","3,639.24","3,621.91","20.67M","0.35%"
"10/09/1993","3,621.63","3,596.76","3,622.47","3,588.38","21.34M","0.90%"
"09/09/1993","3,589.49","3,578.04","3,598.99","3,575.80","19.73M","0.02%"
"08/09/1993","3,588.93","3,599.55","3,608.78","3,573.57","23.42M","-0.50%"
"07/09/1993","3,607.10","3,631.13","3,636.44","3,600.39","18.17M","-0.74%"
"06/09/1993","3,633.93","3,633.93","3,633.93","3,633.93","","0.00%"
"03/09/1993","3,633.93","3,621.35","3,638.40","3,616.60","16.95M","0.22%"
"02/09/1993","3,626.10","3,649.02","3,649.85","3,623.87","24.09M","-0.52%"
"01/09/1993","3,645.10","3,642.31","3,655.72","3,638.12","22.41M","-0.17%"
"31/08/1993","3,651.25","3,641.75","3,651.25","3,633.37","19.70M","0.20%"
"30/08/1993","3,643.99","3,641.19","3,655.16","3,637.84","17.75M","0.09%"
"27/08/1993","3,640.63","3,633.09","3,648.18","3,624.98","18.76M","-0.21%"
"26/08/1993","3,648.18","3,649.02","3,663.83","3,640.91","26.54M","-0.11%"
"25/08/1993","3,652.09","3,641.47","3,657.96","3,638.96","30.75M","0.36%"
"24/08/1993","3,638.96","3,605.14","3,639.24","3,604.58","24.98M","0.91%"
"23/08/1993","3,605.98","3,604.30","3,614.64","3,595.64","20.75M","-0.26%"
"20/08/1993","3,615.48","3,615.48","3,615.48","3,595.36","32.04M","0.09%"
"19/08/1993","3,612.13","3,605.98","3,612.13","3,597.60","33.92M","0.20%"
"18/08/1993","3,604.86","3,606.26","3,617.72","3,586.98","35.86M","0.50%"
"17/08/1993","3,586.98","3,586.98","3,590.61","3,574.12","25.65M","0.22%"
"16/08/1993","3,579.15","3,564.90","3,591.73","3,564.34","24.82M","0.27%"
"13/08/1993","3,569.65","3,576.36","3,576.64","3,563.23","17.74M","0.02%"
"12/08/1993","3,569.09","3,595.08","3,595.08","3,552.33","22.39M","-0.40%"
"11/08/1993","3,583.35","3,577.48","3,584.18","3,573.29","22.03M","0.30%"
"10/08/1993","3,572.73","3,572.17","3,579.43","3,564.62","23.00M","-0.09%"
"09/08/1993","3,576.08","3,560.15","3,585.30","3,554.84","22.45M","0.44%"
"06/08/1993","3,560.43","3,559.59","3,566.02","3,548.69","21.46M","0.32%"
"05/08/1993","3,548.97","3,555.96","3,560.15","3,537.80","18.22M","-0.09%"
"04/08/1993","3,552.05","3,558.48","3,562.11","3,548.97","23.76M","-0.26%"
"03/08/1993","3,561.27","3,559.87","3,566.02","3,547.30","23.06M","0.01%"
"02/08/1993","3,560.99","3,542.55","3,562.67","3,536.96","20.98M","0.61%"
"30/07/1993","3,539.47","3,566.02","3,567.14","3,530.81","25.30M","-0.78%"
"29/07/1993","3,567.42","3,558.20","3,579.71","3,551.49","27.59M","0.39%"
"28/07/1993","3,553.45","3,561.83","3,566.02","3,544.78","32.37M","-0.34%"
"27/07/1993","3,565.46","3,577.76","3,583.90","3,549.25","30.15M","-0.06%"
"26/07/1993","3,567.70","3,553.72","3,571.05","3,546.74","19.57M","0.59%"
"23/07/1993","3,546.74","3,529.41","3,548.69","3,524.10","19.69M","0.61%"
"22/07/1993","3,525.22","3,553.45","3,555.12","3,521.31","20.72M","-0.85%"
"21/07/1993","3,555.40","3,538.08","3,556.52","3,532.77","21.03M","0.30%"
"20/07/1993","3,544.78","3,535.00","3,548.97","3,511.53","30.11M","0.27%"
"19/07/1993","3,535.28","3,527.74","3,540.87","3,524.66","22.24M","0.20%"
"16/07/1993","3,528.29","3,549.25","3,550.93","3,525.22","26.99M","-0.64%"
"15/07/1993","3,550.93","3,541.43","3,550.93","3,526.06","22.82M","0.24%"
"14/07/1993","3,542.55","3,519.63","3,550.65","3,515.16","23.04M","0.77%"
"13/07/1993","3,515.44","3,521.31","3,533.34","3,509.85","22.81M","-0.25%"
"12/07/1993","3,524.38","3,522.17","3,526.04","3,514.97","17.44M","0.09%"
"09/07/1993","3,521.06","3,515.25","3,527.98","3,507.22","23.63M","0.19%"
"08/07/1993","3,514.42","3,480.65","3,517.19","3,475.39","31.02M","1.11%"
"07/07/1993","3,475.67","3,459.89","3,476.50","3,449.93","23.22M","0.75%"
"06/07/1993","3,449.93","3,489.51","3,492.83","3,449.93","19.40M","-0.98%"
"05/07/1993","3,483.97","3,483.97","3,483.97","3,483.97","","0.00%"
"02/07/1993","3,483.97","3,497.81","3,511.10","3,480.93","19.16M","-0.76%"
"01/07/1993","3,510.54","3,520.51","3,523.00","3,503.62","22.68M","-0.16%"
"30/06/1993","3,516.08","3,517.46","3,525.77","3,512.76","24.11M","-0.08%"
"29/06/1993","3,518.85","3,526.04","3,530.47","3,505.84","21.21M","-0.32%"
"28/06/1993","3,530.20","3,500.58","3,531.58","3,491.17","19.18M","1.13%"
"25/06/1993","3,490.89","3,493.38","3,501.13","3,485.63","16.03M","0.01%"
"24/06/1993","3,490.61","3,467.09","3,493.11","3,462.66","22.99M","0.69%"
"23/06/1993","3,466.81","3,484.25","3,497.81","3,466.81","26.33M","-0.88%"
"22/06/1993","3,497.53","3,509.71","3,511.37","3,489.51","22.83M","-0.38%"
"21/06/1993","3,510.82","3,511.93","3,511.93","3,491.72","20.25M","0.46%"
"18/06/1993","3,494.77","3,516.08","3,528.26","3,494.49","28.86M","-0.77%"
"17/06/1993","3,521.89","3,511.37","3,525.21","3,506.39","19.95M","0.29%"
"16/06/1993","3,511.65","3,490.34","3,512.76","3,475.94","24.41M","0.56%"
"15/06/1993","3,492.00","3,512.76","3,514.14","3,491.72","22.69M","-0.65%"
"14/06/1993","3,514.69","3,513.31","3,519.12","3,504.45","18.85M","0.28%"
"11/06/1993","3,505.01","3,514.14","3,514.97","3,492.00","20.44M","0.38%"
"10/06/1993","3,491.72","3,511.93","3,516.91","3,483.97","22.01M","-0.58%"
"09/06/1993","3,511.93","3,516.36","3,530.75","3,505.28","19.11M","0.04%"
"08/06/1993","3,510.54","3,526.04","3,533.24","3,506.11","18.59M","-0.61%"
"07/06/1993","3,532.13","3,548.46","3,550.12","3,527.70","18.01M","-0.37%"
"04/06/1993","3,545.14","3,536.28","3,545.97","3,530.20","17.30M","0.01%"
"03/06/1993","3,544.87","3,548.19","3,553.72","3,531.58","19.83M","-0.24%"
"02/06/1993","3,553.45","3,548.74","3,562.30","3,543.76","19.61M","0.03%"
"01/06/1993","3,552.34","3,534.07","3,569.78","3,527.43","18.55M","0.71%"
"31/05/1993","3,527.43","3,527.43","3,527.43","3,527.43","","0.00%"
"28/05/1993","3,527.43","3,546.80","3,554.83","3,510.27","17.70M","-0.77%"
"27/05/1993","3,554.83","3,553.45","3,565.07","3,540.99","24.53M","0.41%"
"26/05/1993","3,540.16","3,522.72","3,548.19","3,513.86","24.44M","0.67%"
"25/05/1993","3,516.63","3,508.61","3,519.12","3,501.69","19.74M","0.25%"
"24/05/1993","3,507.78","3,484.80","3,513.59","3,485.63","17.84M","0.43%"
"21/05/1993","3,492.83","3,504.18","3,524.11","3,476.22","25.66M","-0.86%"
"20/05/1993","3,523.28","3,503.07","3,523.28","3,494.77","26.62M","0.66%"
"19/05/1993","3,500.03","3,441.35","3,503.35","3,415.33","36.14M","1.62%"
"18/05/1993","3,444.39","3,453.52","3,454.63","3,422.52","22.04M","-0.16%"
"17/05/1993","3,449.93","3,443.56","3,451.31","3,428.89","17.68M","0.20%"
"14/05/1993","3,443.01","3,449.37","3,457.12","3,437.47","18.37M","-0.14%"
"13/05/1993","3,447.99","3,467.36","3,482.03","3,447.71","27.25M","-0.99%"
"12/05/1993","3,482.31","3,462.38","3,483.14","3,458.23","26.63M","0.39%"
"11/05/1993","3,468.75","3,446.60","3,468.75","3,435.26","21.36M","0.74%"
"10/05/1993","3,443.28","3,442.18","3,467.92","3,435.26","26.17M","0.18%"
"07/05/1993","3,437.19","3,447.16","3,447.99","3,427.23","25.39M","-0.14%"
"06/05/1993","3,441.90","3,447.16","3,454.35","3,439.13","24.46M","-0.21%"
"05/05/1993","3,449.10","3,439.68","3,457.40","3,439.41","25.64M","0.08%"
"04/05/1993","3,446.19","3,448.89","3,459.43","3,439.44","22.79M","-0.01%"
"03/05/1993","3,446.46","3,435.65","3,449.97","3,415.66","22.19M","0.55%"
"30/04/1993","3,427.55","3,435.65","3,446.19","3,422.41","23.29M","0.07%"
"29/04/1993","3,425.12","3,409.99","3,427.01","3,392.43","27.41M","0.34%"
"28/04/1993","3,413.50","3,417.55","3,424.58","3,395.40","39.03M","-0.07%"
"27/04/1993","3,415.93","3,392.97","3,416.74","3,383.24","29.78M","0.52%"
"26/04/1993","3,398.37","3,407.56","3,425.66","3,387.02","27.07M","-0.45%"
"23/04/1993","3,413.77","3,414.04","3,428.63","3,403.50","27.60M","-0.45%"
"22/04/1993","3,429.17","3,439.16","3,471.04","3,423.77","34.03M","-0.30%"
"21/04/1993","3,439.44","3,446.19","3,453.48","3,426.74","27.72M","-0.12%"
"20/04/1993","3,443.49","3,461.86","3,468.61","3,420.25","32.41M","-0.68%"
"19/04/1993","3,466.99","3,473.75","3,481.58","3,457.81","25.05M","-0.33%"
"16/04/1993","3,478.61","3,465.10","3,478.61","3,456.46","31.77M","0.66%"
"15/04/1993","3,455.92","3,452.40","3,466.18","3,437.54","27.51M","0.01%"
"14/04/1993","3,455.64","3,444.30","3,461.86","3,441.60","24.62M","0.34%"
"13/04/1993","3,444.03","3,437.00","3,450.78","3,428.36","30.07M","0.46%"
"12/04/1993","3,428.09","3,405.66","3,434.84","3,395.67","24.99M","0.93%"
"09/04/1993","3,396.48","3,396.48","3,396.48","3,396.48","","0.00%"
"08/04/1993","3,396.48","3,405.93","3,408.10","3,378.65","35.88M","-0.02%"
"07/04/1993","3,397.02","3,377.03","3,397.83","3,372.98","33.62M","0.58%"
"06/04/1993","3,377.57","3,385.40","3,391.62","3,363.79","34.65M","-0.05%"
"05/04/1993","3,379.19","3,377.57","3,381.35","3,364.87","35.09M","0.25%"
"02/04/1993","3,370.81","3,426.47","3,439.44","3,365.41","53.74M","-2.00%"
"01/04/1993","3,439.44","3,444.57","3,452.67","3,432.14","20.66M","0.13%"
"31/03/1993","3,435.11","3,466.18","3,470.77","3,435.11","25.67M","-0.64%"
"30/03/1993","3,457.27","3,455.92","3,458.62","3,434.84","23.45M","0.06%"
"29/03/1993","3,455.10","3,451.86","3,478.34","3,440.25","21.85M","0.44%"
"26/03/1993","3,439.98","3,465.64","3,471.31","3,439.44","25.30M","-0.62%"
"25/03/1993","3,461.32","3,446.73","3,472.67","3,445.38","32.19M","0.46%"
"24/03/1993","3,445.38","3,459.16","3,480.50","3,430.25","36.02M","-0.48%"
"23/03/1993","3,461.86","3,463.48","3,469.69","3,453.48","21.81M","-0.05%"
"22/03/1993","3,463.48","3,451.32","3,470.77","3,444.03","25.67M","-0.23%"
"19/03/1993","3,471.58","3,479.96","3,477.26","3,459.16","35.36M","0.17%"
"18/03/1993","3,465.64","3,435.92","3,477.53","3,426.74","24.48M","1.14%"
"17/03/1993","3,426.74","3,436.19","3,444.84","3,422.96","19.97M","-0.47%"
"16/03/1993","3,442.95","3,444.57","3,449.43","3,438.08","16.73M","0.02%"
"15/03/1993","3,442.41","3,436.19","3,442.41","3,426.47","16.91M","0.43%"
"12/03/1993","3,427.82","3,428.09","3,456.73","3,403.77","25.65M","-0.84%"
"11/03/1993","3,457.00","3,472.39","3,479.69","3,450.51","24.22M","-0.61%"
"10/03/1993","3,478.34","3,470.23","3,478.34","3,449.43","28.73M","0.18%"
"09/03/1993","3,472.12","3,468.07","3,482.12","3,462.40","28.12M","0.08%"
"08/03/1993","3,469.42","3,417.82","3,471.04","3,405.12","32.46M","1.90%"
"05/03/1993","3,404.58","3,404.58","3,433.22","3,391.89","28.02M","0.17%"
"04/03/1993","3,398.91","3,405.12","3,409.45","3,388.91","21.25M","-0.15%"
"03/03/1993","3,404.04","3,403.77","3,413.77","3,391.62","25.16M","0.10%"
"02/03/1993","3,400.53","3,352.71","3,400.80","3,343.26","25.31M","1.34%"
"01/03/1993","3,355.41","3,380.81","3,383.78","3,350.01","21.77M","-0.46%"
"26/02/1993","3,370.81","3,371.08","3,378.11","3,351.36","21.99M","0.17%"
"25/02/1993","3,365.14","3,361.09","3,365.14","3,343.26","25.26M","0.26%"
"24/02/1993","3,356.50","3,325.16","3,356.77","3,322.18","29.41M","1.00%"
"23/02/1993","3,323.27","3,350.28","3,353.52","3,316.78","34.93M","-0.59%"
"22/02/1993","3,342.99","3,321.91","3,345.96","3,317.05","34.14M","0.63%"
"19/02/1993","3,322.18","3,313.27","3,322.18","3,287.87","30.52M","0.61%"
"18/02/1993","3,302.19","3,350.28","3,348.66","3,266.80","33.65M","-0.30%"
"17/02/1993","3,312.19","3,305.43","3,317.59","3,290.31","31.70M","0.08%"
"16/02/1993","3,309.49","3,372.98","3,392.16","3,304.62","38.58M","-2.44%"
"15/02/1993","3,392.43","3,392.43","3,392.43","3,392.43","","0.00%"
"12/02/1993","3,392.43","3,420.52","3,425.66","3,392.43","22.87M","-0.88%"
"11/02/1993","3,422.69","3,418.63","3,442.68","3,411.88","29.25M","0.30%"
"10/02/1993","3,412.42","3,407.29","3,424.58","3,394.32","26.77M","-0.06%"
"09/02/1993","3,414.58","3,432.68","3,437.54","3,407.83","23.53M","-0.67%"
"08/02/1993","3,437.54","3,433.22","3,456.73","3,429.44","29.46M","-0.13%"
"05/02/1993","3,442.14","3,412.69","3,443.22","3,411.34","38.72M","0.74%"
"04/02/1993","3,416.74","3,398.10","3,423.77","3,374.06","36.25M","1.27%"
"03/02/1993","3,373.79","3,334.88","3,379.46","3,328.94","35.29M","1.36%"
"02/02/1993","3,328.67","3,322.45","3,334.88","3,318.67","27.29M","-0.11%"
"01/02/1993","3,332.18","3,315.16","3,332.45","3,309.48","27.91M","0.67%"
"29/01/1993","3,310.03","3,311.65","3,315.16","3,298.95","22.06M","0.11%"
"28/01/1993","3,306.25","3,296.25","3,308.41","3,289.77","27.93M","0.45%"
"27/01/1993","3,291.39","3,297.33","3,301.65","3,274.91","32.27M","-0.23%"
"26/01/1993","3,298.95","3,303.00","3,320.02","3,291.66","47.43M","0.21%"
"25/01/1993","3,292.20","3,270.04","3,294.90","3,257.89","35.84M","1.09%"
"22/01/1993","3,256.81","3,258.43","3,267.34","3,250.05","30.76M","0.12%"
"21/01/1993","3,253.02","3,241.68","3,257.62","3,231.95","27.04M","0.34%"
"20/01/1993","3,241.95","3,259.51","3,264.10","3,240.60","26.68M","-0.43%"
"19/01/1993","3,255.99","3,280.85","3,283.28","3,254.37","35.68M","-0.58%"
"18/01/1993","3,274.91","3,269.50","3,275.72","3,263.02","23.03M","0.12%"
"15/01/1993","3,271.12","3,267.34","3,285.17","3,258.16","39.27M","0.10%"
"14/01/1993","3,267.88","3,276.26","3,279.23","3,251.13","36.15M","0.13%"
"13/01/1993","3,263.56","3,254.10","3,269.50","3,243.84","28.95M","-0.03%"
"12/01/1993","3,264.64","3,269.77","3,268.69","3,240.06","29.66M","0.06%"
"11/01/1993","3,262.75","3,251.13","3,262.75","3,250.05","24.50M","0.34%"
"08/01/1993","3,251.67","3,259.51","3,268.96","3,231.95","30.69M","-0.53%"
"07/01/1993","3,268.96","3,305.16","3,313.27","3,260.86","36.82M","-1.10%"
"06/01/1993","3,305.16","3,303.54","3,312.19","3,290.58","35.79M","-0.08%"
"05/01/1993","3,307.87","3,306.52","3,320.83","3,300.57","28.06M","-0.04%"
"04/01/1993","3,309.22","3,312.46","3,319.21","3,298.68","21.40M","0.25%"
"01/01/1993","3,301.11","3,301.11","3,301.11","3,301.11","","0.00%"
"31/12/1992","3,301.11","3,323.54","3,327.86","3,301.11","13.86M","-0.60%"
"30/12/1992","3,321.10","3,319.48","3,328.67","3,309.76","16.00M","0.31%"
"29/12/1992","3,310.84","3,327.86","3,352.71","3,306.52","25.40M","-0.67%"
"28/12/1992","3,333.26","3,324.62","3,333.26","3,309.22","13.93M","0.21%"
"25/12/1992","3,326.24","3,326.24","3,326.24","3,326.24","","0.00%"
"24/12/1992","3,326.24","3,315.43","3,328.13","3,313.00","9.93M","0.38%"
"23/12/1992","3,313.54","3,320.56","3,332.72","3,313.54","21.99M","-0.23%"
"22/12/1992","3,321.10","3,321.37","3,328.94","3,301.65","25.97M","0.26%"
"21/12/1992","3,312.46","3,304.89","3,318.40","3,303.27","26.68M","-0.02%"
"18/12/1992","3,313.27","3,289.77","3,313.54","3,270.85","48.43M","1.35%"
"17/12/1992","3,269.23","3,256.81","3,271.93","3,251.40","28.37M","0.43%"
"16/12/1992","3,255.18","3,284.36","3,295.71","3,248.16","30.87M","-0.89%"
"15/12/1992","3,284.36","3,283.28","3,295.44","3,279.50","29.64M","-0.24%"
"14/12/1992","3,292.20","3,296.79","3,317.05","3,292.20","16.70M","-0.36%"
"11/12/1992","3,304.08","3,304.08","3,311.92","3,301.11","13.55M","-0.24%"
"10/12/1992","3,312.19","3,318.67","3,323.81","3,300.57","20.23M","-0.35%"
"09/12/1992","3,323.80","3,319.48","3,335.69","3,308.14","22.66M","0.05%"
"08/12/1992","3,322.18","3,305.97","3,323.54","3,303.54","23.04M","0.45%"
"07/12/1992","3,307.32","3,301.38","3,307.60","3,288.95","25.87M","0.57%"
"04/12/1992","3,288.68","3,285.17","3,298.95","3,272.47","23.17M","0.37%"
"03/12/1992","3,276.53","3,284.90","3,291.66","3,268.96","20.72M","-0.30%"
"02/12/1992","3,286.25","3,294.09","3,297.06","3,280.31","21.22M","-0.25%"
"01/12/1992","3,294.36","3,299.22","3,307.87","3,286.25","32.07M","-0.33%"
"30/11/1992","3,305.16","3,294.90","3,308.41","3,282.74","23.06M","0.70%"
"27/11/1992","3,282.20","3,272.75","3,296.25","3,266.26","12.44M","0.49%"
"26/11/1992","3,266.26","3,266.26","3,266.26","3,266.26","","0.00%"
"25/11/1992","3,266.26","3,223.31","3,269.23","3,247.08","23.07M","0.54%"
"24/11/1992","3,248.70","3,226.01","3,265.99","3,221.68","28.07M","0.80%"
"23/11/1992","3,223.03","3,223.31","3,234.11","3,214.66","23.66M","-0.13%"
"20/11/1992","3,227.36","3,226.82","3,231.14","3,209.80","34.64M","0.56%"
"19/11/1992","3,209.53","3,214.12","3,216.82","3,200.61","21.59M","0.07%"
"18/11/1992","3,207.36","3,192.78","3,214.93","3,191.43","23.24M","0.44%"
"17/11/1992","3,193.32","3,207.91","3,211.96","3,184.67","18.60M","-0.39%"
"16/11/1992","3,205.74","3,226.28","3,233.03","3,203.85","17.40M","-0.84%"
"13/11/1992","3,233.03","3,239.79","3,240.60","3,224.12","19.11M","-0.21%"
"12/11/1992","3,239.78","3,245.73","3,250.05","3,230.87","22.88M","-0.02%"
"11/11/1992","3,240.32","3,222.77","3,245.73","3,219.25","22.66M","0.46%"
"10/11/1992","3,225.47","3,247.08","3,252.48","3,224.66","21.54M","-0.47%"
"09/11/1992","3,240.86","3,237.08","3,259.78","3,231.68","19.98M","0.03%"
"06/11/1992","3,240.05","3,244.92","3,250.05","3,234.35","23.66M","-0.12%"
"05/11/1992","3,243.84","3,221.68","3,245.19","3,215.20","27.03M","0.65%"
"04/11/1992","3,223.03","3,247.08","3,268.15","3,219.52","20.33M","-0.91%"
"03/11/1992","3,252.48","3,268.69","3,266.80","3,236.81","25.52M","-0.30%"
"02/11/1992","3,262.21","3,224.12","3,262.21","3,221.41","23.86M","1.11%"
"30/10/1992","3,226.28","3,247.62","3,250.59","3,224.12","18.45M","-0.62%"
"29/10/1992","3,246.27","3,254.10","3,254.91","3,236.81","20.07M","-0.16%"
"28/10/1992","3,251.40","3,226.28","3,251.40","3,224.12","22.93M","0.48%"
"27/10/1992","3,235.73","3,252.75","3,251.40","3,221.95","24.86M","-0.26%"
"26/10/1992","3,244.11","3,208.72","3,244.92","3,205.20","23.44M","1.14%"
"23/10/1992","3,207.64","3,206.02","3,215.20","3,196.02","26.49M","0.21%"
"22/10/1992","3,200.88","3,193.86","3,202.50","3,174.68","23.07M","0.43%"
"21/10/1992","3,187.10","3,196.02","3,199.80","3,179.81","24.72M","0.03%"
"20/10/1992","3,186.02","3,208.99","3,213.04","3,179.00","26.50M","-0.08%"
"19/10/1992","3,188.45","3,166.30","3,197.64","3,169.00","26.19M","0.44%"
"16/10/1992","3,174.41","3,180.08","3,180.35","3,142.53","40.88M","-0.01%"
"15/10/1992","3,174.68","3,179.81","3,198.45","3,167.38","32.24M","-0.65%"
"14/10/1992","3,195.48","3,198.18","3,217.09","3,179.00","18.73M","-0.19%"
"13/10/1992","3,201.42","3,177.11","3,211.96","3,167.65","20.36M","0.85%"
"12/10/1992","3,174.41","3,149.01","3,174.68","3,136.31","14.26M","1.21%"
"09/10/1992","3,136.58","3,167.65","3,176.30","3,131.72","19.31M","-1.24%"
"08/10/1992","3,176.03","3,162.79","3,178.19","3,145.77","22.49M","0.75%"
"07/10/1992","3,152.25","3,183.59","3,187.91","3,145.77","19.53M","-0.82%"
"06/10/1992","3,178.19","3,185.75","3,191.97","3,157.66","20.22M","-0.03%"
"05/10/1992","3,179.00","3,176.57","3,200.61","3,095.79","37.36M","-0.68%"
"02/10/1992","3,200.61","3,251.67","3,259.24","3,198.72","20.67M","-1.65%"
"01/10/1992","3,254.37","3,279.23","3,280.85","3,246.00","21.02M","-0.53%"
"30/09/1992","3,271.66","3,265.18","3,276.80","3,264.37","19.29M","0.15%"
"29/09/1992","3,266.80","3,270.85","3,280.04","3,259.24","22.28M","-0.29%"
"28/09/1992","3,276.26","3,243.30","3,276.26","3,242.76","18.02M","0.80%"
"25/09/1992","3,250.32","3,284.90","3,289.77","3,233.84","22.11M","-1.14%"
"24/09/1992","3,287.87","3,287.06","3,294.90","3,278.96","26.24M","0.28%"
"23/09/1992","3,278.69","3,281.93","3,287.60","3,264.91","23.86M","-0.07%"
"22/09/1992","3,280.85","3,315.97","3,321.10","3,280.04","21.07M","-1.20%"
"21/09/1992","3,320.83","3,324.62","3,327.86","3,310.57","15.85M","-0.19%"
"18/09/1992","3,327.05","3,315.97","3,327.32","3,308.68","24.98M","0.34%"
"17/09/1992","3,315.70","3,326.78","3,328.67","3,311.38","20.17M","-0.11%"
"16/09/1992","3,319.21","3,307.33","3,338.93","3,307.60","26.85M","-0.24%"
"15/09/1992","3,327.32","3,353.79","3,375.41","3,323.00","20.21M","-1.45%"
"14/09/1992","3,376.22","3,349.20","3,376.49","3,306.79","30.72M","2.13%"
"11/09/1992","3,305.70","3,303.00","3,317.32","3,300.84","16.78M","0.02%"
"10/09/1992","3,305.16","3,277.61","3,312.73","3,270.85","22.82M","1.03%"
"09/09/1992","3,271.39","3,261.67","3,273.02","3,258.16","18.87M","0.33%"
"08/09/1992","3,260.59","3,279.23","3,282.74","3,257.62","15.63M","-0.65%"
"07/09/1992","3,281.93","3,281.93","3,281.93","3,281.93","","0.00%"
"04/09/1992","3,281.93","3,287.60","3,296.52","3,277.61","13.21M","-0.31%"
"03/09/1992","3,292.20","3,300.03","3,313.54","3,285.18","23.48M","0.06%"
"02/09/1992","3,290.30","3,271.93","3,292.47","3,263.83","18.67M","0.74%"
"01/09/1992","3,266.26","3,254.64","3,266.26","3,254.10","15.46M","0.27%"
"31/08/1992","3,257.34","3,273.29","3,274.10","3,254.37","12.80M","-0.31%"
"28/08/1992","3,267.61","3,257.62","3,269.77","3,249.78","14.43M","0.40%"
"27/08/1992","3,254.64","3,263.02","3,273.02","3,246.81","19.79M","0.24%"
"26/08/1992","3,246.81","3,235.19","3,250.05","3,225.47","17.87M","0.45%"
"25/08/1992","3,232.22","3,232.22","3,235.19","3,207.10","22.46M","0.13%"
"24/08/1992","3,228.17","3,233.57","3,254.10","3,223.04","18.36M","-0.80%"
"21/08/1992","3,254.10","3,320.56","3,324.08","3,254.10","21.61M","-1.54%"
"20/08/1992","3,304.89","3,313.54","3,315.43","3,295.44","14.69M","-0.07%"
"19/08/1992","3,307.05","3,331.91","3,335.69","3,307.06","14.42M","-0.67%"
"18/08/1992","3,329.48","3,322.45","3,332.45","3,315.70","12.93M","0.14%"
"17/08/1992","3,324.89","3,321.37","3,338.93","3,321.64","13.86M","-0.12%"
"14/08/1992","3,328.94","3,320.83","3,331.91","3,311.11","15.40M","0.47%"
"13/08/1992","3,313.27","3,330.29","3,337.04","3,306.79","19.90M","-0.23%"
"12/08/1992","3,320.83","3,327.59","3,342.18","3,310.84","15.48M","-0.31%"
"11/08/1992","3,331.10","3,340.56","3,342.18","3,314.35","18.00M","-0.19%"
"10/08/1992","3,337.58","3,321.91","3,337.58","3,316.78","15.58M","0.16%"
"07/08/1992","3,332.18","3,339.48","3,369.73","3,331.37","22.31M","-0.25%"
"06/08/1992","3,340.55","3,354.60","3,365.68","3,338.93","21.95M","-0.73%"
"05/08/1992","3,365.14","3,372.16","3,384.32","3,360.28","17.83M","-0.57%"
"04/08/1992","3,384.32","3,392.70","3,396.75","3,377.57","16.43M","-0.33%"
"03/08/1992","3,395.40","3,385.40","3,399.99","3,384.05","17.28M","0.05%"
"31/07/1992","3,393.78","3,392.97","3,402.96","3,385.67","13.50M","0.06%"
"30/07/1992","3,391.89","3,375.41","3,395.94","3,374.33","20.06M","0.38%"
"29/07/1992","3,379.19","3,361.09","3,385.13","3,334.07","30.41M","1.35%"
"28/07/1992","3,334.07","3,288.95","3,335.15","3,282.20","22.00M","1.58%"
"27/07/1992","3,282.20","3,284.90","3,299.49","3,282.20","14.76M","-0.11%"
"24/07/1992","3,285.71","3,279.50","3,297.60","3,276.80","13.42M","-0.13%"
"23/07/1992","3,290.03","3,287.87","3,291.39","3,266.53","16.22M","0.38%"
"22/07/1992","3,277.61","3,290.04","3,307.87","3,275.18","19.75M","-0.93%"
"21/07/1992","3,308.41","3,315.97","3,322.73","3,303.27","16.81M","0.16%"
"20/07/1992","3,303.00","3,289.50","3,331.10","3,287.06","18.06M","-0.86%"
"17/07/1992","3,331.64","3,347.58","3,361.09","3,317.05","22.83M","-0.89%"
"16/07/1992","3,361.63","3,335.69","3,364.33","3,333.26","21.50M","0.48%"
"15/07/1992","3,345.42","3,358.39","3,363.25","3,339.75","21.21M","-0.39%"
"14/07/1992","3,358.39","3,334.61","3,358.93","3,328.67","19.13M","0.63%"
"13/07/1992","3,337.31","3,343.53","3,344.07","3,327.05","13.65M","0.20%"
"10/07/1992","3,330.56","3,334.07","3,339.75","3,315.16","15.40M","0.20%"
"09/07/1992","3,324.07","3,302.19","3,336.50","3,293.55","22.09M","0.93%"
"08/07/1992","3,293.28","3,288.68","3,303.27","3,273.56","23.54M","-0.06%"
"07/07/1992","3,295.17","3,338.93","3,352.71","3,291.39","25.20M","-1.32%"
"06/07/1992","3,339.20","3,304.07","3,340.29","3,326.78","23.87M","0.27%"
"03/07/1992","3,330.29","3,330.29","3,330.29","3,330.29","","0.00%"
"02/07/1992","3,330.29","3,363.46","3,373.89","3,326.54","25.90M","-0.71%"
"01/07/1992","3,354.10","3,323.87","3,354.10","3,318.79","22.78M","1.07%"
"30/06/1992","3,318.52","3,325.74","3,331.63","3,316.65","18.63M","-0.04%"
"29/06/1992","3,319.86","3,289.10","3,319.86","3,282.68","17.24M","1.14%"
"26/06/1992","3,282.41","3,270.64","3,290.97","3,269.84","16.68M","-0.05%"
"25/06/1992","3,284.01","3,298.19","3,304.08","3,271.44","21.16M","-0.20%"
"24/06/1992","3,290.70","3,286.69","3,302.74","3,284.01","24.36M","0.15%"
"23/06/1992","3,285.62","3,289.63","3,296.85","3,280.54","26.32M","0.15%"
"22/06/1992","3,280.80","3,278.40","3,285.89","3,254.05","20.42M","-0.14%"
"19/06/1992","3,285.35","3,282.14","3,299.53","3,274.38","26.66M","0.34%"
"18/06/1992","3,274.11","3,289.90","3,290.43","3,269.03","25.69M","-0.42%"
"17/06/1992","3,287.76","3,328.15","3,329.75","3,283.75","28.14M","-1.25%"
"16/06/1992","3,329.49","3,361.85","3,367.20","3,329.49","19.19M","-0.76%"
"15/06/1992","3,354.90","3,339.65","3,363.19","3,337.51","17.22M","0.02%"
"12/06/1992","3,354.36","3,379.51","3,381.58","3,352.03","19.82M","0.09%"
"11/06/1992","3,351.51","3,349.18","3,352.55","3,323.78","24.85M","0.25%"
"10/06/1992","3,343.22","3,368.36","3,370.95","3,338.29","20.88M","-0.79%"
"09/06/1992","3,369.92","3,405.17","3,405.43","3,359.55","17.51M","-1.00%"
"08/06/1992","3,404.13","3,396.36","3,404.13","3,391.69","16.28M","0.16%"
"05/06/1992","3,398.69","3,396.88","3,403.10","3,372.25","23.76M","-0.03%"
"04/06/1992","3,399.73","3,408.80","3,410.10","3,392.47","24.37M","-0.21%"
"03/06/1992","3,406.99","3,402.58","3,422.28","3,389.36","22.69M","0.32%"
"02/06/1992","3,396.10","3,414.76","3,420.47","3,392.73","22.35M","-0.50%"
"01/06/1992","3,413.21","3,388.58","3,413.47","3,373.03","21.28M","0.48%"
"29/05/1992","3,396.88","3,405.69","3,420.21","3,396.10","20.77M","-0.05%"
"28/05/1992","3,398.43","3,378.99","3,398.43","3,368.62","18.35M","0.83%"
"27/05/1992","3,370.44","3,360.84","3,380.03","3,360.07","22.39M","0.19%"
"26/05/1992","3,364.21","3,389.62","3,386.77","3,356.44","25.94M","-0.67%"
"25/05/1992","3,386.77","3,386.77","3,386.77","3,386.77","","0.00%"
"22/05/1992","3,386.77","3,378.71","3,392.62","3,375.52","17.69M","0.24%"
"21/05/1992","3,378.71","3,384.08","3,394.09","3,365.54","19.19M","-0.45%"
"20/05/1992","3,393.84","3,397.26","3,404.34","3,388.23","34.23M","-0.12%"
"19/05/1992","3,397.99","3,379.69","3,400.19","3,368.47","20.95M","0.65%"
"18/05/1992","3,376.03","3,369.20","3,381.64","3,353.09","14.96M","0.68%"
"15/05/1992","3,353.09","3,350.80","3,368.88","3,346.00","18.43M","-0.47%"
"14/05/1992","3,368.88","3,389.01","3,393.58","3,357.21","18.27M","-0.68%"
"13/05/1992","3,391.98","3,390.38","3,396.79","3,378.71","17.72M","0.20%"
"12/05/1992","3,385.12","3,398.84","3,400.67","3,373.91","19.03M","-0.37%"
"11/05/1992","3,397.58","3,376.34","3,397.81","3,368.96","14.11M","0.84%"
"08/05/1992","3,369.41","3,372.09","3,375.67","3,353.53","14.56M","0.18%"
"07/05/1992","3,363.37","3,368.52","3,374.78","3,357.33","1.75M","-0.18%"
"06/05/1992","3,369.41","3,372.76","3,383.72","3,360.02","17.98M","0.30%"
"05/05/1992","3,359.35","3,375.45","3,378.13","3,358.90","19.08M","-0.56%"
"04/05/1992","3,378.13","3,349.96","3,387.52","3,335.87","18.68M","1.26%"
"01/05/1992","3,336.09","3,355.99","3,362.03","3,324.02","19.38M","-0.69%"
"30/04/1992","3,359.12","3,332.29","3,361.14","3,328.49","22.96M","0.78%"
"29/04/1992","3,333.18","3,320.66","3,338.77","3,308.14","21.28M","0.76%"
"28/04/1992","3,307.91","3,298.52","3,317.08","3,283.99","18.86M","0.10%"
"27/04/1992","3,304.56","3,309.48","3,324.02","3,303.67","21.61M","-0.60%"
"24/04/1992","3,324.46","3,350.63","3,361.81","3,323.12","21.22M","-0.72%"
"23/04/1992","3,348.61","3,340.12","3,352.86","3,310.38","24.81M","0.29%"
"22/04/1992","3,338.77","3,339.67","3,352.86","3,330.72","18.16M","-0.13%"
"21/04/1992","3,343.25","3,337.43","3,350.63","3,320.89","20.08M","0.21%"
"20/04/1992","3,336.31","3,340.12","3,365.61","3,315.52","22.29M","-0.90%"
"17/04/1992","3,366.50","3,366.50","3,366.50","3,366.50","","0.00%"
"16/04/1992","3,366.50","3,352.19","3,366.50","3,343.25","27.84M","0.38%"
"15/04/1992","3,353.76","3,328.26","3,354.20","3,307.02","25.46M","1.44%"
"14/04/1992","3,306.13","3,283.54","3,322.23","3,269.45","26.05M","1.11%"
"13/04/1992","3,269.90","3,254.70","3,270.57","3,248.43","13.22M","0.45%"
"10/04/1992","3,255.37","3,255.59","3,262.97","3,225.63","1.87M","0.94%"
"09/04/1992","3,224.95","3,193.43","3,231.66","3,181.80","24.49M","1.37%"
"08/04/1992","3,181.35","3,194.99","3,213.55","3,161.23","29.71M","-1.00%"
"07/04/1992","3,213.55","3,283.32","3,279.29","3,211.09","22.49M","-1.89%"
"06/04/1992","3,275.49","3,261.40","3,276.83","3,249.33","20.11M","0.81%"
"03/04/1992","3,249.11","3,230.55","3,250.89","3,211.31","21.15M","0.46%"
"02/04/1992","3,234.12","3,255.81","3,259.62","3,220.26","19.02M","-0.47%"
"01/04/1992","3,249.33","3,220.04","3,252.24","3,215.34","18.84M","0.43%"
"31/03/1992","3,235.47","3,232.33","3,260.73","3,228.98","15.11M","0.01%"
"30/03/1992","3,235.24","3,232.56","3,248.88","3,229.43","12.64M","0.12%"
"27/03/1992","3,231.44","3,257.83","3,268.11","3,226.52","15.14M","-1.11%"
"26/03/1992","3,267.66","3,271.47","3,275.04","3,251.34","18.12M","0.25%"
"25/03/1992","3,259.39","3,257.83","3,276.39","3,251.12","18.60M","-0.05%"
"24/03/1992","3,260.96","3,275.72","3,284.44","3,249.11","24.38M","-0.34%"
"23/03/1992","3,272.14","3,266.55","3,275.94","3,261.18","15.69M","-0.13%"
"20/03/1992","3,276.39","3,268.78","3,277.28","3,255.81","28.64M","0.46%"
"19/03/1992","3,261.40","3,260.51","3,269.90","3,251.12","17.17M","0.22%"
"18/03/1992","3,254.25","3,251.34","3,271.91","3,246.20","17.89M","-0.05%"
"17/03/1992","3,256.04","3,235.91","3,260.06","3,235.91","18.01M","0.61%"
"16/03/1992","3,236.36","3,236.14","3,236.58","3,208.41","15.11M","0.01%"
"13/03/1992","3,235.91","3,233.90","3,237.03","3,208.18","16.37M","0.85%"
"12/03/1992","3,208.63","3,207.07","3,213.10","3,188.28","18.08M","0.00%"
"11/03/1992","3,208.63","3,225.63","3,233.45","3,198.35","17.67M","-0.69%"
"10/03/1992","3,230.99","3,221.60","3,248.21","3,214.67","20.78M","0.49%"
"09/03/1992","3,215.12","3,217.58","3,227.19","3,211.31","16.54M","-0.20%"
"06/03/1992","3,221.60","3,243.52","3,252.01","3,213.77","18.46M","-0.61%"
"05/03/1992","3,241.50","3,261.63","3,268.34","3,235.69","18.22M","-0.83%"
"04/03/1992","3,268.56","3,299.19","3,299.64","3,268.56","22.80M","-0.66%"
"03/03/1992","3,290.25","3,287.57","3,295.62","3,272.81","19.52M","0.46%"
"02/03/1992","3,275.27","3,270.80","3,276.62","3,261.40","17.22M","0.23%"
"28/02/1992","3,267.66","3,280.64","3,293.38","3,259.39","17.96M","-0.05%"
"27/02/1992","3,269.45","3,280.64","3,286.90","3,265.88","18.71M","-0.42%"
"26/02/1992","3,283.32","3,261.63","3,290.92","3,254.47","21.16M","0.78%"
"25/02/1992","3,257.83","3,275.72","3,282.20","3,240.38","20.98M","-0.75%"
"24/02/1992","3,282.42","3,277.50","3,289.80","3,266.10","17.88M","0.07%"
"21/02/1992","3,280.19","3,267.67","3,286.67","3,252.91","26.84M","-0.01%"
"20/02/1992","3,280.63","3,243.74","3,283.77","3,230.55","25.84M","1.56%"
"19/02/1992","3,230.32","3,219.81","3,241.73","3,215.34","22.93M","0.17%"
"18/02/1992","3,224.73","3,241.06","3,268.56","3,219.14","21.97M","-0.65%"
"17/02/1992","3,245.97","3,245.97","3,245.97","3,245.97","","0.00%"
"14/02/1992","3,245.97","3,226.30","3,254.70","3,221.82","21.26M","-0.02%"
"13/02/1992","3,246.64","3,274.15","3,283.99","3,236.36","22.20M","-0.92%"
"12/02/1992","3,276.83","3,245.75","3,286.00","3,244.63","21.58M","0.78%"
"11/02/1992","3,251.57","3,246.20","3,259.62","3,236.14","23.40M","0.20%"
"10/02/1992","3,245.08","3,230.77","3,247.99","3,223.84","16.10M","0.61%"
"07/02/1992","3,225.40","3,263.19","3,269.90","3,207.96","21.66M","-0.93%"
"06/02/1992","3,255.59","3,256.71","3,265.65","3,238.60","20.49M","-0.06%"
"05/02/1992","3,257.60","3,272.58","3,282.20","3,251.79","27.36M","-0.46%"
"04/02/1992","3,272.81","3,233.68","3,272.81","3,229.43","23.97M","1.20%"
"03/02/1992","3,234.12","3,219.81","3,239.04","3,213.55","18.86M","0.33%"
"31/01/1992","3,223.39","3,255.37","3,255.37","3,222.72","20.61M","-0.66%"
"30/01/1992","3,244.86","3,238.82","3,247.32","3,216.01","22.08M","0.62%"
"29/01/1992","3,224.95","3,257.38","3,299.19","3,218.47","32.50M","-1.44%"
"28/01/1992","3,272.14","3,254.25","3,275.49","3,239.94","24.96M","0.97%"
"27/01/1992","3,240.61","3,241.06","3,246.65","3,230.55","19.11M","0.24%"
"24/01/1992","3,232.78","3,221.38","3,248.43","3,216.68","22.60M","0.19%"
"23/01/1992","3,226.74","3,249.33","3,266.98","3,222.94","22.14M","-0.89%"
"22/01/1992","3,255.81","3,221.60","3,256.04","3,216.91","21.59M","1.01%"
"21/01/1992","3,223.39","3,252.01","3,254.47","3,215.34","24.16M","-0.94%"
"20/01/1992","3,254.02","3,259.84","3,269.90","3,245.08","18.19M","-0.34%"
"17/01/1992","3,264.98","3,250.67","3,279.96","3,243.29","39.78M","0.47%"
"16/01/1992","3,249.55","3,248.66","3,262.75","3,222.05","38.10M","-0.27%"
"15/01/1992","3,258.50","3,257.16","3,263.42","3,232.11","24.46M","0.38%"
"14/01/1992","3,246.20","3,186.72","3,248.88","3,182.92","24.55M","1.90%"
"13/01/1992","3,185.60","3,189.62","3,201.25","3,179.11","19.30M","-0.43%"
"10/01/1992","3,199.46","3,201.03","3,217.13","3,185.38","23.44M","-0.31%"
"09/01/1992","3,209.53","3,203.04","3,228.31","3,192.75","29.82M","0.17%"
"08/01/1992","3,203.93","3,185.15","3,229.20","3,185.82","29.04M","-0.03%"
"07/01/1992","3,204.83","3,184.48","3,210.20","3,184.48","25.51M","0.15%"
"06/01/1992","3,200.13","3,194.10","3,213.33","3,191.86","27.28M","-0.04%"
"03/01/1992","3,201.47","3,168.38","3,210.64","3,165.92","23.62M","0.92%"
"02/01/1992","3,172.41","3,152.06","3,172.63","3,139.31","23.55M","0.11%"
"01/01/1992","3,168.83","3,168.83","3,168.83","3,168.83","","0.00%"