date,open,high,low,close
1979-12-26,81.72,81.75,81.16,81.19
1979-12-27,81.06,81.59,80.78,81.59
1979-12-28,81.44,82.09,81.41,81.72
1979-12-31,81.81,82.31,81.75,82.19
1980-01-02,81.97,82.53,80.84,80.88
1980-01-03,80.41,80.59,80.0,80.5
1980-01-04,80.41,80.78,80.0,80.12
1980-01-07,79.59,80.31,79.44,80.25
1980-01-08,80.5,80.94,80.16,80.78
1980-01-09,81.09,81.12,80.44,80.62
1980-01-10,80.62,81.12,80.47,81.03
1980-01-11,80.84,80.88,79.84,79.91
1980-01-14,79.84,80.16,79.47,79.62
1980-01-15,79.38,80.03,79.31,79.81
1980-01-16,79.59,80.09,79.5,79.78
1980-01-17,80.25,80.31,79.0,79.03
1980-01-18,78.56,78.66,77.91,78.16
1980-01-21,77.69,77.75,76.59,76.69
1980-01-22,77.09,77.62,77.06,77.56
1980-01-23,77.12,77.72,77.09,77.5
1980-01-24,77.56,78.0,75.72,75.91
1980-01-25,75.25,75.47,74.91,75.06
1980-01-28,75.03,75.28,74.56,74.78
1980-01-29,74.97,75.12,73.88,74.03
1980-01-30,74.09,74.66,73.69,74.25
1980-01-31,74.16,75.19,74.16,74.5
1980-02-01,74.31,74.59,73.44,73.81
1980-02-04,73.66,73.81,72.88,73.03
1980-02-05,73.31,73.41,71.03,71.09
1980-02-06,71.16,71.31,69.09,70.31
1980-02-07,69.31,71.62,69.22,71.25
1980-02-08,72.0,72.91,70.75,71.44
1980-02-11,71.56,71.56,69.56,69.59
1980-02-12,69.38,69.44,68.72,69.0
1980-02-13,69.09,70.34,69.06,70.19
1980-02-14,70.94,71.16,69.22,69.91
1980-02-15,69.0,69.56,67.91,68.31
1980-02-19,67.62,67.62,66.31,66.31
1980-02-20,65.31,66.69,65.31,65.81
1980-02-21,66.09,66.19,64.06,64.41
1980-02-22,63.41,66.41,62.84,66.41
1980-02-25,66.41,66.88,65.19,65.34
1980-02-26,64.47,65.41,64.16,65.22
1980-02-27,65.22,66.5,65.09,65.12
1980-02-28,65.78,67.12,65.78,67.12
1980-02-29,68.5,68.62,67.0,68.28
1980-03-03,68.44,68.44,66.75,66.91
1980-03-04,67.41,67.5,66.12,67.34
1980-03-05,67.0,67.0,66.31,66.75
1980-03-06,66.31,66.31,64.88,65.31
1980-03-07,64.22,66.53,64.22,66.41
1980-03-10,66.81,68.47,66.28,68.38
1980-03-11,68.16,69.12,68.0,69.0
1980-03-12,68.56,68.56,67.31,67.31
1980-03-13,67.41,68.19,66.78,68.16
1980-03-14,68.38,68.38,67.88,68.03
1980-03-17,67.62,68.69,66.62,68.66
1980-03-18,69.25,70.34,69.25,69.25
1980-03-19,69.44,69.44,69.44,69.44
1980-03-20,69.62,69.62,67.94,67.94
1980-03-21,68.38,68.91,67.81,68.28
1980-03-24,67.12,67.25,66.28,66.28
1980-03-25,65.16,68.22,65.0,65.84
1980-03-26,66.41,67.75,63.84,66.28
1980-03-27,65.69,66.91,65.38,66.03
1980-03-28,67.25,68.03,66.88,67.88
1980-03-31,67.69,68.09,67.12,67.84
1980-04-01,68.34,68.53,67.44,68.5
1980-04-02,68.44,69.03,67.38,67.44
1980-04-03,67.88,69.31,67.47,69.34
1980-04-07,70.09,71.34,70.0,71.22
1980-04-08,70.59,71.53,70.38,71.12
1980-04-09,71.78,71.94,70.97,71.06
1980-04-10,70.69,72.62,70.62,72.53
1980-04-11,74.03,74.31,73.16,73.78
1980-04-14,74.0,74.22,73.06,73.19
1980-04-15,73.47,74.16,73.19,73.69
1980-04-16,73.94,75.69,73.84,75.69
1980-04-17,77.12,77.31,76.06,76.69
1980-04-18,76.16,76.88,75.16,76.75
1980-04-21,77.25,77.84,76.59,76.66
1980-04-22,76.22,77.62,75.72,77.09
1980-04-23,76.78,77.47,75.09,75.88
1980-04-24,74.94,76.12,74.75,75.34
1980-04-25,73.66,75.53,73.34,75.38
1980-04-28,75.94,77.38,75.88,77.38
1980-04-29,77.03,77.62,76.66,77.22
1980-04-30,77.16,77.75,76.66,77.06
1980-05-01,78.06,79.06,77.53,78.38
1980-05-02,78.75,80.28,78.22,80.19
1980-05-05,81.12,82.19,80.31,80.56
1980-05-06,80.94,82.28,80.47,81.84
1980-05-07,83.09,83.62,81.31,81.53
1980-05-08,81.47,82.25,80.38,80.62
1980-05-09,80.28,80.91,78.66,80.31
1980-05-12,79.72,79.72,79.28,79.72
1980-05-13,79.12,80.62,78.62,80.38
1980-05-14,81.06,81.5,80.31,80.75
1980-05-15,80.34,81.06,78.75,78.75
1980-05-16,78.84,79.53,78.06,78.25
1980-05-19,77.75,77.94,77.0,77.09
1980-05-20,77.25,79.09,77.22,79.09
1980-05-21,79.38,80.72,79.34,80.19
1980-05-22,79.38,80.62,79.31,79.94
1980-05-23,81.69,81.94,81.12,81.91
1980-05-27,82.25,82.25,81.25,81.38
1980-05-28,80.97,81.25,80.44,80.69
1980-05-29,80.81,80.88,79.34,79.78
1980-05-30,79.97,80.31,79.19,79.44
1980-06-02,79.06,79.06,78.28,78.53
1980-06-03,78.47,80.34,78.47,80.25
1980-06-04,80.88,81.19,80.44,80.91
1980-06-05,81.25,81.66,81.03,81.47
1980-06-06,82.28,83.44,81.56,83.28
1980-06-09,83.5,84.69,83.44,83.5
1980-06-10,83.31,84.06,82.22,83.03
1980-06-11,82.62,83.88,82.41,83.75
1980-06-12,83.94,85.06,83.47,85.0
1980-06-13,87.09,87.22,85.72,86.22
1980-06-16,85.72,86.5,85.56,86.22
1980-06-17,86.31,86.69,85.47,85.66
1980-06-18,85.88,86.0,84.84,85.19
1980-06-19,85.78,86.16,85.72,85.78
1980-06-20,84.91,85.75,84.62,85.72
1980-06-23,86.0,86.16,83.88,83.84
1980-06-24,83.91,84.88,83.38,83.94
1980-06-25,84.16,84.22,82.59,83.16
1980-06-26,83.12,83.81,81.84,82.06
1980-06-27,82.16,82.53,80.91,81.09
1980-06-30,80.41,81.44,79.72,81.19
1980-07-01,81.31,81.81,79.88,79.88
1980-07-02,79.47,80.5,79.28,80.31
1980-07-03,81.22,81.75,80.22,80.97
1980-07-07,81.12,81.5,78.97,78.97
1980-07-08,79.38,80.81,78.69,80.78
1980-07-09,80.81,80.94,79.66,79.72
1980-07-10,79.66,79.94,78.88,79.25
1980-07-11,78.53,78.69,78.31,78.38
1980-07-14,77.69,78.44,77.53,77.75
1980-07-15,79.69,79.69,79.69,79.69
1980-07-16,80.62,80.62,80.62,80.62
1980-07-17,79.88,80.0,79.69,79.91
1980-07-18,79.84,80.47,79.16,79.16
1980-07-21,79.5,80.16,79.16,80.06
1980-07-22,79.41,79.41,79.41,79.41
1980-07-23,78.88,80.31,78.88,80.06
1980-07-24,79.75,79.75,78.97,78.97
1980-07-25,78.94,79.22,78.38,78.44
1980-07-28,77.62,77.66,77.62,77.66
1980-07-29,77.88,78.06,77.62,77.94
1980-07-30,77.44,77.44,76.59,76.59
1980-07-31,76.66,76.66,75.31,75.44
1980-08-01,75.47,75.94,75.28,75.78
1980-08-04,76.69,76.69,76.69,76.69
1980-08-05,76.84,77.19,76.12,76.12
1980-08-06,76.5,76.5,76.5,76.5
1980-08-07,76.31,77.06,76.31,77.06
1980-08-08,75.56,75.56,75.56,75.56
1980-08-11,74.56,74.56,74.56,74.56
1980-08-12,75.34,75.34,75.34,75.34
1980-08-13,75.5,75.5,75.5,75.5
1980-08-14,75.59,75.59,75.59,75.59
1980-08-15,76.53,76.53,76.53,76.53
1980-08-18,74.72,74.72,74.72,74.72
1980-08-19,74.03,74.03,74.03,74.03
1980-08-20,73.5,73.5,73.5,73.5
1980-08-21,74.44,74.72,73.0,73.91
1980-08-22,74.09,74.75,73.62,74.53
1980-08-25,73.81,74.0,73.31,73.34
1980-08-26,73.59,73.88,73.25,73.31
1980-08-27,73.06,73.28,72.41,72.53
1980-08-28,72.81,72.88,71.56,71.69
1980-08-29,71.5,73.31,70.91,73.16
1980-09-02,72.84,75.0,72.84,74.28
1980-09-03,74.56,75.38,74.5,74.91
1980-09-04,74.91,75.19,74.38,74.66
1980-09-05,74.56,75.06,73.84,74.31
1980-09-08,74.12,74.12,73.5,73.72
1980-09-09,73.97,74.88,73.47,74.53
1980-09-10,74.25,74.97,74.22,74.5
1980-09-11,74.06,74.06,73.56,73.66
1980-09-12,73.53,73.62,72.94,73.41
1980-09-15,72.5,72.59,72.03,72.16
1980-09-16,72.03,72.72,71.97,72.66
1980-09-17,73.03,73.12,71.62,71.91
1980-09-18,71.94,72.59,71.94,72.41
1980-09-19,72.62,73.41,72.62,73.38
1980-09-22,72.88,72.88,71.91,71.94
1980-09-23,71.16,71.16,70.81,70.81
1980-09-24,71.25,71.25,71.25,71.25
1980-09-25,70.31,70.31,70.31,70.31
1980-09-26,69.62,69.62,69.62,69.62
1980-09-29,68.84,68.84,68.84,68.84
1980-09-30,70.66,70.66,70.66,70.66
1980-10-01,70.44,70.44,70.44,70.44
1980-10-02,70.53,70.53,70.53,70.53
1980-10-03,72.31,72.31,72.31,72.31
1980-10-06,73.19,73.19,73.19,73.19
1980-10-07,72.66,72.66,72.66,72.66
1980-10-08,72.41,72.41,72.41,72.41
1980-10-09,74.22,74.22,74.22,74.22
1980-10-10,73.59,73.59,73.59,73.59
1980-10-13,73.44,73.44,73.44,73.44
1980-10-14,74.0,74.0,74.0,74.0
1980-10-15,74.22,74.22,74.22,74.22
1980-10-16,73.09,73.09,73.09,73.09
1980-10-17,72.12,72.12,72.12,72.12
1980-10-20,72.09,72.09,72.09,72.09
1980-10-21,72.19,72.19,71.28,71.28
1980-10-22,70.66,70.66,70.66,70.66
1980-10-23,70.56,70.56,70.56,70.56
1980-10-24,70.66,71.09,70.66,71.09
1980-10-27,69.09,69.09,69.09,69.09
1980-10-28,68.09,68.09,68.09,68.09
1980-10-29,67.47,67.47,67.47,67.47
1980-10-30,67.28,67.28,67.28,67.28
1980-10-31,67.66,67.66,67.66,67.66
1980-11-03,67.34,67.94,67.34,67.94
1980-11-05,66.34,66.34,66.34,66.34
1980-11-06,65.78,65.78,65.78,65.78
1980-11-07,67.12,67.12,67.12,67.12
1980-11-10,66.09,66.09,66.09,66.09
1980-11-11,68.09,68.09,68.09,68.09
1980-11-12,68.66,68.66,68.66,68.66
1980-11-13,68.75,68.75,68.75,68.75
1980-11-14,67.56,67.56,67.56,67.56
1980-11-17,66.69,66.69,66.69,66.69
1980-11-18,68.31,68.31,68.31,68.31
1980-11-19,69.66,70.22,68.53,69.56
1980-11-20,69.28,69.47,68.78,68.88
1980-11-21,68.22,68.38,67.66,67.97
1980-11-24,68.09,68.69,67.53,68.34
1980-11-25,68.81,69.38,68.12,68.19
1980-11-26,68.09,68.84,68.0,68.69
1980-11-28,68.78,68.94,67.94,68.03
1980-12-01,67.69,68.31,67.0,67.0
1980-12-02,67.69,67.72,66.72,67.28
1980-12-03,67.41,68.0,67.41,67.91
1980-12-04,68.0,68.19,67.25,67.75
1980-12-05,67.41,68.62,67.22,68.72
1980-12-08,68.19,68.31,67.62,67.75
1980-12-09,67.16,67.28,65.88,65.84
1980-12-10,65.88,66.28,65.31,65.72
1980-12-11,64.22,64.75,63.25,63.38
1980-12-12,63.41,66.25,63.41,65.69
1980-12-15,65.28,65.88,65.16,65.41
1980-12-16,64.94,64.97,64.41,64.88
1980-12-17,65.25,66.72,65.12,65.78
1980-12-18,65.88,66.94,65.81,66.56
1980-12-19,69.56,69.56,69.56,69.56
1980-12-22,71.56,71.56,71.56,71.56
1980-12-23,71.44,71.44,71.44,71.44
1980-12-24,71.78,71.78,71.78,71.78
1980-12-29,72.0,72.0,72.0,72.0
1980-12-30,71.03,71.03,70.72,70.72
1980-12-31,71.06,71.06,71.06,71.06
1981-01-02,71.53,71.53,71.53,71.53
1981-01-05,72.62,72.62,72.62,72.62
1981-01-06,72.5,72.5,72.5,72.5
1981-01-07,71.28,71.28,71.28,71.28
1981-01-08,71.31,71.31,71.31,71.31
1981-01-09,70.0,70.0,70.0,70.0
1981-01-12,69.94,69.94,69.94,69.94
1981-01-13,70.47,70.47,70.47,70.47
1981-01-14,70.0,70.0,70.0,70.0
1981-01-15,70.16,70.16,69.16,69.16
1981-01-16,70.03,70.03,70.03,70.03
1981-01-19,68.94,68.94,68.94,68.94
1981-01-20,70.0,70.0,70.0,70.0
1981-01-21,68.44,68.44,68.44,68.44
1981-01-22,67.84,67.84,67.84,67.84
1981-01-23,68.22,68.22,68.22,68.22
1981-01-26,69.0,69.0,69.0,69.0
1981-01-27,68.69,68.69,68.69,68.69
1981-01-28,68.69,68.69,68.69,68.69
1981-01-29,68.09,68.09,68.09,68.09
1981-01-30,68.84,68.84,68.84,68.84
1981-02-02,67.44,67.44,67.44,67.44
1981-02-03,66.78,66.78,66.78,66.78
1981-02-04,67.62,67.62,67.62,67.62
1981-02-05,66.69,66.69,66.69,66.69
1981-02-06,66.06,66.06,66.06,66.06
1981-02-09,65.62,65.62,65.62,65.62
1981-02-10,65.0,65.0,65.0,65.0
1981-02-11,64.47,64.47,64.47,64.47
1981-02-12,63.69,63.69,63.69,63.69
1981-02-13,63.47,63.47,63.47,63.47
1981-02-17,65.0,65.0,65.0,65.0
1981-02-18,65.25,65.25,65.25,65.25
1981-02-19,65.88,66.97,65.44,66.59
1981-02-20,66.38,67.62,66.31,67.31
1981-02-23,66.88,67.0,65.66,65.72
1981-02-24,65.72,66.53,65.47,65.88
1981-02-25,65.69,66.12,65.28,65.38
1981-02-26,64.84,65.06,64.41,64.88
1981-02-27,65.16,65.5,64.72,64.88
1981-03-02,64.47,64.69,63.75,63.78
1981-03-03,63.69,65.03,63.62,64.97
1981-03-04,65.31,65.47,64.62,64.84
1981-03-05,64.91,65.38,64.72,65.28
1981-03-06,65.62,66.44,65.5,66.28
1981-03-09,67.31,67.31,66.59,66.59
1981-03-10,66.78,67.34,66.41,66.41
1981-03-11,66.56,66.78,66.06,66.25
1981-03-12,66.28,68.91,66.28,67.12
1981-03-13,67.66,68.09,67.56,68.06
1981-03-16,68.06,68.5,67.88,68.0
1981-03-17,68.16,68.81,67.88,68.81
1981-03-18,69.06,69.75,68.88,69.28
1981-03-19,69.0,69.25,68.44,68.47
1981-03-20,68.12,68.28,67.94,67.97
1981-03-23,67.03,67.03,66.62,66.62
1981-03-24,65.81,65.81,65.81,65.81
1981-03-25,66.25,66.25,66.25,66.25
1981-03-26,65.41,65.41,65.41,65.41
1981-03-27,65.28,65.28,65.28,65.28
1981-03-30,66.47,66.47,66.47,66.47
1981-03-31,66.84,66.84,66.84,66.84
1981-04-01,66.81,66.81,66.81,66.81
1981-04-02,65.97,65.97,65.97,65.97
1981-04-03,65.31,65.31,65.31,65.31
1981-04-06,63.56,63.56,63.56,63.56
1981-04-07,65.12,65.12,65.12,65.12
1981-04-08,64.22,64.22,64.22,64.22
1981-04-09,64.97,64.97,64.97,64.97
1981-04-10,64.22,64.22,64.22,64.22
1981-04-13,63.91,63.91,63.91,63.91
1981-04-14,64.41,64.41,64.41,64.41
1981-04-15,63.5,63.5,63.5,63.5
1981-04-16,63.22,63.22,63.22,63.22
1981-04-20,64.19,64.19,64.19,64.19
1981-04-21,64.0,64.0,63.81,63.81
1981-04-22,63.59,63.59,63.59,63.59
1981-04-23,63.56,63.56,63.56,63.56
1981-04-24,63.22,63.22,63.22,63.22
1981-04-27,62.91,62.91,62.91,62.91
1981-04-28,63.06,63.06,63.06,63.06
1981-04-29,62.47,62.47,62.22,62.22
1981-04-30,61.56,61.56,61.56,61.56
1981-05-01,62.0,62.0,62.0,62.0
1981-05-04,60.09,60.09,60.09,60.09
1981-05-05,59.66,59.66,59.66,59.66
1981-05-06,59.94,59.94,59.94,59.94
1981-05-07,61.22,61.22,61.22,61.22
1981-05-08,61.31,61.31,61.31,61.31
1981-05-11,61.5,61.5,61.5,61.5
1981-05-12,60.44,60.44,60.44,60.44
1981-05-13,60.31,60.31,60.31,60.31
1981-05-14,61.16,62.0,61.16,62.0
1981-05-15,62.19,62.19,62.09,62.09
1981-05-18,62.5,62.5,62.5,62.5
1981-05-19,62.41,62.41,62.41,62.41
1981-05-20,62.69,63.19,62.12,63.19
1981-05-21,63.09,63.16,61.91,62.59
1981-05-22,63.12,63.69,63.0,63.5
1981-05-26,64.28,64.66,64.03,64.09
1981-05-27,64.0,64.34,63.56,63.91
1981-05-28,63.84,64.94,63.78,64.69
1981-05-29,64.59,64.94,64.31,64.75
1981-06-01,65.75,65.81,64.47,64.78
1981-06-02,64.69,64.88,64.12,64.44
1981-06-03,64.41,65.0,64.31,64.94
1981-06-04,64.81,65.19,64.38,65.16
1981-06-05,65.38,65.44,64.5,64.5
1981-06-08,65.66,66.12,65.44,65.97
1981-06-09,65.62,65.97,65.53,65.72
1981-06-10,66.12,66.53,66.06,66.09
1981-06-11,65.94,66.25,65.75,66.12
1981-06-12,66.0,66.19,65.91,66.06
1981-06-15,67.0,67.5,67.0,67.22
1981-06-16,67.06,67.41,66.94,67.34
1981-06-17,67.31,67.31,66.59,66.59
1981-06-18,66.06,66.16,64.94,65.16
1981-06-19,65.25,65.41,65.0,65.41
1981-06-22,66.69,66.88,66.31,66.78
1981-06-23,66.94,67.06,65.88,65.94
1981-06-24,66.09,66.16,65.19,65.47
1981-06-25,65.19,65.84,65.03,65.25
1981-06-26,65.19,65.59,64.91,65.16
1981-06-29,65.69,65.75,65.31,65.44
1981-06-30,65.41,65.56,64.34,64.38
1981-07-01,63.94,64.09,63.34,63.72
1981-07-02,63.59,64.34,63.38,64.28
1981-07-06,64.09,65.09,64.06,65.03
1981-07-07,65.22,65.25,63.56,63.78
1981-07-08,63.94,64.06,63.06,63.97
1981-07-09,64.03,64.19,63.16,63.5
1981-07-10,63.69,64.88,63.62,64.72
1981-07-13,64.69,64.84,64.19,64.28
1981-07-14,64.06,64.16,63.34,63.41
1981-07-15,63.81,64.47,63.78,64.03
1981-07-16,63.5,64.06,63.44,63.62
1981-07-17,63.91,64.06,63.62,63.78
1981-07-20,62.28,62.56,61.78,61.78
1981-07-21,61.59,62.0,61.34,61.88
1981-07-22,61.84,62.31,61.47,61.47
1981-07-23,61.53,61.91,61.38,61.81
1981-07-24,62.31,62.66,62.16,62.62
1981-07-27,63.38,63.5,61.94,62.0
1981-07-28,62.03,62.09,61.53,61.91
1981-07-29,62.06,62.28,61.06,61.16
1981-07-30,60.62,61.22,60.56,61.16
1981-07-31,61.34,61.44,60.88,61.03
1981-08-03,60.53,60.62,59.5,59.66
1981-08-04,59.47,61.69,59.44,60.16
1981-08-05,60.41,60.47,59.72,60.28
1981-08-06,60.41,61.0,60.12,60.28
1981-08-07,60.72,60.88,60.16,60.47
1981-08-10,61.03,61.53,60.69,61.47
1981-08-11,61.56,62.88,61.53,62.47
1981-08-12,62.31,62.47,61.53,61.66
1981-08-13,61.41,62.06,61.25,61.5
1981-08-14,61.66,61.72,60.88,60.91
1981-08-17,61.16,61.69,61.06,61.25
1981-08-18,60.97,61.19,60.69,60.84
1981-08-19,61.06,61.5,60.88,60.94
1981-08-20,60.78,61.19,60.25,60.34
1981-08-21,60.69,60.78,60.0,60.09
1981-08-24,59.78,59.88,58.16,58.19
1981-08-25,58.22,58.31,57.72,57.97
1981-08-26,58.31,58.72,57.91,57.94
1981-08-27,57.78,58.53,57.69,58.34
1981-08-28,58.66,59.03,58.41,58.5
1981-08-31,59.03,59.16,57.06,57.38
1981-09-01,57.12,57.84,56.69,57.81
1981-09-02,57.62,58.03,57.25,57.78
1981-09-03,58.03,58.06,57.0,57.09
1981-09-04,57.28,57.34,56.66,57.12
1981-09-08,57.22,57.72,56.41,56.56
1981-09-09,56.59,57.31,56.38,57.22
1981-09-10,57.62,58.44,57.62,57.91
1981-09-11,57.88,58.91,57.47,58.88
1981-09-14,58.31,58.72,57.59,58.38
1981-09-15,58.72,59.31,58.59,58.75
1981-09-16,58.41,59.25,58.25,58.78
1981-09-17,59.09,59.72,58.88,59.56
1981-09-18,59.53,60.0,59.41,59.69
1981-09-21,59.84,60.59,59.84,60.34
1981-09-22,60.31,60.47,59.38,59.41
1981-09-23,59.38,59.47,58.47,58.5
1981-09-24,58.31,58.81,57.97,58.03
1981-09-25,58.03,58.12,56.06,56.31
1981-09-28,55.41,56.88,55.16,56.88
1981-09-29,56.97,57.0,55.81,55.81
1981-09-30,55.44,56.31,55.25,56.88
1981-10-01,55.84,56.38,55.56,56.16
1981-10-02,56.72,57.88,56.59,57.69
1981-10-05,58.53,59.09,57.88,57.97
1981-10-06,58.22,58.47,57.56,58.19
1981-10-07,58.97,59.06,58.12,58.59
1981-10-08,58.22,58.84,57.78,58.69
1981-10-09,58.91,59.91,58.88,59.53
1981-10-12,60.44,60.62,59.66,60.12
1981-10-13,60.12,60.16,58.75,58.88
1981-10-14,58.56,58.94,58.31,58.59
1981-10-15,58.97,59.59,58.47,58.94
1981-10-16,58.97,59.25,58.16,58.34
1981-10-19,58.09,58.78,57.91,58.62
1981-10-20,58.53,59.0,57.75,57.81
1981-10-21,57.44,57.66,56.62,56.69
1981-10-22,56.78,57.09,56.5,56.66
1981-10-23,56.62,57.44,56.53,57.38
1981-10-26,56.69,56.78,55.62,55.84
1981-10-27,56.0,56.31,55.72,56.22
1981-10-28,56.47,56.72,56.0,56.28
1981-10-29,56.56,57.75,56.5,57.66
1981-10-30,58.31,59.22,57.78,58.69
1981-11-02,58.59,59.88,58.44,58.62
1981-11-03,58.78,59.53,58.59,59.53
1981-11-04,59.28,60.75,59.16,60.69
1981-11-05,60.59,60.97,60.03,60.41
1981-11-06,59.94,61.44,59.78,61.16
1981-11-09,62.0,62.97,61.94,62.47
1981-11-10,61.88,62.75,61.75,62.47
1981-11-11,62.62,63.72,62.59,63.72
1981-11-12,64.22,64.47,63.5,64.03
1981-11-13,63.62,64.19,63.25,63.84
1981-11-16,64.56,65.19,64.44,64.66
1981-11-17,64.5,64.53,63.56,63.94
1981-11-18,64.06,65.94,63.62,64.88
1981-11-19,64.53,65.41,64.25,64.5
1981-11-20,65.0,65.16,64.22,64.69
1981-11-27,66.06,66.5,65.94,66.34
1981-11-30,66.5,66.59,65.34,65.56
1981-12-01,64.56,65.03,63.81,64.78
1981-12-02,65.03,65.09,63.5,63.56
1981-12-03,63.44,64.38,63.12,64.38
1981-12-04,65.91,66.22,65.38,65.47
1981-12-07,64.94,64.97,63.5,63.56
1981-12-08,63.22,64.34,62.81,63.97
1981-12-09,63.69,64.06,62.88,63.0
1981-12-10,62.53,62.88,61.75,62.09
1981-12-11,62.16,62.62,61.84,62.06
1981-12-14,61.47,63.34,61.44,63.31
1981-12-15,63.47,63.84,63.03,63.41
1981-12-16,63.31,64.0,63.16,63.25
1981-12-17,63.19,63.44,62.62,62.66
1981-12-18,62.81,63.66,62.72,63.62
1981-12-21,62.84,63.12,62.53,62.56
1981-12-22,62.16,62.28,61.66,61.78
1981-12-23,61.5,61.56,60.66,60.78
1981-12-24,61.12,61.84,61.0,61.25
1981-12-28,61.44,61.66,61.19,61.38
1981-12-29,61.56,61.62,60.53,60.62
1981-12-30,60.56,61.16,60.41,60.81
1981-12-31,61.38,62.0,61.31,61.91
1982-01-04,62.19,62.25,60.69,60.69
1982-01-05,59.78,59.88,58.75,59.53
1982-01-06,59.84,60.12,58.59,58.69
1982-01-07,58.62,59.31,58.31,58.84
1982-01-08,59.5,59.91,59.09,59.5
1982-01-11,58.75,58.88,58.06,58.16
1982-01-12,58.06,59.09,58.0,58.97
1982-01-13,59.03,59.41,57.91,58.22
1982-01-14,58.09,58.94,57.88,58.81
1982-01-15,59.06,59.34,58.09,58.53
1982-01-18,58.03,59.16,57.97,59.03
1982-01-19,58.88,59.59,58.5,58.53
1982-01-20,58.5,58.91,58.34,58.78
1982-01-21,59.38,59.84,58.81,59.41
1982-01-22,59.34,59.5,59.0,59.09
1982-01-25,58.44,59.59,58.09,59.47
1982-01-26,59.59,60.09,59.22,59.5
1982-01-27,59.88,60.06,59.28,59.47
1982-01-28,59.19,60.69,59.12,60.66
1982-01-29,60.66,61.03,60.44,60.72
1982-02-01,59.47,59.62,58.72,58.78
1982-02-02,58.72,59.62,58.66,59.12
1982-02-03,59.28,59.34,58.5,58.56
1982-02-04,58.84,58.94,57.91,58.34
1982-02-05,58.38,58.81,58.06,58.78
1982-02-08,58.38,58.5,57.25,57.28
1982-02-09,57.22,57.47,56.94,57.09
1982-02-10,57.16,57.78,57.09,57.75
1982-02-11,57.66,58.47,57.59,58.44
1982-02-12,58.31,58.44,58.06,58.12
1982-02-16,57.28,59.81,57.12,59.12
1982-02-17,59.12,59.47,58.72,59.16
1982-02-18,59.5,60.31,59.31,60.12
1982-02-19,60.25,60.69,60.03,60.31
1982-02-22,63.81,62.28,61.56,62.0
1982-02-23,62.03,62.06,61.34,61.66
1982-02-24,61.75,62.34,61.22,62.25
1982-02-25,62.22,62.41,61.5,61.53
1982-02-26,61.31,61.75,60.91,61.0
1982-03-01,61.78,62.31,61.56,62.06
1982-03-02,61.94,62.97,61.88,62.84
1982-03-03,62.41,63.22,62.34,63.16
1982-03-04,63.31,63.5,63.03,63.44
1982-03-05,63.53,63.59,63.09,63.34
1982-03-08,66.09,64.0,62.47,62.59
1982-03-09,62.41,63.03,62.28,62.81
1982-03-10,62.44,63.16,62.31,62.41
1982-03-11,62.34,62.34,61.56,61.78
1982-03-12,61.62,61.94,61.47,61.75
1982-03-15,61.75,62.44,61.03,62.19
1982-03-16,61.84,62.44,61.62,62.06
1982-03-17,62.47,62.78,62.28,62.41
1982-03-18,62.38,63.0,62.31,62.5
1982-03-19,62.12,62.34,62.03,62.12
1982-03-22,62.66,63.06,62.62,62.97
1982-03-23,63.59,63.88,63.31,63.38
1982-03-24,63.5,63.56,62.56,62.62
1982-03-25,62.75,62.94,62.38,62.72
1982-03-26,62.59,62.66,61.69,61.84
1982-03-29,61.28,61.56,61.06,61.22
1982-03-30,61.38,61.62,60.91,60.97
1982-03-31,60.72,61.94,60.69,61.94
1982-04-01,61.94,62.22,61.66,62.09
1982-04-02,61.72,62.22,61.66,61.81
1982-04-05,62.03,62.38,61.25,61.31
1982-04-06,61.47,61.75,61.16,61.53
1982-04-07,61.69,61.72,61.25,61.44
1982-04-08,61.31,62.59,61.28,62.56
1982-04-12,63.03,63.56,62.75,63.53
1982-04-13,63.53,63.84,63.19,63.34
1982-04-14,63.09,63.31,62.78,62.94
1982-04-15,62.88,63.56,62.84,63.44
1982-04-16,63.44,64.56,63.41,64.19
1982-04-19,64.25,64.75,63.69,64.44
1982-04-20,64.66,64.72,63.69,63.88
1982-04-21,64.41,64.84,63.19,63.69
1982-04-22,63.72,64.06,63.38,64.06
1982-04-23,64.59,64.62,63.75,64.0
1982-04-26,63.97,64.41,63.62,64.31
1982-04-27,64.25,64.47,63.84,63.91
1982-04-28,63.66,63.91,63.5,63.56
1982-04-29,62.94,63.34,62.84,63.31
1982-04-30,63.41,63.5,63.16,63.19
1982-05-03,63.09,63.22,62.72,62.75
1982-05-04,62.53,63.41,62.47,63.31
1982-05-05,63.28,63.62,63.25,63.31
1982-05-06,63.75,64.62,63.69,64.59
1982-05-07,64.88,65.0,64.47,64.78
1982-05-10,64.66,64.75,64.28,64.53
1982-05-11,64.31,64.97,64.28,64.78
1982-05-12,64.78,65.16,63.84,64.09
1982-05-13,64.06,64.16,63.81,63.97
1982-05-14,64.09,64.62,64.0,64.31
1982-05-17,64.31,64.56,63.5,63.56
1982-05-18,63.38,64.09,63.19,63.97
1982-05-19,63.78,64.0,63.44,63.47
1982-05-20,63.78,64.5,63.72,64.38
1982-05-21,64.38,64.69,64.19,64.28
1982-05-24,64.22,64.5,64.06,64.22
1982-05-25,64.03,64.25,63.88,64.16
1982-05-26,64.34,64.47,63.59,63.62
1982-05-27,63.5,63.78,63.09,63.19
1982-05-28,63.09,63.34,62.78,62.84
1982-06-01,62.47,62.56,61.53,61.59
1982-06-02,61.81,62.0,61.62,61.84
1982-06-03,61.91,62.16,61.31,61.62
1982-06-04,61.56,61.59,61.09,61.28
1982-06-07,61.38,61.84,60.97,61.56
1982-06-08,61.41,61.66,61.25,61.31
1982-06-09,61.28,61.78,61.12,61.72
1982-06-10,61.53,61.66,61.34,61.38
1982-06-11,61.81,62.16,61.81,61.97
1982-06-14,61.34,61.38,60.53,60.62
1982-06-15,60.44,60.88,60.44,60.75
1982-06-16,60.78,60.81,60.41,60.53
1982-06-17,59.97,60.06,59.53,59.88
1982-06-18,59.84,60.0,59.25,59.31
1982-06-21,59.19,59.75,59.03,59.75
1982-06-22,59.69,60.0,59.25,59.44
1982-06-23,59.09,59.5,58.81,59.34
1982-06-24,59.41,59.84,58.97,59.31
1982-06-25,59.31,59.62,59.16,59.34
1982-06-28,59.44,59.72,59.12,59.69
1982-06-29,59.78,60.09,59.5,60.06
1982-06-30,60.5,60.81,60.31,60.69
1982-07-01,60.72,61.12,60.56,60.78
1982-07-02,60.47,60.59,60.0,60.16
1982-07-06,60.53,60.59,60.09,60.31
1982-07-07,60.03,60.78,59.88,60.69
1982-07-08,60.81,61.81,60.75,61.72
1982-07-09,62.25,62.47,61.91,62.25
1982-07-12,62.97,63.19,62.59,62.69
1982-07-13,62.34,62.44,61.84,61.97
1982-07-14,62.09,62.16,61.59,61.75
1982-07-15,62.03,62.41,61.97,62.12
1982-07-16,62.22,63.31,62.19,63.28
1982-07-19,63.47,63.69,63.16,63.28
1982-07-20,63.78,63.88,63.38,63.78
1982-07-21,63.94,63.97,63.28,63.38
1982-07-22,63.19,64.16,63.06,63.88
1982-07-23,64.09,64.12,63.53,63.62
1982-07-26,63.22,63.31,62.5,62.53
1982-07-27,62.31,62.97,62.25,62.5
1982-07-28,62.28,62.56,61.91,61.97
1982-07-29,62.16,62.75,62.03,62.5
1982-07-30,62.84,63.06,62.69,62.81
1982-08-02,63.59,64.12,63.5,64.03
1982-08-03,63.94,64.09,63.44,63.5
1982-08-04,63.53,63.69,63.19,63.53
1982-08-05,63.44,63.66,63.06,63.62
1982-08-06,63.31,63.41,62.59,62.69
1982-08-09,62.22,63.38,62.19,63.25
1982-08-10,63.12,63.69,63.03,63.25
1982-08-11,63.34,63.5,63.09,63.09
1982-08-12,63.16,64.22,63.09,64.16
1982-08-13,64.38,65.12,64.28,64.91
1982-08-16,65.56,66.56,65.44,65.53
1982-08-17,65.62,67.53,65.59,67.44
1982-08-18,69.03,69.44,68.03,68.41
1982-08-19,68.56,68.88,67.62,68.22
1982-08-20,69.03,69.38,68.78,69.0
1982-08-23,68.34,68.56,68.16,68.28
1982-08-24,68.34,69.25,68.22,69.09
1982-08-25,68.91,69.28,68.5,68.56
1982-08-26,68.47,69.69,67.88,67.91
1982-08-27,67.62,67.78,66.41,66.59
1982-08-30,66.53,67.22,66.28,67.06
1982-08-31,66.75,67.41,66.69,66.94
1982-09-01,66.91,67.66,66.88,67.38
1982-09-02,67.66,68.09,67.0,68.0
1982-09-03,68.16,69.84,67.97,68.66
1982-09-07,68.84,69.44,68.41,68.62
1982-09-08,68.47,69.09,66.91,66.91
1982-09-09,68.91,69.06,68.41,68.5
1982-09-10,68.12,68.16,67.19,67.28
1982-09-13,67.19,68.5,67.0,68.44
1982-09-14,68.72,69.03,68.16,68.56
1982-09-15,68.91,69.44,68.03,68.59
1982-09-16,68.62,68.91,68.16,68.62
1982-09-17,68.81,69.22,68.69,69.16
1982-09-20,69.0,69.91,68.62,69.62
1982-09-21,69.56,70.81,69.47,70.69
1982-09-22,70.84,71.47,70.38,70.44
1982-09-23,70.28,71.25,70.25,70.75
1982-09-24,70.5,70.56,69.78,70.31
1982-09-27,70.09,70.69,70.03,70.44
1982-09-28,70.91,71.41,70.78,71.03
1982-09-29,71.19,71.44,70.66,70.84
1982-09-30,70.56,71.56,70.44,71.06
1982-10-01,71.12,72.12,71.09,72.06
1982-10-04,71.22,71.31,70.41,70.5
1982-10-05,70.72,71.0,70.38,70.84
1982-10-06,71.03,71.94,71.0,71.84
1982-10-07,72.75,73.84,72.62,73.84
1982-10-08,74.28,75.69,74.06,74.69
1982-10-11,76.12,77.69,76.0,77.69
1982-10-12,77.84,78.38,77.09,77.19
1982-10-13,76.34,78.31,76.12,78.09
1982-10-14,77.88,78.38,76.88,76.97
1982-10-15,77.06,77.12,75.78,76.16
1982-10-18,76.47,77.38,76.41,77.25
1982-10-19,78.12,78.38,77.06,77.53
1982-10-20,77.34,77.5,76.62,77.09
1982-10-21,77.59,77.72,76.53,77.12
1982-10-22,77.06,77.12,76.25,76.34
1982-10-25,75.06,75.44,74.56,74.66
1982-10-26,74.91,75.69,74.5,75.25
1982-10-27,75.34,75.62,74.62,74.81
1982-10-28,74.94,75.72,74.88,75.53
1982-10-29,75.94,76.56,75.91,76.53
1982-11-01,76.62,78.0,76.53,77.78
1982-11-03,78.59,79.47,77.78,78.59
1982-11-04,78.62,79.28,78.09,79.09
1982-11-05,79.19,79.25,78.03,78.44
1982-11-08,78.0,78.41,77.69,78.0
1982-11-09,78.12,78.34,77.81,77.97
1982-11-10,78.31,78.56,77.97,78.03
1982-11-11,77.62,77.69,77.12,77.19
1982-11-12,77.12,77.84,77.06,77.56
1982-11-15,77.28,77.38,76.81,77.06
1982-11-16,76.31,76.75,76.12,76.31
1982-11-17,76.84,77.62,76.78,77.03
1982-11-18,76.91,78.25,76.72,78.19
1982-11-19,78.59,78.78,78.16,78.19
1982-11-22,77.97,78.62,77.5,77.56
1982-11-23,77.25,77.75,77.12,77.16
1982-11-24,77.28,77.59,76.91,77.0
1982-11-26,76.84,77.34,76.59,76.75
1982-11-29,76.72,76.84,75.06,75.09
1982-11-30,75.28,75.84,74.97,75.41
1982-12-01,75.81,76.12,75.19,75.69
1982-12-02,75.75,76.16,75.62,75.91
1982-12-03,76.53,77.56,76.47,77.22
1982-12-06,77.16,77.66,77.09,77.41
1982-12-07,77.88,78.06,77.03,77.16
1982-12-08,76.97,77.06,76.03,76.31
1982-12-09,76.19,76.56,76.03,76.5
1982-12-10,76.28,76.47,75.25,75.44
1982-12-13,75.5,76.31,75.31,76.0
1982-12-14,77.94,77.94,76.56,76.78
1982-12-15,76.38,76.75,76.19,76.41
1982-12-16,76.41,76.5,75.59,75.66
1982-12-17,75.62,76.0,75.09,75.94
1982-12-20,75.75,75.88,75.47,75.62
1982-12-21,74.78,76.16,74.69,76.06
1982-12-22,76.16,76.69,75.56,75.78
1982-12-23,75.84,76.44,75.72,76.28
1982-12-27,76.56,77.19,76.53,77.12
1982-12-28,76.75,77.38,76.66,77.06
1982-12-29,77.16,77.19,76.59,76.66
1982-12-30,76.66,76.88,76.53,76.62
1983-01-03,77.09,77.75,77.03,77.66
1983-01-04,77.41,77.47,76.81,77.12
1983-01-05,77.38,77.5,76.75,76.81
1983-01-06,76.97,77.06,76.44,76.69
1983-01-07,76.72,77.22,76.5,76.59
1983-01-10,76.41,76.53,76.22,76.47
1983-01-11,76.69,77.12,76.62,76.75
1983-01-12,76.53,77.06,76.5,77.0
1983-01-13,77.28,77.5,76.91,76.97
1983-01-14,77.06,77.38,76.78,76.84
1983-01-17,76.69,77.09,76.59,76.84
1983-01-18,76.69,76.81,76.38,76.5
1983-01-19,76.28,76.38,75.44,75.56
1983-01-20,75.47,75.84,75.44,75.72
1983-01-21,75.78,75.81,74.59,74.69
1983-01-24,74.12,74.47,73.81,74.0
1983-01-25,74.12,74.62,74.09,74.44
1983-01-26,74.5,74.56,73.31,73.75
1983-01-27,74.28,74.38,73.53,74.28
1983-01-28,74.38,74.53,73.81,73.88
1983-01-31,73.69,73.72,73.0,73.34
1983-02-01,73.28,73.84,73.0,73.38
1983-02-02,73.06,73.88,72.78,73.75
1983-02-03,73.81,74.19,73.25,73.31
1983-02-04,72.78,73.12,72.59,72.78
1983-02-07,73.03,73.38,72.94,73.03
1983-02-08,73.09,73.41,72.62,72.88
1983-02-09,72.72,72.94,72.56,72.88
1983-02-10,73.12,74.16,73.09,74.0
1983-02-11,74.47,74.94,74.06,74.12
1983-02-14,73.84,74.47,73.78,74.34
1983-02-15,74.53,74.69,73.94,73.97
1983-02-16,73.75,74.84,73.72,74.28
1983-02-17,74.5,75.12,74.38,75.03
1983-02-18,75.19,75.84,75.16,75.75
1983-02-22,76.09,76.84,76.06,76.72
1983-02-23,76.62,77.16,76.25,76.28
1983-02-24,76.5,76.78,76.28,76.62
1983-02-25,77.19,77.91,77.09,77.66
1983-02-28,77.81,77.94,77.25,77.31
1983-03-01,77.25,78.28,77.16,78.06
1983-03-02,78.31,78.38,77.44,77.78
1983-03-03,78.22,78.81,77.91,78.09
1983-03-04,78.22,78.31,77.59,77.81
1983-03-07,77.47,77.5,76.72,76.88
1983-03-08,76.94,77.03,76.19,76.31
1983-03-09,76.41,76.59,76.06,76.34
1983-03-10,76.5,76.59,75.88,75.97
1983-03-11,75.84,76.25,75.59,75.66
1983-03-14,75.78,76.31,75.69,76.25
1983-03-15,76.22,76.81,76.19,76.75
1983-03-16,76.47,76.81,76.19,76.22
1983-03-17,76.06,76.38,76.0,76.03
1983-03-18,76.12,76.31,75.88,76.25
1983-03-21,75.91,76.53,75.88,76.28
1983-03-22,76.12,76.31,76.03,76.06
1983-03-23,75.78,76.56,75.56,76.5
1983-03-24,76.72,76.88,76.31,76.47
1983-03-25,76.69,76.72,75.66,75.75
1983-03-28,75.66,76.0,75.56,75.84
1983-03-29,76.0,76.38,75.88,76.25
1983-03-30,76.41,76.62,76.19,76.25
1983-03-31,76.09,76.34,75.91,75.97
1983-04-04,76.0,76.38,75.97,76.22
1983-04-05,76.47,77.25,76.44,77.22
1983-04-06,77.5,77.59,77.09,77.31
1983-04-07,77.44,77.47,77.09,77.12
1983-04-08,77.12,77.22,76.91,77.0
1983-04-11,77.53,77.97,77.44,77.81
1983-04-12,78.03,78.12,77.53,77.62
1983-04-13,77.69,78.03,77.56,77.94
1983-04-14,78.0,78.72,77.88,78.66
1983-04-15,78.72,78.75,78.22,78.41
1983-04-18,78.62,78.84,78.31,78.78
1983-04-19,78.44,78.53,77.66,77.69
1983-04-20,77.78,77.88,77.25,77.75
1983-04-21,77.69,77.78,77.31,77.34
1983-04-22,77.25,77.62,77.03,77.5
1983-04-25,77.84,77.97,77.53,77.62
1983-04-26,77.56,77.94,77.38,77.94
1983-04-27,77.78,79.06,77.78,78.41
1983-04-28,78.22,78.75,78.09,78.59
1983-04-29,78.81,79.03,78.62,78.94
1983-05-02,79.22,79.31,78.66,78.84
1983-05-03,78.69,79.16,78.62,79.03
1983-05-04,79.19,79.78,79.09,79.69
1983-05-05,79.66,80.0,79.22,79.28
1983-05-06,79.34,79.81,79.12,79.59
1983-05-09,79.28,79.34,78.66,78.81
1983-05-10,79.0,79.47,78.81,79.38
1983-05-11,79.56,79.59,79.03,79.09
1983-05-12,79.03,79.09,78.53,78.59
1983-05-13,78.56,79.09,78.53,78.75
1983-05-16,78.09,78.19,77.5,77.53
1983-05-17,77.31,77.72,77.22,77.28
1983-05-18,77.38,77.56,77.12,77.16
1983-05-19,77.16,77.34,76.44,76.47
1983-05-20,76.62,76.84,76.06,76.31
1983-05-23,75.72,76.34,75.62,76.25
1983-05-24,76.28,76.5,75.94,76.47
1983-05-25,76.53,76.72,76.22,76.25
1983-05-26,76.22,76.38,75.78,75.91
1983-05-27,76.03,76.25,75.84,75.88
1983-05-31,75.38,75.44,74.62,74.66
1983-06-01,74.53,75.25,74.53,75.06
1983-06-02,75.44,75.75,75.03,75.16
1983-06-03,75.06,75.38,74.91,75.12
1983-06-06,74.84,75.59,74.84,75.56
1983-06-07,75.44,75.81,74.94,75.06
1983-06-08,75.03,75.19,74.56,74.72
1983-06-09,75.25,75.38,74.88,75.22
1983-06-10,75.47,75.53,74.97,75.09
1983-06-13,75.91,76.19,75.41,76.12
1983-06-14,75.94,76.09,75.72,75.84
1983-06-15,75.56,76.34,75.56,76.22
1983-06-16,76.44,76.91,76.22,76.81
1983-06-17,76.72,76.75,76.31,76.44
1983-06-20,76.5,76.5,75.88,75.91
1983-06-21,75.62,75.88,75.47,75.81
1983-06-22,75.28,75.38,74.88,75.0
1983-06-23,74.84,75.09,74.41,74.91
1983-06-24,74.81,74.84,73.84,73.94
1983-06-27,74.16,74.19,73.16,73.28
1983-06-28,73.56,74.09,73.5,73.69
1983-06-29,73.84,74.25,73.75,74.16
1983-06-30,74.34,74.69,74.25,74.44
1983-07-01,74.41,74.53,74.34,74.5
1983-07-05,73.22,73.31,72.59,72.78
1983-07-06,72.88,73.19,72.72,73.06
1983-07-07,72.34,72.72,72.16,72.47
1983-07-08,72.47,72.62,71.88,71.94
1983-07-11,72.34,72.75,72.28,72.41
1983-07-12,72.38,72.44,71.5,71.62
1983-07-13,71.47,72.09,71.44,71.78
1983-07-14,72.25,72.69,71.88,72.03
1983-07-15,71.88,71.91,71.25,71.69
1983-07-18,72.06,72.5,71.78,72.47
1983-07-19,72.5,72.91,72.41,72.62
1983-07-20,72.97,73.88,72.94,72.97
1983-07-21,72.88,73.06,72.5,72.53
1983-07-22,72.44,72.47,71.5,71.72
1983-07-25,71.22,72.44,71.19,72.38
1983-07-26,72.25,72.31,71.59,71.78
1983-07-27,71.88,72.06,71.5,71.69
1983-07-28,71.47,71.69,70.53,70.56
1983-07-29,70.53,70.75,69.19,69.94
1983-08-01,69.88,70.31,69.47,69.94
1983-08-02,69.59,70.25,69.5,70.19
1983-08-03,70.28,70.38,69.69,70.12
1983-08-04,70.19,70.25,68.5,68.91
1983-08-05,68.84,69.34,68.69,69.09
1983-08-08,68.94,69.09,68.25,68.69
1983-08-09,68.75,69.25,68.72,69.03
1983-08-10,68.91,69.06,68.31,68.81
1983-08-11,69.38,69.59,69.12,69.5
1983-08-12,69.97,70.34,69.72,70.22
1983-08-15,71.28,71.38,70.78,71.19
1983-08-16,70.94,71.59,70.88,71.28
1983-08-17,71.56,71.97,71.25,71.94
1983-08-18,71.72,72.22,71.38,71.41
1983-08-19,71.47,71.56,70.59,70.81
1983-08-22,71.81,72.56,71.78,72.5
1983-08-23,72.38,72.5,71.91,72.16
1983-08-24,72.34,72.69,72.16,72.44
1983-08-25,72.56,72.91,71.75,71.97
1983-08-26,71.84,72.06,71.44,72.06
1983-08-29,71.34,71.41,70.47,70.62
1983-08-30,70.69,70.91,70.09,70.16
1983-08-31,69.88,70.09,69.5,69.78
1983-09-01,70.03,70.31,69.78,69.94
1983-09-02,69.81,69.84,69.66,69.75
1983-09-06,71.0,71.12,70.62,70.72
1983-09-07,70.56,71.44,70.53,71.41
1983-09-08,71.69,71.72,71.16,71.22
1983-09-09,71.31,71.53,71.28,71.5
1983-09-12,72.88,72.94,72.0,72.12
1983-09-13,72.09,72.38,71.91,71.94
1983-09-14,71.84,71.84,71.19,71.22
1983-09-15,71.09,71.38,70.72,70.84
1983-09-16,71.06,71.81,71.03,71.75
1983-09-19,71.69,72.31,71.62,71.84
1983-09-20,72.41,72.53,72.06,72.28
1983-09-21,72.62,72.66,72.16,72.19
1983-09-22,71.34,72.03,71.0,71.91
1983-09-23,72.56,72.72,72.22,72.59
1983-09-26,72.91,73.12,72.59,72.91
1983-09-27,72.78,72.81,72.44,72.72
1983-09-28,72.97,73.0,72.44,72.5
1983-09-29,72.25,72.56,72.09,72.53
1983-09-30,72.66,72.88,72.56,72.72
1983-10-03,72.81,72.88,72.38,72.56
1983-10-04,72.44,72.91,72.34,72.53
1983-10-05,72.88,73.28,72.75,73.25
1983-10-06,73.22,73.5,73.09,73.28
1983-10-07,73.31,73.34,72.97,72.97
1983-10-10,72.31,72.62,72.22,72.53
1983-10-11,72.41,72.47,71.56,71.59
1983-10-12,71.41,71.69,71.31,71.44
1983-10-13,71.56,71.66,70.97,71.16
1983-10-14,71.38,71.62,71.31,71.59
1983-10-17,72.03,72.22,71.69,72.22
1983-10-18,72.06,72.44,71.84,71.88
1983-10-19,71.78,72.38,71.72,72.22
1983-10-20,72.03,72.38,71.84,72.25
1983-10-21,72.12,72.72,72.09,72.5
1983-10-24,71.34,71.41,71.0,71.09
1983-10-25,71.16,71.19,70.56,70.91
1983-10-26,71.03,71.12,70.62,71.09
1983-10-27,70.75,71.28,70.69,71.16
1983-10-28,71.22,71.31,70.91,70.94
1983-10-31,70.84,71.16,70.66,70.69
1983-11-01,70.53,70.88,70.44,70.84
1983-11-02,70.88,71.0,70.62,70.81
1983-11-03,70.66,70.81,70.25,70.44
1983-11-04,70.09,70.16,69.84,69.97
1983-11-07,69.84,70.12,69.81,70.09
1983-11-08,70.22,70.28,70.16,70.22
1983-11-09,70.22,70.44,70.16,70.28
1983-11-10,70.38,70.97,70.31,70.94
1983-11-11,71.41,71.66,71.22,71.66
1983-11-14,71.44,71.5,71.12,71.19
1983-11-15,70.94,71.12,70.75,71.03
1983-11-16,71.16,71.44,70.91,70.94
1983-11-17,70.75,70.94,70.66,70.84
1983-11-18,70.78,70.91,70.59,70.75
1983-11-21,70.94,71.28,70.84,71.25
1983-11-22,71.47,71.81,71.34,71.78
1983-11-23,71.59,71.75,71.53,71.66
1983-11-25,71.72,71.94,71.69,71.91
1983-11-28,71.69,71.75,71.31,71.44
1983-11-29,71.38,71.94,71.25,71.94
1983-11-30,71.84,72.09,71.56,71.62
1983-12-01,71.5,71.72,71.41,71.62
1983-12-02,71.31,71.34,70.81,70.84
1983-12-05,70.53,70.91,70.5,70.91
1983-12-06,70.88,71.03,70.72,70.84
1983-12-07,70.62,70.84,70.56,70.69
1983-12-08,70.53,70.56,70.03,70.09
1983-12-09,70.12,70.25,69.97,70.06
1983-12-12,70.06,70.41,69.91,70.28
1983-12-13,69.72,69.81,69.59,69.69
1983-12-14,69.69,69.94,69.53,69.59
1983-12-15,69.5,69.91,69.5,69.72
1983-12-16,70.03,70.25,69.94,70.22
1983-12-19,70.22,70.31,70.0,70.16
1983-12-20,70.38,70.47,70.28,70.28
1983-12-21,69.72,69.91,69.5,69.66
1983-12-22,69.78,70.12,69.78,70.09
1983-12-23,70.09,70.19,69.88,70.0
1983-12-27,70.22,70.5,70.09,70.41
1983-12-28,70.28,70.31,69.97,70.03
1983-12-29,70.31,70.47,70.06,70.22
1983-12-30,70.06,70.16,69.94,70.03
1984-01-03,69.75,69.81,69.53,69.69
1984-01-04,69.53,70.25,69.5,70.19
1984-01-05,70.41,70.56,70.03,70.16
1984-01-06,70.0,70.44,69.97,70.38
1984-01-09,70.03,70.5,70.0,70.34
1984-01-10,70.62,70.78,70.56,70.69
1984-01-11,70.47,70.62,70.44,70.5
1984-01-12,70.47,70.56,70.38,70.44
1984-01-13,70.94,71.62,70.91,71.47
1984-01-16,71.31,71.75,71.31,71.66
1984-01-17,71.69,71.72,71.41,71.5
1984-01-18,71.38,71.53,71.12,71.28
1984-01-19,71.22,71.5,71.16,71.44
1984-01-20,71.31,71.38,71.06,71.19
1984-01-23,71.09,71.41,71.06,71.25
1984-01-24,71.22,71.41,71.16,71.22
1984-01-25,71.25,71.31,70.97,71.06
1984-01-26,71.12,71.22,71.0,71.16
1984-01-27,71.25,71.31,71.09,71.12
1984-01-30,71.28,71.31,70.88,70.91
1984-01-31,70.81,71.0,70.72,70.81
1984-02-01,70.81,70.97,70.72,70.94
1984-02-02,71.09,71.44,71.03,71.41
1984-02-03,71.31,71.38,71.22,71.25
1984-02-06,70.97,71.03,70.72,70.91
1984-02-07,70.88,70.91,70.62,70.78
1984-02-08,70.72,70.84,70.5,70.69
1984-02-09,70.41,70.56,70.31,70.5
1984-02-10,70.34,70.38,70.03,70.06
1984-02-13,69.97,70.0,69.69,69.72
1984-02-14,69.66,70.06,69.59,69.88
1984-02-15,69.81,70.19,69.81,70.03
1984-02-16,69.84,70.12,69.81,69.94
1984-02-17,69.62,69.78,69.38,69.41
1984-02-21,69.38,69.59,69.28,69.56
1984-02-22,69.66,69.69,69.38,69.38
1984-02-23,68.97,69.09,68.56,68.62
1984-02-24,68.94,69.06,68.81,69.0
1984-02-27,69.06,69.12,68.62,68.69
1984-02-28,68.56,68.81,68.31,68.44
1984-02-29,68.66,69.03,68.62,68.84
1984-03-01,68.56,68.78,68.38,68.75
1984-03-02,69.16,69.34,69.09,69.19
1984-03-05,69.09,69.12,68.69,68.72
1984-03-06,68.5,68.84,68.38,68.47
1984-03-07,68.53,68.59,67.72,67.88
1984-03-08,67.75,67.91,67.5,67.75
1984-03-09,67.41,67.81,67.22,67.75
1984-03-12,67.59,68.12,67.59,67.81
1984-03-13,67.94,68.19,67.62,67.62
1984-03-14,67.34,67.59,67.09,67.5
1984-03-15,67.38,67.62,67.31,67.44
1984-03-16,67.97,68.06,67.19,67.22
1984-03-19,66.94,67.03,66.5,66.66
1984-03-20,66.38,67.0,66.34,66.88
1984-03-21,66.78,67.12,66.78,66.97
1984-03-22,65.97,66.22,65.78,66.16
1984-03-23,66.38,66.47,66.03,66.19
1984-03-26,66.41,66.59,66.31,66.44
1984-03-27,66.78,66.81,66.34,66.34
1984-03-28,66.41,66.78,66.19,66.75
1984-03-29,66.75,67.03,66.66,66.94
1984-03-30,66.44,66.59,66.19,66.22
1984-04-02,66.41,66.69,66.09,66.16
1984-04-03,65.91,66.09,65.56,65.75
1984-04-04,65.69,65.91,65.41,65.56
1984-04-05,65.81,65.94,65.44,65.66
1984-04-06,66.16,66.34,66.03,66.31
1984-04-09,66.34,66.69,66.16,66.59
1984-04-10,66.75,66.78,66.31,66.34
1984-04-11,66.41,66.5,66.22,66.44
1984-04-12,66.78,66.91,66.66,66.91
1984-04-13,66.97,67.0,66.03,66.06
1984-04-16,65.88,65.94,65.44,65.62
1984-04-17,65.81,65.94,65.69,65.91
1984-04-18,65.78,65.81,65.16,65.19
1984-04-19,64.84,65.06,64.72,64.94
1984-04-23,65.12,65.31,64.88,64.91
1984-04-24,64.97,65.25,64.66,65.25
1984-04-25,65.12,65.44,65.09,65.38
1984-04-26,65.44,65.69,65.41,65.56
1984-04-27,65.31,65.38,64.81,64.97
1984-04-30,64.69,64.84,64.53,64.69
1984-05-01,64.81,64.97,64.69,64.72
1984-05-02,64.47,64.53,64.38,64.5
1984-05-03,64.56,64.69,64.31,64.38
1984-05-04,64.12,64.19,63.47,63.56
1984-05-07,63.44,63.59,63.16,63.22
1984-05-08,63.06,63.66,63.06,63.53
1984-05-09,63.28,63.53,62.72,62.75
1984-05-10,62.62,63.19,62.47,62.66
1984-05-11,62.25,62.44,60.66,61.44
1984-05-14,61.84,62.12,60.72,61.28
1984-05-15,61.03,61.97,60.94,61.84
1984-05-16,62.03,62.56,61.59,62.31
1984-05-17,62.0,62.12,61.5,61.59
1984-05-18,61.66,62.34,61.59,62.03
1984-05-21,62.22,62.66,62.0,62.09
1984-05-22,61.78,61.94,61.62,61.78
1984-05-23,61.94,62.09,61.69,61.75
1984-05-24,61.28,61.41,60.56,60.81
1984-05-25,61.16,61.19,60.34,60.84
1984-05-29,61.0,61.06,60.31,60.41
1984-05-30,60.16,60.34,59.5,59.97
1984-05-31,60.16,60.59,60.06,60.16
1984-06-01,60.44,61.72,60.34,61.59
1984-06-04,61.88,62.47,61.69,62.44
1984-06-05,62.25,62.5,61.88,62.41
1984-06-06,62.16,62.47,61.72,61.88
1984-06-07,61.56,61.75,61.19,61.69
1984-06-08,61.72,62.06,61.47,61.91
1984-06-11,61.81,61.91,61.34,61.41
1984-06-12,61.5,61.75,61.25,61.72
1984-06-13,62.09,62.47,61.94,62.38
1984-06-14,62.19,62.88,62.12,62.66
1984-06-15,63.19,63.66,63.12,63.66
1984-06-18,63.34,63.62,62.97,63.5
1984-06-19,63.25,63.34,62.84,62.94
1984-06-20,61.69,61.91,61.19,61.59
1984-06-21,60.78,60.94,60.31,60.41
1984-06-22,60.12,60.38,59.94,60.22
1984-06-25,60.53,60.62,60.25,60.34
1984-06-26,60.31,60.38,59.94,60.06
1984-06-27,60.41,60.59,60.09,60.12
1984-06-28,60.09,60.12,59.72,59.88
1984-06-29,59.69,59.81,59.5,59.62
1984-07-02,59.5,59.72,59.38,59.69
1984-07-03,59.59,60.53,59.53,60.5
1984-07-05,60.62,60.97,60.16,60.62
1984-07-06,60.03,60.69,59.91,60.66
1984-07-09,60.81,62.25,60.78,62.12
1984-07-10,62.19,62.62,61.81,61.97
1984-07-11,61.75,62.41,61.62,61.66
1984-07-12,62.0,62.56,61.94,62.53
1984-07-13,63.09,63.47,62.78,62.97
1984-07-16,63.0,63.47,62.62,62.88
1984-07-17,62.56,62.66,62.28,62.5
1984-07-18,62.41,62.78,62.34,62.72
1984-07-19,62.91,63.16,62.69,62.94
1984-07-20,63.12,63.28,62.19,62.19
1984-07-23,61.81,62.69,61.66,62.59
1984-07-24,63.19,63.25,62.59,62.66
1984-07-25,62.75,64.47,62.5,64.22
1984-07-26,64.03,64.84,63.88,64.59
1984-07-27,64.38,64.78,64.16,64.28
1984-07-30,64.0,64.12,63.69,63.78
1984-07-31,63.97,64.56,63.88,64.5
1984-08-01,64.66,65.44,64.28,64.84
1984-08-02,65.03,65.44,65.0,65.19
1984-08-03,66.12,66.22,65.62,65.97
1984-08-06,65.66,65.75,65.16,65.19
1984-08-07,65.03,65.81,64.94,65.44
1984-08-08,65.75,65.97,65.47,65.62
1984-08-09,65.44,66.41,65.38,66.12
1984-08-10,66.62,66.72,65.66,65.72
1984-08-13,65.34,65.53,65.09,65.44
1984-08-14,65.81,65.91,65.16,65.56
1984-08-15,65.62,65.94,65.09,65.22
1984-08-16,64.91,65.88,64.84,65.75
1984-08-17,65.81,66.25,65.5,66.06
1984-08-20,65.84,66.41,65.75,66.31
1984-08-21,66.25,66.75,66.16,66.72
1984-08-22,66.66,66.91,66.16,66.19
1984-08-23,66.16,66.25,65.81,66.03
1984-08-24,66.09,66.16,65.97,66.12
1984-08-27,65.81,65.88,65.22,65.31
1984-08-28,65.41,65.69,65.28,65.56
1984-08-29,65.66,65.69,65.28,65.41
1984-08-30,65.25,65.62,65.19,65.59
1984-08-31,65.34,65.91,65.31,65.81
1984-09-04,65.59,65.69,65.22,65.47
1984-09-05,65.09,65.44,65.0,65.38
1984-09-06,65.44,66.5,65.38,66.31
1984-09-07,66.66,67.0,66.34,66.62
1984-09-10,66.22,67.16,66.12,67.12
1984-09-11,67.31,67.81,67.25,67.44
1984-09-12,67.09,67.66,67.06,67.44
1984-09-13,67.75,68.06,67.72,68.03
1984-09-14,68.84,69.03,68.09,68.09
1984-09-17,67.88,68.34,67.78,68.31
1984-09-18,68.47,68.59,68.09,68.5
1984-09-19,68.62,69.19,68.34,69.09
1984-09-20,68.34,68.75,68.12,68.5
1984-09-21,68.06,68.09,67.59,67.69
1984-09-24,67.34,67.5,67.16,67.31
1984-09-25,67.34,67.66,66.94,66.94
1984-09-26,67.34,67.56,67.16,67.34
1984-09-27,67.5,68.31,67.47,68.31
1984-09-28,67.94,67.97,67.16,67.22
1984-10-01,67.12,67.16,66.72,66.88
1984-10-02,66.66,67.06,66.62,66.88
1984-10-03,67.12,67.28,66.56,66.62
1984-10-04,66.75,67.0,66.53,66.84
1984-10-05,66.94,67.72,66.84,67.56
1984-10-08,67.59,67.81,67.56,67.69
1984-10-09,67.88,68.25,67.56,67.62
1984-10-10,68.06,68.19,67.34,67.53
1984-10-11,67.47,67.94,67.41,67.84
1984-10-12,67.94,68.28,67.91,68.09
1984-10-15,67.78,68.47,67.56,67.69
1984-10-16,67.75,68.0,67.56,67.78
1984-10-17,67.97,68.38,67.75,68.28
1984-10-18,68.66,69.5,68.5,69.44
1984-10-19,69.91,70.5,69.81,70.28
1984-10-22,70.12,70.66,70.0,70.62
1984-10-23,71.03,71.41,70.59,70.81
1984-10-24,70.94,71.0,70.5,70.91
1984-10-25,70.62,70.88,70.25,70.41
1984-10-26,69.94,70.03,69.56,69.81
1984-10-29,69.78,70.16,69.78,69.97
1984-10-30,70.12,71.19,70.09,71.16
1984-10-31,71.12,71.5,70.75,70.78
1984-11-01,70.84,71.59,70.81,71.53
1984-11-02,71.22,71.47,70.75,71.28
1984-11-05,71.44,71.84,71.06,71.78
1984-11-06,71.69,71.91,71.66,71.75
1984-11-07,71.5,71.72,70.84,70.88
1984-11-08,70.5,70.62,70.12,70.22
1984-11-09,70.66,71.16,70.59,70.94
1984-11-12,71.09,71.12,70.78,70.88
1984-11-13,70.59,70.69,70.22,70.34
1984-11-14,70.22,70.47,69.91,70.16
1984-11-15,69.81,70.81,69.75,70.59
1984-11-16,70.81,71.28,70.62,70.81
1984-11-19,71.41,71.53,71.03,71.19
1984-11-20,71.69,71.88,71.41,71.56
1984-11-21,71.66,72.34,71.44,72.28
1984-11-23,72.72,73.41,72.66,73.25
1984-11-26,73.22,73.53,73.0,73.03
1984-11-27,72.97,73.31,72.84,73.22
1984-11-28,73.28,73.38,72.53,72.59
1984-11-29,72.81,72.84,72.38,72.44
1984-11-30,72.25,72.38,71.62,71.62
1984-12-03,71.5,72.09,71.5,71.78
1984-12-04,72.0,72.19,71.84,72.06
1984-12-05,72.28,72.47,71.94,71.94
1984-12-06,71.81,71.88,71.5,71.59
1984-12-07,71.47,71.62,70.94,70.94
1984-12-10,70.97,71.44,70.91,71.41
1984-12-11,71.69,72.12,71.56,71.81
1984-12-12,72.0,72.31,71.88,72.03
1984-12-13,71.81,72.0,71.28,71.28
1984-12-14,71.44,72.53,71.09,72.09
1984-12-17,72.09,72.72,72.09,72.47
1984-12-18,73.16,73.72,73.09,73.69
1984-12-19,73.5,73.53,73.12,73.25
1984-12-20,72.08,72.08,72.08,72.08
1984-12-21,72.11,72.11,72.11,72.11
1984-12-24,70.25,70.38,70.19,70.25
1984-12-26,72.5,72.53,71.62,71.72
1984-12-27,71.59,71.88,71.47,71.56
1984-12-28,71.5,71.72,71.38,71.53
1984-12-31,71.34,71.47,71.0,71.06
1985-01-02,71.0,71.06,70.28,70.34
1985-01-03,70.12,70.88,70.09,70.66
1985-01-04,70.94,70.97,70.06,70.31
1985-01-07,70.94,71.56,70.91,71.44
1985-01-08,71.44,71.81,71.22,71.72
1985-01-09,71.69,71.97,71.5,71.56
1985-01-10,71.44,71.5,71.09,71.44
1985-01-11,71.34,71.5,70.66,70.78
1985-01-14,70.56,70.75,70.28,70.5
1985-01-15,71.09,71.38,70.78,70.94
1985-01-16,70.69,70.91,70.53,70.78
1985-01-17,70.84,71.16,70.72,70.84
1985-01-18,71.31,71.56,71.22,71.41
1985-01-21,71.38,71.44,71.28,71.34
1985-01-22,71.31,72.22,71.28,72.22
1985-01-23,72.34,72.72,72.34,72.44
1985-01-24,72.44,73.62,72.25,73.59
1985-01-25,73.5,73.97,73.25,73.34
1985-01-28,73.25,73.78,73.09,73.44
1985-01-29,73.06,73.72,73.03,73.59
1985-01-30,73.97,74.22,73.41,73.5
1985-01-31,73.41,73.66,72.97,73.19
1985-02-01,72.84,72.91,72.31,72.44
1985-02-04,72.06,72.59,72.03,72.41
1985-02-05,72.66,72.84,72.47,72.69
1985-02-06,72.81,72.88,72.12,72.12
1985-02-07,72.25,72.41,71.66,71.84
1985-02-08,71.56,72.38,71.47,72.22
1985-02-11,72.25,72.56,71.69,71.81
1985-02-12,71.69,71.84,71.62,71.81
1985-02-13,71.84,72.09,71.66,71.84
1985-02-14,72.22,72.56,72.09,72.5
1985-02-15,72.5,72.56,71.66,71.69
1985-02-19,71.69,71.94,71.59,71.81
1985-02-20,71.44,71.47,70.81,70.88
1985-02-21,70.47,70.5,70.09,70.31
1985-02-22,70.53,70.72,69.38,69.81
1985-02-25,69.75,69.94,69.25,69.78
1985-02-26,70.03,70.28,69.59,70.25
1985-02-27,69.72,69.94,69.12,69.16
1985-02-28,69.22,69.44,68.72,68.88
1985-03-01,68.56,69.41,68.47,69.28
1985-03-04,69.28,69.56,68.59,68.69
1985-03-05,69.03,69.28,68.88,69.22
1985-03-06,69.38,69.53,68.75,68.78
1985-03-07,68.44,68.69,68.25,68.62
1985-03-08,69.22,69.84,69.19,69.81
1985-03-11,70.03,70.06,69.62,69.88
1985-03-12,69.5,69.75,69.44,69.75
1985-03-13,69.19,69.41,69.09,69.22
1985-03-14,68.97,69.25,68.81,69.22
1985-03-15,69.34,69.59,69.03,69.06
1985-03-18,69.19,69.25,68.47,68.5
1985-03-19,68.28,68.84,68.28,68.84
1985-03-20,69.38,69.41,69.09,69.09
1985-03-21,68.47,68.84,68.22,68.66
1985-03-22,68.47,68.59,68.25,68.28
1985-03-25,68.22,68.69,68.16,68.62
1985-03-26,68.84,69.31,68.62,69.28
1985-03-27,68.72,69.06,68.59,68.75
1985-03-28,68.5,69.28,68.44,69.0
1985-03-29,69.19,69.75,69.09,69.72
1985-04-01,69.5,69.81,69.41,69.53
1985-04-02,69.38,69.53,69.19,69.34
1985-04-03,69.41,69.5,69.19,69.28
1985-04-04,69.25,69.28,68.72,69.0
1985-04-08,68.97,69.62,68.84,68.88
1985-04-09,68.84,69.59,68.75,69.53
1985-04-10,69.81,70.38,69.72,70.16
1985-04-11,70.56,71.16,70.53,70.81
1985-04-12,71.09,71.12,70.66,70.75
1985-04-15,70.94,71.12,70.56,70.97
1985-04-16,71.12,71.69,71.09,71.69
1985-04-17,71.47,71.75,71.09,71.38
1985-04-18,72.06,72.53,72.03,72.22
1985-04-19,72.12,72.47,71.81,72.03
1985-04-22,72.22,72.31,71.84,72.22
1985-04-23,71.94,72.06,71.25,71.38
1985-04-24,71.44,71.5,71.12,71.25
1985-04-25,70.91,70.97,70.59,70.81
1985-04-26,70.56,71.03,70.47,71.0
1985-04-29,70.5,70.66,70.31,70.38
1985-04-30,70.56,71.0,70.47,70.75
1985-05-01,70.81,71.34,70.66,71.19
1985-05-02,71.06,71.5,70.97,71.5
1985-05-03,71.91,72.31,71.78,71.88
1985-05-06,71.94,72.06,71.72,71.97
1985-05-07,72.19,72.59,71.97,72.03
1985-05-08,71.81,71.91,71.34,71.41
1985-05-09,71.56,72.06,71.47,72.06
1985-05-10,72.69,73.03,72.44,72.94
1985-05-13,73.06,73.06,72.72,72.84
1985-05-14,72.91,73.84,72.84,73.72
1985-05-15,73.84,74.31,73.5,73.56
1985-05-16,73.44,74.25,73.38,74.12
1985-05-17,73.84,73.97,73.62,73.62
1985-05-20,75.12,75.84,74.88,75.44
1985-05-21,75.09,75.34,74.97,75.25
1985-05-22,75.34,75.44,74.78,74.91
1985-05-23,74.66,75.12,74.59,75.09
1985-05-24,75.19,75.47,75.16,75.38
1985-05-28,75.88,76.5,75.84,76.38
1985-05-29,76.06,76.34,75.97,76.28
1985-05-30,76.41,76.78,76.06,76.78
1985-05-31,76.59,77.44,76.44,77.34
1985-06-03,77.97,79.31,77.94,78.66
1985-06-04,78.31,78.94,78.28,78.69
1985-06-05,80.25,80.34,79.41,79.91
1985-06-06,79.19,79.78,79.09,79.44
1985-06-07,78.75,78.88,77.53,77.66
1985-06-10,77.66,78.0,77.41,77.97
1985-06-11,78.28,78.72,78.19,78.59
1985-06-12,78.75,79.06,78.22,78.28
1985-06-13,78.0,78.62,77.69,78.0
1985-06-14,78.72,79.62,78.69,79.34
1985-06-17,79.78,80.06,79.28,79.44
1985-06-18,79.66,80.19,79.38,80.09
1985-06-19,79.69,79.81,79.44,79.56
1985-06-20,77.5,77.88,76.72,77.06
1985-06-21,76.53,76.62,75.62,76.12
1985-06-24,75.69,75.88,75.38,75.66
1985-06-25,75.22,75.78,75.12,75.5
1985-06-26,75.62,75.97,75.41,75.44
1985-06-27,76.19,76.62,75.88,76.44
1985-06-28,76.81,77.28,76.75,77.06
1985-07-01,77.53,77.81,77.25,77.5
1985-07-02,77.19,77.69,77.09,77.31
1985-07-03,77.53,77.72,77.12,77.25
1985-07-05,78.56,79.12,78.44,79.0
1985-07-08,78.69,78.91,78.16,78.31
1985-07-09,77.84,78.72,77.81,78.31
1985-07-10,78.47,78.56,77.94,78.0
1985-07-11,77.78,77.84,77.09,77.19
1985-07-12,77.28,77.56,76.72,77.44
1985-07-15,77.16,77.56,77.0,77.38
1985-07-16,77.41,77.78,77.28,77.75
1985-07-17,78.28,78.38,77.5,78.03
1985-07-18,77.97,78.0,76.53,76.56
1985-07-19,76.84,76.91,76.12,76.44
1985-07-22,75.94,76.12,75.56,75.84
1985-07-23,75.66,76.06,75.59,75.94
1985-07-24,76.22,76.34,75.56,75.59
1985-07-25,75.47,75.56,75.19,75.41
1985-07-26,75.06,75.34,74.78,75.06
1985-07-29,74.53,74.72,74.12,74.62
1985-07-30,74.53,74.97,74.19,74.66
1985-07-31,74.88,75.22,74.5,75.19
1985-08-01,75.59,75.88,75.41,75.84
1985-08-02,75.5,75.53,74.75,74.78
1985-08-05,74.69,75.16,74.56,75.12
1985-08-06,75.41,75.47,74.91,74.97
1985-08-07,74.84,75.59,74.75,75.5
1985-08-08,75.66,76.41,75.53,76.25
1985-08-09,75.91,76.69,75.81,76.41
1985-08-12,76.69,76.78,76.03,76.38
1985-08-13,76.03,76.06,75.59,75.72
1985-08-14,75.53,76.25,75.5,76.22
1985-08-15,76.34,76.62,75.97,76.12
1985-08-16,75.84,76.81,75.62,76.75
1985-08-19,76.66,77.19,76.59,77.09
1985-08-20,76.88,77.34,76.53,77.31
1985-08-21,77.47,77.75,77.25,77.72
1985-08-22,77.94,78.31,77.72,77.78
1985-08-23,77.81,77.94,77.62,77.72
1985-08-26,77.53,77.56,77.16,77.47
1985-08-27,77.56,78.12,77.5,78.09
1985-08-28,78.12,78.28,77.81,77.84
1985-08-29,78.22,78.28,77.91,78.06
1985-08-30,77.78,77.84,77.03,77.12
1985-09-03,76.97,77.44,76.88,77.41
1985-09-04,77.81,78.06,77.59,77.78
1985-09-05,77.66,77.66,77.06,77.19
1985-09-06,76.22,76.44,75.38,75.5
1985-09-09,75.47,75.91,75.38,75.44
1985-09-10,75.78,75.91,75.34,75.62
1985-09-11,75.47,75.75,75.16,75.59
1985-09-12,75.53,75.78,75.41,75.56
1985-09-13,75.84,76.78,75.66,76.41
1985-09-16,76.69,76.91,76.5,76.72
1985-09-17,76.84,77.0,76.16,76.19
1985-09-18,76.34,76.34,76.0,76.16
1985-09-19,76.03,76.5,76.03,76.34
1985-09-20,75.44,75.66,75.25,75.44
1985-09-23,76.0,76.09,74.97,75.03
1985-09-24,74.84,75.56,74.75,75.41
1985-09-25,75.28,75.88,75.22,75.62
1985-09-26,76.09,76.16,75.56,76.06
1985-09-27,75.25,75.78,75.19,75.56
1985-09-30,75.28,75.62,75.16,75.59
1985-10-01,75.47,75.75,75.34,75.72
1985-10-02,75.84,76.25,75.0,75.06
1985-10-03,75.44,75.5,75.12,75.34
1985-10-04,75.81,75.84,74.84,75.0
1985-10-07,74.81,74.94,74.34,74.62
1985-10-08,74.69,75.0,74.47,74.91
1985-10-09,75.06,75.25,74.72,74.75
1985-10-10,74.69,75.19,74.56,75.09
1985-10-11,75.41,75.47,75.03,75.12
1985-10-14,75.16,75.44,75.12,75.41
1985-10-15,75.47,75.62,75.28,75.59
1985-10-16,75.56,75.97,75.53,75.94
1985-10-17,75.94,76.41,75.78,76.41
1985-10-18,76.5,76.94,76.44,76.69
1985-10-21,76.69,76.75,76.56,76.72
1985-10-22,76.66,77.53,76.62,77.28
1985-10-23,77.44,77.47,76.84,77.25
1985-10-24,76.97,77.31,76.78,77.09
1985-10-25,76.81,76.84,76.5,76.62
1985-10-28,76.41,76.59,76.12,76.25
1985-10-29,76.56,77.81,76.47,77.75
1985-10-30,78.44,79.06,78.34,78.44
1985-10-31,78.34,78.66,78.16,78.53
1985-11-01,77.97,79.09,77.88,78.72
1985-11-04,78.62,78.88,78.41,78.81
1985-11-05,78.53,79.47,78.5,79.19
1985-11-06,79.28,79.69,78.97,79.0
1985-11-07,79.41,79.47,78.75,79.19
1985-11-08,79.28,79.78,79.12,79.66
1985-11-11,79.47,79.66,79.47,79.56
1985-11-12,79.69,80.62,79.59,80.59
1985-11-13,80.44,80.69,80.12,80.19
1985-11-14,79.91,80.12,79.75,79.84
1985-11-15,79.22,79.66,79.19,79.47
1985-11-18,79.88,80.94,79.84,80.91
1985-11-19,80.97,81.56,80.72,80.94
1985-11-20,80.72,81.09,80.56,81.0
1985-11-21,81.75,82.0,81.28,81.44
1985-11-22,81.34,81.47,80.81,80.84
1985-11-25,80.62,80.88,80.5,80.69
1985-11-26,80.78,81.09,80.69,80.81
1985-11-27,80.62,81.5,80.59,81.28
1985-11-29,81.62,81.88,81.5,81.66
1985-12-02,81.53,82.16,80.75,80.84
1985-12-03,80.75,80.97,80.44,80.94
1985-12-04,81.06,81.5,80.88,81.44
1985-12-05,81.28,81.56,81.09,81.31
1985-12-06,81.06,81.59,80.84,81.22
1985-12-09,81.94,82.53,81.69,82.5
1985-12-10,82.97,83.5,82.78,83.31
1985-12-11,83.69,84.53,83.59,84.34
1985-12-12,84.25,84.72,83.62,83.88
1985-12-13,84.25,84.59,84.19,84.41
1985-12-16,84.41,85.25,81.47,85.09
1985-12-17,85.78,86.19,85.59,85.81
1985-12-18,85.69,85.75,85.03,85.28
1985-12-19,85.09,85.81,84.75,85.81
1985-12-20,84.03,85.41,83.84,84.91
1985-12-23,84.5,85.0,84.41,84.56
1985-12-24,84.78,84.88,84.66,84.78
1985-12-26,84.72,85.47,84.69,85.03
1985-12-27,85.38,85.78,85.16,85.31
1985-12-30,85.59,85.72,85.09,85.16
1985-12-31,85.25,85.34,85.12,85.22
1986-01-02,84.97,85.44,84.72,85.0
1986-01-03,84.72,85.31,84.66,84.94
1986-01-06,84.78,85.19,84.75,84.88
1986-01-07,85.38,86.19,85.31,86.16
1986-01-08,86.06,86.41,84.28,84.34
1986-01-09,83.78,83.88,83.0,83.59
1986-01-10,83.44,83.84,83.03,83.12
1986-01-13,82.38,82.56,81.75,81.78
1986-01-14,82.47,82.69,82.09,82.56
1986-01-15,82.81,83.59,82.5,83.28
1986-01-16,83.72,83.84,82.72,83.34
1986-01-17,83.69,84.19,83.56,83.72
1986-01-20,82.53,83.59,82.47,83.53
1986-01-21,84.0,84.19,83.56,83.88
1986-01-22,84.38,84.41,83.25,83.31
1986-01-23,83.41,83.75,83.09,83.66
1986-01-24,83.34,83.72,83.28,83.62
1986-01-27,84.22,84.66,84.0,84.62
1986-01-28,85.0,85.38,84.69,85.34
1986-01-29,85.31,85.62,84.78,84.91
1986-01-30,84.94,85.22,84.69,84.81
1986-01-31,84.78,85.59,84.72,85.16
1986-02-03,85.44,85.88,85.22,85.81
1986-02-04,86.22,86.72,86.09,86.41
1986-02-05,86.31,86.66,85.78,85.88
1986-02-06,85.94,85.97,85.03,85.34
1986-02-07,84.22,84.84,83.88,84.66
1986-02-10,84.75,85.47,84.66,85.44
1986-02-11,85.78,86.16,85.69,86.16
1986-02-12,85.88,86.47,85.78,86.28
1986-02-13,86.59,86.88,86.41,86.81
1986-02-14,87.53,88.31,87.28,88.22
1986-02-18,88.69,88.81,87.84,88.56
1986-02-19,87.84,89.0,87.81,88.03
1986-02-20,88.0,88.41,87.72,88.38
1986-02-21,89.16,90.31,89.0,90.19
1986-02-24,90.34,92.12,89.88,91.44
1986-02-25,91.09,91.69,90.94,91.47
1986-02-26,91.22,92.34,91.19,92.28
1986-02-27,93.22,94.28,93.0,94.28
1986-02-28,97.0,97.0,94.0,94.81
1986-03-03,94.75,96.22,94.38,96.06
1986-03-04,97.31,97.69,96.16,96.19
1986-03-05,95.5,96.12,93.69,94.19
1986-03-06,96.28,96.41,94.03,94.19
1986-03-07,94.28,95.06,93.0,94.91
1986-03-10,95.44,97.09,95.31,96.84
1986-03-11,97.34,98.09,97.19,97.38
1986-03-12,98.09,98.16,96.84,97.56
1986-03-13,96.66,97.03,95.72,96.97
1986-03-14,97.78,98.38,96.81,97.38
1986-03-17,97.78,98.03,96.66,97.03
1986-03-18,96.25,97.56,95.75,96.38
1986-03-19,96.16,97.0,96.0,96.81
1986-03-20,96.47,96.97,96.28,96.66
1986-03-21,97.03,97.34,96.16,96.28
1986-03-24,96.81,97.66,96.66,97.47
1986-03-25,97.56,97.97,97.12,97.41
1986-03-26,97.62,98.5,97.59,98.47
1986-03-27,99.44,100.47,99.41,100.44
1986-03-31,100.38,102.38,100.31,102.31
1986-04-01,103.09,104.53,101.62,101.75
1986-04-02,101.19,102.28,99.97,102.09
1986-04-03,102.38,102.81,101.25,101.34
1986-04-04,101.47,102.03,100.09,100.34
1986-04-07,99.69,100.78,99.12,99.97
1986-04-08,101.12,101.97,101.12,101.97
1986-04-09,103.62,104.0,102.44,103.12
1986-04-10,102.75,103.88,102.53,103.25
1986-04-11,103.84,103.97,102.22,102.41
1986-04-14,102.78,103.75,102.78,103.69
1986-04-15,103.66,103.88,102.62,102.84
1986-04-16,104.41,104.84,104.06,104.84
1986-04-17,104.84,105.47,104.12,104.78
1986-04-18,104.75,104.88,103.81,103.88
1986-04-21,103.34,104.38,103.19,103.91
1986-04-22,104.19,104.41,101.91,101.91
1986-04-23,100.38,101.31,99.47,100.19
1986-04-24,100.34,100.44,98.38,98.59
1986-04-25,99.22,99.62,97.91,98.25
1986-04-28,98.47,99.78,98.47,99.66
1986-04-29,100.12,100.84,99.88,100.78
1986-04-30,100.34,101.19,100.12,100.75
1986-05-01,100.62,100.91,99.56,99.91
1986-05-02,99.41,99.5,98.69,98.91
1986-05-05,99.0,100.91,98.66,100.91
1986-05-06,100.59,101.34,100.22,100.5
1986-05-07,99.78,100.34,99.41,100.16
1986-05-08,100.75,101.09,100.28,100.66
1986-05-09,99.38,99.84,98.66,99.16
1986-05-12,97.31,97.94,97.16,97.22
1986-05-13,96.09,98.22,96.0,97.91
1986-05-14,98.47,98.88,97.38,97.84
1986-05-15,97.53,98.12,95.44,95.81
1986-05-16,95.22,95.94,94.72,94.94
1986-05-19,95.47,96.0,94.78,94.88
1986-05-20,93.94,96.31,93.59,96.19
1986-05-21,96.69,97.0,95.56,95.91
1986-05-22,96.28,96.75,95.66,96.03
1986-05-23,95.84,96.94,95.81,96.88
1986-05-27,97.44,98.16,97.22,98.03
1986-05-28,98.0,98.22,97.25,97.47
1986-05-29,96.81,97.06,95.47,95.47
1986-05-30,94.59,95.44,93.72,93.88
1986-06-02,94.03,94.53,91.81,91.94
1986-06-03,92.44,93.47,91.56,93.44
1986-06-04,94.09,94.25,90.69,91.44
1986-06-05,91.78,92.91,91.16,92.34
1986-06-06,93.78,95.0,93.28,94.84
1986-06-09,94.88,95.06,91.53,92.22
1986-06-10,92.31,92.97,91.44,92.78
1986-06-11,92.94,93.78,91.59,93.78
1986-06-12,94.12,94.41,93.12,93.62
1986-06-13,94.38,95.88,94.31,95.56
1986-06-16,95.72,97.59,95.59,97.12
1986-06-17,97.78,98.03,96.78,97.44
1986-06-18,97.44,97.81,96.94,97.31
1986-06-19,96.84,96.88,96.03,96.41
1986-06-20,100.22,100.38,100.22,100.38
1986-06-23,96.84,98.19,96.62,97.91
1986-06-24,98.31,98.75,97.69,98.25
1986-06-25,98.97,99.34,98.09,98.16
1986-06-26,97.81,98.81,97.62,98.34
1986-06-27,99.16,99.47,98.66,99.12
1986-06-30,99.5,99.78,99.22,99.56
1986-07-01,99.88,99.97,98.84,99.31
1986-07-02,98.78,99.47,98.5,99.34
1986-07-03,99.28,100.59,99.25,100.53
1986-07-07,100.56,100.81,100.03,100.12
1986-07-08,99.66,99.72,98.19,98.28
1986-07-09,98.66,99.88,98.38,99.81
1986-07-10,100.19,100.44,99.16,99.72
1986-07-11,99.19,99.94,98.59,99.38
1986-07-14,99.47,100.53,98.97,100.44
1986-07-15,100.47,101.06,99.97,101.03
1986-07-16,100.53,101.5,100.06,100.16
1986-07-17,100.09,100.41,99.12,99.66
1986-07-18,99.5,100.12,99.12,99.78
1986-07-21,100.03,100.12,99.53,99.97
1986-07-22,99.09,99.38,98.41,98.72
1986-07-23,97.62,98.0,97.25,97.69
1986-07-24,97.66,97.78,96.53,96.69
1986-07-25,97.25,97.31,96.56,97.0
1986-07-28,96.25,96.47,95.0,95.0
1986-07-29,95.34,96.5,95.12,96.47
1986-07-30,96.28,97.09,95.94,97.0
1986-07-31,97.28,97.97,96.72,97.81
1986-08-01,97.78,98.09,96.88,97.41
1986-08-04,96.94,97.81,96.66,97.78
1986-08-05,96.34,97.16,96.31,96.56
1986-08-06,96.44,96.66,95.81,96.22
1986-08-07,95.56,97.28,95.47,97.16
1986-08-08,97.16,99.16,97.12,99.09
1986-08-11,99.34,100.12,99.28,99.84
1986-08-12,100.22,100.38,99.53,99.78
1986-08-13,99.75,101.06,99.44,101.03
1986-08-14,100.62,101.34,100.5,100.78
1986-08-15,101.0,101.25,100.59,100.78
1986-08-18,100.47,101.19,100.12,101.12
1986-08-19,101.81,102.47,101.78,102.25
1986-08-20,102.44,102.84,101.88,102.44
1986-08-21,101.97,102.66,101.59,101.88
1986-08-22,100.66,101.19,100.41,100.78
1986-08-25,100.66,101.38,100.5,101.31
1986-08-26,101.5,102.47,101.47,102.41
1986-08-27,101.66,102.31,100.94,101.03
1986-08-28,101.19,102.31,101.16,101.59
1986-08-29,102.56,102.69,102.03,102.41
1986-09-02,101.84,102.31,100.16,100.22
1986-09-03,99.41,99.66,98.22,98.91
1986-09-04,99.25,99.59,98.41,98.97
1986-09-05,98.16,98.28,97.16,97.38
1986-09-08,96.53,97.66,96.5,96.78
1986-09-09,97.59,97.91,97.19,97.56
1986-09-10,97.69,97.88,97.31,97.66
1986-09-11,96.78,96.84,95.06,95.47
1986-09-12,96.81,96.88,94.19,94.69
1986-09-15,95.56,95.84,95.22,95.66
1986-09-16,95.16,96.0,94.84,95.72
1986-09-17,95.91,96.53,95.84,96.34
1986-09-18,96.81,96.84,94.59,94.69
1986-09-19,94.41,94.47,93.0,93.75
1986-09-22,93.06,93.69,92.66,93.59
1986-09-23,94.38,94.78,93.5,93.94
1986-09-24,93.81,95.81,93.72,95.66
1986-09-25,95.91,96.28,94.75,95.22
1986-09-26,94.41,95.88,94.12,95.66
1986-09-29,94.03,95.03,94.0,94.88
1986-09-30,95.28,96.62,95.16,96.56
1986-10-01,96.75,97.28,96.12,96.69
1986-10-02,96.34,96.53,95.97,96.19
1986-10-03,97.31,97.72,96.59,97.19
1986-10-06,97.31,97.56,97.0,97.12
1986-10-07,97.22,97.41,96.5,97.38
1986-10-08,96.66,97.62,96.12,96.59
1986-10-09,96.16,96.84,96.0,96.72
1986-10-10,96.41,96.47,95.91,96.19
1986-10-13,95.5,96.12,95.47,96.09
1986-10-14,96.0,96.38,94.66,94.75
1986-10-15,94.84,95.28,94.28,95.22
1986-10-16,95.22,95.41,94.59,94.69
1986-10-17,94.44,94.78,94.19,94.56
1986-10-20,93.72,93.97,93.5,93.66
1986-10-21,94.19,94.81,94.06,94.69
1986-10-22,94.0,95.72,93.88,95.59
1986-10-23,95.81,96.44,95.62,96.28
1986-10-24,95.91,96.22,95.81,95.91
1986-10-27,95.62,96.72,95.59,96.59
1986-10-28,96.72,96.81,96.12,96.22
1986-10-29,95.78,97.44,95.75,97.12
1986-10-30,98.25,98.69,97.53,98.16
1986-10-31,98.12,98.38,97.59,98.09
1986-11-03,98.25,99.16,98.22,98.66
1986-11-04,98.19,98.91,98.09,98.62
1986-11-05,98.72,98.91,98.28,98.62
1986-11-06,98.34,98.38,97.16,97.28
1986-11-07,96.41,96.97,96.0,96.31
1986-11-10,95.78,96.59,95.59,96.56
1986-11-11,96.59,96.66,96.38,96.44
1986-11-12,96.53,97.03,96.16,96.97
1986-11-13,97.12,97.56,96.94,97.28
1986-11-14,97.12,98.28,97.06,98.16
1986-11-17,98.09,99.5,97.88,99.34
1986-11-18,99.06,99.38,98.41,98.56
1986-11-19,99.03,99.88,99.0,99.84
1986-11-20,99.66,100.22,99.19,99.53
1986-11-21,99.75,100.09,99.47,99.66
1986-11-24,99.88,100.44,99.81,100.28
1986-11-25,100.5,100.69,99.25,99.41
1986-11-26,99.34,99.72,98.97,99.62
1986-11-28,99.59,99.84,99.53,99.72
1986-12-01,99.06,99.47,98.75,99.41
1986-12-02,99.66,100.84,99.53,100.81
1986-12-03,101.31,101.62,101.03,101.09
1986-12-04,101.09,101.94,100.97,101.62
1986-12-05,101.44,101.47,99.69,99.78
1986-12-08,100.0,100.56,99.25,100.53
1986-12-09,100.62,100.78,100.12,100.34
1986-12-10,100.19,101.0,100.03,100.94
1986-12-11,100.59,100.75,99.56,99.75
1986-12-12,99.44,100.28,99.22,99.84
1986-12-15,99.22,99.84,98.84,99.78
1986-12-16,100.16,100.56,99.94,100.16
1986-12-17,100.28,100.5,100.06,100.28
1986-12-18,100.78,100.91,100.25,100.38
1986-12-19,100.31,100.81,100.19,100.69
1986-12-22,99.31,100.19,99.19,100.09
1986-12-23,100.19,100.62,100.12,100.31
1986-12-24,100.34,100.47,100.22,100.38
1986-12-26,100.25,100.38,100.19,100.25
1986-12-29,99.94,99.97,98.94,99.03
1986-12-30,98.69,98.81,98.38,98.56
1986-12-31,98.81,98.88,98.12,98.19
1987-01-02,98.31,100.0,98.28,99.91
1987-01-05,100.16,100.62,99.91,100.56
1987-01-06,100.59,100.75,100.12,100.5
1987-01-07,100.22,101.06,100.06,101.0
1987-01-08,101.41,101.59,101.06,101.12
1987-01-09,101.38,101.69,100.38,101.59
1987-01-12,101.25,101.59,100.81,101.03
1987-01-13,100.41,100.81,100.25,100.56
1987-01-14,100.19,100.91,99.81,100.09
1987-01-15,100.5,100.69,99.88,100.19
1987-01-16,100.62,101.16,100.47,101.12
1987-01-19,100.69,101.78,100.5,101.5
1987-01-20,101.47,102.03,101.38,101.53
1987-01-21,101.38,101.78,101.22,101.47
1987-01-22,101.34,101.47,100.78,101.38
1987-01-23,100.97,101.62,100.12,100.38
1987-01-26,100.25,100.28,99.28,99.47
1987-01-27,99.56,99.78,99.19,99.62
1987-01-28,99.41,100.25,99.28,100.19
1987-01-29,100.41,100.5,100.09,100.12
1987-01-30,100.62,100.66,99.5,99.66
1987-02-02,99.34,99.47,98.91,99.34
1987-02-03,99.12,99.5,99.06,99.25
1987-02-04,99.41,99.69,99.25,99.56
1987-02-05,99.66,100.66,99.62,100.62
1987-02-06,100.62,100.88,100.25,100.53
1987-02-09,100.25,100.28,99.41,99.59
1987-02-10,99.31,99.38,98.38,98.78
1987-02-11,98.84,99.06,98.09,98.44
1987-02-12,98.69,99.38,98.66,99.34
1987-02-13,99.47,99.81,99.38,99.5
1987-02-17,98.72,99.38,98.53,99.34
1987-02-18,99.38,100.0,99.31,99.88
1987-02-19,100.66,100.72,100.09,100.25
1987-02-20,100.16,100.56,100.06,100.31
1987-02-23,100.16,100.69,99.91,100.66
1987-02-24,100.81,101.47,100.78,101.25
1987-02-25,101.09,101.38,100.88,100.97
1987-02-26,101.03,101.44,100.72,101.09
1987-02-27,101.28,101.78,101.22,101.44
1987-03-02,101.75,102.06,101.62,101.81
1987-03-03,101.59,101.72,101.28,101.34
1987-03-04,101.22,102.56,101.19,102.47
1987-03-05,102.59,102.66,102.16,102.28
1987-03-06,101.72,101.88,101.25,101.38
1987-03-09,101.22,101.44,100.94,101.34
1987-03-10,101.34,101.53,101.19,101.25
1987-03-11,101.0,101.41,100.78,101.22
1987-03-12,101.31,101.66,101.25,101.5
1987-03-13,101.84,102.0,101.66,101.84
1987-03-16,101.66,101.81,101.53,101.66
1987-03-17,101.41,102.03,101.34,102.03
1987-03-18,102.22,102.38,101.91,101.91
1987-03-19,101.78,102.34,101.75,102.03
1987-03-20,102.06,102.34,102.0,102.25
1987-03-23,100.28,100.66,100.22,100.31
1987-03-24,100.03,100.28,99.88,100.09
1987-03-25,100.16,100.38,100.03,100.28
1987-03-26,100.41,100.78,100.41,100.72
1987-03-27,100.31,100.62,99.5,99.69
1987-03-30,98.59,98.78,97.53,97.75
1987-03-31,98.16,98.5,97.41,98.47
1987-04-01,97.69,98.09,97.44,97.72
1987-04-02,98.34,98.44,97.22,97.25
1987-04-03,97.62,98.25,97.09,97.75
1987-04-06,98.34,98.5,97.91,98.12
1987-04-07,97.78,98.12,97.22,97.25
1987-04-08,97.84,97.94,97.28,97.41
1987-04-09,97.38,97.53,94.81,95.72
1987-04-10,94.84,95.38,94.0,94.69
1987-04-13,95.03,95.12,93.84,93.94
1987-04-14,91.97,93.75,91.06,92.62
1987-04-15,94.0,94.19,92.84,93.25
1987-04-16,94.25,94.47,93.94,94.22
1987-04-20,94.31,94.53,92.28,92.56
1987-04-21,92.0,92.62,90.69,92.59
1987-04-22,92.44,93.12,91.88,92.19
1987-04-23,91.81,92.56,91.12,91.44
1987-04-24,90.53,90.81,89.5,89.56
1987-04-27,88.72,91.62,88.41,91.19
1987-04-28,91.41,92.41,91.0,92.22
1987-04-29,92.88,92.94,91.53,91.81
1987-04-30,91.97,94.06,91.38,93.06
1987-05-01,92.75,93.59,91.56,91.81
1987-05-04,91.62,91.69,90.38,90.5
1987-05-05,91.34,91.84,90.38,91.59
1987-05-06,91.72,91.97,90.44,90.75
1987-05-07,90.75,92.44,90.41,92.0
1987-05-08,92.03,92.81,91.56,92.22
1987-05-11,92.56,92.88,90.66,90.78
1987-05-12,90.47,91.47,90.03,91.09
1987-05-13,91.22,91.78,90.44,91.28
1987-05-14,91.0,91.72,90.78,90.97
1987-05-15,90.06,91.03,88.75,88.88
1987-05-18,88.84,89.91,88.41,89.81
1987-05-19,89.69,89.88,88.03,88.22
1987-05-20,87.69,88.41,87.12,87.88
1987-05-21,88.44,88.88,87.75,88.19
1987-05-22,88.47,89.53,87.91,89.44
1987-05-26,90.59,91.81,90.41,91.75
1987-05-27,91.34,92.09,90.84,91.12
1987-05-28,91.06,91.56,90.22,91.09
1987-05-29,91.81,92.34,91.28,92.06
1987-06-01,92.88,92.94,91.69,91.81
1987-06-02,91.53,92.31,89.47,89.59
1987-06-03,90.19,90.78,89.16,90.41
1987-06-04,90.91,90.97,90.19,90.62
1987-06-05,90.5,91.78,90.5,91.75
1987-06-08,91.03,91.75,90.59,91.53
1987-06-09,91.44,91.5,90.75,91.16
1987-06-10,91.12,92.38,90.81,91.31
1987-06-11,91.44,91.94,91.31,91.59
1987-06-12,91.69,93.62,91.69,93.53
1987-06-15,93.66,94.12,93.06,93.75
1987-06-16,93.84,93.94,93.22,93.62
1987-06-17,93.78,94.22,93.62,94.03
1987-06-18,94.22,94.22,93.28,93.62
1987-06-19,93.5,93.72,93.09,93.25
1987-06-22,93.12,93.5,92.97,93.19
1987-06-23,93.12,93.75,92.72,92.97
1987-06-24,92.84,92.97,92.12,92.16
1987-06-25,92.22,92.78,92.22,92.59
1987-06-26,92.31,92.44,91.25,91.47
1987-06-29,91.06,92.0,90.97,91.97
1987-06-30,92.03,92.28,91.06,91.5
1987-07-01,91.56,91.81,91.09,91.59
1987-07-02,91.72,92.59,91.53,92.56
1987-07-06,92.94,93.06,92.28,92.53
1987-07-07,92.53,92.94,92.19,92.84
1987-07-08,92.91,93.16,91.91,92.25
1987-07-09,92.19,92.22,91.44,91.5
1987-07-10,91.44,92.38,91.38,92.28
1987-07-13,91.94,92.06,91.41,91.66
1987-07-14,91.56,92.5,91.22,92.47
1987-07-15,92.38,92.5,91.09,91.53
1987-07-16,91.44,91.88,91.38,91.78
1987-07-17,91.72,92.38,91.69,92.31
1987-07-20,91.59,91.94,91.53,91.72
1987-07-21,91.59,91.78,90.53,90.62
1987-07-22,90.56,90.81,89.88,90.19
1987-07-23,90.12,90.41,89.78,90.06
1987-07-24,90.22,90.25,89.56,89.78
1987-07-27,89.59,90.19,89.56,89.69
1987-07-28,89.78,90.31,89.25,89.47
1987-07-29,89.47,89.78,89.31,89.66
1987-07-30,90.06,90.16,89.16,89.97
1987-07-31,90.09,90.12,89.19,89.5
1987-08-03,88.56,88.72,88.16,88.19
1987-08-04,88.22,88.5,87.41,88.19
1987-08-05,88.16,89.38,88.12,89.22
1987-08-06,89.19,89.28,88.75,88.97
1987-08-07,89.09,89.62,88.5,89.44
1987-08-10,89.0,89.59,88.97,89.19
1987-08-11,89.25,89.78,89.09,89.34
1987-08-12,89.25,89.62,89.19,89.44
1987-08-13,89.47,90.5,89.28,90.47
1987-08-14,90.72,91.22,89.53,90.94
1987-08-17,90.91,91.38,90.69,91.09
1987-08-18,90.88,91.0,89.16,89.22
1987-08-19,89.28,89.47,88.78,88.97
1987-08-20,88.81,89.75,88.72,89.66
1987-08-21,89.56,89.69,89.09,89.28
1987-08-24,89.09,89.5,89.0,89.19
1987-08-25,89.25,89.84,89.22,89.72
1987-08-26,89.69,89.81,89.12,89.16
1987-08-27,89.19,89.25,87.88,88.0
1987-08-28,87.91,88.16,87.09,87.38
1987-08-31,87.41,87.62,86.75,87.5
1987-09-01,87.53,87.75,86.91,87.0
1987-09-02,86.62,86.69,84.78,85.0
1987-09-03,85.16,85.66,84.44,85.09
1987-09-04,85.03,85.75,84.56,84.91
1987-09-08,84.78,84.81,83.0,83.22
1987-09-09,83.41,83.78,82.5,83.25
1987-09-10,83.47,84.19,83.38,83.69
1987-09-11,83.75,85.0,83.19,84.47
1987-09-14,84.28,85.22,84.03,84.34
1987-09-15,84.38,84.5,83.12,83.38
1987-09-16,83.19,83.56,82.31,82.88
1987-09-17,82.88,83.62,82.88,83.19
1987-09-18,83.72,84.19,83.69,83.97
1987-09-21,84.22,84.62,83.94,84.16
1987-09-22,82.44,83.59,82.22,83.56
1987-09-23,83.69,83.84,82.91,83.44
1987-09-24,83.38,83.5,82.34,82.38
1987-09-25,82.12,82.62,82.06,82.34
1987-09-28,82.88,83.19,82.12,82.5
1987-09-29,82.47,82.72,81.62,81.69
1987-09-30,81.28,81.75,81.22,81.69
1987-10-01,81.84,82.25,81.47,81.75
1987-10-02,81.81,82.75,80.88,82.66
1987-10-05,82.53,82.72,81.62,81.72
1987-10-06,81.69,81.88,81.19,81.59
1987-10-07,81.75,82.56,81.38,81.59
1987-10-08,81.47,81.75,80.66,80.72
1987-10-09,80.78,80.84,80.0,80.09
1987-10-12,80.19,80.25,79.22,79.25
1987-10-13,79.31,80.53,79.12,80.5
1987-10-14,80.5,80.59,78.56,78.66
1987-10-15,78.53,78.97,76.84,78.44
1987-10-16,78.0,78.97,77.66,77.94
1987-10-19,77.5,78.06,76.22,77.78
1987-10-20,80.38,80.78,80.0,80.78
1987-10-21,83.69,83.78,82.38,83.69
1987-10-22,83.41,86.69,83.12,86.38
1987-10-23,86.81,88.94,85.94,86.56
1987-10-26,86.44,88.38,86.38,88.19
1987-10-27,88.44,88.56,86.53,87.25
1987-10-28,87.09,87.28,85.88,86.22
1987-10-29,86.09,87.09,86.06,86.88
1987-10-30,87.56,87.66,86.66,87.56
1987-11-02,87.09,87.38,86.47,87.12
1987-11-03,87.09,88.31,86.25,88.12
1987-11-04,88.09,89.47,87.81,89.22
1987-11-05,88.91,90.47,88.53,90.09
1987-11-06,89.94,90.31,88.44,89.53
1987-11-09,89.28,90.16,89.12,89.44
1987-11-10,89.5,89.97,88.53,89.34
1987-11-11,89.22,89.44,88.94,88.97
1987-11-12,88.97,89.75,88.94,89.16
1987-11-13,89.16,89.38,88.72,88.81
1987-11-16,88.59,89.25,88.47,89.25
1987-11-17,89.22,89.25,88.56,88.75
1987-11-18,88.72,89.06,88.59,88.84
1987-11-19,88.81,89.34,88.66,89.16
1987-11-20,89.06,89.94,89.03,89.53
1987-11-23,89.59,89.84,89.34,89.56
1987-11-24,89.44,90.09,88.56,88.69
1987-11-25,88.44,88.84,87.81,88.0
1987-11-27,87.44,87.62,86.84,87.06
1987-11-30,86.78,88.16,86.47,87.66
1987-12-01,87.75,87.78,87.16,87.38
1987-12-02,87.44,87.62,87.09,87.59
1987-12-03,87.56,88.16,87.53,88.03
1987-12-04,88.28,88.41,87.66,87.81
1987-12-07,87.62,87.69,86.62,86.72
1987-12-08,86.78,87.09,86.38,86.44
1987-12-09,86.56,87.12,86.47,86.94
1987-12-10,86.97,87.03,84.97,85.16
1987-12-11,85.12,85.28,84.38,84.72
1987-12-14,84.62,85.22,84.62,85.16
1987-12-15,85.34,86.88,85.34,86.78
1987-12-16,87.0,87.78,86.22,87.78
1987-12-17,87.72,88.5,87.31,87.47
1987-12-18,87.28,89.44,87.25,89.41
1987-12-21,89.41,89.44,88.88,88.94
1987-12-22,87.88,87.91,87.31,87.56
1987-12-23,87.53,89.06,87.5,88.94
1987-12-24,88.88,89.31,88.56,88.69
1987-12-28,88.5,88.56,87.12,87.91
1987-12-29,87.91,88.44,87.72,88.38
1987-12-30,88.56,88.94,88.19,88.84
1987-12-31,88.84,88.88,87.88,87.97
1988-01-04,87.56,89.5,87.12,88.31
1988-01-05,88.47,89.72,88.41,88.94
1988-01-06,89.16,89.34,88.03,88.12
1988-01-07,87.81,88.38,87.41,88.22
1988-01-08,88.38,88.56,86.28,86.31
1988-01-11,87.56,87.62,86.41,87.22
1988-01-12,87.16,87.78,86.94,87.03
1988-01-13,87.0,88.0,86.72,87.91
1988-01-14,87.78,88.09,87.47,87.81
1988-01-15,87.94,90.72,87.81,90.5
1988-01-18,90.44,90.66,89.97,90.12
1988-01-19,90.09,90.38,89.75,90.19
1988-01-20,90.16,90.75,89.81,90.47
1988-01-21,90.41,91.62,90.22,91.12
1988-01-22,91.12,91.75,91.03,91.56
1988-01-25,91.53,92.12,91.38,91.94
1988-01-26,91.84,92.0,91.03,91.06
1988-01-27,91.12,92.84,90.84,92.75
1988-01-28,92.78,93.75,92.75,93.28
1988-01-29,93.25,93.97,93.06,93.91
1988-02-01,93.97,94.88,93.78,93.84
1988-02-02,93.75,95.06,93.53,94.88
1988-02-03,94.91,95.28,93.97,94.0
1988-02-04,93.97,94.25,93.34,94.12
1988-02-05,93.69,95.56,93.47,94.94
1988-02-08,95.06,95.19,94.25,94.34
1988-02-09,94.38,94.81,94.09,94.56
1988-02-10,94.62,95.16,94.5,95.03
1988-02-11,95.0,95.09,94.12,94.41
1988-02-12,94.41,94.88,93.22,93.47
1988-02-16,92.94,93.34,92.62,93.31
1988-02-17,93.34,93.66,93.06,93.09
1988-02-18,93.12,93.59,92.5,93.47
1988-02-19,93.5,93.88,93.25,93.69
1988-02-22,93.62,93.88,93.28,93.81
1988-02-23,93.88,94.62,93.62,94.59
1988-02-24,94.69,94.94,94.44,94.56
1988-02-25,94.41,95.38,93.78,94.03
1988-02-26,93.88,94.5,93.75,94.47
1988-02-29,94.47,95.28,94.44,94.66
1988-03-01,94.69,95.28,94.59,94.72
1988-03-02,94.72,95.38,94.69,95.03
1988-03-03,95.09,95.31,94.94,95.19
1988-03-04,95.19,95.25,93.34,93.5
1988-03-07,93.34,93.62,93.16,93.22
1988-03-08,93.16,93.31,92.62,93.03
1988-03-09,93.06,93.34,92.84,93.19
1988-03-10,93.22,93.31,92.59,92.78
1988-03-11,92.78,93.66,92.66,93.41
1988-03-14,93.38,93.56,93.19,93.41
1988-03-15,93.31,93.5,93.28,93.38
1988-03-16,93.38,93.41,92.59,92.69
1988-03-17,92.5,93.56,92.41,93.31
1988-03-18,93.34,93.38,92.0,92.03
1988-03-21,91.78,91.84,91.25,91.78
1988-03-22,91.81,92.31,91.53,91.69
1988-03-23,90.62,90.91,90.16,90.5
1988-03-24,90.38,90.62,89.69,90.5
1988-03-25,90.44,91.09,90.22,90.91
1988-03-28,90.81,91.09,89.84,89.88
1988-03-29,89.47,90.31,89.44,90.16
1988-03-30,90.25,90.44,89.69,89.88
1988-03-31,90.03,90.25,89.72,90.06
1988-04-04,88.84,89.44,88.78,89.28
1988-04-05,89.22,89.53,89.12,89.34
1988-04-06,89.41,90.19,89.06,90.12
1988-04-07,90.31,90.44,90.0,90.16
1988-04-08,90.22,91.06,90.19,91.0
1988-04-11,91.06,91.12,90.25,90.31
1988-04-12,90.31,90.78,90.25,90.69
1988-04-13,90.66,90.91,90.12,90.78
1988-04-14,90.78,90.84,88.84,89.5
1988-04-15,89.47,89.75,88.66,88.97
1988-04-18,88.84,88.91,88.25,88.56
1988-04-19,88.22,88.84,88.22,88.28
1988-04-20,88.03,88.41,87.84,88.34
1988-04-21,88.47,88.62,88.28,88.34
1988-04-22,88.28,88.81,88.19,88.53
1988-04-25,88.59,88.78,88.41,88.66
1988-04-26,88.66,89.06,88.38,88.53
1988-04-27,88.56,88.75,88.34,88.59
1988-04-28,88.5,88.56,87.84,87.88
1988-04-29,87.75,88.19,87.53,87.91
1988-05-02,87.78,88.03,87.22,87.34
1988-05-03,87.38,87.88,87.38,87.84
1988-05-04,87.84,88.03,87.78,87.81
1988-05-05,87.66,88.19,87.62,87.94
1988-05-06,87.94,88.06,87.44,87.47
1988-05-09,87.38,87.53,87.22,87.44
1988-05-10,87.34,87.59,87.28,87.38
1988-05-11,87.28,87.72,87.12,87.22
1988-05-12,87.16,87.34,86.91,87.09
1988-05-13,87.06,87.94,86.97,87.56
1988-05-16,87.59,87.78,87.06,87.34
1988-05-17,87.31,87.59,86.28,86.31
1988-05-18,86.28,86.38,85.56,85.56
1988-05-19,85.62,86.03,85.44,85.78
1988-05-20,85.81,86.06,85.41,85.44
1988-05-23,85.41,85.84,85.12,85.31
1988-05-24,85.31,85.62,85.28,85.47
1988-05-25,85.5,85.91,85.5,85.75
1988-05-26,85.78,85.91,85.38,85.66
1988-05-27,85.53,85.62,85.09,85.5
1988-05-31,85.53,85.88,85.28,85.81
1988-06-01,86.19,87.56,86.16,87.53
1988-06-02,87.75,87.91,87.12,87.25
1988-06-03,87.28,88.12,87.19,88.09
1988-06-06,88.38,88.38,87.69,88.19
1988-06-07,88.19,88.19,87.56,87.69
1988-06-08,87.69,88.72,87.59,88.62
1988-06-09,88.62,88.62,88.16,88.28
1988-06-10,88.31,88.78,88.25,88.41
1988-06-13,88.34,88.88,88.34,88.59
1988-06-14,88.66,90.69,88.53,90.5
1988-06-15,90.38,90.5,89.97,90.03
1988-06-16,90.0,90.0,88.62,88.75
1988-06-17,88.66,88.69,87.28,87.59
1988-06-20,87.56,87.78,87.12,87.72
1988-06-21,87.56,88.09,87.19,87.22
1988-06-22,86.69,88.38,86.69,88.09
1988-06-23,88.28,89.22,88.22,88.44
1988-06-24,88.38,89.09,88.06,88.56
1988-06-27,89.03,89.19,87.59,87.62
1988-06-28,87.56,88.47,87.25,88.44
1988-06-29,88.81,88.88,87.81,88.16
1988-06-30,88.06,88.81,87.84,88.75
1988-07-01,88.72,89.41,88.59,88.84
1988-07-05,88.31,88.53,88.16,88.5
1988-07-06,88.47,88.53,87.56,87.62
1988-07-07,87.47,87.59,86.66,87.44
1988-07-08,87.28,87.41,86.38,86.53
1988-07-11,86.56,87.0,86.47,86.94
1988-07-12,86.84,86.94,86.38,86.41
1988-07-13,86.25,86.75,85.53,85.78
1988-07-14,85.91,86.06,85.53,85.88
1988-07-15,86.03,86.34,85.78,86.28
1988-07-18,86.34,86.5,85.31,85.66
1988-07-19,85.66,86.19,85.47,86.06
1988-07-20,86.0,86.31,85.75,85.94
1988-07-21,85.97,86.12,85.34,85.59
1988-07-22,85.62,86.28,85.47,86.25
1988-07-25,86.22,86.72,86.0,86.62
1988-07-26,86.62,86.75,86.25,86.53
1988-07-27,86.53,86.59,85.62,85.81
1988-07-28,85.84,86.06,85.5,85.75
1988-07-29,85.78,86.44,85.78,86.19
1988-08-01,86.25,86.72,86.22,86.66
1988-08-02,86.78,87.53,86.72,87.5
1988-08-03,87.59,87.69,87.16,87.34
1988-08-04,87.38,88.0,87.25,87.78
1988-08-05,87.75,87.88,86.59,86.78
1988-08-08,86.84,87.06,86.62,86.97
1988-08-09,87.0,87.38,85.94,86.22
1988-08-10,86.22,86.31,84.94,84.97
1988-08-11,84.84,85.19,84.47,84.78
1988-08-12,84.84,84.94,84.19,84.72
1988-08-15,84.62,84.69,84.25,84.53
1988-08-16,84.47,85.03,83.72,84.94
1988-08-17,84.78,85.12,84.38,84.62
1988-08-18,84.66,85.03,84.5,84.81
1988-08-19,84.81,85.34,84.72,84.88
1988-08-22,84.88,85.16,84.53,84.59
1988-08-23,84.53,85.28,84.5,85.09
1988-08-24,85.22,85.34,84.97,85.09
1988-08-25,85.03,85.09,84.25,84.59
1988-08-26,84.56,84.94,84.44,84.88
1988-08-29,84.81,85.72,84.78,85.66
1988-08-30,85.72,86.03,85.41,85.78
1988-08-31,85.81,86.31,85.72,86.06
1988-09-01,86.06,86.16,85.75,86.09
1988-09-02,86.06,88.91,86.03,88.19
1988-09-06,88.41,88.59,87.97,88.38
1988-09-07,88.28,89.12,88.19,88.34
1988-09-08,88.28,88.47,88.09,88.31
1988-09-09,88.5,89.22,88.03,89.12
1988-09-12,89.06,89.19,88.5,88.5
1988-09-13,88.56,88.81,88.34,88.69
1988-09-14,88.75,89.84,88.75,89.19
1988-09-15,89.12,89.41,88.72,88.81
1988-09-16,88.81,88.94,88.5,88.84
1988-09-19,88.84,88.91,88.22,88.31
1988-09-20,88.28,88.53,88.19,88.41
1988-09-21,88.47,88.84,88.47,88.84
1988-09-22,88.25,88.34,87.78,87.91
1988-09-23,87.88,87.97,87.38,87.94
1988-09-26,87.97,88.03,87.38,87.5
1988-09-27,87.5,87.66,87.12,87.28
1988-09-28,87.16,87.22,86.81,87.06
1988-09-29,87.34,87.81,87.19,87.75
1988-09-30,87.94,88.97,87.84,88.75
1988-10-03,88.69,89.06,88.56,88.88
1988-10-04,88.84,88.97,88.56,88.69
1988-10-05,88.72,89.19,88.56,88.66
1988-10-06,88.75,88.84,88.47,88.78
1988-10-07,88.88,90.44,88.88,90.38
1988-10-10,90.31,90.38,89.88,90.03
1988-10-11,90.06,90.09,89.72,89.97
1988-10-12,89.91,89.94,89.06,89.12
1988-10-13,89.41,89.44,88.56,89.16
1988-10-14,89.25,90.12,89.09,89.53
1988-10-17,89.34,89.81,89.22,89.75
1988-10-18,89.72,89.94,89.53,89.81
1988-10-19,89.88,90.16,89.22,89.28
1988-10-20,89.28,89.72,89.12,89.62
1988-10-21,89.66,89.72,89.12,89.44
1988-10-24,88.81,89.56,88.59,89.22
1988-10-25,89.25,89.5,88.97,89.25
1988-10-26,89.22,89.69,89.19,89.5
1988-10-27,89.5,90.41,89.34,90.38
1988-10-28,90.31,90.91,90.19,90.75
1988-10-31,90.66,91.44,90.47,91.41
1988-11-01,91.28,91.5,90.91,91.06
1988-11-02,90.94,91.06,90.56,90.62
1988-11-03,90.84,91.22,90.66,91.19
1988-11-04,91.31,91.44,89.59,89.75
1988-11-07,89.66,89.75,89.16,89.25
1988-11-08,89.28,89.72,89.19,89.31
1988-11-09,89.5,89.94,88.69,89.06
1988-11-10,89.06,89.38,88.88,89.25
1988-11-11,89.19,89.22,88.56,88.66
1988-11-14,88.5,89.06,88.34,89.03
1988-11-15,89.0,89.03,88.38,88.97
1988-11-16,88.94,89.25,88.09,88.16
1988-11-17,88.03,88.34,87.69,87.78
1988-11-18,87.53,88.22,87.5,87.94
1988-11-21,88.0,88.22,87.84,88.06
1988-11-22,88.09,88.19,87.53,88.03
1988-11-23,88.0,88.12,87.84,88.09
1988-11-25,87.41,87.5,87.06,87.34
1988-11-28,87.72,88.03,87.12,87.72
1988-11-29,87.69,88.03,87.5,87.94
1988-11-30,87.91,88.66,87.88,88.47
1988-12-01,88.5,88.88,88.41,88.81
1988-12-02,88.81,88.97,87.5,87.56
1988-12-05,87.56,88.0,87.56,87.97
1988-12-06,87.94,89.78,87.94,89.69
1988-12-07,89.94,90.25,89.25,89.59
1988-12-08,89.53,89.72,89.19,89.59
1988-12-09,89.62,89.78,89.22,89.56
1988-12-12,89.66,90.16,89.66,89.69
1988-12-13,89.66,89.78,89.31,89.41
1988-12-14,89.44,89.62,88.56,88.62
1988-12-15,88.72,88.88,88.47,88.66
1988-12-16,88.81,89.03,88.59,88.78
1988-12-19,88.78,89.03,88.69,88.97
1988-12-20,88.94,90.22,88.91,89.84
1988-12-21,89.47,89.69,89.25,89.47
1988-12-22,89.5,89.72,89.38,89.59
1988-12-23,89.62,90.12,89.56,90.0
1988-12-27,89.94,89.97,89.38,89.44
1988-12-28,89.34,89.62,88.78,89.03
1988-12-29,89.0,89.25,88.94,89.03
1988-12-30,89.06,89.22,88.88,89.12
1989-01-03,88.56,88.62,88.16,88.28
1989-01-04,88.31,88.66,88.25,88.41
1989-01-05,88.38,88.53,88.0,88.28
1989-01-06,88.34,88.75,87.94,88.69
1989-01-09,88.75,89.16,88.72,88.78
1989-01-10,88.78,89.09,88.69,88.81
1989-01-11,88.84,89.0,88.75,88.81
1989-01-12,88.84,89.66,88.66,89.59
1989-01-13,89.5,90.69,89.47,90.41
1989-01-16,90.31,90.56,90.19,90.19
1989-01-17,90.19,90.53,90.03,90.38
1989-01-18,90.34,91.19,89.94,90.81
1989-01-19,90.88,91.16,90.5,90.62
1989-01-20,90.66,90.72,90.25,90.31
1989-01-23,90.28,90.66,90.22,90.53
1989-01-24,90.53,91.56,90.38,91.31
1989-01-25,91.28,91.69,90.81,90.94
1989-01-26,90.88,91.09,90.41,91.03
1989-01-27,91.09,91.84,90.94,91.44
1989-01-30,91.47,91.59,90.84,90.94
1989-01-31,90.94,91.19,90.56,90.81
1989-02-01,90.91,91.03,90.59,90.91
1989-02-02,91.12,91.22,90.91,91.09
1989-02-03,91.09,91.19,90.38,90.88
1989-02-06,90.97,91.03,90.72,90.94
1989-02-07,90.78,91.38,90.62,91.34
1989-02-08,91.41,91.62,91.12,91.16
1989-02-09,90.94,90.97,89.56,89.62
1989-02-10,89.44,89.56,88.41,88.88
1989-02-13,88.97,89.0,88.59,88.66
1989-02-14,88.59,89.0,88.31,88.38
1989-02-15,88.31,88.84,88.25,88.56
1989-02-16,88.69,89.06,88.66,88.75
1989-02-17,88.78,89.0,88.41,88.91
1989-02-21,89.19,89.31,88.53,88.88
1989-02-22,88.84,88.88,88.0,88.25
1989-02-23,88.19,88.25,87.56,87.78
1989-02-24,87.94,88.28,87.41,87.66
1989-02-27,87.56,87.91,87.31,87.88
1989-02-28,87.84,88.22,87.75,88.09
1989-03-01,88.19,88.5,87.56,87.59
1989-03-02,87.41,88.16,87.41,88.12
1989-03-03,88.16,88.25,87.72,88.16
1989-03-06,88.09,88.53,88.03,88.47
1989-03-07,88.56,88.69,88.25,88.5
1989-03-08,88.44,88.88,88.22,88.81
1989-03-09,88.81,88.81,88.5,88.69
1989-03-10,88.69,88.81,87.88,87.91
1989-03-13,87.91,88.12,87.72,87.91
1989-03-14,87.84,88.28,87.81,88.16
1989-03-15,88.19,88.56,88.03,88.19
1989-03-16,88.25,88.53,88.19,88.31
1989-03-17,88.28,88.44,86.41,86.59
1989-03-20,86.62,86.75,86.41,86.5
1989-03-21,86.34,86.88,86.31,86.53
1989-03-22,86.66,87.28,86.66,87.16
1989-03-23,87.19,87.56,87.09,87.34
1989-03-27,87.28,87.38,87.06,87.31
1989-03-28,87.34,87.66,87.34,87.56
1989-03-29,87.66,87.97,87.62,87.94
1989-03-30,88.19,88.5,87.78,88.03
1989-03-31,87.81,88.44,87.81,88.41
1989-04-03,88.56,89.38,88.53,88.69
1989-04-04,88.72,89.09,88.62,89.06
1989-04-05,89.19,89.25,88.84,89.16
1989-04-06,89.06,89.09,88.75,88.88
1989-04-07,88.84,89.47,88.22,88.31
1989-04-10,88.25,88.44,88.09,88.38
1989-04-11,88.31,88.53,88.25,88.31
1989-04-12,88.34,88.38,88.06,88.28
1989-04-13,88.25,88.31,87.88,87.91
1989-04-14,87.78,89.06,87.78,89.0
1989-04-17,89.0,89.03,88.75,88.75
1989-04-18,88.75,89.97,88.69,89.84
1989-04-19,89.84,89.94,89.5,89.78
1989-04-20,89.78,90.22,88.97,89.06
1989-04-21,89.09,89.59,89.09,89.44
1989-04-24,89.47,89.66,89.31,89.47
1989-04-25,89.5,89.78,89.25,89.66
1989-04-26,89.69,90.25,89.5,89.66
1989-04-27,89.66,90.34,89.5,90.0
1989-04-28,90.03,90.53,90.0,90.19
1989-05-01,89.84,89.94,89.31,89.34
1989-05-02,89.31,89.84,89.25,89.81
1989-05-03,89.84,90.06,89.59,90.0
1989-05-04,89.44,89.59,89.38,89.53
1989-05-05,89.47,90.31,89.41,89.97
1989-05-08,89.81,89.84,89.44,89.62
1989-05-09,89.53,89.59,88.66,88.69
1989-05-10,88.53,88.75,88.22,88.41
1989-05-11,88.47,88.88,88.25,88.81
1989-05-12,88.88,91.09,88.88,90.94
1989-05-15,91.09,91.22,90.75,90.94
1989-05-16,90.91,91.0,90.66,90.97
1989-05-17,91.16,91.72,90.94,91.31
1989-05-18,91.34,91.69,91.06,91.53
1989-05-19,91.56,92.5,91.44,92.09
1989-05-22,92.12,93.19,92.03,93.16
1989-05-23,93.06,93.47,92.59,92.84
1989-05-24,92.81,93.44,92.5,92.81
1989-05-25,92.78,93.09,92.28,92.53
1989-05-26,92.28,93.03,92.12,92.91
1989-05-30,93.34,93.41,92.69,92.75
1989-05-31,92.66,93.12,92.53,93.06
1989-06-01,93.03,93.16,92.72,93.03
1989-06-02,92.97,94.31,92.94,94.28
1989-06-05,94.97,95.06,94.41,94.5
1989-06-06,94.47,94.75,94.38,94.69
1989-06-07,94.72,95.38,94.69,95.28
1989-06-08,95.41,95.66,95.16,95.56
1989-06-09,95.66,96.88,94.75,96.84
1989-06-12,97.0,97.78,96.5,96.88
1989-06-13,96.84,96.84,95.72,96.03
1989-06-14,96.0,96.56,95.75,96.5
1989-06-15,96.56,97.19,95.44,95.47
1989-06-16,95.38,95.62,94.72,95.22
1989-06-19,95.28,95.5,95.03,95.09
1989-06-20,95.0,95.66,94.84,95.62
1989-06-21,95.53,95.97,95.34,95.84
1989-06-22,94.84,95.5,94.75,95.0
1989-06-23,95.09,96.5,95.09,96.41
1989-06-26,96.44,97.19,96.41,96.88
1989-06-27,96.81,97.53,96.66,97.44
1989-06-28,97.56,97.59,96.69,97.0
1989-06-29,96.91,97.75,96.62,97.59
1989-06-30,97.44,98.16,97.44,97.94
1989-07-03,98.06,98.25,97.62,97.72
1989-07-05,97.56,97.66,96.72,97.09
1989-07-06,97.19,97.56,97.03,97.5
1989-07-07,97.5,98.44,96.81,97.97
1989-07-10,97.91,98.31,97.84,98.25
1989-07-11,98.31,98.66,97.72,97.97
1989-07-12,98.06,98.19,97.84,98.0
1989-07-13,98.03,98.28,97.75,97.94
1989-07-14,97.78,98.25,97.03,97.5
1989-07-17,97.47,97.56,97.22,97.41
1989-07-18,97.28,97.34,96.75,96.84
1989-07-19,96.69,97.28,96.62,97.16
1989-07-20,97.19,97.69,97.19,97.56
1989-07-21,97.31,97.38,96.81,97.09
1989-07-24,97.28,97.56,96.97,97.31
1989-07-25,97.34,97.69,97.28,97.62
1989-07-26,97.56,97.94,97.38,97.69
1989-07-27,97.72,98.59,97.72,98.53
1989-07-28,98.5,99.22,98.44,99.0
1989-07-31,99.06,99.84,99.03,99.75
1989-08-01,99.81,101.28,99.81,100.38
1989-08-02,100.22,100.56,99.88,100.12
1989-08-03,100.03,100.25,99.62,99.69
1989-08-04,99.66,99.84,97.88,97.91
1989-08-07,97.91,98.16,97.38,97.94
1989-08-08,97.94,98.44,97.88,97.94
1989-08-09,97.88,97.91,97.44,97.72
1989-08-10,97.25,98.16,97.06,97.88
1989-08-11,98.16,99.47,96.81,97.06
1989-08-14,97.22,97.31,95.97,96.03
1989-08-15,95.88,96.66,95.78,96.53
1989-08-16,96.72,97.19,96.59,97.16
1989-08-17,96.84,97.75,96.22,96.69
1989-08-18,96.72,97.09,96.03,96.91
1989-08-21,96.88,97.47,96.38,96.47
1989-08-22,96.53,96.75,95.75,95.91
1989-08-23,95.94,96.5,95.81,96.47
1989-08-24,96.59,96.97,96.5,96.75
1989-08-25,96.81,97.12,96.44,96.5
1989-08-28,96.44,96.53,95.84,96.03
1989-08-29,95.97,96.38,95.59,96.25
1989-08-30,96.22,96.47,96.16,96.38
1989-08-31,96.47,96.62,96.09,96.25
1989-09-01,96.22,97.06,95.62,97.06
1989-09-05,96.72,97.0,96.62,96.88
1989-09-06,96.97,97.12,96.72,97.12
1989-09-07,97.16,97.56,97.09,97.22
1989-09-08,97.19,97.62,97.09,97.62
1989-09-11,97.62,97.75,97.5,97.72
1989-09-12,97.66,97.66,97.28,97.5
1989-09-13,97.41,97.78,96.84,96.88
1989-09-14,96.88,97.38,96.88,97.19
1989-09-15,97.16,97.84,96.78,97.53
1989-09-18,97.53,97.66,97.28,97.34
1989-09-19,97.31,97.59,97.25,97.28
1989-09-20,97.28,97.31,96.78,96.94
1989-09-21,96.53,96.75,96.19,96.22
1989-09-22,96.31,96.44,96.03,96.22
1989-09-25,96.06,96.09,95.12,95.25
1989-09-26,95.31,95.75,95.09,95.69
1989-09-27,95.75,95.88,95.34,95.69
1989-09-28,95.66,95.84,95.38,95.72
1989-09-29,95.62,95.97,95.22,95.84
1989-10-02,95.88,96.22,95.69,96.06
1989-10-03,96.09,96.47,96.09,96.44
1989-10-04,96.62,96.78,96.47,96.72
1989-10-05,96.66,97.5,96.22,97.44
1989-10-06,97.47,98.31,97.34,98.28
1989-10-09,98.22,98.44,98.09,98.44
1989-10-10,98.44,98.75,98.19,98.34
1989-10-11,98.28,98.41,97.81,97.91
1989-10-12,97.84,98.28,97.81,98.19
1989-10-13,97.94,98.62,97.56,98.53
1989-10-16,100.44,100.72,98.28,98.66
1989-10-17,98.56,99.31,98.16,98.31
1989-10-18,98.09,98.56,97.84,98.09
1989-10-19,97.97,98.91,97.94,98.78
1989-10-20,98.78,99.09,98.47,98.56
1989-10-23,98.53,99.06,98.47,99.03
1989-10-24,98.97,100.12,98.97,99.59
1989-10-25,99.41,99.75,99.28,99.47
1989-10-26,99.38,99.66,99.16,99.19
1989-10-27,99.25,99.47,98.56,98.72
1989-10-30,98.81,99.16,98.66,99.12
1989-10-31,99.16,99.62,99.16,99.34
1989-11-01,99.41,99.72,99.22,99.69
1989-11-02,99.66,99.91,99.59,99.84
1989-11-03,99.81,99.91,98.81,99.25
1989-11-06,99.12,99.19,98.56,98.75
1989-11-07,98.84,99.75,98.75,99.72
1989-11-08,99.81,99.88,99.41,99.81
1989-11-09,99.75,100.09,99.38,99.41
1989-11-10,99.47,99.66,99.34,99.56
1989-11-13,99.5,99.69,99.06,99.59
1989-11-14,99.69,100.0,99.34,99.5
1989-11-15,99.53,100.09,99.53,99.81
1989-11-16,99.88,100.31,99.44,99.75
1989-11-17,99.75,99.78,98.97,99.0
1989-11-20,99.03,99.62,98.97,99.12
1989-11-21,99.16,99.47,98.75,99.38
1989-11-22,99.34,99.78,99.22,99.66
1989-11-24,99.78,99.91,99.66,99.69
1989-11-27,99.69,99.78,99.19,99.25
1989-11-28,99.25,99.41,99.03,99.31
1989-11-29,99.31,99.34,98.97,99.0
1989-11-30,99.03,99.5,99.0,99.47
1989-12-01,99.47,99.75,99.44,99.59
1989-12-04,99.59,99.72,99.41,99.69
1989-12-05,99.69,99.72,99.59,99.66
1989-12-06,99.62,99.72,99.25,99.28
1989-12-07,99.25,99.34,99.0,99.09
1989-12-08,99.12,99.59,98.78,99.56
1989-12-11,99.53,99.56,99.34,99.44
1989-12-12,99.47,99.53,99.25,99.34
1989-12-13,99.31,99.53,99.19,99.5
1989-12-14,99.53,99.97,99.41,99.94
1989-12-15,99.94,100.12,99.66,99.81
1989-12-18,99.88,100.19,99.75,100.16
1989-12-19,100.03,100.09,99.81,100.0
1989-12-20,100.12,100.62,100.03,100.16
1989-12-21,100.12,100.19,99.88,99.94
1989-12-22,99.97,100.0,99.66,99.72
1989-12-26,99.66,99.72,98.19,98.38
1989-12-27,98.41,98.81,98.25,98.53
1989-12-28,98.5,98.84,98.44,98.78
1989-12-29,98.78,99.03,98.38,98.66
1990-01-02,98.53,98.78,98.25,98.41
1990-01-03,98.44,98.5,97.91,98.0
1990-01-04,98.03,98.31,97.94,98.06
1990-01-05,98.06,98.5,97.62,97.81
1990-01-08,97.88,97.94,97.44,97.59
1990-01-09,97.56,97.84,97.41,97.5
1990-01-10,97.53,97.69,97.31,97.56
1990-01-11,97.69,97.84,97.53,97.56
1990-01-12,97.47,97.5,96.75,97.0
1990-01-15,96.97,96.97,96.53,96.59
1990-01-16,96.53,96.66,95.97,96.31
1990-01-17,96.31,96.56,96.12,96.31
1990-01-18,96.28,96.28,95.22,95.25
1990-01-19,95.38,95.84,95.16,95.84
1990-01-22,95.94,96.06,95.53,95.62
1990-01-23,95.56,95.88,95.25,95.88
1990-01-24,94.72,94.88,94.31,94.75
1990-01-25,94.72,95.12,94.25,94.28
1990-01-26,94.22,94.56,93.22,93.38
1990-01-29,93.5,93.78,93.34,93.5
1990-01-30,93.16,93.75,92.56,93.22
1990-01-31,93.41,94.28,92.94,94.25
1990-02-01,94.31,94.69,93.97,94.5
1990-02-02,94.44,94.56,93.66,93.84
1990-02-05,93.78,93.81,93.41,93.59
1990-02-06,93.59,93.62,93.03,93.25
1990-02-07,93.06,93.34,92.56,93.31
1990-02-08,93.38,94.28,93.16,93.69
1990-02-09,94.06,95.03,94.0,94.84
1990-02-12,94.94,95.09,94.0,94.06
1990-02-13,94.03,94.56,93.91,94.44
1990-02-14,94.53,94.75,94.22,94.34
1990-02-15,94.22,94.28,93.59,93.69
1990-02-16,93.72,94.12,93.56,93.75
1990-02-20,92.84,93.03,91.72,92.06
1990-02-21,91.94,92.31,91.5,92.09
1990-02-22,92.16,93.28,91.81,93.12
1990-02-23,93.03,93.53,92.75,93.06
1990-02-26,93.09,93.78,92.97,93.75
1990-02-27,93.72,94.25,93.66,94.19
1990-02-28,94.12,94.16,93.28,93.31
1990-03-01,93.22,93.5,92.59,92.66
1990-03-02,92.62,93.62,92.56,93.12
1990-03-05,93.22,93.25,91.97,92.03
1990-03-06,92.12,92.84,91.91,92.75
1990-03-07,92.88,93.06,92.69,92.81
1990-03-08,92.72,93.09,92.66,93.03
1990-03-09,93.0,93.22,91.94,92.03
1990-03-12,92.09,92.41,92.0,92.38
1990-03-13,92.31,92.34,91.25,91.44
1990-03-14,91.47,92.56,91.41,92.53
1990-03-15,92.5,92.5,92.12,92.41
1990-03-16,92.41,93.28,92.25,93.06
1990-03-19,93.12,93.16,92.59,93.12
1990-03-20,93.03,93.97,92.41,93.91
1990-03-21,93.81,93.91,93.53,93.72
1990-03-22,93.22,94.03,93.03,93.28
1990-03-23,93.22,93.84,92.97,93.38
1990-03-26,93.38,93.97,93.38,93.59
1990-03-27,93.56,93.78,93.28,93.5
1990-03-28,93.56,93.88,93.12,93.66
1990-03-29,93.62,93.66,92.56,92.62
1990-03-30,92.44,92.84,91.69,91.88
1990-04-02,92.0,92.31,91.84,91.91
1990-04-03,91.94,92.25,91.91,92.19
1990-04-04,92.22,93.72,92.12,93.31
1990-04-05,93.22,93.25,92.75,93.16
1990-04-06,93.09,93.88,92.56,93.09
1990-04-09,92.97,93.03,92.59,92.91
1990-04-10,92.81,93.28,92.47,92.81
1990-04-11,92.5,93.22,92.47,92.72
1990-04-12,92.72,93.06,92.41,92.53
1990-04-16,92.81,92.84,91.94,92.09
1990-04-17,92.12,92.47,90.75,91.16
1990-04-18,91.25,91.41,90.0,90.19
1990-04-19,90.28,90.44,89.75,90.16
1990-04-20,90.22,90.44,89.31,89.53
1990-04-23,89.38,89.56,89.09,89.25
1990-04-24,89.25,89.72,88.88,89.12
1990-04-25,89.25,89.59,88.97,89.19
1990-04-26,89.12,89.41,88.31,88.59
1990-04-27,88.56,89.25,88.22,88.59
1990-04-30,88.62,88.84,88.53,88.81
1990-05-01,88.97,89.44,88.41,88.72
1990-05-02,88.69,88.84,88.31,88.69
1990-05-03,88.78,89.34,88.78,89.12
1990-05-04,89.19,90.84,89.19,90.72
1990-05-07,90.69,90.84,90.34,90.41
1990-05-08,90.44,90.81,90.34,90.78
1990-05-09,90.62,90.69,89.91,89.97
1990-05-10,90.22,90.75,90.12,90.62
1990-05-11,90.5,92.31,90.38,92.19
1990-05-14,92.16,92.84,91.91,92.81
1990-05-15,92.69,92.75,92.19,92.41
1990-05-16,92.41,92.72,91.97,92.22
1990-05-17,92.22,92.56,91.97,92.12
1990-05-18,92.09,92.12,91.5,91.69
1990-05-21,91.69,91.88,91.44,91.78
1990-05-22,91.81,92.69,91.75,92.56
1990-05-23,92.5,93.16,92.25,92.72
1990-05-24,92.84,93.22,92.56,92.66
1990-05-25,92.53,92.59,91.91,91.97
1990-05-29,92.06,92.34,91.97,92.31
1990-05-30,92.41,92.81,92.38,92.69
1990-05-31,92.72,92.94,92.41,92.91
1990-06-01,92.91,94.53,92.78,94.38
1990-06-04,94.19,94.59,94.19,94.44
1990-06-05,94.38,94.81,94.0,94.03
1990-06-06,94.03,94.25,93.97,94.19
1990-06-07,94.25,94.5,94.06,94.31
1990-06-08,94.28,94.53,94.06,94.25
1990-06-11,94.12,94.16,93.78,94.12
1990-06-12,94.12,94.28,94.09,94.09
1990-06-13,94.06,94.81,94.06,94.75
1990-06-14,94.75,95.19,94.5,94.97
1990-06-15,95.06,95.31,94.03,94.31
1990-06-18,94.31,94.38,93.81,93.91
1990-06-19,93.94,94.06,93.69,93.94
1990-06-20,93.88,94.19,93.53,93.59
1990-06-21,93.19,93.47,93.03,93.44
1990-06-22,93.47,93.72,93.38,93.47
1990-06-25,93.56,93.69,92.78,92.78
1990-06-26,92.78,93.69,92.72,93.16
1990-06-27,93.22,93.5,93.12,93.47
1990-06-28,93.53,94.0,93.5,93.88
1990-06-29,93.91,94.41,93.62,94.34
1990-07-02,94.31,94.38,93.97,94.28
1990-07-03,94.31,94.5,94.06,94.5
1990-07-05,94.41,94.59,94.16,94.19
1990-07-06,94.25,94.28,93.19,93.34
1990-07-09,93.28,93.31,92.81,93.0
1990-07-10,92.97,93.22,92.75,92.81
1990-07-11,92.81,93.31,92.78,93.0
1990-07-12,92.88,93.62,92.47,93.5
1990-07-13,93.5,94.06,93.09,93.84
1990-07-16,93.88,94.0,93.62,94.0
1990-07-17,93.91,94.16,93.78,94.0
1990-07-18,93.97,94.03,93.03,93.16
1990-07-19,93.12,93.25,92.91,93.06
1990-07-20,93.06,93.38,93.06,93.28
1990-07-23,93.28,93.88,92.53,93.31
1990-07-24,93.12,93.16,92.66,92.88
1990-07-25,92.84,93.34,92.84,93.28
1990-07-26,93.31,93.47,93.22,93.47
1990-07-27,93.41,94.09,93.28,94.06
1990-07-30,94.03,95.0,93.97,94.91
1990-07-31,94.78,94.91,94.53,94.69
1990-08-01,94.69,95.44,94.59,95.19
1990-08-02,95.25,95.28,93.88,94.19
1990-08-03,94.19,94.47,93.06,93.44
1990-08-06,93.06,93.16,90.44,90.78
1990-08-07,90.91,91.69,89.84,90.5
1990-08-08,90.34,91.12,89.91,90.44
1990-08-09,90.75,91.34,90.19,91.31
1990-08-10,91.44,91.72,90.25,90.88
1990-08-13,91.12,91.28,90.38,90.72
1990-08-14,90.75,91.22,90.41,90.94
1990-08-15,90.94,91.59,90.5,91.09
1990-08-16,91.09,91.16,89.56,89.72
1990-08-17,89.5,89.75,89.06,89.44
1990-08-20,89.41,89.81,88.97,89.69
1990-08-21,89.56,89.75,88.72,89.59
1990-08-22,89.53,89.59,88.75,88.78
1990-08-23,88.47,88.59,87.62,87.91
1990-08-24,87.72,88.28,87.06,87.47
1990-08-27,87.84,88.94,87.56,88.75
1990-08-28,89.03,89.34,88.41,88.44
1990-08-29,88.47,89.56,88.28,89.5
1990-08-30,89.62,89.66,88.72,89.16
1990-08-31,89.16,89.41,88.91,89.16
1990-09-04,88.59,88.88,88.47,88.75
1990-09-05,88.81,89.31,88.66,89.25
1990-09-06,89.28,89.56,89.03,89.44
1990-09-07,89.41,90.06,88.81,89.81
1990-09-10,89.81,90.12,89.34,89.38
1990-09-11,89.25,89.59,89.09,89.47
1990-09-12,89.78,89.91,89.38,89.53
1990-09-13,89.56,89.94,89.38,89.56
1990-09-14,89.41,89.44,88.94,89.03
1990-09-17,88.94,88.94,88.56,88.62
1990-09-18,88.56,88.78,88.06,88.72
1990-09-19,88.59,88.97,88.41,88.81
1990-09-20,88.59,88.75,88.28,88.34
1990-09-21,88.38,88.44,87.5,87.66
1990-09-24,87.59,87.62,86.88,87.22
1990-09-25,87.12,87.66,86.94,87.53
1990-09-26,87.59,87.91,87.5,87.59
1990-09-27,87.69,88.5,87.69,88.47
1990-09-28,88.59,89.44,88.38,89.38
1990-10-01,89.53,90.53,89.44,90.41
1990-10-02,90.31,90.78,90.22,90.41
1990-10-03,90.44,90.62,90.06,90.34
1990-10-04,90.12,90.72,90.0,90.69
1990-10-05,90.88,91.09,90.16,90.94
1990-10-08,90.81,90.91,90.34,90.47
1990-10-09,90.34,90.44,89.12,89.16
1990-10-10,89.22,89.25,88.5,88.75
1990-10-11,88.69,89.0,88.16,88.25
1990-10-12,88.22,89.62,88.16,89.22
1990-10-15,89.38,89.78,89.22,89.53
1990-10-16,89.56,89.88,89.28,89.69
1990-10-17,90.0,90.22,89.69,89.97
1990-10-18,90.03,90.94,89.97,90.44
1990-10-19,90.66,91.72,90.41,91.31
1990-10-22,91.16,91.66,90.47,91.34
1990-10-23,91.34,91.41,90.84,91.03
1990-10-24,90.91,91.09,90.62,90.97
1990-10-25,91.03,91.5,90.81,91.47
1990-10-26,91.34,91.47,91.0,91.25
1990-10-29,91.34,91.78,90.53,90.59
1990-10-30,90.5,90.62,90.16,90.56
1990-10-31,90.62,91.22,90.53,91.09
1990-11-01,91.34,92.06,91.0,91.88
1990-11-02,91.94,92.28,91.59,91.91
1990-11-05,91.81,92.56,91.66,92.56
1990-11-06,92.59,92.88,92.28,92.47
1990-11-07,92.41,92.97,91.75,91.78
1990-11-08,91.84,92.16,91.47,91.5
1990-11-09,91.62,92.56,91.59,92.53
1990-11-12,92.62,93.47,92.59,93.44
1990-11-13,93.5,93.69,93.16,93.62
1990-11-14,93.47,93.78,93.25,93.75
1990-11-15,93.66,93.72,93.12,93.53
1990-11-16,93.44,94.47,93.41,94.19
1990-11-19,94.31,94.47,93.47,93.66
1990-11-20,93.62,94.25,93.56,94.16
1990-11-21,94.38,94.66,94.25,94.62
1990-11-23,94.5,94.53,94.28,94.38
1990-11-26,94.38,94.81,93.62,94.72
1990-11-27,94.62,94.91,94.31,94.5
1990-11-28,94.44,94.75,94.22,94.31
1990-11-29,94.38,94.62,93.78,94.16
1990-11-30,93.97,94.94,93.69,94.88
1990-12-03,95.06,95.66,95.03,95.28
1990-12-04,95.28,95.66,95.22,95.25
1990-12-05,95.56,95.81,95.28,95.75
1990-12-06,95.69,96.12,95.38,95.38
1990-12-07,95.47,97.06,95.44,97.03
1990-12-10,97.09,97.75,97.09,97.41
1990-12-11,97.47,97.78,97.41,97.72
1990-12-12,97.94,98.28,97.53,97.91
1990-12-13,97.88,98.12,97.16,97.22
1990-12-14,97.38,97.56,96.44,96.66
1990-12-17,96.38,96.94,96.34,96.91
1990-12-18,96.91,97.38,96.62,97.12
1990-12-19,98.0,98.0,96.78,96.81
1990-12-20,96.38,96.47,95.81,96.03
1990-12-21,95.88,96.22,95.44,95.47
1990-12-24,95.38,95.44,94.5,94.69
1990-12-26,95.06,95.47,94.97,95.34
1990-12-27,95.44,96.06,95.41,95.78
1990-12-28,95.88,96.0,95.19,95.25
1990-12-31,95.34,95.88,95.28,95.72
1991-01-02,95.97,96.81,95.97,96.81
1991-01-03,96.72,97.53,96.66,97.19
1991-01-04,97.16,97.28,96.03,96.25
1991-01-07,95.72,95.88,95.03,95.12
1991-01-08,95.12,95.62,94.56,94.62
1991-01-09,94.53,95.84,93.62,93.72
1991-01-10,93.78,94.69,93.72,94.66
1991-01-11,94.88,95.16,94.16,94.62
1991-01-14,94.06,94.31,93.56,94.06
1991-01-15,94.41,94.56,94.03,94.03
1991-01-16,94.25,94.47,93.75,94.22
1991-01-17,94.19,96.78,93.34,96.56
1991-01-18,96.34,96.88,95.22,96.69
1991-01-21,96.38,96.66,96.12,96.22
1991-01-22,96.19,96.34,95.75,96.0
1991-01-23,95.91,96.38,95.75,96.31
1991-01-24,96.44,96.78,96.28,96.69
1991-01-25,96.78,96.97,95.91,95.94
1991-01-28,96.0,96.22,95.88,96.16
1991-01-29,96.19,96.5,96.06,96.38
1991-01-30,96.34,96.66,96.0,96.16
1991-01-31,96.16,96.47,95.97,96.31
1991-02-01,96.41,97.69,96.31,97.53
1991-02-04,97.5,97.84,97.25,97.84
1991-02-05,97.84,98.34,97.75,98.12
1991-02-06,98.06,98.22,97.75,98.22
1991-02-07,98.28,98.5,97.69,97.72
1991-02-08,97.59,98.69,97.56,98.53
1991-02-11,98.47,98.78,98.22,98.25
1991-02-12,98.34,98.62,98.09,98.38
1991-02-13,98.38,98.66,98.12,98.28
1991-02-14,98.34,98.5,97.94,98.0
1991-02-15,98.0,98.59,97.75,98.25
1991-02-19,98.28,98.31,97.88,97.97
1991-02-20,97.91,98.12,97.44,97.53
1991-02-21,97.44,97.88,97.28,97.41
1991-02-22,97.25,97.62,97.03,97.12
1991-02-25,97.44,97.53,97.06,97.44
1991-02-26,97.59,97.69,96.53,96.59
1991-02-27,96.62,96.69,96.31,96.53
1991-02-28,96.59,96.84,96.0,96.16
1991-03-01,96.0,96.03,95.09,95.25
1991-03-04,95.25,95.66,95.22,95.28
1991-03-05,95.19,95.81,95.06,95.62
1991-03-06,95.75,96.0,95.34,95.47
1991-03-07,95.47,96.12,95.41,96.0
1991-03-08,96.12,96.41,95.19,95.19
1991-03-11,95.06,96.03,94.72,96.03
1991-03-12,96.03,96.22,95.59,95.66
1991-03-13,95.59,96.38,95.59,96.31
1991-03-14,96.44,96.56,96.03,96.38
1991-03-15,96.34,96.41,95.31,95.44
1991-03-18,95.5,95.59,94.94,95.12
1991-03-19,95.22,95.28,94.0,94.09
1991-03-20,93.53,94.09,93.47,93.94
1991-03-21,94.16,94.53,94.06,94.31
1991-03-22,94.31,94.47,94.03,94.44
1991-03-25,94.56,94.78,94.38,94.5
1991-03-26,94.5,94.69,94.06,94.66
1991-03-27,94.72,95.25,94.62,95.16
1991-03-28,95.22,95.59,95.03,95.47
1991-04-01,95.16,95.59,95.12,95.31
1991-04-02,95.25,95.69,95.16,95.56
1991-04-03,95.66,95.72,95.34,95.56
1991-04-04,95.47,96.22,95.28,96.06
1991-04-05,96.0,96.66,95.84,96.16
1991-04-08,96.19,96.5,96.19,96.38
1991-04-09,96.38,96.44,95.88,95.91
1991-04-10,95.84,95.94,95.03,95.09
1991-04-11,95.25,95.56,94.94,95.22
1991-04-12,95.34,96.44,95.34,96.41
1991-04-15,96.47,97.16,96.44,96.84
1991-04-16,96.78,97.0,96.5,96.75
1991-04-17,96.84,97.34,96.84,96.97
1991-04-18,97.0,97.03,96.09,96.28
1991-04-19,96.19,96.31,95.59,95.69
1991-04-22,95.59,95.66,95.09,95.19
1991-04-23,95.19,95.72,95.19,95.47
1991-04-24,95.59,96.25,95.5,96.09
1991-04-25,96.06,96.38,95.78,95.91
1991-04-26,95.84,96.25,95.25,96.22
1991-04-29,96.22,96.5,95.94,96.03
1991-04-30,96.03,96.62,95.78,96.41
1991-05-01,96.5,96.75,96.19,96.56
1991-05-02,96.62,97.03,96.59,96.94
1991-05-03,97.06,97.12,96.06,96.19
1991-05-06,95.72,96.12,95.62,96.12
1991-05-07,96.22,96.38,95.91,96.03
1991-05-08,95.91,96.31,95.78,96.03
1991-05-09,96.34,96.34,95.81,96.09
1991-05-10,96.19,96.34,94.62,94.75
1991-05-13,94.97,95.5,94.97,95.47
1991-05-14,95.56,95.59,94.5,94.62
1991-05-15,94.78,95.12,94.69,94.78
1991-05-16,94.88,95.25,94.84,94.94
1991-05-17,94.81,95.78,94.34,95.56
1991-05-20,95.47,95.56,95.28,95.38
1991-05-21,95.5,95.84,95.25,95.84
1991-05-22,95.81,95.97,95.53,95.62
1991-05-23,95.56,95.78,95.06,95.25
1991-05-24,95.25,95.5,94.97,95.28
1991-05-28,95.41,95.69,95.31,95.59
1991-05-29,95.53,95.81,95.47,95.53
1991-05-30,95.47,96.28,95.44,96.25
1991-05-31,96.22,96.28,95.47,95.75
1991-06-03,95.72,95.78,95.03,95.06
1991-06-04,95.06,95.34,94.94,95.06
1991-06-05,95.09,95.19,94.47,94.56
1991-06-06,94.66,94.72,94.16,94.34
1991-06-07,94.31,94.34,93.41,93.69
1991-06-10,93.75,93.94,93.66,93.72
1991-06-11,93.75,93.94,93.44,93.81
1991-06-12,93.78,93.78,93.0,93.09
1991-06-13,93.03,93.38,92.38,93.31
1991-06-14,93.38,93.88,93.38,93.81
1991-06-17,94.0,94.0,93.59,93.62
1991-06-18,93.59,94.0,93.41,93.41
1991-06-19,93.38,93.5,93.19,93.28
1991-06-20,92.66,93.34,92.59,92.97
1991-06-21,93.03,93.19,92.5,92.59
1991-06-24,92.56,92.88,92.25,92.66
1991-06-25,92.62,92.81,92.31,92.66
1991-06-26,92.62,93.03,92.59,92.66
1991-06-27,92.66,93.06,92.5,92.94
1991-06-28,92.94,93.88,92.91,93.62
1991-07-01,93.72,93.84,93.34,93.5
1991-07-02,93.5,93.56,93.28,93.5
1991-07-03,93.47,93.75,93.25,93.72
1991-07-05,93.72,93.75,92.69,92.78
1991-07-08,92.72,92.91,92.59,92.84
1991-07-09,92.88,92.94,92.53,92.59
1991-07-10,92.59,92.88,92.53,92.78
1991-07-11,92.84,93.38,92.66,93.34
1991-07-12,93.41,94.0,93.28,93.81
1991-07-15,93.75,93.84,93.44,93.81
1991-07-16,93.69,93.91,93.53,93.72
1991-07-17,93.72,93.91,93.28,93.34
1991-07-18,93.22,93.47,93.12,93.31
1991-07-19,93.44,93.75,93.41,93.53
1991-07-22,93.5,93.69,93.34,93.62
1991-07-23,93.62,93.66,93.25,93.28
1991-07-24,93.28,94.19,93.25,94.16
1991-07-25,94.12,94.62,94.09,94.5
1991-07-26,94.47,94.84,94.31,94.53
1991-07-29,94.47,94.59,94.31,94.38
1991-07-30,94.38,94.5,94.25,94.5
1991-07-31,94.5,94.84,94.5,94.84
1991-08-01,95.0,95.03,94.41,94.56
1991-08-02,94.72,96.0,94.66,95.94
1991-08-05,95.94,96.12,95.72,96.09
1991-08-06,96.16,96.75,95.91,96.72
1991-08-07,96.62,96.88,96.47,96.72
1991-08-08,96.62,96.84,96.03,96.19
1991-08-09,96.06,96.44,95.84,96.06
1991-08-12,96.06,96.38,96.06,96.38
1991-08-13,96.31,96.91,95.97,96.75
1991-08-14,96.75,97.88,96.75,97.75
1991-08-15,97.78,98.06,97.25,97.44
1991-08-16,97.47,97.56,97.06,97.5
1991-08-19,97.53,98.22,97.0,97.34
1991-08-20,97.22,97.66,97.19,97.59
1991-08-21,97.62,97.94,97.44,97.91
1991-08-22,97.97,98.25,97.94,98.09
1991-08-23,98.03,98.16,97.09,97.25
1991-08-26,97.25,97.34,97.0,97.06
1991-08-27,97.06,97.28,97.0,97.28
1991-08-28,97.34,98.19,97.25,98.12
1991-08-29,98.06,98.91,98.03,98.75
1991-08-30,98.62,98.66,97.81,98.06
1991-09-03,98.25,98.31,97.88,98.16
1991-09-04,98.16,98.38,97.97,98.06
1991-09-05,98.06,98.22,97.84,97.84
1991-09-06,97.75,98.72,97.56,98.69
1991-09-09,98.62,99.03,98.56,98.81
1991-09-10,98.84,99.09,98.62,98.72
1991-09-11,98.69,98.94,98.53,98.66
1991-09-12,98.62,99.38,98.62,99.34
1991-09-13,99.62,100.06,99.09,99.28
1991-09-16,99.44,99.66,99.44,99.56
1991-09-17,99.53,99.72,99.22,99.69
1991-09-18,99.72,99.81,99.38,99.59
1991-09-19,99.62,99.78,99.16,99.72
1991-09-20,98.84,99.44,98.84,99.12
1991-09-23,99.12,99.28,98.91,99.25
1991-09-24,99.25,99.5,98.81,99.06
1991-09-25,99.09,99.25,98.84,98.94
1991-09-26,98.91,99.25,98.78,99.19
1991-09-27,99.16,100.0,99.12,99.88
1991-09-30,99.91,100.12,99.72,100.0
1991-10-01,100.03,100.34,99.81,100.03
1991-10-02,100.12,100.19,99.78,99.88
1991-10-03,99.84,100.09,99.72,99.75
1991-10-04,99.72,100.5,99.5,100.41
1991-10-07,100.44,100.56,100.34,100.41
1991-10-08,100.41,100.44,100.12,100.12
1991-10-09,100.06,100.09,98.81,99.03
1991-10-10,99.06,99.19,98.44,98.62
1991-10-11,98.69,99.97,98.59,99.88
1991-10-14,99.91,100.03,99.56,99.78
1991-10-15,99.81,100.06,99.47,100.0
1991-10-16,100.06,100.28,99.81,99.91
1991-10-17,99.84,100.09,98.59,98.62
1991-10-18,98.38,99.34,98.22,99.16
1991-10-21,99.19,99.28,97.84,98.12
1991-10-22,98.0,98.31,97.44,97.66
1991-10-23,97.59,98.06,97.5,97.81
1991-10-24,97.88,98.47,97.88,98.38
1991-10-25,98.28,98.5,98.06,98.12
1991-10-28,98.03,98.44,97.81,98.41
1991-10-29,98.34,99.88,98.34,99.81
1991-10-30,99.91,100.19,99.69,99.94
1991-10-31,99.91,100.06,99.56,99.81
1991-11-01,99.75,100.53,99.44,99.56
1991-11-04,99.47,99.47,98.88,99.34
1991-11-05,99.34,99.47,98.56,98.69
1991-11-06,98.56,99.41,98.5,98.88
1991-11-07,98.91,99.91,98.81,99.88
1991-11-08,99.97,100.75,99.97,100.28
1991-11-11,100.22,100.47,100.16,100.44
1991-11-12,100.47,101.03,100.47,101.0
1991-11-13,101.12,101.16,99.47,100.09
1991-11-14,100.22,101.06,100.12,100.75
1991-11-15,100.75,100.97,100.28,100.56
1991-11-18,100.91,101.0,100.5,100.72
1991-11-19,100.69,100.84,100.12,100.16
1991-11-20,99.88,100.09,99.56,100.0
1991-11-21,100.09,100.44,99.28,99.44
1991-11-22,99.28,99.5,99.06,99.12
1991-11-25,99.19,99.5,99.06,99.09
1991-11-26,99.12,99.75,99.06,99.56
1991-11-27,99.56,99.62,98.62,99.38
1991-11-29,99.62,99.78,99.53,99.75
1991-12-02,99.75,100.12,99.66,100.09
1991-12-03,100.19,100.41,99.91,100.38
1991-12-04,100.34,101.19,100.19,101.16
1991-12-05,100.97,101.19,100.81,100.88
1991-12-06,100.97,102.31,100.97,101.47
1991-12-09,101.34,101.75,101.31,101.66
1991-12-10,101.59,101.94,101.53,101.56
1991-12-11,101.5,101.72,101.31,101.38
1991-12-12,101.34,101.91,101.34,101.91
1991-12-13,101.94,102.19,101.28,101.44
1991-12-16,101.62,101.66,101.44,101.62
1991-12-17,101.84,101.97,101.5,101.91
1991-12-18,101.91,102.12,101.62,101.84
1991-12-19,101.88,102.41,101.81,102.34
1991-12-20,101.97,102.84,101.91,102.72
1991-12-23,102.75,103.44,102.59,103.31
1991-12-24,103.38,103.5,103.06,103.34
1991-12-26,103.31,103.66,103.25,103.62
1991-12-27,103.62,103.69,103.38,103.56
1991-12-30,103.53,104.28,103.38,104.25
1991-12-31,104.31,104.84,104.06,104.75
1992-01-02,104.81,104.94,103.56,104.09
1992-01-03,104.09,104.22,103.41,103.94
1992-01-06,103.94,104.69,103.94,104.62
1992-01-07,104.62,105.34,104.5,105.25
1992-01-08,105.22,105.47,104.84,105.03
1992-01-09,105.19,105.62,104.25,104.75
1992-01-10,104.78,104.84,103.88,104.12
1992-01-13,104.12,104.28,103.72,103.81
1992-01-14,103.59,103.97,102.72,103.31
1992-01-15,103.22,103.5,102.69,102.94
1992-01-16,102.88,103.16,102.03,102.09
1992-01-17,101.91,102.75,101.84,102.62
1992-01-20,102.56,103.0,102.56,102.97
1992-01-21,103.0,103.25,102.88,103.19
1992-01-22,103.09,103.16,102.25,102.66
1992-01-23,102.59,102.62,101.56,101.59
1992-01-24,101.47,101.84,101.34,101.59
1992-01-27,101.62,102.03,101.38,101.59
1992-01-28,101.5,102.41,101.38,102.31
1992-01-29,102.22,102.81,101.03,101.06
1992-01-30,101.09,101.56,100.5,100.72
1992-01-31,100.75,101.12,100.66,101.03
1992-02-03,101.06,101.25,100.28,100.5
1992-02-04,100.47,101.22,100.38,101.19
1992-02-05,101.22,101.44,100.81,101.31
1992-02-06,101.44,101.75,101.19,101.31
1992-02-07,101.22,102.22,100.72,101.19
1992-02-10,101.22,101.28,100.88,101.0
1992-02-11,100.97,101.25,100.62,101.03
1992-02-12,101.03,101.19,100.72,100.91
1992-02-13,100.81,100.88,99.47,99.81
1992-02-14,99.81,99.97,99.03,99.84
1992-02-18,100.12,100.19,98.94,99.22
1992-02-19,99.09,99.94,98.75,99.75
1992-02-20,99.91,100.16,99.69,100.0
1992-02-21,100.0,100.09,99.28,99.56
1992-02-24,99.56,99.59,99.16,99.38
1992-02-25,99.31,100.12,99.28,99.72
1992-02-26,99.62,100.78,99.38,100.78
1992-02-27,100.75,100.97,100.53,100.69
1992-02-28,100.69,101.44,100.56,101.41
1992-03-02,101.47,101.66,100.22,100.31
1992-03-03,100.25,100.31,99.44,100.0
1992-03-04,99.97,100.28,99.41,100.22
1992-03-05,100.12,100.12,99.5,99.62
1992-03-06,99.47,100.09,98.81,99.94
1992-03-09,99.91,100.44,99.88,100.44
1992-03-10,100.5,100.72,100.25,100.31
1992-03-11,100.19,100.34,99.44,99.53
1992-03-12,99.56,99.56,98.59,98.62
1992-03-13,98.62,99.34,98.19,98.41
1992-03-16,98.31,98.72,98.28,98.34
1992-03-17,98.31,99.09,98.0,99.0
1992-03-18,99.06,99.12,98.72,99.03
1992-03-19,99.0,99.69,98.91,99.34
1992-03-20,99.41,99.56,98.56,98.66
1992-03-23,97.56,97.88,97.44,97.75
1992-03-24,97.75,98.84,97.72,98.81
1992-03-25,98.88,99.22,98.59,98.94
1992-03-26,98.88,99.09,98.28,98.44
1992-03-27,98.34,99.25,98.03,98.97
1992-03-30,98.97,99.12,98.66,98.91
1992-03-31,98.94,98.97,98.34,98.72
1992-04-01,98.75,99.56,98.38,99.41
1992-04-02,99.44,99.5,99.06,99.22
1992-04-03,99.31,100.03,99.31,99.75
1992-04-06,99.81,99.94,99.62,99.72
1992-04-07,99.66,99.91,99.41,99.72
1992-04-08,99.78,100.03,99.16,99.22
1992-04-09,99.41,100.41,99.12,100.22
1992-04-10,100.19,100.25,99.22,99.84
1992-04-13,99.91,100.38,99.75,100.25
1992-04-15,100.28,100.34,100.0,100.09
1992-04-16,99.78,99.88,99.38,99.5
1992-04-20,99.28,99.28,98.41,98.5
1992-04-21,98.47,98.78,98.34,98.44
1992-04-22,98.44,98.59,98.25,98.34
1992-04-23,98.28,98.34,97.53,98.06
1992-04-24,98.12,98.47,97.88,98.22
1992-04-27,98.31,98.34,97.69,97.72
1992-04-28,97.69,98.44,97.28,98.25
1992-04-29,98.25,98.47,97.81,98.0
1992-04-30,98.06,98.38,97.84,98.12
1992-05-01,98.25,98.84,98.22,98.72
1992-05-04,98.75,98.75,98.25,98.44
1992-05-05,98.5,98.72,98.25,98.69
1992-05-06,98.78,99.22,98.59,99.16
1992-05-07,99.19,99.31,98.75,98.91
1992-05-08,99.25,100.06,98.78,100.03
1992-05-11,100.09,100.22,99.91,100.09
1992-05-12,100.09,100.84,100.09,100.56
1992-05-13,100.5,100.94,100.38,100.56
1992-05-14,100.62,100.69,100.38,100.41
1992-05-15,100.38,101.19,100.12,101.06
1992-05-18,100.97,101.12,100.88,100.97
1992-05-19,100.97,101.59,100.81,101.56
1992-05-20,101.5,101.62,101.06,101.12
1992-05-21,100.94,100.97,100.5,100.53
1992-05-22,100.44,100.94,100.31,100.84
1992-05-26,100.69,100.69,99.62,99.66
1992-05-27,99.72,100.0,99.56,99.94
1992-05-28,99.94,100.31,99.84,100.28
1992-05-29,100.41,100.97,100.31,100.81
1992-06-01,100.78,100.78,99.84,100.09
1992-06-02,100.19,100.47,99.72,100.44
1992-06-03,100.53,100.53,100.12,100.44
1992-06-04,100.47,100.5,100.16,100.44
1992-06-05,100.38,101.03,100.16,100.78
1992-06-08,100.66,100.84,100.59,100.81
1992-06-09,100.81,100.97,100.38,100.41
1992-06-10,100.47,100.47,100.16,100.25
1992-06-11,100.25,100.56,99.91,100.38
1992-06-12,100.41,101.22,100.25,100.72
1992-06-15,100.69,100.91,100.66,100.84
1992-06-16,100.78,101.25,100.56,101.16
1992-06-17,101.09,101.34,100.91,101.22
1992-06-18,101.22,101.69,101.19,101.47
1992-06-19,101.47,101.5,100.94,101.03
1992-06-22,100.0,100.25,99.97,100.03
1992-06-23,99.97,100.0,99.62,99.69
1992-06-24,99.78,100.38,99.78,100.16
1992-06-25,100.09,100.75,100.09,100.75
1992-06-26,100.72,100.94,100.53,100.62
1992-06-29,100.62,101.0,100.59,100.72
1992-06-30,100.75,100.78,100.47,100.66
1992-07-01,100.69,101.06,100.56,100.97
1992-07-02,101.09,102.75,101.06,102.56
1992-07-06,102.56,103.0,102.41,102.62
1992-07-07,102.62,102.97,102.56,102.62
1992-07-08,102.69,102.88,102.41,102.59
1992-07-09,102.62,102.75,102.41,102.69
1992-07-10,102.78,103.25,102.25,102.38
1992-07-13,102.38,102.44,101.91,102.0
1992-07-14,101.97,102.09,101.78,101.97
1992-07-15,101.91,102.62,101.88,102.53
1992-07-16,102.72,102.97,101.91,102.78
1992-07-17,102.88,102.91,102.03,102.12
1992-07-20,102.09,102.5,101.84,102.41
1992-07-21,102.38,102.59,102.22,102.41
1992-07-22,102.41,103.06,102.31,103.0
1992-07-23,102.94,103.97,102.84,103.94
1992-07-24,103.97,104.06,103.41,103.66
1992-07-27,103.59,104.28,103.59,104.09
1992-07-28,104.12,105.41,104.09,105.16
1992-07-29,105.19,106.0,104.94,105.16
1992-07-30,105.0,105.16,104.44,104.88
1992-07-31,105.09,105.34,104.66,104.84
1992-08-03,104.72,104.94,104.5,104.88
1992-08-04,104.94,105.28,104.84,105.25
1992-08-05,105.25,105.88,105.09,105.31
1992-08-06,105.34,105.41,104.94,105.12
1992-08-07,105.03,106.12,104.62,105.88
1992-08-10,105.91,106.44,105.84,106.28
1992-08-11,106.25,106.88,106.03,106.72
1992-08-12,106.81,107.06,106.44,106.75
1992-08-13,106.78,107.25,105.5,105.59
1992-08-14,105.62,106.22,105.59,106.0
1992-08-17,106.09,106.09,105.28,105.5
1992-08-18,105.59,106.19,105.47,106.03
1992-08-19,106.03,106.16,105.69,106.09
1992-08-20,106.22,106.31,105.91,106.25
1992-08-21,106.19,106.94,105.41,105.69
1992-08-24,105.69,105.81,104.66,104.72
1992-08-25,104.69,105.03,104.25,104.38
1992-08-26,104.31,104.81,104.28,104.78
1992-08-27,104.94,105.22,104.75,104.97
1992-08-28,105.16,105.31,104.81,105.0
1992-08-31,104.94,105.22,104.84,105.16
1992-09-01,105.25,105.81,105.06,105.75
1992-09-02,105.75,106.19,105.72,105.94
1992-09-03,105.88,106.09,105.78,106.03
1992-09-04,106.06,107.59,106.0,107.19
1992-09-08,107.56,108.19,107.44,108.16
1992-09-09,108.06,108.16,107.75,107.81
1992-09-10,107.78,108.06,107.41,108.0
1992-09-11,107.94,108.31,107.03,107.19
1992-09-14,108.06,108.44,107.31,107.56
1992-09-15,107.59,107.59,106.53,106.78
1992-09-16,106.84,107.12,106.16,106.62
1992-09-17,106.81,107.0,106.53,106.69
1992-09-18,106.75,107.06,106.28,107.03
1992-09-21,106.72,106.78,106.19,106.5
1992-09-22,105.34,105.38,104.16,104.25
1992-09-23,104.0,104.25,103.75,103.81
1992-09-24,103.91,104.66,103.88,104.62
1992-09-25,104.66,105.59,104.47,105.53
1992-09-28,105.47,105.78,105.25,105.72
1992-09-29,105.69,105.75,105.38,105.5
1992-09-30,105.41,105.59,105.25,105.31
1992-10-01,105.31,106.34,105.19,106.25
1992-10-02,106.12,106.19,105.16,105.84
1992-10-05,105.81,106.59,105.5,105.75
1992-10-06,105.66,105.72,104.78,104.91
1992-10-07,104.84,105.06,103.88,103.94
1992-10-08,103.88,104.56,103.75,104.28
1992-10-09,104.38,104.41,103.31,103.53
1992-10-12,103.81,104.09,103.47,103.66
1992-10-13,103.62,103.97,103.44,103.56
1992-10-14,103.47,104.25,103.09,104.0
1992-10-15,104.03,104.59,103.91,104.06
1992-10-16,103.97,104.03,103.12,103.69
1992-10-19,103.72,103.97,102.84,103.25
1992-10-20,103.22,103.25,102.19,102.31
1992-10-21,102.22,102.69,101.81,102.53
1992-10-22,102.84,103.22,101.72,102.91
1992-10-23,102.78,102.94,102.28,102.44
1992-10-26,102.53,102.78,101.97,102.44
1992-10-27,102.31,103.22,102.22,102.88
1992-10-28,102.88,103.28,102.62,102.66
1992-10-29,102.97,103.28,102.62,103.12
1992-10-30,103.25,103.47,102.5,102.75
1992-11-02,102.75,102.78,102.22,102.5
1992-11-03,102.44,103.03,102.09,102.69
1992-11-04,102.38,103.47,102.19,102.31
1992-11-05,102.38,102.66,102.06,102.31
1992-11-06,102.25,102.53,101.44,101.47
1992-11-09,101.5,101.81,101.41,101.59
1992-11-10,101.75,102.66,101.69,102.47
1992-11-11,102.59,102.81,102.56,102.72
1992-11-12,102.75,103.56,102.41,103.47
1992-11-13,103.53,103.84,102.88,103.47
1992-11-16,103.41,103.5,103.03,103.41
1992-11-17,103.44,103.75,103.31,103.66
1992-11-18,103.72,104.19,103.56,104.09
1992-11-19,104.12,104.16,103.5,103.75
1992-11-20,103.59,103.94,103.5,103.75
1992-11-23,103.78,103.78,103.44,103.69
1992-11-24,103.75,103.97,103.25,103.94
1992-11-25,103.91,104.09,103.62,103.84
1992-11-27,103.91,104.09,103.03,103.16
1992-11-30,103.12,103.28,102.69,103.16
1992-12-01,103.12,103.56,103.03,103.41
1992-12-02,103.41,103.62,103.34,103.38
1992-12-03,103.38,103.56,103.25,103.5
1992-12-04,103.59,104.34,103.22,104.34
1992-12-07,104.41,105.31,104.38,105.12
1992-12-08,105.0,105.38,104.94,105.34
1992-12-09,105.28,105.44,104.91,105.34
1992-12-10,105.28,105.53,105.06,105.41
1992-12-11,105.38,105.47,105.09,105.28
1992-12-14,105.34,105.34,104.97,105.03
1992-12-15,104.97,105.19,104.88,105.09
1992-12-16,105.12,105.44,105.09,105.25
1992-12-17,105.31,105.62,105.06,105.28
1992-12-18,105.38,105.47,105.19,105.44
1992-12-21,105.53,106.12,105.41,106.09
1992-12-22,104.78,105.53,104.75,105.38
1992-12-23,105.34,105.38,105.0,105.22
1992-12-24,105.12,105.22,104.91,105.12
1992-12-28,105.12,105.12,104.59,104.69
1992-12-29,104.69,105.25,104.5,105.03
1992-12-30,105.09,105.19,104.62,104.78
1992-12-31,104.81,104.81,104.41,104.66
1993-01-04,104.72,105.59,104.56,105.53
1993-01-05,105.47,105.59,105.28,105.53
1993-01-06,105.47,105.62,105.22,105.38
1993-01-07,105.34,105.34,104.03,104.09
1993-01-08,104.03,104.28,103.47,103.91
1993-01-11,103.84,104.19,103.72,103.88
1993-01-12,104.03,104.19,103.53,103.66
1993-01-13,103.69,104.16,103.47,104.12
1993-01-14,104.19,104.72,104.06,104.56
1993-01-15,104.69,105.53,104.62,105.47
1993-01-18,105.44,105.47,105.28,105.41
1993-01-19,105.41,105.97,105.31,105.91
1993-01-20,105.94,106.22,105.69,105.72
1993-01-21,105.66,106.0,105.34,105.97
1993-01-22,105.97,106.38,105.78,106.09
1993-01-25,106.12,107.28,106.12,107.22
1993-01-26,107.41,107.62,106.62,106.66
1993-01-27,106.62,107.03,106.53,106.78
1993-01-28,106.78,107.5,106.72,106.97
1993-01-29,107.25,107.62,106.72,107.19
1993-02-01,107.44,107.59,106.81,107.41
1993-02-02,107.38,107.47,106.78,106.94
1993-02-03,106.94,107.34,106.88,107.25
1993-02-04,107.44,108.03,107.41,107.81
1993-02-05,107.81,108.41,107.44,108.34
1993-02-08,108.31,108.38,108.0,108.03
1993-02-09,107.91,108.22,107.66,107.91
1993-02-10,107.84,108.06,106.97,107.09
1993-02-11,107.16,108.0,106.97,107.81
1993-02-12,107.88,108.34,107.41,107.97
1993-02-16,108.06,108.62,107.69,107.84
1993-02-17,107.81,108.38,107.72,108.31
1993-02-18,108.41,109.38,108.34,109.34
1993-02-19,109.47,109.62,109.19,109.56
1993-02-22,109.5,110.38,109.16,110.31
1993-02-23,110.47,111.81,110.19,111.72
1993-02-24,111.78,112.0,110.88,111.09
1993-02-25,111.03,111.81,110.72,110.97
1993-02-26,110.97,111.34,110.72,110.88
1993-03-01,110.88,112.03,110.84,111.88
1993-03-02,111.81,111.94,111.47,111.75
1993-03-03,111.91,112.81,111.81,112.66
1993-03-04,112.62,114.03,112.59,113.41
1993-03-05,113.34,113.81,111.59,112.88
1993-03-08,113.12,114.38,112.88,113.16
1993-03-09,113.25,113.5,112.56,112.81
1993-03-10,112.69,112.88,112.22,112.41
1993-03-11,112.5,112.72,112.31,112.47
1993-03-12,112.34,112.34,110.72,111.03
1993-03-15,110.91,111.34,110.09,110.47
1993-03-16,110.56,111.19,110.53,111.03
1993-03-17,110.91,111.38,110.22,111.09
1993-03-18,111.12,112.0,111.12,111.88
1993-03-19,112.19,112.56,111.5,111.84
1993-03-22,111.72,111.84,111.28,111.72
1993-03-23,110.5,111.03,110.5,111.0
1993-03-24,111.03,111.12,110.5,110.59
1993-03-25,110.53,110.62,110.16,110.41
1993-03-26,110.19,110.19,109.06,109.12
1993-03-29,109.03,109.72,108.62,109.66
1993-03-30,109.75,110.16,109.44,109.62
1993-03-31,109.66,110.09,109.47,109.53
1993-04-01,109.5,109.91,109.16,109.22
1993-04-02,109.19,110.06,108.03,108.16
1993-04-05,108.22,108.56,108.12,108.53
1993-04-06,108.62,109.47,108.31,109.38
1993-04-07,109.41,109.88,109.25,109.69
1993-04-08,109.75,111.16,109.69,111.09
1993-04-12,111.78,112.47,111.66,111.84
1993-04-13,111.81,112.75,111.41,111.91
1993-04-14,112.12,112.5,111.81,112.28
1993-04-15,112.38,112.88,111.94,112.66
1993-04-16,112.72,113.09,112.12,112.19
1993-04-19,112.16,112.53,111.91,112.47
1993-04-20,112.5,112.53,111.97,112.22
1993-04-21,112.28,112.44,112.03,112.22
1993-04-22,112.25,112.41,111.47,112.34
1993-04-23,112.34,112.69,111.69,111.72
1993-04-26,111.59,111.75,111.22,111.34
1993-04-27,111.25,111.41,110.41,110.56
1993-04-28,110.5,110.81,110.28,110.5
1993-04-29,110.5,110.91,110.38,110.88
1993-04-30,110.97,111.34,109.97,110.16
1993-05-03,110.34,111.5,110.06,111.41
1993-05-04,111.5,112.16,111.22,112.12
1993-05-05,112.28,112.66,111.81,112.0
1993-05-06,112.31,112.41,111.97,112.19
1993-05-07,112.16,112.34,111.25,111.53
1993-05-10,111.59,112.28,111.28,112.22
1993-05-11,112.12,112.19,111.81,112.03
1993-05-12,112.12,112.16,111.19,111.47
1993-05-13,111.47,111.75,110.19,110.44
1993-05-14,110.31,110.69,109.97,110.56
1993-05-17,110.59,110.69,110.03,110.31
1993-05-18,110.31,110.59,109.5,109.66
1993-05-19,109.72,110.31,109.25,110.28
1993-05-20,110.53,110.66,110.12,110.28
1993-05-21,110.12,110.12,109.47,109.75
1993-05-24,109.62,110.56,109.25,110.28
1993-05-25,110.22,110.66,110.03,110.16
1993-05-26,110.06,111.22,110.03,111.03
1993-05-27,111.19,111.47,110.81,111.16
1993-05-28,111.09,111.41,110.19,110.44
1993-06-01,110.44,112.03,110.44,112.0
1993-06-02,111.94,112.12,111.62,112.0
1993-06-03,112.0,112.25,111.81,112.25
1993-06-04,112.25,112.25,111.19,111.53
1993-06-07,111.5,112.09,111.5,111.97
1993-06-08,112.0,112.06,111.47,111.5
1993-06-09,111.44,112.47,111.44,112.22
1993-06-10,112.12,112.19,111.97,112.19
1993-06-11,112.22,113.38,112.16,113.25
1993-06-14,112.94,113.47,112.94,113.12
1993-06-15,113.09,113.78,112.78,112.97
1993-06-16,112.91,113.16,112.75,113.03
1993-06-17,113.12,113.41,113.09,113.25
1993-06-18,113.22,113.28,112.91,113.25
1993-06-21,113.28,114.0,113.22,113.97
1993-06-22,112.47,112.72,112.31,112.47
1993-06-23,112.5,112.75,112.25,112.59
1993-06-24,112.66,113.19,112.56,113.0
1993-06-25,113.06,113.59,112.81,113.5
1993-06-28,113.56,114.06,113.44,114.0
1993-06-29,114.0,114.16,113.75,114.0
1993-06-30,114.0,114.06,113.47,113.94
1993-07-01,113.97,114.22,113.69,113.91
1993-07-02,113.94,114.34,113.66,114.16
1993-07-06,114.19,114.78,113.69,113.72
1993-07-07,113.78,114.09,113.5,113.72
1993-07-08,113.78,114.16,113.28,114.09
1993-07-09,114.16,114.53,113.97,114.47
1993-07-12,114.56,114.84,114.5,114.78
1993-07-13,114.81,115.0,114.56,114.84
1993-07-14,114.88,115.81,114.72,115.72
1993-07-15,115.62,115.91,115.44,115.69
1993-07-16,115.66,116.34,115.47,115.94
1993-07-19,115.97,116.16,115.56,115.97
1993-07-20,115.97,116.03,115.19,115.81
1993-07-21,115.81,115.91,114.88,114.97
1993-07-22,114.81,115.22,114.22,114.38
1993-07-23,114.28,114.5,113.53,113.75
1993-07-26,113.81,114.19,113.62,114.06
1993-07-27,114.12,114.22,113.78,114.06
1993-07-28,114.12,114.41,113.5,114.34
1993-07-29,114.41,115.66,114.31,115.59
1993-07-30,115.56,115.75,115.12,115.5
1993-08-02,115.56,115.59,115.12,115.41
1993-08-03,115.41,116.0,115.25,115.75
1993-08-04,115.91,115.94,115.41,115.44
1993-08-05,115.38,115.75,115.31,115.34
1993-08-06,115.41,115.53,114.62,115.28
1993-08-09,115.41,116.19,115.41,115.97
1993-08-10,115.97,116.25,115.78,116.09
1993-08-11,116.12,116.47,115.88,116.25
1993-08-12,116.38,116.91,115.91,115.97
1993-08-13,115.94,116.47,115.59,116.25
1993-08-16,116.31,116.56,116.09,116.44
1993-08-17,116.5,116.69,116.09,116.16
1993-08-18,116.09,116.5,116.06,116.31
1993-08-19,116.44,116.66,116.03,116.56
1993-08-20,116.62,117.41,116.19,117.28
1993-08-23,117.38,117.59,117.19,117.28
1993-08-24,117.31,118.0,117.09,117.97
1993-08-25,118.0,118.34,117.69,118.31
1993-08-26,118.38,119.75,118.19,119.69
1993-08-27,119.72,119.81,118.81,119.31
1993-08-30,119.16,119.88,118.97,119.53
1993-08-31,119.56,120.0,118.94,119.69
1993-09-01,119.62,119.78,119.25,119.53
1993-09-02,119.53,120.34,119.38,120.25
1993-09-03,120.22,121.47,120.19,121.31
1993-09-07,121.31,122.31,120.94,122.0
1993-09-08,121.81,122.19,121.66,121.84
1993-09-09,121.84,121.84,120.38,120.44
1993-09-10,120.44,121.62,120.09,121.5
1993-09-13,121.47,122.06,121.47,121.72
1993-09-14,121.59,121.69,120.22,120.38
1993-09-15,120.19,120.34,119.22,120.28
1993-09-16,120.56,120.69,119.81,120.47
1993-09-17,120.06,120.88,119.28,120.41
1993-09-20,120.34,120.44,119.81,119.84
1993-09-21,119.69,120.03,119.28,119.66
1993-09-22,117.66,118.19,117.44,117.88
1993-09-23,118.03,118.81,117.91,118.09
1993-09-24,117.97,118.5,117.78,118.38
1993-09-27,118.62,119.78,118.62,119.75
1993-09-28,119.91,120.25,119.78,120.0
1993-09-29,119.94,120.22,119.03,119.06
1993-09-30,119.0,119.09,118.25,118.53
1993-10-01,118.62,119.47,117.97,119.41
1993-10-04,119.19,119.66,118.66,119.41
1993-10-05,119.25,119.66,119.06,119.22
1993-10-06,119.19,119.47,118.97,119.28
1993-10-07,119.34,119.5,119.16,119.28
1993-10-08,119.28,120.78,119.09,120.66
1993-10-11,120.53,120.81,120.47,120.62
1993-10-12,120.66,121.22,120.47,120.56
1993-10-13,120.53,120.78,120.34,120.38
1993-10-14,120.41,121.34,120.25,121.22
1993-10-15,121.28,122.19,121.22,121.94
1993-10-18,121.78,122.12,120.81,120.91
1993-10-19,120.97,121.38,120.56,121.06
1993-10-20,121.16,121.5,121.03,121.19
1993-10-21,121.22,121.31,119.75,119.84
1993-10-22,119.78,120.25,118.88,118.94
1993-10-25,119.0,119.31,118.03,118.59
1993-10-26,118.88,119.03,118.25,118.84
1993-10-27,118.97,119.12,118.09,118.5
1993-10-28,118.44,119.03,117.62,118.97
1993-10-29,119.12,119.22,118.59,118.75
1993-11-01,118.69,118.88,117.5,117.59
1993-11-02,117.34,117.41,116.19,116.66
1993-11-03,116.72,116.94,116.22,116.59
1993-11-04,116.5,116.84,115.75,115.84
1993-11-05,115.94,116.28,115.16,115.41
1993-11-08,115.47,116.16,115.31,116.12
1993-11-09,116.25,117.5,116.22,116.88
1993-11-10,116.94,117.28,116.16,116.38
1993-11-11,116.31,116.44,115.75,115.78
1993-11-12,115.78,117.09,115.31,117.06
1993-11-15,117.09,117.22,116.59,116.88
1993-11-16,116.97,117.44,116.72,117.19
1993-11-17,117.28,117.97,116.69,116.94
1993-11-18,116.97,117.16,116.0,116.19
1993-11-19,116.06,116.06,114.78,115.0
1993-11-22,115.09,115.25,114.53,114.62
1993-11-23,114.5,115.78,114.28,115.72
1993-11-24,115.56,116.0,115.28,115.34
1993-11-26,115.53,116.25,115.53,116.03
1993-11-29,116.12,117.03,116.0,116.19
1993-11-30,116.12,116.28,114.88,115.5
1993-12-01,115.31,115.97,115.25,115.84
1993-12-02,115.97,116.25,115.69,115.94
1993-12-03,115.81,116.56,115.47,116.22
1993-12-06,116.5,117.5,116.5,117.47
1993-12-07,117.5,117.78,116.97,117.38
1993-12-08,117.34,117.44,117.03,117.34
1993-12-09,117.44,117.94,117.0,117.56
1993-12-10,117.47,117.94,116.72,116.75
1993-12-13,116.44,116.53,116.0,116.34
1993-12-14,116.38,116.5,115.56,115.75
1993-12-15,115.62,116.06,115.53,115.59
1993-12-16,115.75,115.94,115.44,115.59
1993-12-17,115.59,116.09,115.53,116.0
1993-12-20,116.12,116.16,115.66,115.72
1993-12-21,115.66,115.75,115.16,115.31
1993-12-22,114.5,115.84,114.5,115.81
1993-12-23,115.84,116.22,115.59,116.12
1993-12-27,116.12,116.34,116.0,116.09
1993-12-28,116.03,116.19,115.56,116.09
1993-12-29,116.16,116.31,115.53,115.72
1993-12-30,115.78,115.81,114.56,114.59
1993-12-31,114.5,114.78,114.28,114.5
1994-01-03,114.5,114.56,113.41,113.62
1994-01-04,113.47,114.25,113.34,114.22
1994-01-05,114.44,114.62,113.56,113.81
1994-01-06,113.78,114.81,113.69,114.53
1994-01-07,114.56,116.22,114.0,116.09
1994-01-10,116.19,116.62,115.75,116.34
1994-01-11,116.31,116.59,115.94,116.41
1994-01-12,116.41,117.44,116.41,117.25
1994-01-13,117.16,117.19,115.91,115.97
1994-01-14,116.0,116.19,115.09,115.44
1994-01-17,115.5,115.53,115.25,115.28
1994-01-18,115.22,116.0,115.09,115.97
1994-01-19,116.06,116.16,115.59,115.88
1994-01-20,115.88,116.56,115.5,116.47
1994-01-21,116.47,116.72,116.03,116.22
1994-01-24,116.31,116.62,115.91,116.16
1994-01-25,116.12,116.12,115.5,115.69
1994-01-26,115.62,116.03,115.38,116.0
1994-01-27,116.09,116.81,115.91,116.78
1994-01-28,116.81,117.88,116.56,117.44
1994-01-31,117.34,117.81,117.12,117.16
1994-02-01,117.12,117.19,116.12,116.19
1994-02-02,116.06,116.47,115.97,116.44
1994-02-03,116.5,116.56,115.59,115.97
1994-02-04,115.91,117.06,114.75,114.88
1994-02-07,114.88,115.12,114.22,114.81
1994-02-08,114.69,114.75,114.25,114.28
1994-02-09,114.12,114.72,114.03,114.69
1994-02-10,114.84,115.25,114.38,114.53
1994-02-11,114.47,115.12,114.06,115.09
1994-02-14,115.12,115.25,114.41,114.53
1994-02-15,114.44,114.88,114.31,114.69
1994-02-16,114.66,114.91,114.5,114.53
1994-02-17,114.47,115.47,113.5,113.53
1994-02-18,113.5,113.84,112.22,112.66
1994-02-22,112.53,113.22,112.28,113.09
1994-02-23,113.12,113.28,112.31,112.34
1994-02-24,112.38,112.62,111.38,111.44
1994-02-25,111.47,112.12,111.38,111.62
1994-02-28,111.66,112.5,111.66,112.41
1994-03-01,112.44,112.62,110.84,110.97
1994-03-02,111.0,111.44,110.06,111.16
1994-03-03,111.28,111.5,110.22,110.44
1994-03-04,110.47,111.16,110.06,110.75
1994-03-07,110.78,111.56,110.78,111.19
1994-03-08,111.09,111.56,110.44,110.5
1994-03-09,110.38,110.72,109.97,110.62
1994-03-10,110.72,110.81,109.25,109.38
1994-03-11,109.19,110.06,108.84,109.94
1994-03-14,109.97,110.25,109.38,109.72
1994-03-15,109.47,110.34,109.44,110.03
1994-03-16,110.19,111.0,110.06,110.97
1994-03-17,111.06,111.28,110.59,110.69
1994-03-18,110.59,110.75,109.59,109.62
1994-03-21,109.47,109.53,108.88,109.25
1994-03-22,109.19,109.72,109.0,109.34
1994-03-23,109.41,109.66,109.25,109.34
1994-03-24,108.91,109.03,107.69,107.84
1994-03-25,108.03,108.41,107.56,107.59
1994-03-28,107.34,108.16,107.19,107.75
1994-03-29,107.78,107.88,106.56,106.91
1994-03-30,106.72,107.19,106.22,106.25
1994-03-31,106.28,106.69,105.62,106.25
1994-04-01,106.56,106.81,104.56,104.62
1994-04-04,104.84,105.09,103.03,103.25
1994-04-05,103.34,105.06,103.28,104.81
1994-04-06,105.0,105.31,104.12,105.0
1994-04-07,105.0,105.53,104.72,105.44
1994-04-08,105.38,105.47,104.44,104.81
1994-04-11,104.84,105.31,104.5,105.19
1994-04-12,105.25,105.81,105.12,105.78
1994-04-13,105.59,106.19,104.84,105.0
1994-04-14,105.03,105.09,104.31,104.62
1994-04-15,104.62,104.91,104.22,104.66
1994-04-18,104.66,104.81,103.09,103.41
1994-04-19,103.28,104.12,102.75,104.03
1994-04-20,104.0,104.5,103.59,104.47
1994-04-21,104.56,105.97,104.41,105.78
1994-04-22,105.88,106.12,105.16,105.62
1994-04-25,105.59,106.53,105.25,106.5
1994-04-26,106.38,106.88,105.88,106.66
1994-04-28,106.75,107.25,104.53,104.75
1994-04-29,104.88,105.03,104.06,104.5
1994-05-02,104.59,104.62,103.78,104.47
1994-05-03,104.38,104.72,103.78,104.22
1994-05-04,104.19,104.69,103.56,104.31
1994-05-05,104.41,104.81,104.25,104.5
1994-05-06,104.41,104.53,102.28,102.47
1994-05-09,102.34,102.44,101.44,101.59
1994-05-10,101.44,103.47,101.44,103.12
1994-05-11,103.06,103.25,101.12,102.06
1994-05-12,101.94,103.44,101.56,102.34
1994-05-13,102.38,103.47,101.88,103.12
1994-05-16,103.0,103.94,102.97,103.66
1994-05-17,103.69,105.16,103.41,105.12
1994-05-18,105.41,105.94,104.81,105.31
1994-05-19,105.31,106.0,104.88,105.81
1994-05-20,105.84,106.0,104.66,105.0
1994-05-23,104.94,104.97,103.56,103.62
1994-05-24,103.75,104.69,103.59,104.12
1994-05-25,104.09,104.69,103.22,104.38
1994-05-26,104.47,104.81,104.25,104.34
1994-05-27,104.28,104.59,103.28,104.03
1994-05-31,104.0,104.03,103.06,103.56
1994-06-01,103.66,104.34,102.69,104.28
1994-06-02,104.22,104.78,104.22,104.69
1994-06-03,104.72,105.94,104.0,105.75
1994-06-06,105.72,106.72,105.72,106.38
1994-06-07,106.28,106.34,105.69,105.94
1994-06-08,105.88,106.66,105.5,105.56
1994-06-09,105.56,105.75,105.34,105.72
1994-06-10,105.69,106.09,105.06,105.25
1994-06-13,105.16,105.31,104.66,104.94
1994-06-14,104.88,105.97,104.84,105.66
1994-06-15,105.62,105.88,104.44,104.44
1994-06-16,104.44,104.88,103.91,104.81
1994-06-17,104.97,105.16,103.75,103.94
1994-06-20,103.91,104.38,103.38,103.88
1994-06-21,103.84,104.0,103.12,103.47
1994-06-22,102.44,103.91,102.41,103.62
1994-06-23,103.69,104.03,103.25,103.75
1994-06-24,103.66,103.69,102.16,102.44
1994-06-27,102.34,103.34,101.81,103.25
1994-06-28,103.19,103.28,101.94,102.28
1994-06-29,102.28,102.81,101.97,102.53
1994-06-30,102.5,102.75,101.19,101.22
1994-07-01,101.28,101.62,101.0,101.34
1994-07-05,101.41,101.75,101.03,101.62
1994-07-06,101.66,101.72,101.09,101.5
1994-07-07,101.56,102.0,101.53,101.62
1994-07-08,101.5,101.69,100.34,100.56
1994-07-11,100.53,100.72,100.06,100.31
1994-07-12,100.31,101.22,100.12,100.81
1994-07-13,100.81,101.16,100.53,100.97
1994-07-14,100.97,102.84,100.78,102.69
1994-07-15,102.62,103.31,102.19,102.56
1994-07-18,102.47,103.25,102.44,103.06
1994-07-19,103.06,103.66,102.81,103.59
1994-07-20,103.56,103.72,102.38,102.62
1994-07-21,102.56,102.88,102.25,102.72
1994-07-22,102.78,103.03,102.38,102.69
1994-07-25,102.66,103.16,102.44,103.06
1994-07-26,103.09,103.12,102.59,102.88
1994-07-27,102.88,102.91,102.09,102.34
1994-07-28,102.25,103.09,101.91,103.0
1994-07-29,102.94,104.88,102.84,104.78
1994-08-01,104.53,104.62,104.19,104.59
1994-08-02,104.69,105.41,104.56,104.62
1994-08-03,104.56,104.81,104.22,104.78
1994-08-04,104.78,104.84,104.34,104.53
1994-08-05,104.47,105.22,103.03,103.09
1994-08-08,103.0,103.5,102.94,103.28
1994-08-09,103.12,103.19,102.56,102.88
1994-08-10,102.88,102.97,102.5,102.88
1994-08-11,102.94,103.19,101.75,102.06
1994-08-12,102.0,102.97,101.72,102.78
1994-08-15,102.62,102.84,102.41,102.59
1994-08-16,102.56,104.06,102.5,104.0
1994-08-17,104.16,104.5,104.06,104.09
1994-08-18,103.88,103.94,102.69,102.72
1994-08-19,102.78,103.0,102.34,102.81
1994-08-22,102.81,102.91,102.09,102.12
1994-08-23,102.12,102.84,102.03,102.41
1994-08-24,102.38,103.38,102.28,103.31
1994-08-25,103.34,103.44,102.34,102.38
1994-08-26,102.44,103.75,102.38,103.16
1994-08-29,103.25,103.56,102.81,102.97
1994-08-30,103.03,103.5,103.0,103.47
1994-08-31,103.47,103.78,103.06,103.72
1994-09-01,103.66,103.75,103.31,103.59
1994-09-02,103.62,104.5,103.09,103.12
1994-09-06,103.19,103.22,102.34,102.59
1994-09-07,102.62,102.78,102.09,102.25
1994-09-08,102.34,102.66,102.16,102.31
1994-09-09,102.31,102.44,100.53,100.69
1994-09-12,100.75,100.97,100.62,100.66
1994-09-13,100.69,101.25,100.38,100.91
1994-09-14,101.06,101.34,100.69,101.22
1994-09-15,101.25,101.72,101.22,101.62
1994-09-16,101.72,101.72,99.84,100.12
1994-09-19,100.25,100.59,100.19,100.56
1994-09-20,100.47,100.47,99.69,100.28
1994-09-21,100.34,100.56,99.81,100.12
1994-09-22,99.06,99.56,99.03,99.41
1994-09-23,99.41,99.72,98.97,99.28
1994-09-26,99.28,99.56,99.12,99.28
1994-09-27,99.25,99.28,98.62,98.72
1994-09-28,98.72,99.56,98.69,99.16
1994-09-29,99.12,99.31,98.34,98.69
1994-09-30,98.75,99.19,98.5,98.94
1994-10-03,98.88,99.19,98.41,98.59
1994-10-04,98.66,98.81,98.28,98.34
1994-10-05,98.34,98.38,97.53,97.78
1994-10-06,97.78,98.03,97.69,97.72
1994-10-07,97.66,98.34,97.0,98.22
1994-10-10,98.31,98.47,98.09,98.44
1994-10-11,98.44,99.12,98.44,98.78
1994-10-12,98.75,98.78,98.5,98.56
1994-10-13,98.47,99.56,98.41,99.12
1994-10-14,99.0,99.56,98.41,99.34
1994-10-17,99.38,99.47,98.91,99.31
1994-10-18,99.44,99.66,99.0,99.03
1994-10-19,98.94,98.94,98.5,98.66
1994-10-20,98.66,98.75,97.59,97.62
1994-10-21,97.66,97.94,97.34,97.91
1994-10-24,97.94,98.06,97.25,97.41
1994-10-25,97.34,97.56,96.94,97.28
1994-10-26,97.31,97.66,96.94,97.25
1994-10-27,97.31,97.53,97.12,97.38
1994-10-28,97.34,98.47,96.91,98.34
1994-10-31,98.38,98.41,97.97,98.34
1994-11-01,98.34,98.34,97.22,97.28
1994-11-02,97.25,97.47,96.75,97.06
1994-11-03,97.0,97.19,96.66,96.81
1994-11-04,96.84,97.44,96.22,96.22
1994-11-07,96.22,96.41,96.03,96.28
1994-11-08,96.31,96.84,96.22,96.75
1994-11-09,96.84,97.41,96.75,97.19
1994-11-10,97.16,97.88,96.56,96.59
1994-11-11,96.53,96.62,96.03,96.06
1994-11-14,96.06,97.25,96.06,97.22
1994-11-15,97.25,98.12,96.88,97.72
1994-11-16,97.44,98.25,96.97,97.09
1994-11-17,97.19,97.28,96.31,96.72
1994-11-18,96.75,96.97,96.41,96.78
1994-11-21,96.81,97.03,96.66,96.81
1994-11-22,96.81,97.34,96.81,97.16
1994-11-23,97.28,99.03,97.28,98.78
1994-11-25,98.59,99.09,98.5,98.97
1994-11-28,99.0,99.0,98.25,98.53
1994-11-29,98.56,98.62,97.78,98.03
1994-11-30,97.97,98.75,97.81,98.69
1994-12-01,98.62,98.62,98.09,98.38
1994-12-02,98.5,99.56,97.94,99.47
1994-12-05,99.53,99.78,99.09,99.22
1994-12-06,99.34,100.34,99.22,100.31
1994-12-07,100.16,100.19,99.16,99.53
1994-12-08,99.66,99.75,99.25,99.72
1994-12-09,99.69,100.28,99.69,100.12
1994-12-12,99.84,99.84,99.25,99.41
1994-12-13,99.41,100.06,99.06,100.03
1994-12-14,100.0,100.47,99.72,99.91
1994-12-15,99.84,100.16,99.66,99.91
1994-12-16,99.81,100.19,99.75,100.03
1994-12-19,100.0,100.41,99.94,100.31
1994-12-20,100.28,100.44,100.16,100.34
1994-12-21,99.56,99.88,99.47,99.72
1994-12-22,99.66,99.75,99.31,99.5
1994-12-23,99.53,99.88,99.5,99.81
1994-12-27,99.84,100.69,99.81,100.66
1994-12-28,100.62,100.72,99.72,99.75
1994-12-29,99.75,100.12,99.41,99.47
1994-12-30,99.53,99.69,98.97,99.16
1995-01-03,99.28,99.31,98.62,98.72
1995-01-04,98.75,99.66,98.75,99.62
1995-01-05,99.59,99.62,98.84,98.94
1995-01-06,99.03,99.66,98.5,99.41
1995-01-09,99.41,99.44,98.81,99.09
1995-01-10,99.12,99.66,98.94,99.41
1995-01-11,99.41,99.94,99.25,99.59
1995-01-12,99.62,99.88,99.03,99.12
1995-01-13,99.16,100.44,99.12,100.12
1995-01-17,100.22,100.44,99.69,100.28
1995-01-18,100.31,100.56,100.09,100.34
1995-01-19,100.38,100.5,99.88,99.97
1995-01-20,99.94,100.0,99.19,99.22
1995-01-23,99.28,99.38,98.88,99.22
1995-01-24,99.25,99.28,99.0,99.09
1995-01-25,99.09,99.72,98.69,99.69
1995-01-26,99.66,100.09,99.41,100.06
1995-01-27,100.03,101.31,100.0,101.28
1995-01-30,101.16,101.38,100.91,101.0
1995-01-31,101.0,101.59,100.78,101.47
1995-02-01,101.53,101.84,101.16,101.19
1995-02-02,101.12,101.16,100.84,101.0
1995-02-03,101.03,102.91,101.0,102.75
1995-02-06,102.5,102.56,102.22,102.41
1995-02-07,102.34,102.78,102.25,102.31
1995-02-08,102.28,102.47,102.03,102.25
1995-02-09,102.25,102.38,101.81,101.84
1995-02-10,101.91,102.69,101.25,101.56
1995-02-13,101.62,101.69,101.28,101.59
1995-02-14,101.62,102.31,101.62,102.28
1995-02-15,102.31,103.25,102.06,102.69
1995-02-16,102.69,103.16,102.25,102.72
1995-02-17,102.75,102.75,102.31,102.53
1995-02-21,102.47,102.56,102.16,102.25
1995-02-22,102.22,103.22,102.09,103.19
1995-02-23,103.22,103.75,102.72,102.78
1995-02-24,102.81,103.28,102.5,103.0
1995-02-27,103.22,103.72,103.16,103.59
1995-02-28,103.72,104.0,103.0,103.97
1995-03-01,103.97,104.38,103.62,103.94
1995-03-02,103.91,104.03,103.12,103.38
1995-03-03,103.41,103.5,102.47,102.81
1995-03-06,102.84,102.84,102.0,102.5
1995-03-07,102.47,102.62,101.56,102.03
1995-03-08,102.03,102.94,102.0,102.78
1995-03-09,102.91,103.25,102.53,103.22
1995-03-10,103.31,104.19,102.66,103.91
1995-03-13,103.81,104.22,103.66,104.03
1995-03-14,103.72,105.38,103.72,105.22
1995-03-15,105.19,105.22,104.53,105.16
1995-03-16,105.12,106.0,104.75,105.31
1995-03-17,105.03,105.09,104.56,104.97
1995-03-20,104.97,105.16,104.56,104.62
1995-03-21,104.59,104.97,104.09,104.12
1995-03-22,104.12,104.12,103.66,103.78
1995-03-23,103.44,103.72,103.12,103.28
1995-03-24,103.34,104.53,103.28,104.38
1995-03-27,104.47,104.97,104.28,104.94
1995-03-28,104.94,105.03,103.94,104.06
1995-03-29,104.12,104.97,103.81,104.34
1995-03-30,104.5,104.97,103.62,103.91
1995-03-31,103.91,104.06,103.09,103.91
1995-04-03,103.78,104.59,103.72,104.56
1995-04-04,104.59,104.88,104.41,104.56
1995-04-05,104.66,104.94,104.34,104.56
1995-04-06,104.59,104.94,104.56,104.81
1995-04-07,104.84,105.5,104.16,104.38
1995-04-10,104.34,104.5,103.97,104.41
1995-04-11,104.41,104.88,104.09,104.62
1995-04-12,104.62,104.84,104.22,104.75
1995-04-13,104.78,105.44,104.72,105.16
1995-04-17,105.59,105.75,104.5,104.56
1995-04-18,104.5,105.12,104.44,104.53
1995-04-19,104.62,104.91,104.19,104.88
1995-04-20,104.84,105.34,104.78,105.06
1995-04-21,105.09,105.31,105.0,105.28
1995-04-24,105.22,105.62,104.97,105.59
1995-04-25,105.59,105.62,105.03,105.44
1995-04-26,105.44,105.59,105.16,105.53
1995-04-27,105.56,105.59,105.06,105.34
1995-04-28,105.31,105.62,104.69,105.34
1995-05-01,105.31,105.41,105.06,105.22
1995-05-02,105.19,105.56,105.16,105.44
1995-05-03,105.5,106.34,105.47,106.31
1995-05-04,106.38,107.84,106.38,107.44
1995-05-05,107.34,109.03,107.19,109.0
1995-05-08,108.88,109.03,108.5,108.94
1995-05-09,108.94,110.28,108.66,109.81
1995-05-10,109.84,110.91,109.03,109.38
1995-05-11,109.38,109.97,108.75,109.31
1995-05-12,109.34,109.5,108.53,109.25
1995-05-15,109.25,109.91,109.25,109.78
1995-05-16,109.88,110.88,109.72,110.72
1995-05-17,110.75,111.25,110.56,110.78
1995-05-18,110.78,110.94,110.0,110.25
1995-05-19,110.38,110.47,110.0,110.28
1995-05-22,110.03,110.41,109.91,110.16
1995-05-23,110.12,110.75,110.03,110.66
1995-05-24,110.69,112.0,110.66,111.97
1995-05-25,112.0,112.94,111.66,112.22
1995-05-26,112.28,112.62,111.75,112.09
1995-05-30,112.09,113.0,112.09,112.94
1995-05-31,113.0,113.34,112.56,113.03
1995-06-01,113.0,113.97,112.72,113.88
1995-06-02,113.47,116.38,113.47,114.88
1995-06-05,114.94,115.81,114.84,114.97
1995-06-06,114.91,115.38,114.59,115.03
1995-06-07,115.0,115.56,114.34,114.81
1995-06-08,114.53,114.72,114.25,114.38
1995-06-09,114.19,114.25,112.38,112.56
1995-06-12,112.59,113.06,112.22,112.69
1995-06-13,112.75,114.66,112.75,114.59
1995-06-14,114.66,114.84,114.16,114.41
1995-06-15,114.38,114.88,113.88,113.97
1995-06-16,114.06,114.06,113.03,113.78
1995-06-19,113.94,114.78,113.91,114.72
1995-06-20,114.66,115.0,114.38,114.56
1995-06-21,114.53,115.34,114.34,114.78
1995-06-22,114.56,115.94,114.53,115.75
1995-06-23,115.62,115.94,114.88,115.12
1995-06-26,115.22,115.56,114.5,114.62
1995-06-27,114.62,115.06,114.25,114.41
1995-06-28,114.38,115.03,114.31,114.94
1995-06-29,114.94,115.25,112.88,113.06
1995-06-30,113.09,113.66,112.97,113.53
1995-07-03,113.53,113.78,113.34,113.56
1995-07-05,113.59,113.94,113.59,113.91
1995-07-06,113.91,115.62,113.38,115.5
1995-07-07,115.5,116.19,114.28,115.31
1995-07-10,115.22,115.56,115.12,115.47
1995-07-11,115.44,115.44,114.59,114.62
1995-07-12,114.72,115.0,114.38,114.97
1995-07-13,115.0,115.38,114.53,114.91
1995-07-14,114.94,114.97,113.75,114.31
1995-07-17,114.25,114.28,113.34,113.38
1995-07-18,113.38,113.53,112.62,112.69
1995-07-19,112.59,112.88,110.56,110.88
1995-07-20,111.03,111.5,110.22,111.19
1995-07-21,111.16,111.41,109.84,110.03
1995-07-24,110.0,110.94,109.91,110.91
1995-07-25,110.91,111.62,110.12,111.44
1995-07-26,111.41,111.56,110.75,110.81
1995-07-27,110.88,111.59,110.78,111.44
1995-07-28,111.28,111.75,110.53,110.69
1995-07-31,110.72,111.28,110.62,111.22
1995-08-01,111.28,111.47,110.16,110.47
1995-08-02,110.53,111.72,110.53,111.22
1995-08-03,111.28,111.44,109.94,110.47
1995-08-04,110.44,111.0,109.59,110.78
1995-08-07,110.69,111.09,110.56,110.97
1995-08-08,110.94,111.56,110.84,111.03
1995-08-09,111.06,111.09,110.53,110.72
1995-08-10,110.72,111.0,109.81,110.12
1995-08-11,110.25,110.59,108.94,109.16
1995-08-14,109.06,109.5,108.88,109.38
1995-08-15,109.31,109.91,108.75,109.88
1995-08-16,110.06,110.44,109.69,110.22
1995-08-17,110.34,110.34,109.72,110.06
1995-08-18,110.09,110.22,109.94,110.06
1995-08-21,110.06,110.78,110.03,110.5
1995-08-22,110.5,110.62,110.06,110.19
1995-08-23,110.22,110.31,109.78,109.88
1995-08-24,109.88,111.03,109.84,110.88
1995-08-25,110.88,112.5,110.88,112.47
1995-08-28,112.47,112.88,112.0,112.53
1995-08-29,112.47,112.59,112.03,112.31
1995-08-30,112.38,112.72,112.25,112.56
1995-08-31,112.53,113.44,112.25,113.16
1995-09-01,113.12,114.06,112.0,113.56
1995-09-05,113.47,114.31,113.28,114.22
1995-09-06,114.25,114.25,113.78,114.06
1995-09-07,113.94,114.25,113.62,113.69
1995-09-08,113.62,114.5,113.34,113.66
1995-09-11,113.78,113.91,113.5,113.66
1995-09-12,113.69,114.59,113.69,114.56
1995-09-13,114.56,114.66,114.06,114.16
1995-09-14,114.16,115.28,114.0,115.12
1995-09-15,115.06,115.16,114.56,114.91
1995-09-18,114.69,114.69,114.06,114.09
1995-09-19,114.09,114.75,114.03,114.59
1995-09-20,114.59,114.94,114.19,114.88
1995-09-21,114.72,114.78,113.0,113.31
1995-09-22,113.47,113.56,112.34,113.06
1995-09-25,113.0,113.22,112.53,113.0
1995-09-26,113.03,113.62,112.69,112.94
1995-09-27,113.0,113.12,111.97,112.91
1995-09-28,112.91,113.28,112.56,112.97
1995-09-29,112.97,114.47,112.62,114.34
1995-10-02,114.06,114.94,114.06,114.31
1995-10-03,114.38,115.12,114.25,114.78
1995-10-04,114.81,115.28,114.59,115.25
1995-10-05,115.22,115.69,115.06,115.34
1995-10-06,115.31,115.94,114.62,115.59
1995-10-10,115.56,116.0,115.44,115.62
1995-10-11,115.59,115.66,115.31,115.62
1995-10-12,115.59,116.16,115.28,116.09
1995-10-13,116.06,117.59,116.06,117.44
1995-10-16,117.25,117.38,116.88,117.09
1995-10-17,117.09,117.72,116.5,117.38
1995-10-18,117.41,117.53,116.88,117.03
1995-10-19,117.03,117.44,116.66,117.31
1995-10-20,117.28,117.34,116.34,116.72
1995-10-23,116.5,116.56,116.16,116.47
1995-10-24,116.38,117.38,116.19,117.25
1995-10-25,117.25,117.66,117.12,117.22
1995-10-26,117.28,117.38,116.25,116.28
1995-10-27,116.41,116.94,115.28,116.81
1995-10-30,116.78,117.09,116.53,116.78
1995-10-31,116.75,117.31,116.5,117.06
1995-11-01,116.94,117.97,116.66,117.5
1995-11-02,117.53,118.31,117.38,118.12
1995-11-03,118.16,118.62,117.75,117.91
1995-11-06,117.81,117.97,117.56,117.75
1995-11-07,117.72,117.81,117.25,117.41
1995-11-08,117.38,118.25,117.28,118.22
1995-11-09,118.16,118.44,117.38,117.62
1995-11-10,117.56,117.66,116.81,117.09
1995-11-13,116.94,118.03,116.53,117.72
1995-11-14,117.75,118.19,117.41,117.44
1995-11-15,117.44,117.91,116.97,117.22
1995-11-16,117.22,118.44,117.22,117.81
1995-11-17,117.81,118.19,117.59,117.97
1995-11-20,117.97,118.5,117.62,117.75
1995-11-21,117.72,117.91,117.16,117.34
1995-11-22,117.28,117.53,117.12,117.41
1995-11-24,117.59,117.94,117.53,117.88
1995-11-27,117.88,118.34,117.84,118.22
1995-11-28,118.22,118.25,117.75,118.09
1995-11-29,118.09,118.53,118.09,118.5
1995-11-30,118.53,119.72,118.53,119.41
1995-12-01,119.47,120.0,119.31,119.94
1995-12-04,120.03,121.22,119.91,121.06
1995-12-05,121.09,121.12,120.47,120.66
1995-12-06,120.56,121.62,120.38,120.72
1995-12-07,120.62,120.91,120.06,120.22
1995-12-08,120.09,121.19,119.78,120.34
1995-12-11,120.34,120.66,120.34,120.56
1995-12-12,120.5,120.75,119.91,120.38
1995-12-13,120.41,120.62,120.0,120.19
1995-12-14,120.06,120.53,120.03,120.12
1995-12-15,120.12,120.41,119.84,120.0
1995-12-18,119.81,119.81,118.56,118.59
1995-12-19,118.53,118.94,117.91,118.81
1995-12-20,119.47,120.03,119.09,119.31
1995-12-21,119.22,119.59,118.94,119.38
1995-12-22,119.47,120.38,119.44,120.03
1995-12-26,120.03,120.34,119.88,120.31
1995-12-27,120.31,120.97,120.31,120.72
1995-12-28,120.75,121.16,120.66,121.12
1995-12-29,121.16,121.62,120.88,121.47
1996-01-02,121.28,121.59,120.91,121.34
1996-01-03,121.41,121.91,121.28,121.56
1996-01-04,121.5,122.12,120.62,120.66
1996-01-05,120.69,121.0,119.53,120.28
1996-01-08,120.28,120.75,120.16,120.34
1996-01-09,120.44,120.91,119.84,120.12
1996-01-10,120.0,120.0,118.59,118.78
1996-01-11,118.81,119.12,118.47,118.97
1996-01-12,118.97,119.47,118.56,118.97
1996-01-16,119.12,120.06,119.12,120.03
1996-01-17,120.16,121.16,120.16,121.12
1996-01-18,121.0,121.62,120.72,121.31
1996-01-19,121.38,121.88,120.69,121.5
1996-01-22,121.44,121.44,120.5,120.53
1996-01-23,120.47,120.66,119.88,120.09
1996-01-24,120.03,120.94,119.91,120.91
1996-01-25,120.97,121.09,119.5,119.59
1996-01-26,119.5,120.62,118.56,120.53
1996-01-29,120.44,120.69,119.66,119.91
1996-01-30,119.97,120.88,119.81,120.69
1996-01-31,120.66,121.22,120.41,120.94
1996-02-01,120.94,121.03,120.31,120.41
1996-02-02,120.44,120.81,119.5,119.53
1996-02-05,119.44,119.62,118.81,119.59
1996-02-06,119.62,120.06,119.44,119.75
1996-02-07,119.84,120.12,119.28,119.66
1996-02-08,119.59,119.94,119.25,119.69
1996-02-09,119.78,120.47,118.97,119.72
1996-02-12,119.81,120.62,119.53,120.59
1996-02-13,120.59,121.0,120.38,120.72
1996-02-14,120.75,120.75,120.19,120.22
1996-02-15,120.16,120.25,119.12,119.16
1996-02-16,119.16,119.38,118.09,118.25
1996-02-20,117.88,118.09,116.0,116.12
1996-02-21,116.09,116.91,115.5,116.12
1996-02-22,116.12,116.78,116.12,116.53
1996-02-23,116.59,117.22,115.19,115.53
1996-02-26,115.62,115.78,114.56,115.31
1996-02-27,115.28,115.69,114.78,115.06
1996-02-28,115.0,115.75,114.62,114.72
1996-02-29,114.78,115.16,113.91,114.84
1996-03-01,114.91,116.16,114.78,116.03
1996-03-04,116.09,116.72,115.91,116.59
1996-03-05,116.66,116.69,115.69,115.97
1996-03-06,115.94,116.09,115.16,115.31
1996-03-07,115.22,115.22,114.81,115.09
1996-03-08,115.06,115.06,111.41,111.53
1996-03-11,111.56,113.0,110.62,112.84
1996-03-12,112.75,112.75,111.47,112.41
1996-03-13,112.34,112.81,111.88,112.09
1996-03-14,112.09,112.53,111.88,112.03
1996-03-15,111.84,111.88,110.91,111.12
1996-03-18,111.19,111.75,111.12,111.62
1996-03-19,111.75,112.16,111.44,111.62
1996-03-20,111.5,112.56,111.22,111.84
1996-03-21,111.97,112.41,111.59,112.12
1996-03-22,112.16,112.31,111.72,111.84
1996-03-25,111.84,112.97,111.78,112.78
1996-03-26,112.72,112.91,112.16,112.69
1996-03-27,112.75,113.06,111.22,111.31
1996-03-28,111.28,111.41,110.38,110.72
1996-03-29,110.84,111.56,110.75,111.47
1996-04-01,111.5,111.88,111.41,111.78
1996-04-02,111.81,112.34,111.81,112.31
1996-04-03,112.34,112.59,111.69,112.09
1996-04-04,112.09,112.16,111.53,111.62
1996-04-05,111.62,111.62,109.31,109.41
1996-04-08,109.25,109.28,108.31,108.94
1996-04-09,108.94,109.59,108.88,109.44
1996-04-10,109.44,109.59,108.53,108.62
1996-04-11,108.62,108.84,107.75,108.19
1996-04-12,108.25,110.06,108.25,109.91
1996-04-15,109.94,110.34,109.69,110.28
1996-04-16,110.28,110.53,109.78,110.31
1996-04-17,110.31,110.34,109.59,109.84
1996-04-18,109.75,110.28,109.16,109.44
1996-04-19,109.41,110.06,109.34,109.94
1996-04-22,109.97,110.94,109.94,110.5
1996-04-23,110.44,110.53,109.94,110.25
1996-04-24,110.28,110.44,109.72,109.75
1996-04-25,109.72,110.0,109.28,109.97
1996-04-26,110.0,110.53,109.97,110.28
1996-04-29,110.25,110.25,109.53,109.84
1996-04-30,109.78,109.81,108.84,109.16
1996-05-01,109.12,109.47,108.56,109.12
1996-05-02,109.12,109.25,107.25,107.44
1996-05-03,107.5,108.22,106.69,106.75
1996-05-06,106.81,107.28,106.75,107.16
1996-05-07,107.25,107.44,106.75,106.94
1996-05-08,107.0,107.97,106.56,107.94
1996-05-09,108.0,108.38,107.53,107.59
1996-05-10,107.56,109.06,107.44,108.69
1996-05-13,108.66,108.97,108.5,108.88
1996-05-14,108.88,109.72,108.81,109.47
1996-05-15,109.5,109.84,109.41,109.56
1996-05-16,109.59,109.59,108.78,108.94
1996-05-17,108.81,109.78,108.66,109.59
1996-05-20,109.66,110.12,109.62,109.78
1996-05-21,109.72,110.06,109.5,109.56
1996-05-22,109.53,110.19,109.22,110.16
1996-05-23,110.12,110.41,109.38,109.41
1996-05-24,109.44,110.12,109.41,110.0
1996-05-28,110.03,110.38,109.81,109.84
1996-05-29,109.84,109.94,108.75,108.81
1996-05-30,108.81,109.16,108.19,109.03
1996-05-31,109.03,109.03,107.81,108.06
1996-06-03,108.12,108.38,107.75,107.97
1996-06-04,108.03,108.47,107.91,108.09
1996-06-05,108.12,108.75,107.88,108.69
1996-06-06,108.72,109.78,108.56,109.34
1996-06-07,109.41,109.62,106.78,107.56
1996-06-10,107.66,107.75,106.97,107.09
1996-06-11,106.84,107.44,106.66,106.81
1996-06-12,106.81,107.03,106.41,106.44
1996-06-13,106.19,106.84,106.06,106.78
1996-06-14,106.97,107.62,106.47,107.38
1996-06-17,107.31,108.03,107.25,107.91
1996-06-18,107.81,108.12,107.47,107.59
1996-06-19,107.41,107.88,107.25,107.66
1996-06-20,106.84,106.94,106.47,106.81
1996-06-21,106.81,107.31,106.81,107.0
1996-06-24,107.0,107.28,106.91,107.16
1996-06-25,107.16,107.75,107.09,107.59
1996-06-26,107.62,107.94,107.22,107.72
1996-06-27,107.75,108.47,107.53,108.41
1996-06-28,108.38,109.75,108.22,109.53
1996-07-01,109.53,109.62,109.0,109.56
1996-07-02,109.56,109.62,108.91,109.06
1996-07-03,109.03,109.47,108.84,109.25
1996-07-05,109.28,109.38,106.31,106.41
1996-07-08,106.25,106.75,105.88,106.44
1996-07-09,106.44,107.12,106.41,106.94
1996-07-10,106.94,107.56,106.88,107.47
1996-07-11,107.56,108.25,106.91,107.75
1996-07-12,107.78,108.78,107.47,108.34
1996-07-15,108.19,108.34,107.69,107.81
1996-07-16,107.78,108.78,107.31,108.5
1996-07-17,108.44,108.69,108.19,108.38
1996-07-18,108.34,109.75,108.09,109.72
1996-07-19,109.59,109.62,109.0,109.06
1996-07-22,109.0,109.31,108.53,108.56
1996-07-23,108.53,109.16,108.44,109.09
1996-07-24,109.09,109.66,108.06,108.19
1996-07-25,108.31,108.94,108.12,108.44
1996-07-26,108.41,108.81,108.22,108.56
1996-07-29,108.47,108.53,107.75,107.81
1996-07-30,107.84,108.66,107.69,108.44
1996-07-31,108.41,109.28,108.22,109.12
1996-08-01,109.12,111.0,108.88,110.69
1996-08-02,110.59,112.16,110.53,111.84
1996-08-05,111.75,111.88,111.59,111.75
1996-08-06,111.69,111.84,111.44,111.59
1996-08-07,111.56,112.09,111.25,111.44
1996-08-08,111.5,111.75,111.12,111.28
1996-08-09,111.31,112.25,111.31,112.06
1996-08-12,112.16,112.28,111.78,112.06
1996-08-13,112.06,112.5,110.88,110.91
1996-08-14,110.94,111.19,110.69,111.03
1996-08-15,111.12,111.22,110.53,110.69
1996-08-16,110.69,111.31,110.69,111.28
1996-08-19,111.28,111.41,110.75,110.91
1996-08-20,110.91,111.16,110.72,110.88
1996-08-21,110.91,111.03,110.44,110.62
1996-08-22,110.62,110.88,110.28,110.56
1996-08-23,110.53,110.69,109.28,109.53
1996-08-26,109.44,109.44,108.59,108.62
1996-08-27,108.66,109.12,108.59,108.94
1996-08-28,108.97,109.31,108.62,108.78
1996-08-29,108.81,109.06,108.03,108.12
1996-08-30,108.16,108.28,106.97,107.31
1996-09-03,107.19,107.97,106.56,107.91
1996-09-04,107.91,108.22,107.25,107.5
1996-09-05,107.56,107.56,106.81,106.94
1996-09-06,106.84,107.75,106.0,107.28
1996-09-09,107.34,107.78,107.22,107.75
1996-09-10,107.75,107.91,107.09,107.19
1996-09-11,107.31,107.53,106.91,107.34
1996-09-12,107.09,108.03,107.09,107.78
1996-09-13,107.88,109.53,107.62,109.25
1996-09-16,109.41,109.41,109.12,109.34
1996-09-17,109.28,109.38,108.56,108.62
1996-09-18,108.5,108.66,108.31,108.53
1996-09-19,108.5,108.81,107.97,108.06
1996-09-20,107.66,107.94,107.66,107.75
1996-09-23,107.69,108.16,107.44,108.09
1996-09-24,108.09,109.0,107.78,108.62
1996-09-25,108.56,109.31,108.38,109.22
1996-09-26,109.25,109.97,109.12,109.81
1996-09-27,109.81,110.31,109.38,109.47
1996-09-30,109.44,109.84,109.09,109.19
1996-10-01,109.19,110.06,109.09,109.91
1996-10-02,110.0,110.47,109.91,110.31
1996-10-03,110.38,110.81,110.12,110.31
1996-10-04,110.38,111.88,110.34,111.69
1996-10-07,111.66,111.69,111.09,111.16
1996-10-08,111.16,111.47,111.06,111.09
1996-10-09,111.06,111.5,110.5,110.56
1996-10-10,110.56,110.72,109.81,110.03
1996-10-11,110.03,110.78,109.84,110.59
1996-10-15,110.59,110.91,110.38,110.5
1996-10-16,110.5,110.84,109.81,110.31
1996-10-17,110.34,111.16,110.28,111.12
1996-10-18,111.12,111.62,111.09,111.28
1996-10-21,111.19,111.41,111.0,111.06
1996-10-22,111.06,111.12,110.59,110.62
1996-10-23,110.62,110.88,110.34,110.84
1996-10-24,110.88,110.97,110.38,110.59
1996-10-25,110.62,111.22,110.0,111.0
1996-10-28,111.06,111.16,110.78,110.91
1996-10-29,110.84,112.69,110.72,112.59
1996-10-30,112.66,113.41,112.28,112.59
1996-10-31,112.56,113.12,112.38,113.0
1996-11-01,113.03,113.88,112.66,112.75
1996-11-04,112.81,113.09,112.53,113.0
1996-11-05,112.94,114.06,112.94,113.78
1996-11-06,113.81,114.47,113.5,113.62
1996-11-07,113.66,114.31,112.91,114.28
1996-11-08,114.31,114.53,113.69,114.06
1996-11-12,114.03,114.94,113.84,114.91
1996-11-13,114.84,115.06,114.28,114.72
1996-11-14,114.69,115.34,114.38,115.28
1996-11-15,115.31,115.47,114.78,114.94
1996-11-18,114.88,115.22,114.56,114.84
1996-11-19,114.81,115.38,114.62,115.22
1996-11-20,115.22,115.78,114.69,115.72
1996-11-21,115.62,115.91,115.44,115.53
1996-11-22,115.47,115.56,115.22,115.31
1996-11-25,115.28,115.78,115.06,115.47
1996-11-26,115.47,116.16,115.22,115.34
1996-11-27,115.38,115.91,115.09,115.31
1996-11-29,115.59,116.34,115.53,116.22
1996-12-02,116.19,116.31,115.69,116.25
1996-12-03,116.22,116.88,116.06,116.38
1996-12-04,116.31,116.38,115.53,115.69
1996-12-05,115.72,116.03,114.28,114.47
1996-12-06,114.41,114.5,112.62,114.22
1996-12-09,114.28,114.97,114.28,114.81
1996-12-10,114.84,114.94,114.5,114.72
1996-12-11,114.59,114.66,113.12,113.28
1996-12-12,112.97,114.22,112.81,112.88
1996-12-13,112.88,113.78,112.72,113.59
1996-12-16,113.75,113.94,112.94,113.09
1996-12-17,113.03,113.19,112.25,112.91
1996-12-18,112.72,113.12,112.41,112.44
1996-12-19,112.28,113.25,112.28,113.19
1996-12-20,113.19,113.66,113.03,113.31
1996-12-23,113.16,113.62,113.0,113.44
1996-12-24,113.47,113.56,113.31,113.41
1996-12-26,113.44,113.62,113.28,113.34
1996-12-27,113.38,114.03,113.34,113.94
1996-12-30,113.97,114.19,113.81,113.88
1996-12-31,113.84,113.97,112.56,112.62
1997-01-02,112.62,112.97,111.16,111.38
1997-01-03,111.41,112.09,111.38,111.56
1997-01-06,111.56,111.78,111.22,111.28
1997-01-07,111.22,111.53,110.69,110.88
1997-01-08,110.97,111.38,110.56,110.72
1997-01-09,110.72,111.5,110.25,111.41
1997-01-10,111.53,111.66,109.81,110.34
1997-01-13,110.38,110.69,110.16,110.41
1997-01-14,110.41,111.47,110.31,111.41
1997-01-15,111.44,111.56,110.91,111.28
1997-01-16,111.25,111.84,110.5,110.72
1997-01-17,110.84,111.19,110.56,110.94
1997-01-21,110.91,111.62,110.19,111.5
1997-01-22,111.5,111.78,111.03,111.03
1997-01-23,110.97,111.22,110.62,110.84
1997-01-24,110.75,110.75,109.84,110.25
1997-01-27,110.19,110.31,109.59,109.78
1997-01-28,109.75,111.06,109.66,110.06
1997-01-29,110.09,110.59,109.44,110.25
1997-01-30,110.22,110.75,110.12,110.56
1997-01-31,110.56,111.62,110.31,111.44
1997-02-03,111.59,112.22,111.28,112.09
1997-02-04,112.09,112.28,111.78,112.22
1997-02-05,112.28,112.59,111.94,112.03
1997-02-06,111.94,112.03,111.69,111.91
1997-02-07,111.91,113.0,111.81,112.47
1997-02-10,112.44,112.66,112.09,112.47
1997-02-11,112.5,112.69,112.38,112.47
1997-02-12,112.47,112.75,112.16,112.41
1997-02-13,112.44,113.38,112.38,113.38
1997-02-14,113.41,114.09,113.28,113.94
1997-02-18,114.22,114.25,113.66,113.84
1997-02-19,113.84,114.19,113.5,113.62
1997-02-20,113.59,113.59,113.0,113.03
1997-02-21,112.84,113.03,112.66,112.94
1997-02-24,112.88,112.88,112.44,112.62
1997-02-25,112.62,112.94,112.5,112.59
1997-02-26,112.59,112.75,110.78,110.88
1997-02-27,111.06,111.34,110.5,110.75
1997-02-28,110.78,111.09,110.59,110.91
1997-03-03,110.88,110.88,110.28,110.66
1997-03-04,110.56,110.88,110.25,110.31
1997-03-05,110.16,110.59,110.0,110.44
1997-03-06,110.38,110.72,109.94,110.03
1997-03-07,110.03,110.91,109.34,110.59
1997-03-10,110.69,110.84,110.5,110.62
1997-03-11,110.72,110.78,110.12,110.5
1997-03-12,110.5,110.5,110.03,110.16
1997-03-13,110.16,110.16,109.0,109.0
1997-03-14,109.12,109.78,109.12,109.34
1997-03-17,109.34,109.47,108.75,109.25
1997-03-18,109.25,109.44,108.84,109.19
1997-03-19,109.16,109.66,108.88,109.12
1997-03-20,108.47,108.75,107.97,108.66
1997-03-21,108.69,108.94,108.5,108.72
1997-03-24,108.62,109.0,108.56,108.97
1997-03-25,109.03,109.78,108.56,108.72
1997-03-26,108.81,108.88,108.12,108.47
1997-03-27,108.44,108.72,107.34,107.38
1997-03-31,107.31,107.59,107.16,107.22
1997-04-01,107.28,107.72,106.78,107.47
1997-04-02,107.53,107.72,107.25,107.56
1997-04-03,107.59,107.81,107.38,107.62
1997-04-04,107.69,107.81,106.72,107.0
1997-04-07,107.09,107.69,107.06,107.62
1997-04-08,107.66,107.75,107.19,107.41
1997-04-09,107.41,107.88,107.31,107.34
1997-04-10,107.28,107.53,107.09,107.34
1997-04-11,107.34,107.53,106.38,106.62
1997-04-14,106.62,106.75,106.5,106.69
1997-04-15,106.69,107.84,106.53,107.62
1997-04-16,107.69,107.72,106.91,107.47
1997-04-17,107.5,108.22,107.44,107.84
1997-04-18,107.88,108.19,107.75,108.0
1997-04-21,108.03,108.19,107.66,107.66
1997-04-22,107.69,108.16,107.53,108.12
1997-04-23,108.19,108.34,107.56,107.72
1997-04-24,107.72,107.84,107.25,107.31
1997-04-25,107.31,107.38,106.97,107.12
1997-04-28,107.12,107.44,106.94,107.41
1997-04-29,107.5,109.0,107.12,108.94
1997-04-30,108.97,109.69,108.38,109.28
1997-05-01,109.41,109.75,109.19,109.66
1997-05-02,109.72,110.31,109.44,109.91
1997-05-05,110.06,110.12,109.75,110.03
1997-05-06,110.03,110.22,109.69,110.09
1997-05-07,110.06,110.09,109.25,109.31
1997-05-08,109.31,109.94,108.94,109.81
1997-05-09,109.78,110.44,109.5,110.22
1997-05-12,110.03,110.5,109.88,110.38
1997-05-13,110.25,110.69,109.75,109.81
1997-05-14,109.75,110.56,109.69,110.16
1997-05-15,110.16,110.41,109.38,110.31
1997-05-16,110.34,110.5,109.84,109.97
1997-05-19,110.0,110.09,109.72,109.91
1997-05-20,109.88,110.38,109.41,109.84
1997-05-21,110.03,110.25,109.09,109.28
1997-05-22,109.31,109.38,108.94,109.06
1997-05-23,109.06,109.38,109.03,109.19
1997-05-27,109.25,109.31,108.53,108.72
1997-05-28,108.75,109.22,108.56,108.72
1997-05-29,108.75,109.34,108.72,109.31
1997-05-30,109.34,110.19,109.28,110.03
1997-06-02,110.09,110.44,109.78,110.16
1997-06-03,110.16,110.53,110.03,110.47
1997-06-04,110.44,110.56,110.19,110.44
1997-06-05,110.41,110.47,110.16,110.41
1997-06-06,110.41,111.66,109.88,111.62
1997-06-09,111.62,111.62,110.94,111.0
1997-06-10,111.0,111.38,110.78,110.91
1997-06-11,110.84,111.12,110.84,111.0
1997-06-12,111.0,111.91,110.84,111.75
1997-06-13,111.78,112.41,111.66,112.22
1997-06-16,112.16,112.56,112.16,112.44
1997-06-17,112.53,112.62,111.91,112.22
1997-06-18,112.16,112.59,111.94,112.53
1997-06-19,112.53,112.72,112.22,112.38
1997-06-20,112.22,112.75,112.06,112.53
1997-06-23,112.44,112.5,112.12,112.16
1997-06-24,112.16,112.28,111.91,112.16
1997-06-25,112.19,112.25,111.56,111.72
1997-06-26,111.66,111.72,111.12,111.16
1997-06-27,111.12,111.72,111.06,111.62
1997-06-30,111.62,111.69,110.72,111.06
1997-07-01,111.12,111.91,110.94,111.69
1997-07-02,111.75,112.12,111.69,112.06
1997-07-03,112.06,113.47,112.03,113.19
1997-07-07,113.28,113.97,113.09,113.66
1997-07-08,113.66,113.88,113.38,113.62
1997-07-09,113.56,114.09,113.53,113.91
1997-07-10,113.91,113.97,113.5,113.88
1997-07-11,113.81,114.47,113.72,114.12
1997-07-14,114.16,114.22,113.88,113.94
1997-07-15,113.84,114.0,113.22,113.94
1997-07-16,113.94,114.84,113.94,114.69
1997-07-17,114.72,115.06,114.53,114.66
1997-07-18,114.53,114.59,114.03,114.19
1997-07-21,114.12,114.19,113.84,114.0
1997-07-22,114.0,115.25,113.94,115.25
1997-07-23,115.31,115.72,115.22,115.38
1997-07-24,115.34,115.62,115.06,115.31
1997-07-25,115.25,115.5,114.88,115.03
1997-07-28,114.94,115.44,114.88,115.44
1997-07-29,115.56,115.97,115.28,115.94
1997-07-30,115.94,116.59,115.81,116.38
1997-07-31,116.5,116.97,116.12,116.75
1997-08-01,116.75,116.97,114.75,114.81
1997-08-04,114.84,115.06,114.38,114.66
1997-08-05,114.66,114.75,114.31,114.59
1997-08-06,114.59,114.91,114.31,114.75
1997-08-07,114.78,115.19,114.16,114.22
1997-08-08,114.31,114.38,112.25,112.69
1997-08-11,112.69,113.09,112.28,112.75
1997-08-12,112.81,113.31,112.44,112.47
1997-08-13,112.44,113.59,111.97,112.84
1997-08-14,112.81,113.75,112.78,113.62
1997-08-15,113.66,113.84,112.84,113.62
1997-08-18,113.78,114.38,113.66,114.09
1997-08-19,114.19,114.44,113.72,114.19
1997-08-20,114.22,114.28,113.75,113.91
1997-08-21,113.84,113.97,113.16,113.22
1997-08-22,113.22,113.25,112.19,112.5
1997-08-25,112.62,112.78,112.34,112.44
1997-08-26,112.44,112.75,111.81,112.59
1997-08-27,112.66,112.97,112.22,112.69
1997-08-28,112.72,113.66,112.53,113.66
1997-08-29,113.66,113.88,112.75,113.12
1997-09-02,113.12,113.72,112.62,113.59
1997-09-03,113.66,113.88,113.41,113.34
1997-09-04,113.19,113.5,113.06,113.34
1997-09-05,113.22,114.19,112.69,112.91
1997-09-08,112.72,113.28,112.72,113.22
1997-09-09,113.22,113.22,112.81,113.16
1997-09-10,113.09,113.16,112.72,112.91
1997-09-11,112.81,112.88,112.34,112.53
1997-09-12,112.53,113.69,112.44,113.59
1997-09-15,113.56,113.81,113.47,113.75
1997-09-16,113.78,115.72,113.72,115.66
1997-09-17,115.59,116.19,115.53,115.84
1997-09-18,115.72,116.38,115.69,115.78
1997-09-19,115.78,115.91,115.38,115.78
1997-09-22,115.62,116.06,115.59,115.97
1997-09-23,116.0,116.03,115.56,115.56
1997-09-24,115.56,116.47,115.44,116.28
1997-09-25,116.25,116.38,115.31,115.34
1997-09-26,115.31,115.97,115.25,115.75
1997-09-29,115.75,115.84,115.34,115.62
1997-09-30,115.59,115.81,115.12,115.28
1997-10-01,115.31,116.66,115.31,116.34
1997-10-02,116.31,116.88,116.19,116.62
1997-10-03,116.66,118.56,115.88,116.66
1997-10-06,116.88,117.5,116.88,117.19
1997-10-07,117.25,117.59,116.97,117.44
1997-10-08,117.47,117.75,115.69,115.91
1997-10-09,116.09,116.09,114.75,115.78
1997-10-10,115.88,116.03,114.53,115.03
1997-10-14,115.22,115.88,115.22,115.88
1997-10-15,115.94,116.03,115.16,115.5
1997-10-16,115.47,116.28,115.22,115.5
1997-10-17,115.59,115.66,114.5,114.84
1997-10-20,114.84,115.09,114.69,115.06
1997-10-21,115.03,115.19,114.78,115.09
1997-10-22,115.12,115.28,114.81,115.25
1997-10-23,115.34,117.0,115.16,116.31
1997-10-24,116.34,117.06,115.84,116.78
1997-10-27,117.03,117.59,116.62,117.34
1997-10-28,118.0,119.06,116.66,116.66
1997-10-29,116.66,117.94,116.44,117.56
1997-10-30,117.66,118.59,117.66,118.16
1997-10-31,118.34,118.94,117.62,118.47
1997-11-03,118.41,118.41,117.47,117.75
1997-11-04,117.62,118.03,117.25,117.31
1997-11-05,117.31,117.72,117.16,117.38
1997-11-06,117.47,118.09,117.31,118.0
1997-11-07,117.94,118.62,117.59,117.97
1997-11-10,117.78,117.94,117.44,117.94
1997-11-12,117.88,118.41,117.69,118.16
1997-11-13,118.25,118.91,117.91,118.31
1997-11-14,118.31,119.06,118.31,118.5
1997-11-17,118.38,118.72,117.94,118.78
1997-11-18,118.78,119.19,118.53,118.81
1997-11-19,118.81,119.5,118.69,119.34
1997-11-20,119.38,119.56,118.94,119.06
1997-11-21,119.06,119.34,118.5,119.28
1997-11-24,119.12,119.38,118.75,118.78
1997-11-25,118.78,119.31,118.62,119.06
1997-11-26,119.12,119.28,118.69,119.09
1997-11-28,119.12,119.34,119.09,119.19
1997-12-01,119.12,119.5,119.09,119.28
1997-12-02,119.19,119.41,119.06,119.31
1997-12-03,119.31,119.69,119.22,119.5
1997-12-04,119.56,120.0,119.34,119.38
1997-12-05,119.41,119.41,117.69,118.91
1997-12-08,118.75,119.0,118.12,118.16
1997-12-09,118.19,118.44,118.0,118.22
1997-12-10,118.44,118.75,118.25,118.69
1997-12-11,118.91,120.03,118.91,119.59
1997-12-12,119.62,120.59,119.62,120.53
1997-12-15,120.59,120.75,120.06,120.09
1997-12-16,120.09,120.41,119.97,120.28
1997-12-17,120.22,120.22,119.56,119.91
1997-12-18,119.75,120.69,119.75,120.47
1997-12-19,120.53,121.44,120.5,120.97
1997-12-22,120.62,121.28,120.59,120.91
1997-12-23,120.97,121.34,120.69,120.88
1997-12-24,120.88,121.19,120.69,120.75
1997-12-26,120.5,120.88,120.5,120.78
1997-12-29,120.78,121.06,120.5,120.53
1997-12-30,120.5,120.53,119.53,119.88
1997-12-31,119.81,120.53,119.81,120.47
1998-01-02,120.5,121.59,120.41,121.47
1998-01-05,121.69,123.0,121.69,122.91
1998-01-06,122.78,123.25,122.41,123.0
1998-01-07,123.09,123.25,122.06,122.25
1998-01-08,122.31,123.19,122.22,122.84
1998-01-09,122.94,123.72,122.16,123.66
1998-01-12,123.59,124.28,123.34,123.72
1998-01-13,123.62,123.97,123.25,123.53
1998-01-14,123.5,123.69,122.84,123.19
1998-01-15,123.25,123.56,123.0,123.03
1998-01-16,123.03,123.12,122.25,122.31
1998-01-20,122.22,122.69,122.03,122.03
1998-01-21,122.03,122.44,121.66,122.31
1998-01-22,122.31,122.56,121.59,121.88
1998-01-23,121.81,121.81,120.06,120.16
1998-01-26,120.16,121.22,119.5,121.12
1998-01-27,121.09,121.19,120.22,120.44
1998-01-28,120.47,120.91,120.09,120.56
1998-01-29,120.53,122.0,120.41,121.88
1998-01-30,121.91,122.38,121.69,122.28
1998-02-02,122.31,122.38,121.47,121.62
1998-02-03,121.56,121.97,121.44,121.69
1998-02-04,121.78,121.84,121.28,121.59
1998-02-05,121.59,121.84,120.75,120.84
1998-02-06,120.88,121.22,120.28,120.94
1998-02-09,120.72,121.03,120.34,120.59
1998-02-10,120.62,120.91,120.5,120.81
1998-02-11,120.88,121.78,120.81,121.75
1998-02-12,121.78,122.38,121.47,121.47
1998-02-13,121.62,122.09,121.56,121.88
1998-02-17,121.88,122.69,121.88,122.53
1998-02-18,122.62,122.81,121.94,122.03
1998-02-19,122.06,122.16,121.72,121.88
1998-02-20,121.84,121.94,121.34,121.62
1998-02-23,121.69,122.38,121.03,121.06
1998-02-24,121.16,121.5,119.84,120.16
1998-02-25,120.25,120.88,120.19,120.78
1998-02-26,120.78,120.94,120.28,120.5
1998-02-27,120.53,120.78,119.62,120.78
1998-03-02,120.78,120.84,119.66,119.66
1998-03-03,119.66,119.91,118.94,119.16
1998-03-04,119.12,119.62,118.84,119.31
1998-03-05,119.31,119.81,118.81,118.97
1998-03-06,119.03,119.72,118.72,119.5
1998-03-09,119.59,120.28,119.5,120.19
1998-03-10,120.25,120.41,120.0,120.25
1998-03-11,120.56,120.66,120.38,120.66
1998-03-12,120.66,121.56,120.47,121.47
1998-03-13,121.5,121.5,120.88,121.22
1998-03-16,121.31,121.78,121.28,121.69
1998-03-17,121.56,121.94,121.22,121.28
1998-03-18,121.28,121.41,121.03,121.09
1998-03-19,121.09,121.25,120.59,121.06
1998-03-20,120.78,121.41,120.78,121.38
1998-03-23,121.0,121.25,120.56,121.16
1998-03-24,121.09,121.38,120.97,121.16
1998-03-25,121.12,121.62,120.34,120.41
1998-03-26,120.41,120.56,120.06,120.09
1998-03-27,120.09,120.41,119.78,120.03
1998-03-30,119.91,120.34,119.62,119.78
1998-03-31,119.81,120.38,119.69,120.25
1998-04-01,120.28,120.75,120.09,120.75
1998-04-02,120.81,121.47,120.75,121.44
1998-04-03,121.47,122.88,121.41,122.44
1998-04-06,122.44,122.44,121.81,121.88
1998-04-07,121.81,122.09,121.66,121.69
1998-04-08,121.72,121.91,120.81,120.94
1998-04-09,120.97,121.53,120.56,121.16
1998-04-13,121.0,121.16,120.06,120.38
1998-04-14,120.41,120.94,120.38,120.72
1998-04-15,120.81,121.06,120.5,121.03
1998-04-16,121.06,121.44,120.97,121.19
1998-04-17,121.25,121.5,121.03,121.19
1998-04-20,121.19,121.22,120.38,120.62
1998-04-21,120.59,120.66,120.12,120.19
1998-04-22,120.22,120.47,119.88,120.12
1998-04-23,120.16,120.22,119.69,119.94
1998-04-24,119.94,120.38,119.41,120.34
1998-04-27,120.34,120.38,118.53,118.78
1998-04-28,118.78,119.22,118.69,118.72
1998-04-29,118.69,118.91,118.44,118.69
1998-04-30,118.69,120.28,118.44,120.22
1998-05-01,120.19,120.88,120.12,120.34
1998-05-04,120.44,120.5,120.0,120.34
1998-05-05,120.41,120.41,119.91,120.0
1998-05-06,119.97,120.47,119.66,120.34
1998-05-07,120.44,120.62,120.09,120.34
1998-05-08,120.31,120.44,119.66,120.0
1998-05-11,120.03,120.03,119.09,119.12
1998-05-12,119.12,120.19,119.06,120.16
1998-05-13,120.09,120.72,119.88,120.34
1998-05-14,120.38,120.5,119.94,119.94
1998-05-15,119.97,120.12,119.78,119.97
1998-05-18,119.97,120.62,119.97,120.59
1998-05-19,120.66,120.69,120.25,120.44
1998-05-20,120.44,121.16,120.28,120.94
1998-05-21,120.94,121.22,120.28,120.47
1998-05-22,120.44,120.81,120.38,120.69
1998-05-26,120.72,121.47,120.72,121.31
1998-05-27,121.44,121.81,121.38,121.56
1998-05-28,121.47,121.66,121.25,121.47
1998-05-29,121.44,122.03,121.44,121.72
1998-06-01,121.84,122.34,121.81,122.03
1998-06-02,122.09,122.19,121.69,121.81
1998-06-03,121.81,121.94,121.53,121.78
1998-06-04,121.84,122.0,121.38,121.56
1998-06-05,121.56,122.28,121.12,121.88
1998-06-08,121.78,122.06,121.69,121.91
1998-06-09,121.94,122.0,121.59,121.91
1998-06-10,121.91,123.03,121.88,123.0
1998-06-11,123.06,123.72,122.81,123.69
1998-06-12,123.62,123.88,123.31,123.69
1998-06-15,123.38,124.31,123.38,124.25
1998-06-16,124.41,124.53,123.53,123.56
1998-06-17,123.31,123.41,122.16,122.41
1998-06-18,122.59,122.97,122.56,122.94
1998-06-19,122.91,122.91,122.31,122.69
1998-06-22,123.19,123.62,123.16,123.16
1998-06-23,123.19,123.5,123.03,123.47
1998-06-24,123.44,123.75,123.16,123.25
1998-06-25,123.28,123.44,122.69,123.25
1998-06-26,123.28,123.72,122.81,123.53
1998-06-29,123.66,123.72,123.28,123.31
1998-06-30,123.31,123.62,122.94,123.59
1998-07-01,123.56,123.91,123.28,123.53
1998-07-02,123.59,124.31,123.38,123.88
1998-07-06,124.03,124.22,123.88,124.16
1998-07-07,124.16,124.25,123.62,123.78
1998-07-08,123.78,124.0,123.41,123.44
1998-07-09,123.47,123.88,123.31,123.78
1998-07-10,123.78,123.94,123.5,123.62
1998-07-13,123.88,124.06,122.44,122.84
1998-07-14,122.78,123.16,122.22,122.44
1998-07-15,122.47,122.75,122.38,122.5
1998-07-16,122.56,122.81,122.12,122.22
1998-07-17,122.22,122.53,122.0,122.06
1998-07-20,122.03,122.69,121.94,122.56
1998-07-21,122.53,123.25,122.44,123.12
1998-07-22,123.19,123.25,122.88,122.94
1998-07-23,122.94,123.38,122.88,123.31
1998-07-24,123.25,123.44,122.97,123.0
1998-07-27,122.94,123.22,122.38,122.69
1998-07-28,122.62,122.84,122.25,122.31
1998-07-29,122.31,122.5,122.06,122.09
1998-07-30,122.12,122.75,121.75,122.56
1998-07-31,122.56,122.75,122.41,122.59
1998-08-03,122.69,123.41,122.62,123.34
1998-08-04,123.34,123.88,123.09,123.56
1998-08-05,123.62,123.94,123.19,123.53
1998-08-06,123.5,123.5,123.12,123.22
1998-08-07,123.22,123.84,123.19,123.84
1998-08-10,123.88,124.06,123.59,123.88
1998-08-11,123.88,124.84,123.78,124.25
1998-08-12,124.22,124.25,123.72,124.06
1998-08-13,124.09,124.5,123.59,123.66
1998-08-14,123.66,124.34,123.34,124.25
1998-08-17,124.25,124.72,124.03,124.09
1998-08-18,124.16,124.28,123.72,124.0
1998-08-19,124.0,124.03,123.56,123.94
1998-08-20,123.91,124.62,123.59,124.53
1998-08-21,124.53,126.28,124.44,125.06
1998-08-24,125.25,125.53,124.81,125.06
1998-08-25,125.12,125.59,125.03,125.5
1998-08-26,125.5,125.88,125.25,125.75
1998-08-27,125.72,127.09,125.69,126.38
1998-08-28,126.38,127.69,125.97,126.53
1998-08-31,126.59,127.19,126.22,127.12
1998-09-01,127.22,128.0,126.5,126.84
1998-09-02,126.78,126.88,126.38,126.72
1998-09-03,126.75,127.38,126.75,127.25
1998-09-04,127.31,127.78,126.78,127.5
1998-09-08,127.31,127.69,126.78,126.81
1998-09-09,126.72,127.94,126.53,127.84
1998-09-10,127.88,129.69,127.62,129.44
1998-09-11,129.47,130.12,128.31,128.59
1998-09-14,128.47,128.84,127.81,128.38
1998-09-15,128.72,128.88,127.88,127.94
1998-09-16,127.97,128.56,127.69,128.53
1998-09-17,128.81,129.41,128.75,128.97
1998-09-18,128.91,129.44,128.84,129.38
1998-09-21,129.25,130.22,129.25,129.69
1998-09-22,129.06,129.5,128.66,129.16
1998-09-23,129.12,129.75,128.62,129.5
1998-09-24,129.53,129.78,128.97,129.72
1998-09-25,129.72,130.34,129.31,129.81
1998-09-28,129.78,130.03,129.38,129.53
1998-09-29,129.53,130.13,129.06,130.06
1998-09-30,130.03,131.5,129.91,131.47
1998-10-01,131.5,132.75,131.28,132.66
1998-10-02,132.78,133.69,132.19,133.06
1998-10-05,133.16,135.25,132.94,134.66
1998-10-06,134.66,134.69,133.44,134.12
1998-10-07,134.19,134.41,132.03,133.03
1998-10-08,132.91,133.09,130.06,130.12
1998-10-09,130.25,130.47,127.12,127.28
1998-10-13,126.97,128.72,126.06,127.66
1998-10-14,127.62,129.53,127.53,129.31
1998-10-15,129.28,129.62,128.16,128.75
1998-10-16,128.75,131.19,128.75,130.25
1998-10-19,130.12,130.53,129.62,129.81
1998-10-20,129.84,130.22,127.97,128.72
1998-10-21,128.69,128.97,128.22,128.5
1998-10-22,128.44,128.69,127.47,127.94
1998-10-23,127.84,128.16,127.16,127.44
1998-10-26,127.34,128.72,126.66,128.5
1998-10-27,128.75,129.66,128.34,129.44
1998-10-28,129.34,129.97,129.16,129.38
1998-10-29,129.41,129.94,129.22,129.81
1998-10-30,129.81,130.06,128.69,128.91
1998-11-02,128.94,129.03,127.31,127.47
1998-11-03,127.44,128.28,127.31,127.72
1998-11-04,127.78,127.84,126.06,126.66
1998-11-05,126.66,127.94,126.09,126.78
1998-11-06,126.81,127.09,125.0,125.59
1998-11-09,125.56,127.06,125.06,126.94
1998-11-10,126.97,127.72,126.81,127.31
1998-11-12,127.25,128.25,127.22,127.88
1998-11-13,127.81,128.06,127.25,127.75
1998-11-16,127.59,127.88,127.16,127.31
1998-11-17,127.22,127.75,126.66,126.94
1998-11-18,126.88,128.34,126.69,127.84
1998-11-19,127.91,128.12,127.53,127.84
1998-11-20,127.84,128.75,127.75,128.25
1998-11-23,128.25,128.69,127.22,127.56
1998-11-24,127.56,128.19,127.09,127.78
1998-11-25,127.75,128.31,127.75,128.28
1998-11-27,128.38,128.62,128.38,128.59
1998-11-30,128.69,130.31,128.59,129.84
1998-12-01,130.19,130.78,129.84,130.19
1998-12-02,130.25,130.91,130.03,130.53
1998-12-03,130.53,130.94,130.19,130.47
1998-12-04,130.69,130.75,129.72,129.81
1998-12-07,129.66,130.19,129.31,129.34
1998-12-08,129.44,130.41,129.44,130.34
1998-12-09,130.47,131.06,130.28,130.91
1998-12-10,130.69,131.25,130.5,130.84
1998-12-11,130.75,131.19,129.66,129.94
1998-12-14,130.16,130.66,130.09,130.34
1998-12-15,129.66,130.25,129.47,129.5
1998-12-16,129.94,129.97,129.44,130.0
1998-12-17,129.94,129.97,129.44,129.97
1998-12-18,129.66,129.84,129.53,129.81
1998-12-21,129.5,129.69,128.53,128.69
1998-12-22,128.53,128.59,127.38,127.59
1998-12-23,127.53,127.69,126.53,126.66
1998-12-24,126.62,126.97,125.81,126.31
1998-12-28,126.31,127.31,126.31,127.09
1998-12-29,127.31,127.84,126.75,127.69
1998-12-30,127.75,128.09,127.56,127.91
1998-12-31,127.88,128.19,127.16,127.78
1999-01-04,127.66,128.34,126.84,127.47
1999-01-05,127.38,127.66,126.44,126.72
1999-01-06,126.62,127.56,126.25,127.53
1999-01-07,127.53,127.69,126.22,126.53
1999-01-08,126.5,126.59,125.06,125.16
1999-01-11,125.06,125.34,123.97,124.72
1999-01-12,124.62,125.72,124.25,125.34
1999-01-13,125.47,127.5,125.31,126.06
1999-01-14,126.06,127.38,125.62,127.28
1999-01-15,127.25,127.94,126.31,126.53
1999-01-19,126.47,127.09,125.84,126.56
1999-01-20,126.62,126.75,125.56,126.0
1999-01-21,126.09,127.12,125.97,126.81
1999-01-22,126.88,127.91,126.81,127.81
1999-01-25,127.91,128.16,127.31,127.38
1999-01-26,127.34,127.81,127.19,127.34
1999-01-27,127.38,127.5,126.94,127.34
1999-01-28,127.34,128.16,126.91,127.81
1999-01-29,127.84,128.06,127.19,128.0
1999-02-01,128.03,128.06,126.28,126.62
1999-02-02,126.69,126.78,125.62,125.78
1999-02-03,125.78,126.19,125.19,125.56
1999-02-04,125.53,125.91,124.16,124.59
1999-02-05,124.69,124.94,124.09,124.31
1999-02-08,124.16,124.88,123.88,124.41
1999-02-09,124.44,125.31,124.41,124.94
1999-02-10,124.94,125.44,124.66,124.72
1999-02-11,124.72,124.88,124.34,124.72
1999-02-12,124.72,124.75,122.41,122.66
1999-02-16,122.53,123.72,122.53,123.5
1999-02-17,123.53,124.25,122.81,124.09
1999-02-18,124.16,124.47,123.31,123.47
1999-02-19,123.47,123.81,122.91,123.31
1999-02-22,123.41,123.81,122.91,123.72
1999-02-23,123.66,123.97,122.56,122.81
1999-02-24,122.81,123.09,121.88,121.91
1999-02-25,121.88,122.16,120.19,120.81
1999-02-26,120.81,121.94,120.28,121.47
1999-03-01,121.47,121.84,120.06,120.59
1999-03-02,120.5,121.44,120.34,121.09
1999-03-03,121.19,121.53,120.22,120.28
1999-03-04,120.22,120.34,119.78,120.0
1999-03-05,120.28,122.03,119.94,120.75
1999-03-08,120.81,121.25,120.78,120.84
1999-03-09,120.88,121.84,120.25,121.59
1999-03-10,121.66,121.84,121.12,121.41
1999-03-11,121.5,121.91,120.91,121.44
1999-03-12,121.41,122.0,121.41,121.81
1999-03-15,121.94,122.41,121.5,122.34
1999-03-16,122.41,122.94,122.19,122.72
1999-03-17,122.66,123.12,122.16,122.22
1999-03-18,122.31,122.72,122.28,122.41
1999-03-19,122.75,122.75,121.59,121.69
1999-03-22,121.59,121.84,121.44,121.75
1999-03-23,120.88,121.22,120.59,121.0
1999-03-24,121.0,121.66,121.0,121.34
1999-03-25,121.44,121.59,120.62,120.66
1999-03-26,120.66,121.5,120.5,120.62
1999-03-29,120.62,120.88,119.97,120.16
1999-03-30,120.12,121.12,120.09,121.09
1999-03-31,121.12,121.16,119.75,120.56
1999-04-01,120.56,120.75,119.69,119.94
1999-04-02,119.94,121.16,119.91,121.06
1999-04-05,121.12,121.38,120.69,121.06
1999-04-06,121.06,122.06,121.03,122.0
1999-04-07,122.0,122.28,121.72,122.0
1999-04-08,122.03,123.38,121.84,123.25
1999-04-09,123.28,123.59,122.78,122.97
1999-04-12,123.25,123.47,123.03,123.06
1999-04-13,123.06,123.28,122.28,122.38
1999-04-14,122.44,122.62,122.12,122.25
1999-04-15,122.34,122.41,121.66,121.91
1999-04-16,121.91,121.94,121.16,121.34
1999-04-19,121.44,121.97,121.09,121.81
1999-04-20,121.88,122.28,121.78,122.12
1999-04-21,122.16,122.47,121.88,122.06
1999-04-22,122.0,122.06,120.84,120.88
1999-04-23,120.84,121.19,120.75,120.97
1999-04-26,120.91,121.47,120.25,121.38
1999-04-27,121.38,121.78,121.16,121.72
1999-04-28,121.47,121.56,121.19,121.44
1999-04-29,121.38,122.5,121.31,122.22
1999-04-30,122.19,122.59,120.12,120.19
1999-05-03,120.28,120.5,119.84,120.31
1999-05-04,120.38,120.53,119.38,119.66
1999-05-05,119.69,120.03,119.41,119.88
1999-05-06,119.88,120.09,118.5,118.72
1999-05-07,118.72,119.69,118.28,118.47
1999-05-10,118.88,119.09,118.12,118.84
1999-05-11,118.88,119.03,118.0,118.22
1999-05-12,118.22,118.91,117.69,118.5
1999-05-13,118.53,119.75,118.5,119.66
1999-05-14,119.66,119.84,116.91,117.47
1999-05-17,117.47,117.72,117.16,117.53
1999-05-18,117.56,118.25,117.16,117.53
1999-05-19,117.56,118.34,117.5,118.25
1999-05-20,118.31,118.41,117.81,118.06
1999-05-21,118.03,118.94,117.84,118.59
1999-05-24,118.66,119.06,118.31,118.69
1999-05-25,118.72,118.94,118.31,118.72
1999-05-26,118.78,118.97,117.91,118.22
1999-05-27,118.19,118.47,117.31,117.66
1999-05-28,117.69,118.31,117.31,117.91
1999-06-01,117.97,118.0,116.22,116.56
1999-06-02,116.59,116.88,116.19,116.66
1999-06-03,116.66,117.03,116.44,116.53
1999-06-04,116.5,117.09,116.06,116.53
1999-06-07,116.56,116.97,116.34,116.5
1999-06-08,116.69,116.88,116.03,116.06
1999-06-09,116.03,116.22,115.66,115.91
1999-06-10,115.81,115.88,115.03,115.38
1999-06-11,115.09,115.91,114.28,114.28
1999-06-14,114.31,115.03,114.31,114.84
1999-06-15,115.06,115.38,114.88,114.88
1999-06-16,114.78,115.84,114.78,115.09
1999-06-17,115.34,116.66,115.03,116.56
1999-06-18,116.5,116.59,116.19,116.19
1999-06-21,116.19,116.19,115.12,115.34
1999-06-22,115.03,115.19,114.41,114.66
1999-06-23,114.66,114.78,113.62,114.06
1999-06-24,114.09,114.28,113.28,113.62
1999-06-25,113.59,114.22,113.16,113.84
1999-06-28,113.94,114.69,113.59,114.62
1999-06-29,114.62,115.12,114.41,115.03
1999-06-30,115.06,116.0,114.44,115.91
1999-07-01,115.94,116.38,114.81,115.53
1999-07-02,115.53,116.0,115.12,115.78
1999-07-06,115.84,115.91,114.84,115.31
1999-07-07,115.38,115.5,114.78,115.09
1999-07-08,115.09,115.97,114.53,115.94
1999-07-09,115.97,116.47,115.62,115.84
1999-07-12,115.88,117.25,115.62,117.0
1999-07-13,117.03,117.66,116.84,117.16
1999-07-14,117.16,117.47,116.66,116.78
1999-07-15,116.78,117.44,116.5,116.88
1999-07-16,116.84,117.38,116.69,117.22
1999-07-19,117.28,117.66,117.12,117.22
1999-07-20,117.25,117.47,116.69,117.41
1999-07-21,117.41,117.59,116.97,117.19
1999-07-22,117.19,117.59,115.81,116.12
1999-07-23,116.06,116.19,115.28,115.59
1999-07-26,115.56,115.62,115.09,115.59
1999-07-27,115.56,115.97,115.47,115.88
1999-07-28,115.91,116.06,115.62,115.88
1999-07-29,115.91,115.94,114.59,115.31
1999-07-30,115.31,115.34,114.66,114.97
1999-08-02,114.97,115.31,114.16,115.0
1999-08-03,115.06,115.19,114.72,114.75
1999-08-04,114.72,115.25,114.56,114.88
1999-08-05,114.94,115.75,114.72,115.44
1999-08-06,115.5,115.62,114.06,114.22
1999-08-09,114.09,114.16,113.62,113.69
1999-08-10,113.34,114.16,113.31,113.62
1999-08-11,113.66,114.06,113.41,113.97
1999-08-12,114.03,114.28,113.56,113.62
1999-08-13,113.47,114.66,113.28,114.56
1999-08-16,114.62,114.69,114.25,114.41
1999-08-17,114.41,115.34,114.28,115.19
1999-08-18,115.19,115.31,114.69,115.25
1999-08-19,115.28,115.44,114.75,114.97
1999-08-20,114.94,115.25,114.75,115.12
1999-08-23,115.12,115.25,114.91,115.09
1999-08-24,115.12,115.69,114.84,115.5
1999-08-25,115.56,116.78,115.47,116.56
1999-08-26,116.66,116.75,116.28,116.59
1999-08-27,116.53,116.59,115.59,115.62
1999-08-30,115.59,115.72,114.5,114.62
1999-08-31,114.66,115.06,114.03,114.34
1999-09-01,114.38,114.62,114.12,114.19
1999-09-02,114.25,114.28,113.34,113.5
1999-09-03,113.53,114.88,113.53,114.75
1999-09-07,114.75,114.78,114.0,114.0
1999-09-08,114.0,114.59,113.72,114.19
1999-09-09,114.19,114.19,113.56,113.69
1999-09-10,113.84,114.53,113.84,114.34
1999-09-13,114.06,114.09,113.84,114.0
1999-09-14,114.09,114.16,112.88,113.31
1999-09-15,113.31,114.06,113.12,113.5
1999-09-16,114.41,114.41,113.44,113.91
1999-09-17,114.34,114.5,114.28,114.44
1999-09-20,114.47,114.62,114.06,114.09
1999-09-21,113.84,114.0,113.59,113.94
1999-09-22,113.53,113.75,113.41,113.66
1999-09-23,113.69,114.5,113.5,114.44
1999-09-24,114.47,115.5,114.44,115.38
1999-09-27,115.31,115.44,114.53,114.62
1999-09-28,114.59,114.91,113.91,113.97
1999-09-29,113.97,113.97,113.09,113.12
1999-09-30,113.09,114.06,112.97,113.94
1999-10-01,113.94,114.06,112.59,112.84
1999-10-04,112.94,113.47,112.81,113.44
1999-10-05,113.47,113.59,112.31,112.44
1999-10-06,112.5,112.94,112.31,112.59
1999-10-07,112.66,112.91,112.09,112.59
1999-10-08,112.59,113.34,112.41,112.56
1999-10-12,112.22,112.56,111.91,112.22
1999-10-13,112.25,112.53,111.56,111.59
1999-10-14,111.62,111.88,110.97,111.28
1999-10-15,111.25,112.0,110.72,111.97
1999-10-18,112.0,112.31,111.41,111.5
1999-10-19,111.56,111.94,110.97,111.06
1999-10-20,111.06,111.25,110.75,111.16
1999-10-21,111.16,111.62,110.81,110.97
1999-10-22,110.94,111.25,110.81,110.97
1999-10-25,111.03,111.12,110.38,111.0
1999-10-26,110.97,111.22,110.69,110.84
1999-10-27,110.81,111.53,110.75,111.47
1999-10-28,111.47,112.44,111.38,112.28
1999-10-29,112.31,113.62,111.97,113.59
1999-11-01,113.56,113.56,112.91,113.16
1999-11-02,113.16,113.78,113.03,113.53
1999-11-03,113.56,113.94,113.19,113.53
1999-11-04,113.59,114.19,113.5,114.09
1999-11-05,114.12,115.09,113.94,114.62
1999-11-08,114.56,114.62,114.28,114.47
1999-11-09,114.5,114.59,114.12,114.41
1999-11-10,114.41,114.69,113.72,114.19
1999-11-12,114.09,115.12,114.09,114.94
1999-11-15,114.91,115.12,114.72,114.91
1999-11-16,114.91,115.5,114.56,114.66
1999-11-17,114.69,114.78,113.78,113.84
1999-11-18,113.84,114.0,113.34,113.59
1999-11-19,113.59,113.88,113.38,113.62
1999-11-22,113.62,113.72,113.03,113.25
1999-11-23,113.22,113.47,113.03,113.12
1999-11-24,112.81,113.31,112.66,112.91
1999-11-26,112.66,112.78,112.53,112.59
1999-11-29,112.62,112.75,111.38,111.5
1999-11-30,111.47,112.28,111.44,111.91
1999-12-01,111.84,112.03,111.16,111.88
1999-12-02,111.94,112.03,111.62,111.66
1999-12-03,111.62,112.72,111.56,112.47
1999-12-06,112.66,112.91,112.44,112.56
1999-12-07,112.56,113.12,112.56,113.06
1999-12-08,113.09,113.12,112.62,112.75
1999-12-09,112.75,113.03,112.66,112.97
1999-12-10,112.97,113.69,112.91,113.66
1999-12-13,113.5,113.62,113.25,113.28
1999-12-14,113.16,113.16,112.06,112.12
1999-12-15,112.22,112.22,111.66,111.72
1999-12-16,111.41,111.69,110.97,111.03
1999-12-17,111.22,111.38,110.69,111.06
1999-12-20,111.12,111.28,110.56,110.56
1999-12-21,91.15,92.05,91.0,91.01
1999-12-22,91.01,91.12,90.25,91.02
1999-12-23,91.11,91.18,90.27,90.3
1999-12-27,91.28,91.38,90.69,91.25
1999-12-28,91.22,91.34,91.0,91.06
1999-12-29,91.16,91.53,91.06,91.31
1999-12-30,91.38,91.53,91.03,91.44
1999-12-31,91.44,91.59,90.78,90.94
2000-01-03,90.78,90.78,89.81,89.88
2000-01-04,89.69,90.72,89.34,90.62
2000-01-05,90.59,90.94,89.56,89.69
2000-01-06,89.66,90.47,89.59,90.41
2000-01-07,90.5,91.0,89.75,90.94
2000-01-10,90.91,90.94,90.34,90.56
2000-01-11,90.56,90.66,89.47,89.59
2000-01-12,89.62,89.97,89.28,89.41
2000-01-13,89.41,90.31,89.31,90.28
2000-01-14,90.31,90.75,89.5,89.75
2000-01-18,89.69,89.84,89.0,89.22
2000-01-19,89.19,89.69,89.09,89.53
2000-01-20,89.56,90.16,89.03,89.41
2000-01-21,89.41,89.88,89.19,89.72
2000-01-24,89.75,90.38,89.62,90.34
2000-01-25,90.38,91.0,90.19,90.59
2000-01-26,90.59,91.31,90.5,91.25
2000-01-27,91.25,92.06,91.09,91.94
2000-01-28,91.97,93.53,90.94,92.94
2000-01-31,92.91,93.06,92.16,92.22
2000-02-01,92.25,93.0,92.09,92.88
2000-02-02,92.88,93.84,92.62,93.47
2000-02-03,94.44,95.34,93.44,94.44
2000-02-04,94.44,94.88,93.56,94.12
2000-02-07,93.94,93.94,93.22,93.38
2000-02-08,93.31,94.66,93.28,94.53
2000-02-09,94.53,95.0,93.31,93.59
2000-02-10,93.59,94.06,92.69,92.81
2000-02-11,92.84,93.66,92.69,93.31
2000-02-14,93.28,94.16,93.25,94.12
2000-02-15,94.19,94.19,93.5,93.75
2000-02-16,93.75,93.81,93.31,93.69
2000-02-17,93.69,94.5,93.53,94.16
2000-02-18,94.19,94.94,94.09,94.88
2000-02-22,94.91,95.97,94.91,95.84
2000-02-23,95.78,95.78,95.16,95.19
2000-02-24,95.19,96.09,95.19,95.5
2000-02-25,95.41,95.62,94.75,94.91
2000-02-28,95.16,95.25,94.09,94.41
2000-02-29,94.47,95.16,94.34,95.06
2000-03-01,95.09,95.41,94.72,94.88
2000-03-02,94.84,95.47,94.53,95.19
2000-03-03,95.31,95.84,95.03,95.59
2000-03-06,95.41,95.59,95.09,95.22
2000-03-07,95.16,95.56,94.84,95.12
2000-03-08,95.47,95.47,94.91,94.91
2000-03-09,94.97,95.66,94.88,95.03
2000-03-10,94.97,95.06,94.47,94.59
2000-03-13,94.78,95.53,94.56,94.72
2000-03-14,94.69,95.44,94.25,95.41
2000-03-15,95.5,96.16,95.12,95.81
2000-03-16,95.81,96.38,95.78,96.09
2000-03-17,96.31,96.66,96.19,96.53
2000-03-20,96.34,96.81,96.31,96.66
2000-03-21,96.66,96.91,96.5,96.88
2000-03-22,97.06,97.06,96.69,96.72
2000-03-23,96.59,97.62,96.47,97.06
2000-03-24,97.09,97.25,96.0,96.03
2000-03-27,96.0,96.22,95.59,96.09
2000-03-28,96.25,96.44,95.81,96.12
2000-03-29,96.22,96.38,95.88,96.09
2000-03-30,96.06,97.25,95.94,97.19
2000-03-31,97.25,97.88,96.91,97.69
2000-04-03,97.81,97.88,97.31,97.81
2000-04-04,97.84,99.81,97.59,98.69
2000-04-05,98.53,99.38,97.94,98.41
2000-04-06,98.34,98.62,97.91,98.53
2000-04-07,98.5,99.5,98.16,99.34
2000-04-10,99.38,99.75,99.06,99.34
2000-04-11,99.38,99.88,98.0,98.38
2000-04-12,98.44,98.5,97.31,97.75
2000-04-13,97.78,98.28,97.25,98.25
2000-04-14,98.22,98.62,97.53,98.47
2000-04-17,98.59,99.16,97.03,97.16
2000-04-18,97.06,97.5,96.56,97.09
2000-04-19,97.09,98.03,96.84,98.0
2000-04-20,98.03,98.38,97.72,98.06
2000-04-24,98.06,98.5,97.59,97.66
2000-04-25,97.69,97.69,97.03,97.06
2000-04-26,97.03,97.53,96.78,96.94
2000-04-27,96.91,97.34,96.03,96.25
2000-04-28,96.31,96.94,95.84,96.56
2000-05-01,96.5,96.84,96.28,96.47
2000-05-02,96.41,96.47,95.75,95.84
2000-05-03,95.81,96.06,94.66,94.78
2000-05-04,94.78,94.88,93.78,93.81
2000-05-05,93.84,94.38,93.16,93.56
2000-05-08,93.69,93.88,92.84,92.88
2000-05-09,92.88,93.47,92.81,93.44
2000-05-10,93.41,94.34,93.34,94.06
2000-05-11,94.06,94.59,93.56,94.25
2000-05-12,94.25,94.72,93.19,93.5
2000-05-15,93.47,94.38,93.41,94.06
2000-05-16,94.12,94.91,94.06,94.53
2000-05-17,94.53,94.75,93.62,93.97
2000-05-18,93.94,94.16,92.88,93.06
2000-05-19,93.16,93.47,92.75,93.28
2000-05-22,93.38,94.44,93.12,93.97
2000-05-23,93.91,93.97,93.47,93.94
2000-05-24,93.97,94.28,93.53,93.69
2000-05-25,93.69,94.88,93.38,94.81
2000-05-26,94.78,95.47,94.5,95.28
2000-05-30,95.22,95.31,94.66,94.75
2000-05-31,94.78,95.88,94.72,95.69
2000-06-01,95.69,96.97,95.66,96.5
2000-06-02,96.5,98.31,96.44,96.72
2000-06-05,96.72,97.16,96.56,97.06
2000-06-06,97.06,97.06,96.28,97.03
2000-06-07,96.91,97.5,96.59,97.34
2000-06-08,97.28,97.53,96.62,97.5
2000-06-09,97.41,97.81,97.09,97.41
2000-06-12,97.28,97.62,97.28,97.59
2000-06-13,97.53,97.81,96.66,96.81
2000-06-14,96.26,97.24,96.14,97.12
2000-06-15,97.38,97.56,96.94,97.22
2000-06-16,97.34,98.0,97.34,97.81
2000-06-19,97.62,97.75,97.41,97.53
2000-06-20,97.5,98.16,97.28,97.38
2000-06-21,97.16,97.38,96.69,96.88
2000-06-22,96.56,96.84,96.28,96.53
2000-06-23,96.53,96.75,95.81,95.94
2000-06-26,95.91,96.5,95.78,96.47
2000-06-27,96.5,96.84,96.28,96.78
2000-06-28,96.81,97.03,96.16,96.47
2000-06-29,96.5,97.62,96.5,97.5
2000-06-30,97.53,97.78,97.31,97.34
2000-07-03,97.25,97.88,96.94,97.69
2000-07-05,97.69,98.19,97.56,97.72
2000-07-06,97.75,97.84,97.03,97.19
2000-07-07,97.16,98.06,97.0,97.62
2000-07-10,97.66,97.75,97.22,97.56
2000-07-11,97.56,97.81,97.41,97.56
2000-07-12,97.56,97.72,97.25,97.53
2000-07-13,97.53,98.5,97.5,98.44
2000-07-14,98.5,98.84,97.47,97.53
2000-07-17,97.47,97.78,96.66,96.91
2000-07-18,96.88,97.28,96.69,96.94
2000-07-19,96.94,97.09,96.59,96.91
2000-07-20,96.88,98.5,96.84,98.47
2000-07-21,98.47,99.03,98.22,98.69
2000-07-24,98.69,98.81,98.25,98.44
2000-07-25,98.41,98.78,98.34,98.53
2000-07-26,98.53,98.78,98.38,98.44
2000-07-27,98.44,99.28,98.06,98.94
2000-07-28,98.94,99.03,98.22,98.72
2000-07-31,98.69,98.75,98.31,98.59
2000-08-01,98.56,99.16,98.53,98.97
2000-08-02,99.0,99.22,98.44,99.03
2000-08-03,99.06,99.47,98.88,99.38
2000-08-04,99.41,99.94,99.06,99.69
2000-08-07,99.72,99.78,99.28,99.31
2000-08-08,99.34,99.69,99.22,99.66
2000-08-09,99.69,99.84,99.09,99.78
2000-08-10,99.75,100.16,99.59,100.06
2000-08-11,100.09,100.38,99.47,99.66
2000-08-14,99.66,100.03,99.38,100.0
2000-08-15,100.0,100.12,99.5,99.75
2000-08-16,99.78,99.94,99.28,99.47
2000-08-17,99.44,99.81,99.34,99.78
2000-08-18,99.78,100.34,99.72,100.09
2000-08-21,100.06,100.16,99.75,99.84
2000-08-22,99.81,100.09,99.75,99.91
2000-08-23,99.91,100.59,99.78,100.38
2000-08-24,100.41,100.75,100.28,100.5
2000-08-25,100.5,100.69,100.12,100.44
2000-08-28,100.38,100.53,99.5,99.84
2000-08-29,99.78,99.91,99.38,99.53
2000-08-30,99.62,99.78,99.22,99.69
2000-08-31,99.75,100.53,99.53,100.38
2000-09-01,100.44,101.0,100.34,100.56
2000-09-05,100.47,100.62,100.12,100.56
2000-09-06,100.56,100.56,99.97,100.06
2000-09-07,100.06,100.31,99.75,99.84
2000-09-08,99.88,100.19,99.84,100.12
2000-09-11,100.03,100.12,99.5,99.72
2000-09-12,99.41,100.03,99.34,99.62
2000-09-13,99.56,99.94,99.56,99.91
2000-09-14,99.97,100.25,98.84,99.09
2000-09-15,99.12,99.19,98.12,98.31
2000-09-18,98.06,98.16,97.56,97.91
2000-09-19,97.84,98.28,97.84,98.12
2000-09-20,98.12,98.22,97.78,98.06
2000-09-21,97.69,98.5,97.5,98.09
2000-09-22,98.47,98.72,97.97,98.16
2000-09-25,98.19,98.53,98.0,98.34
2000-09-26,98.34,98.84,98.19,98.78
2000-09-27,98.78,98.91,98.0,98.34
2000-09-28,98.34,98.75,98.31,98.5
2000-09-29,98.62,98.97,98.5,98.66
2000-10-02,98.59,98.72,97.88,98.09
2000-10-03,98.12,98.25,97.72,97.88
2000-10-04,97.94,98.34,97.75,97.81
2000-10-05,97.88,98.38,97.75,98.28
2000-10-06,98.38,99.22,97.94,98.88
2000-10-10,99.0,99.41,98.62,99.16
2000-10-11,99.38,99.53,99.0,99.19
2000-10-12,99.09,99.75,98.94,99.5
2000-10-13,99.53,99.81,99.16,99.5
2000-10-16,99.38,99.5,99.16,99.34
2000-10-17,99.34,100.16,99.22,100.09
2000-10-18,100.09,100.88,99.88,100.03
2000-10-19,99.94,100.59,99.78,100.25
2000-10-20,100.25,100.84,100.16,100.62
2000-10-23,100.66,101.31,100.5,101.22
2000-10-24,101.22,101.25,100.56,100.81
2000-10-25,100.91,101.12,100.16,100.34
2000-10-26,100.31,101.34,100.19,100.5
2000-10-27,100.5,100.84,100.12,100.41
2000-10-30,100.41,100.59,100.16,100.34
2000-10-31,100.34,100.66,99.75,99.84
2000-11-01,99.84,100.16,99.53,100.03
2000-11-02,100.0,100.19,99.84,99.94
2000-11-03,99.88,100.19,98.97,99.03
2000-11-06,99.03,99.19,98.5,98.78
2000-11-07,98.88,99.03,98.47,98.78
2000-11-08,99.0,99.72,98.19,99.03
2000-11-09,99.12,99.81,99.09,99.38
2000-11-10,99.28,99.56,99.03,99.19
2000-11-13,99.44,99.84,99.34,99.66
2000-11-14,99.62,100.06,99.19,99.97
2000-11-15,99.94,100.59,99.84,100.47
2000-11-16,100.44,100.84,100.41,100.72
2000-11-17,100.78,100.88,100.22,100.38
2000-11-20,100.34,100.81,100.34,100.53
2000-11-21,100.56,100.94,100.34,100.75
2000-11-22,100.88,101.88,100.75,101.81
2000-11-24,101.53,101.62,101.25,101.5
2000-11-27,101.25,101.31,101.06,101.22
2000-11-28,101.25,101.72,100.94,101.53
2000-11-29,101.53,101.94,101.19,101.78
2000-11-30,101.78,102.84,101.78,102.59
2000-12-01,102.25,102.5,101.84,102.06
2000-12-04,102.12,102.47,101.66,101.84
2000-12-05,101.72,102.75,101.56,102.69
2000-12-06,102.69,103.72,102.56,103.53
2000-12-07,103.53,103.91,102.94,103.66
2000-12-08,103.59,103.88,102.78,103.31
2000-12-11,103.09,103.41,103.03,103.25
2000-12-12,103.12,103.44,102.88,103.41
2000-12-13,103.16,104.22,103.16,104.03
2000-12-14,104.06,105.0,104.06,104.47
2000-12-15,104.53,104.84,104.34,104.72
2000-12-18,104.81,105.19,104.5,104.56
2000-12-19,104.47,104.47,104.03,104.47
2000-12-20,104.47,105.47,104.38,105.12
2000-12-21,105.38,105.53,104.62,105.41
2000-12-22,105.28,105.69,104.91,105.59
2000-12-26,105.59,105.72,104.5,105.38
2000-12-27,105.19,105.31,104.56,104.81
2000-12-28,104.72,105.12,104.47,104.78
2000-12-29,104.72,105.31,104.53,104.62
2001-01-02,104.56,106.38,104.56,106.28
2001-01-03,106.25,106.94,104.09,104.44
2001-01-04,104.25,105.16,104.09,105.12
2001-01-05,105.03,105.84,104.56,105.59
2001-01-08,105.69,105.75,105.22,105.59
2001-01-09,105.38,105.47,104.72,105.28
2001-01-10,105.28,105.38,104.28,104.5
2001-01-11,104.41,104.72,103.56,103.72
2001-01-12,103.84,103.84,102.78,102.91
2001-01-16,102.94,103.41,102.78,103.19
2001-01-17,103.19,104.38,102.75,104.06
2001-01-18,104.09,104.88,103.78,104.75
2001-01-19,104.56,104.62,103.56,103.72
2001-01-22,103.75,103.75,103.03,103.19
2001-01-23,103.25,103.72,102.53,102.59
2001-01-24,102.5,103.03,102.19,102.44
2001-01-25,102.5,103.28,101.97,102.94
2001-01-26,103.34,103.44,102.5,102.78
2001-01-29,102.78,103.03,102.25,102.44
2001-01-30,102.41,103.66,102.28,103.47
2001-01-31,103.5,104.41,103.41,104.06
2001-02-01,104.31,105.47,104.25,105.12
2001-02-02,104.97,105.28,104.31,104.41
2001-02-05,104.31,105.0,104.16,104.69
2001-02-06,104.62,104.91,104.22,104.34
2001-02-07,104.47,104.88,104.16,104.34
2001-02-08,104.19,104.56,103.75,104.34
2001-02-09,104.41,105.09,104.25,105.0
2001-02-12,104.97,105.0,104.31,104.41
2001-02-13,104.47,105.06,103.97,104.22
2001-02-14,104.31,104.47,103.78,104.03
2001-02-15,103.81,103.91,102.97,103.22
2001-02-16,103.38,103.91,102.56,103.75
2001-02-20,103.88,103.94,103.25,103.81
2001-02-21,103.75,103.91,103.03,103.34
2001-02-22,103.44,103.81,102.94,103.22
2001-02-23,103.09,104.09,102.91,103.78
2001-02-26,103.75,104.44,103.44,104.28
2001-02-27,104.41,105.62,104.31,105.47
2001-02-28,105.53,105.91,105.06,105.59
2001-03-01,105.78,106.47,105.78,106.25
2001-03-02,106.22,106.5,105.03,105.09
2001-03-05,105.19,105.25,104.84,105.12
2001-03-06,104.88,105.59,104.75,104.94
2001-03-07,105.09,105.88,104.94,105.75
2001-03-08,105.78,106.25,105.75,105.94
2001-03-09,105.91,106.25,105.19,105.72
2001-03-12,105.81,106.25,105.62,105.88
2001-03-13,106.0,106.03,105.53,105.66
2001-03-14,105.88,106.72,105.75,106.34
2001-03-15,106.47,106.84,106.09,106.44
2001-03-16,106.53,107.16,106.44,106.84
2001-03-19,106.72,106.72,106.28,106.34
2001-03-20,106.5,106.91,106.22,106.66
2001-03-21,106.91,107.06,106.53,106.78
2001-03-22,106.34,107.25,106.19,106.88
2001-03-23,106.53,106.59,105.97,106.12
2001-03-26,106.0,106.06,105.22,105.41
2001-03-27,105.31,105.75,103.97,104.12
2001-03-28,104.19,104.47,103.81,104.0
2001-03-29,104.12,104.38,103.53,103.91
2001-03-30,103.66,104.66,103.5,104.19
2001-04-02,104.41,104.47,103.62,103.88
2001-04-03,103.78,104.22,103.5,104.03
2001-04-04,104.16,104.25,103.53,103.94
2001-04-05,104.03,104.19,103.5,103.62
2001-04-06,103.56,104.88,103.5,104.66
2001-04-09,104.62,104.72,104.03,104.16
2001-04-10,104.06,104.09,102.16,102.41
2001-04-11,102.44,102.75,101.97,102.5
2001-04-12,102.34,102.91,102.12,102.31
2001-04-16,102.25,102.59,101.09,101.19
2001-04-17,101.47,101.94,101.31,101.88
2001-04-18,101.53,102.09,100.75,102.0
2001-04-19,101.81,101.91,100.03,100.53
2001-04-20,100.19,101.06,99.97,100.5
2001-04-23,100.5,101.44,100.34,101.25
2001-04-24,101.31,101.34,100.66,101.0
2001-04-25,100.97,101.53,100.47,100.62
2001-04-26,100.69,101.72,100.47,101.53
2001-04-27,101.56,101.91,100.12,100.25
2001-04-30,100.25,100.59,99.97,100.47
2001-05-01,100.44,101.34,100.28,101.03
2001-05-02,101.06,101.72,100.78,101.53
2001-05-03,101.72,102.5,101.72,102.41
2001-05-04,102.53,103.28,101.88,102.34
2001-05-07,102.22,102.25,101.84,102.09
2001-05-08,102.12,102.31,101.53,102.09
2001-05-09,101.69,102.31,101.34,102.16
2001-05-10,101.84,101.91,100.88,101.03
2001-05-11,100.97,100.97,99.12,99.19
2001-05-14,99.56,99.24,99.34,99.2
2001-05-15,99.72,99.81,98.75,99.01
2001-05-16,99.47,100.0,99.09,99.44
2001-05-17,99.88,100.16,99.16,100.09
2001-05-18,100.28,100.81,100.09,100.41
2001-05-21,100.31,100.72,99.75,100.47
2001-05-22,100.41,100.59,100.25,100.31
2001-05-23,99.88,100.68,99.84,100.12
2001-05-24,100.31,100.59,99.16,99.25
2001-05-25,99.62,99.66,99.09,99.22
2001-05-29,99.38,99.72,99.03,99.19
2001-05-30,99.31,99.41,99.03,99.25
2001-05-31,99.59,100.31,99.5,100.88
2001-06-01,100.22,101.28,99.75,101.0
2001-06-04,101.12,101.44,100.91,101.25
2001-06-05,101.09,101.78,100.94,101.66
2001-06-06,101.47,101.75,101.25,101.69
2001-06-07,101.75,101.97,100.88,101.09
2001-06-08,101.0,101.31,100.84,100.91
2001-06-11,100.84,101.75,100.84,101.47
2001-06-12,101.44,102.16,101.44,101.94
2001-06-13,102.16,102.16,101.44,101.91
2001-06-14,101.97,102.44,101.88,102.22
2001-06-15,102.16,102.66,101.75,101.81
2001-06-18,101.84,102.03,101.56,101.75
2001-06-19,101.34,101.97,101.25,101.91
2001-06-20,102.0,102.41,101.94,102.41
2001-06-21,101.47,102.31,101.47,101.81
2001-06-22,102.53,102.62,101.44,101.75
2001-06-25,102.66,102.75,102.31,102.5
2001-06-26,102.5,102.62,101.44,101.75
2001-06-27,101.66,102.31,101.47,101.94
2001-06-28,101.81,102.47,100.94,101.16
2001-06-29,100.94,100.94,100.19,100.31
2001-07-02,100.22,101.06,100.03,100.91
2001-07-03,101.0,101.0,100.38,100.44
2001-07-05,100.53,100.81,99.78,100.03
2001-07-06,100.25,100.56,99.81,100.38
2001-07-09,100.59,101.06,100.25,100.88
2001-07-10,101.0,101.5,100.56,101.31
2001-07-11,101.44,101.72,100.97,101.06
2001-07-12,100.97,101.94,100.84,101.66
2001-07-13,101.5,101.94,101.31,101.81
2001-07-16,101.88,102.5,101.81,102.31
2001-07-17,102.47,102.5,101.97,102.44
2001-07-18,102.22,103.59,102.12,103.41
2001-07-19,103.34,103.41,102.97,103.25
2001-07-20,103.31,103.62,102.88,103.12
2001-07-23,103.06,103.47,102.84,103.38
2001-07-24,103.41,103.72,103.25,103.62
2001-07-25,103.47,103.56,102.75,102.91
2001-07-26,102.78,103.16,102.75,102.88
2001-07-27,103.06,103.94,102.94,103.47
2001-07-30,103.5,103.88,103.19,103.72
2001-07-31,103.78,104.16,103.5,104.03
2001-08-01,103.84,104.12,103.44,103.78
2001-08-02,103.72,103.75,103.03,103.16
2001-08-03,103.09,103.25,102.56,103.06
2001-08-06,103.0,103.12,102.62,102.97
2001-08-07,102.97,103.38,102.78,102.91
2001-08-08,102.91,104.12,102.88,103.94
2001-08-09,104.03,104.41,103.56,103.66
2001-08-10,103.66,104.31,103.62,104.0
2001-08-13,104.0,104.53,103.94,104.12
2001-08-14,104.06,104.12,103.59,104.06
2001-08-15,104.06,104.34,103.53,103.94
2001-08-16,103.91,104.59,103.91,104.41
2001-08-17,104.41,105.34,104.31,105.25
2001-08-20,105.28,105.31,104.62,104.78
2001-08-21,104.81,105.22,104.53,104.94
2001-08-22,105.19,105.19,104.41,105.03
2001-08-23,105.12,105.56,104.91,105.44
2001-08-24,105.38,105.41,104.59,105.0
2001-08-27,104.91,105.12,104.75,104.78
2001-08-28,104.84,105.78,104.78,105.56
2001-08-29,105.62,106.28,105.44,106.19
2001-08-30,106.28,106.53,105.78,106.03
2001-08-31,105.84,106.12,105.62,106.03
2001-09-04,106.06,106.12,104.31,104.44
2001-09-05,104.62,104.81,104.5,104.59
2001-09-06,104.56,105.62,104.56,105.5
2001-09-07,105.41,106.44,105.41,106.06
2001-09-10,106.5,106.5,105.28,105.44
2001-09-11,105.44,106.69,105.22,106.62
2001-09-13,106.56,106.56,106.56,106.56
2001-09-14,106.47,107.06,106.25,106.97
2001-09-17,107.03,107.03,106.25,106.34
2001-09-18,106.12,106.12,104.34,104.69
2001-09-19,104.62,104.72,103.97,104.41
2001-09-20,103.59,103.91,102.53,102.72
2001-09-21,102.75,103.38,102.66,103.22
2001-09-24,103.22,103.56,102.81,103.38
2001-09-25,103.31,104.0,103.19,103.44
2001-09-26,103.59,104.62,103.5,104.53
2001-09-27,104.53,105.44,104.5,105.31
2001-09-28,105.22,106.12,105.19,105.5
2001-10-01,105.38,106.22,105.03,106.03
2001-10-02,106.06,106.91,105.91,106.56
2001-10-03,106.66,107.34,106.59,106.72
2001-10-04,106.91,107.28,106.53,106.88
2001-10-05,106.88,107.28,106.66,106.78
2001-10-08,106.78,106.78,106.78,106.78
2001-10-09,106.84,107.03,105.84,105.94
2001-10-10,105.94,106.38,105.56,106.31
2001-10-11,106.19,106.47,105.22,105.47
2001-10-12,105.47,105.94,105.19,105.38
2001-10-15,105.47,106.09,105.31,106.03
2001-10-16,106.09,106.5,105.94,106.34
2001-10-17,106.31,107.0,106.06,106.72
2001-10-18,106.75,107.12,106.72,106.81
2001-10-19,106.78,107.22,106.19,106.28
2001-10-22,106.25,106.69,106.03,106.41
2001-10-23,106.12,106.22,105.75,106.22
2001-10-24,106.12,107.28,106.06,107.09
2001-10-25,106.91,107.81,106.84,107.56
2001-10-26,107.41,107.81,107.0,107.69
2001-10-29,107.69,108.19,107.69,108.03
2001-10-30,107.88,108.59,107.88,108.5
2001-10-31,108.56,111.31,108.22,110.44
2001-11-01,110.72,112.59,110.44,110.84
2001-11-02,110.84,111.09,109.03,109.31
2001-11-05,109.31,110.31,109.31,110.19
2001-11-06,110.16,110.94,109.91,110.34
2001-11-07,110.66,111.69,110.56,111.5
2001-11-08,111.56,112.0,110.38,110.5
2001-11-09,110.44,111.22,110.34,110.44
2001-11-12,110.44,110.44,110.44,110.44
2001-11-13,110.47,110.81,109.62,109.81
2001-11-14,109.88,109.97,108.44,108.53
2001-11-15,108.5,108.53,105.84,106.28
2001-11-16,106.0,106.75,104.66,104.94
2001-11-19,105.34,106.31,104.69,106.25
2001-11-20,105.94,106.38,104.84,104.94
2001-11-21,105.0,105.25,103.38,103.94
2001-11-23,103.88,104.62,103.34,103.47
2001-11-26,103.38,104.41,103.19,103.34
2001-11-27,103.38,104.03,102.72,103.66
2001-11-28,104.03,104.38,103.41,103.66
2001-11-29,103.72,105.03,103.56,104.97
2001-11-30,104.75,105.47,104.16,104.78
2001-12-03,104.66,105.38,104.5,105.16
2001-12-04,105.25,106.28,105.0,106.09
2001-12-05,105.97,106.0,102.72,103.72
2001-12-06,103.62,103.72,102.56,102.62
2001-12-07,102.72,103.22,100.5,100.56
2001-12-10,100.66,101.75,100.66,101.12
2001-12-11,101.41,102.25,101.31,101.56
2001-12-12,101.72,102.59,101.66,102.53
2001-12-13,103.19,103.22,101.22,101.62
2001-12-14,101.94,102.16,100.84,100.91
2001-12-17,100.41,100.62,99.25,100.41
2001-12-18,101.22,101.69,100.94,101.66
2001-12-19,101.88,102.56,101.84,102.38
2001-12-20,101.47,101.78,100.84,101.41
2001-12-21,101.69,101.81,101.0,101.09
2001-12-24,101.12,101.31,100.47,100.69
2001-12-26,100.62,100.81,100.16,100.34
2001-12-27,100.16,101.31,100.0,101.0
2001-12-28,101.16,101.25,99.88,100.53
2001-12-31,100.53,101.59,100.53,101.53
2002-01-02,101.53,101.91,99.91,100.12
2002-01-03,100.31,100.75,100.16,100.53
2002-01-04,100.69,101.06,99.31,100.22
2002-01-07,100.41,101.5,100.25,101.44
2002-01-08,101.44,101.75,101.09,101.38
2002-01-09,101.28,101.75,100.81,101.5
2002-01-10,101.56,103.12,101.34,102.81
2002-01-11,102.69,103.84,102.56,103.47
2002-01-14,103.41,104.0,103.25,103.28
2002-01-15,103.25,104.28,103.09,103.91
2002-01-16,103.91,104.34,103.34,103.75
2002-01-17,103.75,103.81,102.72,102.97
2002-01-18,103.06,103.75,102.53,103.62
2002-01-22,103.5,103.62,103.03,103.47
2002-01-23,103.25,103.41,101.97,102.19
2002-01-24,102.12,102.72,101.94,102.22
2002-01-25,102.59,102.66,101.38,102.12
2002-01-28,102.22,102.59,101.66,102.28
2002-01-29,102.31,103.5,101.75,103.25
2002-01-30,103.41,103.69,102.84,103.19
2002-01-31,102.88,103.59,102.69,102.84
2002-02-01,102.78,103.59,102.41,103.34
2002-02-04,103.34,104.25,103.34,104.16
2002-02-05,104.16,104.53,103.41,104.09
2002-02-06,104.19,104.31,103.56,103.69
2002-02-07,103.78,104.0,102.94,103.31
2002-02-08,103.38,104.44,102.97,103.88
2002-02-11,103.88,103.88,103.34,103.59
2002-02-12,103.5,103.84,102.75,102.84
2002-02-13,102.91,103.06,102.0,102.72
2002-02-14,102.81,103.62,102.56,103.38
2002-02-15,103.47,104.44,103.44,104.22
2002-02-19,104.16,104.5,103.62,103.91
2002-02-20,104.0,104.5,103.69,103.94
2002-02-21,103.94,104.44,103.59,104.22
2002-02-22,104.41,105.12,104.34,104.66
2002-02-25,104.66,104.94,104.25,104.47
2002-02-26,104.47,104.62,103.53,103.66
2002-02-27,103.62,104.62,103.47,104.5
2002-02-28,104.56,104.62,103.72,104.09
2002-03-01,104.06,104.22,102.81,103.0
2002-03-04,102.94,103.0,102.31,102.91
2002-03-05,102.94,103.19,102.25,103.09
2002-03-06,103.16,103.28,102.41,102.53
2002-03-07,102.34,102.44,100.78,100.88
2002-03-08,101.09,101.09,99.88,100.06
2002-03-11,100.34,100.59,99.94,100.03
2002-03-12,100.34,100.69,99.88,100.06
2002-03-13,100.12,100.47,99.69,100.34
2002-03-14,99.97,99.97,98.88,98.97
2002-03-15,99.0,100.0,98.41,99.78
2002-03-18,99.81,100.44,99.62,100.28
2002-03-19,100.34,100.44,100.19,100.25
2002-03-20,99.12,99.44,97.75,97.94
2002-03-21,98.0,98.59,97.5,98.34
2002-03-22,98.53,98.59,97.81,98.12
2002-03-25,98.16,98.28,97.53,98.22
2002-03-26,98.12,99.25,97.91,98.97
2002-03-27,99.0,99.34,98.78,99.0
2002-03-28,98.91,99.22,97.69,98.16
2002-04-01,98.16,98.75,97.97,98.25
2002-04-02,98.16,99.34,97.81,99.19
2002-04-03,99.22,99.88,98.84,99.78
2002-04-04,99.75,100.34,99.62,99.94
2002-04-05,99.88,100.78,99.69,100.59
2002-04-08,100.72,100.88,100.03,100.22
2002-04-09,100.0,100.62,99.91,100.5
2002-04-10,100.5,100.75,100.0,100.25
2002-04-11,100.12,100.97,99.88,100.62
2002-04-12,100.56,101.16,100.22,100.97
2002-04-15,100.97,101.44,100.78,101.31
2002-04-16,101.28,101.28,100.22,100.91
2002-04-17,100.75,100.78,99.84,100.06
2002-04-18,99.97,101.19,99.59,100.28
2002-04-19,100.34,100.72,99.97,100.56
2002-04-22,100.53,100.78,100.31,100.75
2002-04-23,100.69,101.19,100.5,100.94
2002-04-24,100.94,101.78,100.81,101.75
2002-04-25,101.66,102.34,101.59,101.81
2002-04-26,101.66,102.31,101.5,102.22
2002-04-29,102.19,102.31,101.78,101.97
2002-04-30,101.84,102.44,101.72,102.31
2002-05-01,102.31,103.12,102.31,102.69
2002-05-02,102.72,102.81,102.06,102.16
2002-05-03,102.25,103.0,102.03,102.72
2002-05-06,102.78,102.81,102.47,102.62
2002-05-07,102.75,102.91,102.34,102.59
2002-05-08,102.62,102.62,101.0,101.12
2002-05-09,101.06,101.69,100.78,101.53
2002-05-10,101.69,102.19,101.12,102.06
2002-05-13,102.06,102.06,100.84,101.03
2002-05-14,100.97,101.12,99.84,100.12
2002-05-15,100.25,100.62,99.94,100.38
2002-05-16,100.47,101.0,100.31,100.88
2002-05-17,100.88,100.88,99.94,100.19
2002-05-20,100.19,100.88,100.12,100.81
2002-05-21,100.75,101.34,100.5,101.25
2002-05-22,101.28,101.91,101.12,101.81
2002-05-23,101.59,102.56,101.19,101.31
2002-05-24,101.28,101.84,101.19,101.53
2002-05-28,101.34,101.81,101.0,101.5
2002-05-29,101.5,102.16,101.38,102.03
2002-05-30,102.09,102.66,101.88,102.44
2002-05-31,102.56,102.88,101.78,102.28
2002-06-03,102.16,102.69,101.59,102.34
2002-06-04,102.53,103.09,102.31,102.5
2002-06-05,102.38,102.44,101.84,102.0
2002-06-06,102.03,102.75,101.66,102.53
2002-06-07,102.44,103.06,101.75,101.94
2002-06-10,101.94,102.53,101.78,102.38
2002-06-11,102.38,103.09,101.97,103.0
2002-06-12,103.06,103.53,102.81,103.38
2002-06-13,103.16,104.12,103.12,103.75
2002-06-14,103.88,105.31,103.88,105.06
2002-06-17,105.06,105.16,104.22,104.31
2002-06-18,104.47,105.0,104.19,104.41
2002-06-19,104.84,105.25,104.81,105.19
2002-06-20,104.38,104.5,103.28,103.31
2002-06-21,103.72,104.22,103.38,104.12
2002-06-24,104.06,104.66,103.09,103.25
2002-06-25,103.25,103.5,102.59,103.19
2002-06-26,104.12,105.5,103.81,104.22
2002-06-27,103.94,104.19,102.59,102.91
2002-06-28,102.72,103.31,102.44,102.78
2002-07-01,102.94,103.38,102.25,102.94
2002-07-02,103.34,103.97,103.06,103.72
2002-07-03,103.84,103.97,103.47,103.72
2002-07-05,103.56,103.59,102.59,102.66
2002-07-08,102.66,103.34,102.62,103.0
2002-07-09,103.12,104.09,102.72,103.81
2002-07-10,103.94,105.16,103.56,104.78
2002-07-11,104.84,105.94,104.66,105.09
2002-07-12,104.66,105.66,104.5,105.25
2002-07-15,105.44,105.75,104.5,104.84
2002-07-16,104.56,105.12,103.59,103.78
2002-07-17,103.94,104.31,103.22,104.22
2002-07-18,104.09,104.78,103.69,104.56
2002-07-19,104.56,105.59,104.53,105.16
2002-07-22,105.59,106.41,105.28,106.12
2002-07-23,106.25,106.56,105.44,106.22
2002-07-24,106.28,107.81,105.22,105.94
2002-07-25,105.5,106.47,105.31,106.19
2002-07-26,106.09,106.59,105.59,105.91
2002-07-29,105.69,105.88,104.28,104.59
2002-07-30,104.59,105.19,104.31,104.69
2002-07-31,104.59,106.22,104.53,105.94
2002-08-01,105.91,106.44,105.66,106.25
2002-08-02,106.38,107.88,106.31,107.72
2002-08-05,107.41,108.31,107.38,107.94
2002-08-06,108.16,108.28,106.72,106.84
2002-08-07,107.0,107.84,106.84,107.53
2002-08-08,107.38,107.47,106.72,107.03
2002-08-09,107.28,108.81,107.06,108.62
2002-08-12,108.75,109.72,108.5,109.31
2002-08-13,109.31,110.66,109.12,110.25
2002-08-14,110.66,112.38,110.47,111.19
2002-08-15,110.56,111.12,109.53,110.06
2002-08-16,110.0,110.44,108.41,108.56
2002-08-19,108.66,109.03,108.25,108.91
2002-08-20,109.0,110.28,108.84,110.06
2002-08-21,110.16,110.25,109.09,109.78
2002-08-22,109.56,109.69,108.62,108.84
2002-08-23,108.69,110.16,108.62,109.94
2002-08-26,109.75,110.28,109.38,110.12
2002-08-27,109.94,110.38,108.09,109.09
2002-08-28,109.16,110.06,109.16,109.88
2002-08-29,109.94,111.03,109.78,110.56
2002-08-30,110.56,111.06,110.47,110.88
2002-09-03,111.0,112.91,111.0,112.72
2002-09-04,112.81,113.38,112.47,112.94
2002-09-05,112.75,113.53,112.5,113.41
2002-09-06,113.09,113.19,111.72,111.81
2002-09-09,112.0,112.44,111.69,111.81
2002-09-10,111.72,112.66,111.19,112.41
2002-09-11,112.03,112.03,111.06,111.69
2002-09-12,111.66,112.78,111.66,112.72
2002-09-13,112.81,113.81,112.81,113.62
2002-09-16,113.12,114.09,113.12,113.94
2002-09-17,113.44,114.28,112.91,114.06
2002-09-18,114.0,114.56,113.88,113.94
2002-09-19,114.0,114.75,114.0,114.25
2002-09-20,113.41,113.53,112.34,113.06
2002-09-23,113.22,114.19,112.81,114.09
2002-09-24,113.97,114.97,113.81,114.5
2002-09-25,114.62,114.91,112.84,113.06
2002-09-26,113.12,113.34,112.12,113.0
2002-09-27,113.03,113.94,112.69,113.72
2002-09-30,114.03,114.97,113.81,114.25
2002-10-01,114.16,114.31,112.69,113.31
2002-10-02,113.06,113.75,112.91,113.53
2002-10-03,113.62,114.0,113.09,113.44
2002-10-04,113.41,114.25,112.25,113.62
2002-10-07,114.0,114.44,113.69,113.94
2002-10-08,113.94,115.12,113.62,113.84
2002-10-09,114.03,114.81,114.0,114.62
2002-10-10,114.66,114.91,113.44,113.75
2002-10-11,113.66,113.91,112.0,112.31
2002-10-15,112.09,112.34,109.62,110.16
2002-10-16,110.31,110.53,109.41,109.78
2002-10-17,109.47,109.47,108.06,108.78
2002-10-18,108.38,109.31,107.5,108.69
2002-10-21,108.88,109.22,107.78,108.06
2002-10-22,107.94,108.31,107.41,107.72
2002-10-23,107.56,108.72,107.5,107.62
2002-10-24,107.62,108.88,107.06,108.44
2002-10-25,108.81,109.16,108.41,109.0
2002-10-28,109.16,109.38,108.81,108.97
2002-10-29,108.91,111.03,108.91,110.56
2002-10-30,110.19,110.75,109.91,110.22
2002-10-31,110.25,111.06,109.91,110.66
2002-11-01,110.69,111.0,109.34,110.34
2002-11-04,109.97,110.09,109.34,109.69
2002-11-05,109.62,109.78,109.09,109.44
2002-11-06,109.56,110.72,108.62,109.91
2002-11-07,110.31,112.22,110.31,111.94
2002-11-08,111.88,113.19,111.88,112.97
2002-11-11,112.97,112.97,112.97,112.97
2002-11-12,113.38,113.75,112.69,112.84
2002-11-13,112.91,113.31,112.31,113.06
2002-11-14,113.12,113.25,110.75,111.22
2002-11-15,110.88,111.44,110.12,111.06
2002-11-18,111.25,111.91,110.66,111.53
2002-11-19,111.84,112.62,111.69,112.09
2002-11-20,112.12,112.72,110.78,111.03
2002-11-21,111.09,111.31,109.66,110.12
2002-11-22,110.03,110.44,109.72,109.88
2002-11-25,109.88,110.5,109.56,109.84
2002-11-26,109.84,111.12,109.84,110.91
2002-11-27,110.88,110.97,108.5,108.72
2002-11-29,108.75,109.34,108.66,109.19
2002-12-02,108.78,109.56,107.66,109.34
2002-12-03,109.06,109.88,108.97,109.19
2002-12-04,109.47,110.25,109.47,109.78
2002-12-05,110.09,110.69,109.09,110.47
2002-12-06,110.28,112.06,110.09,110.53
2002-12-09,110.53,111.41,110.28,111.12
2002-12-10,111.09,111.53,110.91,111.44
2002-12-11,111.5,112.34,111.41,112.22
2002-12-12,112.0,112.44,111.62,112.25
2002-12-13,112.12,112.44,111.12,111.38
2002-12-16,111.44,111.56,110.38,110.47
2002-12-17,110.72,111.0,110.19,110.53
2002-12-18,110.66,111.41,110.62,111.19
2002-12-19,111.09,111.97,111.0,111.91
2002-12-20,110.81,111.16,110.47,110.97
2002-12-23,110.94,111.28,110.28,110.84
2002-12-24,110.84,111.84,110.78,111.56
2002-12-26,111.56,111.81,111.34,111.72
2002-12-27,111.78,112.94,111.69,112.84
2002-12-30,112.81,113.25,112.41,113.12
2002-12-31,113.16,113.81,112.56,112.69
2003-01-02,112.53,112.91,109.97,110.16
2003-01-03,110.25,110.44,109.59,110.28
2003-01-06,110.22,110.31,109.34,110.03
2003-01-07,110.09,110.75,109.72,110.34
2003-01-08,110.56,111.22,110.47,111.03
2003-01-09,110.66,110.84,108.56,109.03
2003-01-10,109.0,109.88,108.59,109.03
2003-01-13,109.0,109.62,108.41,109.47
2003-01-14,109.56,110.09,109.19,109.88
2003-01-15,109.91,110.69,109.72,110.28
2003-01-16,110.38,110.56,109.03,110.41
2003-01-17,110.47,111.38,110.44,111.06
2003-01-21,111.19,111.59,110.69,111.38
2003-01-22,111.5,112.19,111.41,112.0
2003-01-23,111.97,111.97,111.31,111.56
2003-01-24,111.66,112.88,111.59,112.38
2003-01-27,112.12,112.69,111.41,111.78
2003-01-28,111.72,112.09,111.03,111.72
2003-01-29,111.81,112.19,110.81,111.06
2003-01-30,111.25,112.16,110.75,111.72
2003-01-31,111.91,112.47,111.44,112.19
2003-02-03,112.03,112.31,111.53,112.16
2003-02-04,112.19,112.84,112.06,112.78
2003-02-05,112.84,113.03,111.53,111.75
2003-02-06,111.88,112.81,111.75,112.66
2003-02-07,112.66,113.09,111.34,113.03
2003-02-10,112.78,113.0,111.97,112.25
2003-02-11,112.19,112.44,111.75,112.31
2003-02-12,112.22,112.75,112.03,112.69
2003-02-13,112.72,114.22,112.69,113.41
2003-02-14,113.47,113.56,112.06,112.34
2003-02-18,112.03,112.72,111.84,112.62
2003-02-19,112.75,113.59,112.75,113.47
2003-02-20,113.41,113.84,113.06,113.78
2003-02-21,113.59,113.84,112.94,113.12
2003-02-24,113.28,113.81,113.22,113.59
2003-02-25,113.75,114.62,113.75,114.06
2003-02-26,113.97,114.84,113.97,114.75
2003-02-27,114.84,115.12,114.25,115.0
2003-02-28,114.97,115.88,114.56,115.81
2003-03-03,115.62,116.16,115.34,115.88
2003-03-04,115.81,116.19,115.41,116.03
2003-03-05,116.25,116.38,115.56,116.25
2003-03-06,116.16,116.47,115.59,115.91
2003-03-07,115.72,116.69,115.47,116.25
2003-03-10,116.25,116.91,116.25,116.69
2003-03-11,116.75,117.0,116.53,116.56
2003-03-12,116.72,117.16,116.53,116.91
2003-03-13,116.88,116.88,114.91,115.12
2003-03-14,115.34,115.69,114.97,115.5
2003-03-17,115.94,116.28,113.91,114.19
2003-03-18,114.41,114.59,113.19,113.34
2003-03-19,113.22,113.25,112.38,112.72
2003-03-20,112.09,113.12,112.03,112.53
2003-03-21,111.0,111.03,109.47,109.69
2003-03-24,110.12,111.38,110.0,111.03
2003-03-25,111.09,111.72,110.44,111.06
2003-03-26,111.25,111.53,110.84,111.22
2003-03-27,111.31,112.0,111.09,111.34
2003-03-28,111.31,112.12,111.31,111.72
2003-03-31,112.03,113.06,112.03,112.75
2003-04-01,113.31,113.47,112.19,112.75
2003-04-02,112.81,112.81,111.47,111.56
2003-04-03,111.72,112.0,110.91,111.53
2003-04-04,111.62,111.72,110.62,111.25
2003-04-07,110.66,111.25,109.81,110.78
2003-04-08,111.22,111.94,110.66,111.84
2003-04-09,111.91,112.34,111.34,112.06
2003-04-10,112.25,112.31,111.53,111.72
2003-04-11,111.62,111.84,110.62,111.47
2003-04-14,111.34,111.62,110.88,111.16
2003-04-15,111.06,112.03,110.84,111.81
2003-04-16,111.44,112.25,111.25,112.16
2003-04-17,112.12,112.84,112.09,112.31
2003-04-21,112.28,112.31,111.38,112.09
2003-04-22,112.09,112.78,111.81,112.06
2003-04-23,112.12,112.44,111.84,112.12
2003-04-24,112.31,113.56,112.28,113.28
2003-04-25,113.25,113.72,112.91,113.41
2003-04-28,113.59,113.84,113.19,113.41
2003-04-29,113.22,113.41,112.62,113.09
2003-04-30,113.16,114.22,112.81,114.03
2003-05-01,114.16,114.84,113.84,114.03
2003-05-02,114.06,114.28,113.22,113.5
2003-05-05,113.41,114.03,113.16,113.91
2003-05-06,114.03,114.91,113.56,114.69
2003-05-07,114.81,116.06,114.78,115.88
2003-05-08,116.06,116.66,115.78,116.28
2003-05-09,116.12,116.47,115.72,116.28
2003-05-12,116.34,117.19,116.34,116.84
2003-05-13,116.72,117.34,116.56,117.09
2003-05-14,117.28,118.84,116.91,118.38
2003-05-15,118.34,119.16,118.09,118.41
2003-05-16,118.5,119.78,118.25,119.25
2003-05-19,119.75,120.31,118.75,119.03
2003-05-20,118.81,120.66,118.53,120.44
2003-05-21,120.47,121.5,119.75,120.41
2003-05-22,120.41,121.59,120.19,121.16
2003-05-23,121.44,121.88,121.16,121.28
2003-05-27,121.34,121.69,119.34,119.88
2003-05-28,119.56,119.72,118.62,119.53
2003-05-29,119.72,120.84,119.12,120.59
2003-05-30,120.72,120.97,119.5,120.5
2003-06-02,119.81,120.09,119.16,119.56
2003-06-03,119.59,121.09,119.59,120.69
2003-06-04,120.69,121.34,120.12,121.16
2003-06-05,120.88,121.88,120.22,120.47
2003-06-06,120.69,121.06,119.81,120.66
2003-06-09,120.78,121.53,120.78,121.41
2003-06-10,121.44,122.81,121.16,122.75
2003-06-11,122.84,123.47,122.34,122.72
2003-06-12,122.88,123.53,122.38,123.09
2003-06-13,123.12,124.19,123.12,124.0
2003-06-16,124.09,124.38,122.88,123.06
2003-06-17,123.19,123.38,121.84,121.97
2003-06-18,121.94,122.12,120.59,120.75
2003-06-19,120.47,121.06,119.88,120.81
2003-06-20,119.25,119.81,118.0,118.56
2003-06-23,118.94,119.62,118.53,119.53
2003-06-24,119.59,120.47,119.09,120.28
2003-06-25,120.22,120.97,118.34,118.84
2003-06-26,118.69,118.91,116.94,117.09
2003-06-27,117.12,117.75,116.25,116.66
2003-06-30,116.75,117.69,116.44,117.34
2003-07-01,117.75,118.03,116.81,117.09
2003-07-02,116.94,117.56,116.25,117.31
2003-07-03,117.41,117.44,115.75,115.94
2003-07-07,116.03,116.16,115.0,115.31
2003-07-08,115.12,115.72,114.59,115.06
2003-07-09,115.31,115.72,115.03,115.25
2003-07-10,115.59,115.97,115.03,115.44
2003-07-11,115.69,116.12,115.09,115.94
2003-07-14,116.12,116.25,114.62,114.69
2003-07-15,114.72,115.03,111.88,112.47
2003-07-16,111.88,112.81,111.09,112.44
2003-07-17,112.72,112.97,111.38,112.44
2003-07-18,112.69,112.69,111.78,112.31
2003-07-21,112.19,112.19,109.5,110.0
2003-07-22,109.84,110.66,109.38,110.41
2003-07-23,110.62,111.38,110.28,110.72
2003-07-24,110.72,111.12,109.5,109.88
2003-07-25,109.94,110.84,109.31,109.66
2003-07-28,109.5,109.53,108.12,108.31
2003-07-29,108.16,109.16,106.47,107.06
2003-07-30,106.75,108.41,106.72,108.0
2003-07-31,108.06,108.88,105.09,105.62
2003-08-01,106.19,106.31,104.19,105.97
2003-08-04,106.28,107.06,105.5,106.69
2003-08-05,107.09,107.25,105.03,105.28
2003-08-06,105.81,107.81,105.34,107.5
2003-08-07,107.62,108.25,106.75,107.84
2003-08-08,108.22,109.16,107.59,107.66
2003-08-11,107.91,107.97,106.56,106.91
2003-08-12,107.12,107.84,106.16,107.06
2003-08-13,106.31,106.38,104.28,104.53
2003-08-14,104.66,106.38,103.84,104.81
2003-08-15,105.38,105.94,104.97,105.09
2003-08-18,105.06,106.16,104.72,105.75
2003-08-19,105.97,107.59,105.38,107.34
2003-08-20,107.31,107.88,106.22,106.69
2003-08-21,106.69,107.16,105.75,106.28
2003-08-22,106.5,107.53,106.34,107.09
2003-08-25,106.88,107.59,105.44,106.22
2003-08-26,106.16,107.09,105.44,106.91
2003-08-27,106.88,107.22,106.0,106.28
2003-08-28,106.25,107.81,106.12,107.59
2003-08-29,107.72,107.78,106.94,107.41
2003-09-02,107.34,107.34,105.31,105.69
2003-09-03,105.75,106.25,105.47,105.66
2003-09-04,105.78,106.59,105.75,106.25
2003-09-05,106.38,108.47,106.25,108.12
2003-09-08,108.09,108.97,107.41,107.84
2003-09-09,107.53,108.25,107.06,108.06
2003-09-10,108.34,109.44,107.97,109.25
2003-09-11,109.22,109.47,108.22,108.47
2003-09-12,108.56,110.25,108.56,109.16
2003-09-15,109.19,109.62,108.59,109.28
2003-09-16,108.94,109.16,108.38,108.59
2003-09-17,108.97,110.44,108.97,110.09
2003-09-18,110.62,110.84,109.44,110.16
2003-09-19,110.81,110.91,110.28,110.72
2003-09-22,108.91,109.16,107.22,108.06
2003-09-23,108.25,108.91,107.47,108.69
2003-09-24,108.59,110.06,108.38,109.75
2003-09-25,109.72,110.53,109.41,110.28
2003-09-26,110.28,111.47,110.0,111.12
2003-09-29,111.16,111.38,110.28,110.34
2003-09-30,110.41,112.34,110.28,112.16
2003-10-01,112.16,112.25,111.53,112.06
2003-10-02,111.94,111.94,110.38,111.31
2003-10-03,111.31,111.34,108.62,108.88
2003-10-06,108.97,109.66,108.59,109.56
2003-10-07,109.31,109.59,108.09,108.34
2003-10-08,108.09,108.66,107.75,108.22
2003-10-09,108.31,108.44,106.88,107.47
2003-10-10,107.56,108.34,107.22,108.12
2003-10-13,108.12,108.12,108.12,108.12
2003-10-14,107.62,107.62,106.78,106.91
2003-10-15,106.97,107.12,105.88,106.38
2003-10-16,106.44,107.12,105.62,106.0
2003-10-17,106.0,106.94,105.78,106.84
2003-10-20,106.44,107.62,106.19,107.22
2003-10-21,107.03,107.91,107.0,107.31
2003-10-22,107.59,108.78,107.44,108.47
2003-10-23,108.75,109.31,107.47,108.0
2003-10-24,108.12,109.44,107.94,109.28
2003-10-27,109.0,109.22,108.41,108.78
2003-10-28,108.66,109.69,108.12,109.56
2003-10-29,109.59,109.59,108.19,108.56
2003-10-30,108.34,108.69,107.12,108.0
2003-10-31,107.97,108.97,107.88,108.72
2003-11-03,108.84,108.88,107.66,108.16
2003-11-04,108.34,109.03,108.06,108.84
2003-11-05,108.78,109.09,108.09,108.16
2003-11-06,108.09,108.38,107.09,107.34
2003-11-07,107.34,108.41,106.34,107.12
2003-11-10,107.09,107.62,106.72,106.97
2003-11-12,107.25,108.03,107.06,107.75
2003-11-13,107.84,109.69,107.72,109.53
2003-11-14,109.5,110.47,109.19,110.25
2003-11-17,110.5,111.25,110.28,110.66
2003-11-18,110.44,111.34,110.19,110.97
2003-11-19,111.12,111.38,109.81,110.06
2003-11-20,110.09,111.31,110.0,110.94
2003-11-21,110.97,111.62,110.84,111.12
2003-11-24,110.97,111.16,110.0,110.22
2003-11-25,110.09,111.12,109.75,110.78
2003-11-26,110.81,111.03,110.06,110.22
2003-11-28,110.12,110.22,109.03,109.28
2003-12-01,109.19,109.25,107.97,108.84
2003-12-02,108.81,109.22,108.28,109.0
2003-12-03,108.88,109.31,108.16,108.5
2003-12-04,108.53,109.19,108.31,109.03
2003-12-05,109.12,111.28,108.97,110.91
2003-12-08,110.75,110.91,109.88,110.0
2003-12-09,110.12,110.94,108.94,109.22
2003-12-10,109.22,109.94,109.22,109.56
2003-12-11,109.12,110.44,108.84,110.34
2003-12-12,110.34,111.03,110.31,110.44
2003-12-15,110.16,110.91,109.97,110.25
2003-12-16,110.44,110.91,110.28,110.72
2003-12-17,111.12,111.91,111.12,111.44
2003-12-18,111.81,112.47,111.31,112.28
2003-12-19,112.28,112.44,111.72,111.88
2003-12-22,111.09,111.34,110.25,110.53
2003-12-23,110.47,110.69,109.34,109.53
2003-12-24,109.62,110.53,109.53,110.28
2003-12-26,110.5,110.94,110.28,110.91
2003-12-29,110.81,110.91,109.62,109.84
2003-12-30,109.78,109.81,108.91,109.19
2003-12-31,109.34,109.5,109.12,109.31
2004-01-02,109.22,109.22,107.41,107.91
2004-01-05,107.97,108.09,107.25,107.88
2004-01-06,107.88,109.41,107.84,109.03
2004-01-07,109.06,109.72,108.59,109.41
2004-01-08,109.38,109.69,108.94,109.44
2004-01-09,109.25,111.47,109.09,111.28
2004-01-12,111.41,112.0,110.97,111.31
2004-01-13,111.22,112.16,110.94,111.81
2004-01-14,112.0,112.53,111.53,112.5
2004-01-15,112.25,112.91,112.09,112.84
2004-01-16,112.78,113.69,112.25,112.56
2004-01-20,112.28,112.59,112.0,112.06
2004-01-21,112.09,112.47,111.91,112.22
2004-01-22,112.34,113.22,112.22,113.06
2004-01-23,113.12,113.66,111.62,111.84
2004-01-26,111.75,112.22,110.94,111.06
2004-01-27,111.25,111.91,111.03,111.69
2004-01-28,111.84,112.44,109.97,110.41
2004-01-29,110.78,110.91,110.0,110.59
2004-01-30,110.75,111.5,110.59,111.34
2004-02-02,111.28,111.66,110.78,111.12
2004-02-03,111.09,111.78,111.09,111.62
2004-02-04,111.78,111.97,109.56,111.53
2004-02-05,111.56,111.91,110.78,111.06
2004-02-06,111.06,112.34,110.59,112.16
2004-02-09,112.22,112.56,112.06,112.38
2004-02-10,112.53,112.75,111.81,111.97
2004-02-11,111.91,113.38,111.59,112.94
2004-02-12,112.84,113.09,112.16,112.34
2004-02-13,112.44,113.28,112.38,112.69
2004-02-17,112.69,113.09,112.44,112.75
2004-02-18,112.88,113.44,112.72,112.81
2004-02-19,112.88,113.12,112.41,112.91
2004-02-20,113.06,113.09,112.06,112.25
2004-02-23,112.16,113.09,111.97,112.84
2004-02-24,113.06,113.69,112.88,113.12
2004-02-25,113.16,113.56,113.12,113.22
2004-02-26,113.34,113.44,112.53,112.84
2004-02-27,112.97,114.06,112.91,113.88
2004-03-01,114.06,114.62,113.62,113.81
2004-03-02,113.94,114.06,112.78,113.16
2004-03-03,113.0,113.12,112.38,113.0
2004-03-04,113.06,113.59,112.66,113.41
2004-03-05,113.34,116.31,113.28,115.69
2004-03-08,115.44,116.38,115.41,116.22
2004-03-09,116.31,117.03,116.03,116.84
2004-03-10,116.81,117.09,116.5,116.72
2004-03-11,116.75,117.38,116.09,116.62
2004-03-12,117.09,117.12,116.28,116.41
2004-03-15,116.5,116.88,116.28,116.41
2004-03-16,116.66,117.47,116.06,117.41
2004-03-17,117.66,117.81,117.09,117.44
2004-03-18,117.12,117.31,116.47,116.78
2004-03-19,116.72,116.75,116.25,116.38
2004-03-22,116.62,117.03,116.62,116.97
2004-03-23,115.81,116.09,115.44,115.81
2004-03-24,116.06,116.38,115.69,115.84
2004-03-25,115.84,115.97,115.31,115.44
2004-03-26,115.34,115.53,114.0,114.12
2004-03-29,114.0,114.19,113.19,113.53
2004-03-30,113.56,113.91,113.34,113.38
2004-03-31,113.41,114.16,113.38,114.06
2004-04-01,114.03,114.38,113.12,113.47
2004-04-02,113.62,113.69,108.5,110.94
2004-04-05,110.78,110.88,109.84,109.97
2004-04-06,110.03,110.69,110.03,110.41
2004-04-07,110.66,110.97,110.28,110.41
2004-04-08,110.41,110.62,109.91,110.12
2004-04-12,110.09,110.09,109.47,109.75
2004-04-13,109.75,109.78,108.28,108.53
2004-04-14,108.34,108.69,107.03,108.09
2004-04-15,108.28,108.66,107.62,107.78
2004-04-16,107.78,108.72,107.72,108.25
2004-04-19,108.28,108.69,107.81,108.03
2004-04-20,107.88,108.12,107.0,107.62
2004-04-21,107.16,107.94,106.94,107.69
2004-04-22,107.72,108.38,107.5,108.31
2004-04-23,108.19,108.53,107.0,107.47
2004-04-26,107.41,107.94,107.28,107.84
2004-04-27,107.75,108.31,107.59,108.12
2004-04-28,108.25,108.31,107.0,107.34
2004-04-29,107.06,107.88,106.28,106.59
2004-04-30,106.5,107.31,106.09,107.09
2004-05-03,107.03,107.5,106.69,107.19
2004-05-04,107.22,107.88,106.34,106.66
2004-05-05,106.47,107.22,106.03,106.38
2004-05-06,106.16,106.47,105.75,105.97
2004-05-07,106.0,106.62,104.22,104.5
2004-05-10,104.53,104.84,104.12,104.38
2004-05-11,104.22,104.78,104.12,104.56
2004-05-12,104.72,104.84,104.0,104.22
2004-05-13,104.06,104.16,103.5,103.62
2004-05-14,103.62,104.69,103.06,104.38
2004-05-17,104.53,105.59,104.5,105.41
2004-05-18,105.47,105.53,104.84,105.16
2004-05-19,105.16,105.19,104.31,104.47
2004-05-20,104.75,105.59,104.59,105.41
2004-05-21,105.5,105.91,104.91,105.0
2004-05-24,104.94,105.53,104.66,105.38
2004-05-25,105.44,105.84,105.31,105.66
2004-05-26,105.69,106.34,105.66,106.16
2004-05-27,106.28,107.16,106.0,107.16
2004-05-28,107.03,107.12,106.31,106.56
2004-06-01,106.41,106.47,105.34,105.84
2004-06-02,105.88,105.97,105.44,105.59
2004-06-03,105.5,105.91,105.19,105.78
2004-06-04,105.69,106.44,105.09,105.16
2004-06-07,105.09,105.31,104.84,105.25
2004-06-08,105.25,105.44,105.34,105.34
2004-06-09,105.41,105.41,104.88,104.91
2004-06-10,105.0,105.28,104.72,105.25
2004-06-11,104.94,104.97,104.81,105.25
2004-06-14,104.72,105.0,104.22,104.31
2004-06-15,104.31,106.72,104.31,106.56
2004-06-16,106.59,106.59,105.91,106.03
2004-06-17,106.06,106.84,105.84,106.69
2004-06-18,106.78,107.12,106.41,106.47
2004-06-21,106.41,106.81,106.38,106.69
2004-06-22,105.31,105.44,104.91,105.09
2004-06-23,104.94,105.44,104.75,105.25
2004-06-24,105.28,106.34,105.22,105.97
2004-06-25,105.94,106.22,105.62,105.97
2004-06-28,106.0,106.16,104.69,104.88
2004-06-29,104.94,105.56,104.66,105.44
2004-06-30,105.5,106.81,105.31,106.38
2004-07-01,106.69,106.94,106.12,106.81
2004-07-02,106.78,108.94,106.59,108.03
2004-07-06,108.03,108.38,107.72,107.81
2004-07-07,107.84,108.03,107.62,107.84
2004-07-08,107.81,108.22,107.5,107.88
2004-07-09,107.88,108.06,107.62,107.97
2004-07-12,108.03,108.38,108.0,108.19
2004-07-13,108.16,108.22,107.44,107.78
2004-07-14,107.94,108.44,107.62,107.81
2004-07-15,107.84,108.22,107.62,107.88
2004-07-16,107.97,109.41,107.78,109.34
2004-07-19,109.34,109.47,109.09,109.34
2004-07-20,109.41,109.44,108.22,108.34
2004-07-21,108.38,108.38,107.59,107.97
2004-07-22,108.12,108.53,107.84,108.22
2004-07-23,108.31,108.69,108.19,108.62
2004-07-26,108.59,108.69,107.94,108.19
2004-07-27,108.03,108.09,106.53,106.72
2004-07-28,106.5,106.88,106.16,106.81
2004-07-29,106.72,107.09,106.25,106.97
2004-07-30,106.94,108.31,106.81,108.22
2004-08-02,108.5,108.31,108.28,108.38
2004-08-03,108.41,108.97,108.09,108.78
2004-08-04,108.72,109.19,108.44,108.72
2004-08-05,108.78,109.25,108.66,109.0
2004-08-06,109.03,112.0,109.03,110.84
2004-08-09,110.88,111.06,110.47,110.69
2004-08-10,110.53,111.12,110.16,110.38
2004-08-11,110.34,110.72,110.06,110.56
2004-08-12,110.53,110.88,110.19,110.75
2004-08-13,110.69,111.53,110.69,111.34
2004-08-16,111.19,111.28,110.34,110.75
2004-08-17,110.75,111.47,110.53,111.31
2004-08-18,111.44,111.81,110.84,111.06
2004-08-19,110.94,111.31,110.72,111.19
2004-08-20,111.19,111.38,110.81,111.09
2004-08-23,111.12,111.19,110.28,110.5
2004-08-24,110.38,110.62,110.06,110.5
2004-08-25,110.59,111.16,110.25,110.81
2004-08-26,110.81,111.44,110.72,111.25
2004-08-27,111.38,111.72,111.19,111.34
2004-08-30,111.28,111.94,111.25,111.81
2004-08-31,111.84,112.91,111.75,112.53
2004-09-01,112.62,113.09,112.16,112.62
2004-09-02,112.62,112.78,111.59,111.88
2004-09-03,111.69,112.88,110.62,110.81
2004-09-07,110.81,111.53,110.78,111.47
2004-09-08,111.47,112.56,110.91,112.44
2004-09-09,112.38,112.78,111.94,112.03
2004-09-10,112.03,112.94,112.03,112.31
2004-09-13,112.31,112.72,112.12,112.62
2004-09-14,112.69,112.94,112.28,112.84
2004-09-15,112.88,112.88,112.31,112.41
2004-09-16,112.44,113.84,112.31,113.66
2004-09-17,113.69,113.94,113.0,113.06
2004-09-20,113.25,113.94,113.22,113.84
2004-09-21,113.84,113.84,113.5,113.75
2004-09-22,113.0,114.03,112.75,113.81
2004-09-23,113.78,114.06,113.31,113.41
2004-09-24,113.5,113.78,113.06,113.44
2004-09-27,113.41,114.06,113.22,113.81
2004-09-28,113.84,114.09,113.22,113.5
2004-09-29,113.59,113.66,112.47,112.62
2004-09-30,112.59,113.0,111.53,112.22
2004-10-01,112.16,112.16,111.22,111.47
2004-10-04,111.5,111.78,110.91,111.69
2004-10-05,111.69,111.97,111.5,111.72
2004-10-06,111.66,111.69,110.97,111.16
2004-10-07,111.12,111.31,110.66,110.84
2004-10-08,110.78,112.34,110.69,112.16
2004-10-11,112.16,112.16,112.16,112.16
2004-10-12,112.09,112.72,112.06,112.47
2004-10-13,112.41,112.97,112.03,112.72
2004-10-14,112.91,113.5,112.72,113.41
2004-10-15,113.41,114.25,112.41,113.0
2004-10-18,112.94,113.25,112.69,113.09
2004-10-19,113.12,113.5,112.53,113.38
2004-10-20,113.47,114.16,113.44,113.97
2004-10-21,114.06,114.53,113.81,114.03
2004-10-22,114.03,114.41,113.62,114.19
2004-10-25,114.41,114.78,114.28,114.34
2004-10-26,114.31,114.56,114.03,114.19
2004-10-27,114.06,114.56,112.91,113.06
2004-10-28,113.0,113.56,112.44,113.16
2004-10-29,113.47,113.94,113.09,113.84
2004-11-01,113.88,113.88,113.03,113.12
2004-11-02,113.25,113.66,112.94,113.25
2004-11-03,113.62,113.66,111.75,113.44
2004-11-04,113.31,113.94,113.19,113.59
2004-11-05,113.53,113.66,111.0,112.25
2004-11-08,112.28,112.31,111.84,111.97
2004-11-09,111.94,112.25,111.81,111.97
2004-11-10,111.88,112.0,111.25,111.53
2004-11-11,111.53,111.53,111.53,111.53
2004-11-12,111.69,112.78,111.56,112.38
2004-11-15,112.53,112.62,112.22,112.56
2004-11-16,112.59,112.81,112.19,112.47
2004-11-17,112.47,113.44,112.0,113.28
2004-11-18,113.34,113.78,113.03,113.66
2004-11-19,113.62,113.94,112.5,112.72
2004-11-22,112.62,113.38,112.53,113.31
2004-11-23,113.22,113.78,112.88,113.25
2004-11-24,113.19,113.5,113.12,113.19
2004-11-26,113.25,113.38,112.22,112.66
2004-11-29,112.59,112.75,111.31,111.47
2004-11-30,111.66,111.66,110.75,111.09
2004-12-01,111.09,111.47,110.75,110.97
2004-12-02,111.06,111.19,110.47,110.62
2004-12-03,110.47,112.59,110.34,112.09
2004-12-06,112.19,112.72,112.12,112.47
2004-12-07,112.66,112.78,112.25,112.66
2004-12-08,112.69,114.16,112.44,114.03
2004-12-09,114.09,114.25,113.38,113.56
2004-12-10,113.41,113.94,113.38,113.66
2004-12-13,113.56,114.19,113.56,113.78
2004-12-14,113.84,114.25,113.44,114.12
2004-12-15,114.16,115.0,114.16,114.88
2004-12-16,114.88,114.91,113.44,113.53
2004-12-17,113.66,113.75,112.78,113.34
2004-12-20,113.12,113.78,113.12,113.75
2004-12-21,112.59,112.94,112.44,112.88
2004-12-22,112.91,112.91,112.31,112.47
2004-12-23,112.53,112.59,112.03,112.28
2004-12-27,112.34,112.38,111.0,111.31
2004-12-28,111.31,111.44,110.81,111.38
2004-12-29,111.38,111.53,110.94,111.06
2004-12-30,110.97,112.0,110.91,111.75
2004-12-31,111.84,112.62,111.75,112.5
2005-01-03,112.5,112.75,111.88,112.53
2005-01-04,112.53,112.88,111.38,111.78
2005-01-05,111.66,112.34,111.56,112.06
2005-01-06,112.03,112.38,111.81,112.09
2005-01-07,112.19,113.88,111.0,112.09
2005-01-10,112.28,112.47,112.0,112.34
2005-01-11,112.44,113.0,112.19,112.88
2005-01-12,112.88,113.19,112.44,113.0
2005-01-13,113.06,114.0,112.91,113.66
2005-01-14,113.91,114.16,113.19,113.44
2005-01-18,113.53,114.0,113.19,113.91
2005-01-19,113.94,114.53,113.56,113.97
2005-01-20,114.09,114.34,113.5,114.16
2005-01-21,114.12,114.41,113.81,114.38
2005-01-24,114.28,114.81,114.28,114.72
2005-01-25,114.75,114.88,113.62,113.94
2005-01-26,113.88,114.22,113.56,113.94
2005-01-27,113.91,113.97,113.38,113.88
2005-01-28,113.66,114.84,113.59,114.66
2005-01-31,114.53,114.94,114.41,114.84
2005-02-01,114.84,115.12,114.56,114.81
2005-02-02,114.72,115.03,114.56,114.88
2005-02-03,114.84,114.91,114.34,114.81
2005-02-04,114.75,116.22,114.72,115.91
2005-02-07,115.84,116.56,115.75,116.47
2005-02-08,116.47,117.19,116.22,116.75
2005-02-09,116.94,117.38,116.31,117.22
2005-02-10,117.16,117.22,115.84,116.03
2005-02-11,115.94,116.16,115.5,115.81
2005-02-14,115.88,116.38,115.66,116.22
2005-02-15,116.22,116.25,115.66,115.84
2005-02-16,115.78,115.84,114.88,115.25
2005-02-17,115.25,115.34,114.59,114.78
2005-02-18,114.78,114.78,113.59,113.94
2005-02-22,113.88,114.0,113.5,113.66
2005-02-23,113.66,114.44,113.5,113.84
2005-02-24,113.88,114.44,113.62,113.75
2005-02-25,113.62,114.19,113.62,113.97
2005-02-28,113.94,114.22,112.78,113.09
2005-03-01,112.88,113.16,112.66,112.91
2005-03-02,112.97,113.0,112.47,112.75
2005-03-03,112.75,113.0,112.62,112.69
2005-03-04,112.66,113.88,112.22,113.69
2005-03-07,113.62,114.16,113.62,114.03
2005-03-08,113.91,114.0,112.94,113.19
2005-03-09,113.03,113.16,111.47,111.62
2005-03-10,111.47,112.28,111.0,112.16
2005-03-11,111.97,112.06,111.31,111.41
2005-03-14,111.31,111.69,111.03,111.59
2005-03-15,111.69,112.09,111.16,111.31
2005-03-16,111.28,112.19,111.09,111.56
2005-03-17,111.78,112.38,111.72,111.91
2005-03-18,111.84,111.91,111.47,111.53
2005-03-21,111.53,111.53,111.25,111.41
2005-03-22,110.56,111.34,109.44,109.75
2005-03-23,109.5,110.16,109.0,109.94
2005-03-24,110.09,110.44,109.97,110.16
2005-03-28,110.12,110.16,109.69,109.84
2005-03-29,109.75,110.34,109.66,110.19
2005-03-30,110.25,110.81,110.09,110.69
2005-03-31,110.75,111.5,110.62,111.38
2005-04-01,111.41,112.59,110.78,111.78
2005-04-04,111.75,112.22,111.5,111.78
2005-04-05,111.75,111.91,111.41,111.59
2005-04-06,111.59,112.0,111.53,111.78
2005-04-07,111.88,112.22,111.12,111.34
2005-04-08,111.31,111.56,110.88,111.34
2005-04-11,111.5,112.19,111.41,111.84
2005-04-12,111.97,112.97,111.59,112.78
2005-04-13,112.78,113.12,112.31,112.59
2005-04-14,112.62,112.94,112.38,112.53
2005-04-15,112.91,113.97,112.81,113.56
2005-04-18,113.84,114.34,113.56,113.88
2005-04-19,113.56,114.62,113.41,114.38
2005-04-20,114.31,114.53,113.38,114.28
2005-04-21,114.5,114.53,113.28,113.44
2005-04-22,113.5,114.12,113.47,114.0
2005-04-25,113.97,114.31,113.91,114.19
2005-04-26,114.19,114.56,113.69,114.06
2005-04-27,113.97,114.69,113.75,114.34
2005-04-28,114.38,115.38,114.31,115.03
2005-04-29,115.22,115.53,114.69,114.84
2005-05-02,114.84,115.12,114.44,114.88
2005-05-03,114.91,115.44,114.62,114.84
2005-05-04,115.22,115.41,113.44,114.66
2005-05-05,114.66,115.12,114.28,114.91
2005-05-06,114.88,114.97,113.69,114.0
2005-05-09,114.06,114.09,113.81,114.03
2005-05-10,114.0,114.78,113.97,114.62
2005-05-11,114.69,115.47,114.53,114.91
2005-05-12,114.91,115.31,114.38,115.16
2005-05-13,115.25,115.88,115.03,115.66
2005-05-16,115.59,115.91,115.41,115.62
2005-05-17,115.5,116.0,115.19,115.75
2005-05-18,115.72,116.59,115.66,116.31
2005-05-19,116.19,116.44,115.88,115.97
2005-05-20,115.94,116.06,115.78,115.97
2005-05-23,115.97,116.91,115.72,116.69
2005-05-24,116.75,117.25,116.59,116.94
2005-05-25,117.03,117.28,116.19,116.44
2005-05-26,116.25,116.69,116.12,116.41
2005-05-27,116.38,116.53,116.22,116.44
2005-05-31,116.47,117.75,116.41,117.47
2005-06-01,117.62,118.81,117.56,118.41
2005-06-02,118.62,118.84,118.31,118.75
2005-06-03,118.66,119.94,117.69,117.81
2005-06-06,117.84,118.34,117.75,118.06
2005-06-07,118.19,118.81,118.06,118.69
2005-06-08,118.84,118.84,118.25,118.28
2005-06-09,118.41,118.41,117.62,118.03
2005-06-10,118.12,118.12,117.06,117.12
2005-06-13,117.19,117.22,116.44,116.62
2005-06-14,116.59,116.97,115.97,116.06
2005-06-15,116.25,116.38,115.81,116.22
2005-06-16,116.41,116.91,116.06,116.78
2005-06-17,116.75,116.94,116.44,116.78
2005-06-20,116.94,116.94,116.0,116.5
2005-06-21,116.38,117.25,116.31,117.22
2005-06-22,117.38,118.59,117.22,118.44
2005-06-23,118.47,118.5,117.94,118.34
2005-06-24,118.34,118.97,118.31,118.94
2005-06-27,118.84,119.34,118.78,119.25
2005-06-28,119.19,119.22,118.34,118.5
2005-06-29,118.44,119.03,117.94,118.16
2005-06-30,118.25,119.19,117.97,118.75
2005-07-01,119.12,119.12,117.5,117.62
2005-07-05,117.53,117.62,116.75,116.81
2005-07-06,116.81,117.34,116.81,117.25
2005-07-07,117.28,118.94,117.19,117.59
2005-07-08,117.34,117.94,116.75,116.84
2005-07-11,117.06,117.22,116.41,117.12
2005-07-12,117.12,117.31,116.53,116.62
2005-07-13,116.62,116.66,116.25,116.41
2005-07-14,116.38,116.81,116.0,116.22
2005-07-15,116.22,116.53,115.91,116.41
2005-07-18,116.47,116.62,115.44,115.69
2005-07-19,115.72,116.25,115.34,116.03
2005-07-20,116.06,116.66,115.44,116.5
2005-07-21,116.44,116.69,114.91,115.16
2005-07-22,115.16,115.97,114.97,115.84
2005-07-25,115.84,116.09,115.47,115.59
2005-07-26,115.53,115.81,115.47,115.66
2005-07-27,115.81,115.97,115.28,115.44
2005-07-28,115.5,116.47,115.41,116.34
2005-07-29,116.31,116.41,115.03,115.31
2005-08-01,115.38,115.41,114.44,114.97
2005-08-02,115.03,115.09,114.56,114.66
2005-08-03,114.62,115.25,114.59,115.16
2005-08-04,115.16,115.38,114.75,114.91
2005-08-05,114.94,115.19,114.03,114.19
2005-08-08,114.19,114.28,113.84,113.94
2005-08-09,113.91,114.31,113.75,114.25
2005-08-10,114.25,114.59,114.0,114.22
2005-08-11,114.22,115.06,114.03,114.91
2005-08-12,115.0,116.0,114.88,115.97
2005-08-15,115.84,115.97,115.44,115.66
2005-08-16,115.5,116.5,115.47,116.16
2005-08-17,116.28,116.38,115.5,115.59
2005-08-18,115.59,116.41,115.59,116.25
2005-08-19,116.31,116.41,115.88,116.25
2005-08-22,116.31,116.38,115.69,116.25
2005-08-23,116.22,116.75,116.0,116.53
2005-08-24,116.59,116.97,116.34,116.59
2005-08-25,116.62,117.09,116.5,117.0
2005-08-26,117.0,117.28,116.53,116.69
2005-08-29,117.09,117.31,116.78,116.91
2005-08-30,116.94,117.75,116.72,117.69
2005-08-31,117.59,118.53,117.44,118.38
2005-09-01,118.41,118.66,117.91,118.25
2005-09-02,117.94,118.53,117.66,118.09
2005-09-06,118.06,118.06,117.34,117.5
2005-09-07,117.34,117.5,116.31,116.66
2005-09-08,116.66,117.09,116.53,116.66
2005-09-09,116.62,117.22,116.62,116.91
2005-09-12,116.84,116.91,116.03,116.34
2005-09-13,116.38,117.0,116.12,116.69
2005-09-14,116.78,116.97,116.28,116.31
2005-09-15,116.38,117.22,115.38,115.66
2005-09-16,115.66,115.78,114.84,115.16
2005-09-19,115.06,115.38,115.0,115.25
2005-09-20,115.28,115.66,114.62,115.47
2005-09-21,115.56,116.28,115.56,116.16
2005-09-22,115.97,116.31,115.62,115.88
2005-09-23,115.81,115.88,114.97,115.16
2005-09-26,114.91,115.06,114.47,114.66
2005-09-27,114.62,115.0,114.28,114.56
2005-09-28,114.81,115.34,114.31,115.16
2005-09-29,115.16,115.41,114.56,114.78
2005-09-30,114.69,114.97,114.22,114.41
2005-10-03,114.34,114.69,113.56,113.75
2005-10-04,113.78,114.16,113.56,113.94
2005-10-05,113.97,114.5,113.91,114.19
2005-10-06,114.34,114.5,113.78,114.12
2005-10-07,113.91,114.38,113.22,114.25
2005-10-11,114.28,114.5,113.75,114.0
2005-10-12,113.84,113.94,113.06,113.22
2005-10-13,113.19,113.22,112.44,112.72
2005-10-14,112.78,113.31,112.16,112.62
2005-10-17,112.66,112.94,112.44,112.59
2005-10-18,112.53,112.91,112.31,112.69
2005-10-19,112.78,113.28,112.75,112.81
2005-10-20,112.75,113.16,112.38,112.91
2005-10-21,113.06,113.91,112.94,113.72
2005-10-24,113.75,113.84,112.81,113.09
2005-10-25,113.06,113.38,112.12,112.44
2005-10-26,112.19,112.31,111.31,111.47
2005-10-27,111.44,112.0,111.44,111.81
2005-10-28,111.88,112.12,111.34,111.81
2005-10-31,111.69,112.25,111.53,111.97
2005-11-01,111.97,112.34,111.62,111.78
2005-11-02,111.84,111.97,111.22,111.38
2005-11-03,111.41,111.66,110.66,110.78
2005-11-04,110.75,111.28,110.38,110.66
2005-11-07,110.59,111.09,110.53,110.91
2005-11-08,110.97,111.91,110.97,111.75
2005-11-09,111.78,111.91,110.78,111.0
2005-11-10,110.84,112.0,110.84,111.94
2005-11-14,111.97,112.16,111.03,111.31
2005-11-15,111.25,112.09,111.12,111.94
2005-11-16,111.88,112.94,111.72,112.72
2005-11-17,112.84,113.31,112.41,113.0
2005-11-18,112.91,113.09,112.41,112.47
2005-11-21,112.53,113.06,112.44,112.81
2005-11-22,112.81,113.06,112.59,112.97
2005-11-23,113.0,113.06,112.28,112.34
2005-11-25,112.56,112.97,112.53,112.91
2005-11-28,112.97,113.56,112.47,113.34
2005-11-29,113.34,113.59,112.34,112.44
2005-11-30,112.5,112.75,112.06,112.28
2005-12-01,112.41,112.69,111.75,112.06
2005-12-02,112.12,112.31,111.72,112.16
2005-12-05,112.22,112.22,111.47,111.72
2005-12-06,111.69,112.78,111.69,112.56
2005-12-07,112.56,112.66,112.09,112.28
2005-12-08,112.25,113.0,112.25,112.91
2005-12-09,112.03,112.75,111.94,112.12
2005-12-12,112.25,112.44,111.75,112.03
2005-12-13,112.03,112.38,111.94,112.12
2005-12-14,112.41,113.41,112.41,113.12
2005-12-15,113.09,113.38,112.47,112.94
2005-12-16,113.03,113.53,113.03,113.28
2005-12-19,113.28,113.59,113.03,113.34
2005-12-20,113.34,113.34,112.97,113.25
2005-12-21,112.91,113.06,112.47,112.72
2005-12-22,112.66,113.53,112.59,113.41
2005-12-23,113.5,114.28,113.28,114.19
2005-12-27,114.28,114.78,113.88,114.69
2005-12-28,114.47,114.78,114.28,114.31
2005-12-29,114.41,114.62,114.16,114.44
2005-12-30,114.59,115.0,114.16,114.19
2006-01-03,114.22,114.78,113.78,114.38
2006-01-04,114.44,114.72,113.97,114.47
2006-01-05,114.59,114.72,114.19,114.44
2006-01-06,114.44,114.88,114.0,114.12
2006-01-09,114.12,114.38,113.94,114.12
2006-01-10,114.22,114.31,113.41,113.53
2006-01-11,113.47,113.69,113.09,113.22
2006-01-12,113.28,113.97,113.25,113.84
2006-01-13,113.88,114.75,113.56,114.69
2006-01-17,114.56,114.94,114.34,114.88
2006-01-18,114.91,115.41,114.44,114.75
2006-01-19,114.81,114.84,114.25,114.41
2006-01-20,114.44,114.81,114.34,114.62
2006-01-23,114.72,114.84,114.03,114.66
2006-01-24,114.62,114.69,114.06,114.28
2006-01-25,114.28,114.31,113.03,113.19
2006-01-26,113.19,113.34,112.47,112.66
2006-01-27,112.69,113.16,112.34,112.91
2006-01-30,112.75,112.78,112.31,112.66
2006-01-31,112.66,113.0,112.44,112.84
2006-02-01,112.97,113.06,112.38,112.59
2006-02-02,112.59,112.94,112.38,112.69
2006-02-03,112.69,113.44,112.12,113.28
2006-02-06,113.28,113.47,113.06,113.31
2006-02-07,113.22,113.56,112.75,112.88
2006-02-08,112.88,113.06,112.47,112.53
2006-02-09,112.59,113.06,112.16,112.84
2006-02-10,112.78,113.47,112.25,112.5
2006-02-13,112.44,112.66,112.19,112.41
2006-02-14,112.41,112.47,111.81,112.06
2006-02-15,112.12,112.56,111.91,112.19
2006-02-16,112.19,112.38,111.97,112.31
2006-02-17,112.31,113.16,112.28,113.06
2006-02-21,113.12,113.16,112.78,112.88
2006-02-22,112.81,113.38,112.53,113.25
2006-02-23,113.28,113.41,112.69,112.88
2006-02-24,113.0,113.31,112.62,112.84
2006-02-27,112.72,113.03,112.31,112.5
2006-02-28,112.44,113.16,112.44,113.09
2006-03-01,113.03,113.09,112.38,112.56
2006-03-02,112.56,112.62,111.56,111.94
2006-03-03,111.84,112.0,111.28,111.38
2006-03-06,111.31,111.41,110.53,110.75
2006-03-07,110.56,110.88,110.03,110.75
2006-03-08,110.84,111.03,110.53,110.69
2006-03-09,110.75,110.81,110.41,110.75
2006-03-10,110.69,110.94,110.12,110.53
2006-03-13,110.41,110.44,110.16,110.34
2006-03-14,110.41,111.22,110.41,111.12
2006-03-15,110.97,111.09,110.47,110.66
2006-03-16,110.62,111.62,110.44,111.47
2006-03-17,111.34,111.5,111.09,111.16
2006-03-20,111.12,111.59,111.12,111.38
2006-03-21,111.16,111.47,110.69,110.78
2006-03-22,110.72,111.16,110.72,110.91
2006-03-23,110.88,111.12,110.44,110.56
2006-03-24,110.53,111.53,110.44,111.25
2006-03-27,111.28,111.38,110.72,110.94
2006-03-28,110.91,110.97,109.84,110.09
2006-03-29,110.06,110.16,109.53,109.69
2006-03-30,109.69,109.88,108.81,109.19
2006-03-31,109.09,109.44,108.88,109.16
2006-04-03,109.22,109.31,108.62,109.03
2006-04-04,109.09,109.44,108.91,108.97
2006-04-05,109.03,109.38,109.0,109.25
2006-04-06,109.16,109.19,108.38,108.62
2006-04-07,108.47,108.84,107.62,107.88
2006-04-10,107.62,108.0,107.53,107.88
2006-04-11,107.94,108.38,107.94,108.19
2006-04-12,108.22,108.56,107.59,107.72
2006-04-13,107.62,107.78,106.94,107.09
2006-04-17,107.06,107.62,106.94,107.41
2006-04-18,107.38,107.94,107.31,107.66
2006-04-19,107.56,107.94,106.72,107.03
2006-04-20,107.09,107.22,106.84,107.03
2006-04-21,106.97,107.53,106.94,107.41
2006-04-24,107.41,108.09,107.31,107.78
2006-04-25,107.81,107.97,106.69,106.88
2006-04-26,106.88,106.94,106.31,106.59
2006-04-27,106.53,107.12,106.16,106.69
2006-04-28,106.78,106.97,106.38,106.84
2006-05-01,106.88,107.12,106.06,106.22
2006-05-02,106.19,106.56,105.97,106.44
2006-05-03,106.38,106.53,105.84,106.03
2006-05-04,106.09,106.34,105.78,106.06
2006-05-05,106.0,106.94,105.97,106.5
2006-05-08,106.59,106.72,106.38,106.53
2006-05-09,106.56,106.62,106.19,106.5
2006-05-10,106.47,107.0,106.09,106.56
2006-05-11,106.53,106.69,105.88,106.19
2006-05-12,106.16,106.16,105.38,105.56
2006-05-15,105.34,106.19,105.34,105.88
2006-05-16,105.81,106.5,105.75,106.41
2006-05-17,106.5,106.53,105.5,105.88
2006-05-18,105.94,107.06,105.75,106.84
2006-05-19,106.94,107.53,106.66,107.16
2006-05-22,107.12,107.81,107.12,107.22
2006-05-23,107.22,107.44,106.75,107.03
2006-05-24,107.44,107.88,107.09,107.25
2006-05-25,107.19,107.41,106.78,106.88
2006-05-26,106.88,107.19,106.56,107.03
2006-05-30,107.0,107.16,106.62,106.72
2006-05-31,106.72,107.0,106.12,106.41
2006-06-01,106.31,106.75,106.03,106.47
2006-06-02,106.53,107.78,106.47,107.69
2006-06-05,107.62,107.78,107.34,107.5
2006-06-06,107.53,107.94,107.28,107.78
2006-06-07,107.81,107.88,107.31,107.59
2006-06-08,107.72,108.44,107.72,107.94
2006-06-09,107.91,108.28,107.75,108.12
2006-06-12,108.16,108.25,107.94,108.09
2006-06-13,108.16,108.47,108.03,108.34
2006-06-14,108.28,108.31,107.34,107.5
2006-06-15,107.44,107.44,106.97,107.03
2006-06-16,106.97,107.31,106.59,106.69
2006-06-19,106.69,106.72,106.41,106.5
2006-06-20,106.62,106.62,106.28,106.44
2006-06-21,106.5,106.69,106.41,106.53
2006-06-22,106.38,106.47,105.81,105.97
2006-06-23,105.84,106.22,105.59,105.69
2006-06-26,105.62,105.81,105.44,105.56
2006-06-27,105.56,106.0,105.56,105.88
2006-06-28,105.94,106.0,105.38,105.47
2006-06-29,105.47,106.31,105.41,105.88
2006-06-30,105.94,106.69,105.56,106.66
2006-07-03,106.59,106.66,106.28,106.53
2006-07-05,106.56,106.66,105.44,105.75
2006-07-06,105.78,106.34,105.66,106.22
2006-07-07,106.28,107.16,106.22,106.81
2006-07-10,106.81,106.94,106.56,106.88
2006-07-11,106.88,107.47,106.78,107.19
2006-07-12,107.12,107.31,106.69,107.25
2006-07-13,107.22,107.5,107.12,107.47
2006-07-14,107.5,107.81,107.22,107.47
2006-07-17,107.44,107.59,107.19,107.5
2006-07-18,107.53,107.56,106.72,106.84
2006-07-19,106.84,107.72,106.28,107.59
2006-07-20,107.62,108.06,107.34,107.91
2006-07-21,107.88,108.12,107.66,107.72
2006-07-24,107.78,107.97,107.5,107.72
2006-07-25,107.66,108.0,107.41,107.5
2006-07-26,107.5,107.94,107.22,107.78
2006-07-27,107.81,108.03,107.5,107.72
2006-07-28,107.78,108.47,107.59,108.28
2006-07-31,108.22,108.34,108.0,108.28
2006-08-01,108.31,108.38,107.91,108.28
2006-08-02,108.34,108.66,108.0,108.53
2006-08-03,108.47,108.84,108.28,108.69
2006-08-04,108.59,109.47,108.5,109.25
2006-08-07,109.25,109.28,108.97,109.09
2006-08-08,109.09,109.59,108.88,108.97
2006-08-09,108.97,108.97,108.47,108.78
2006-08-10,108.75,108.97,108.25,108.66
2006-08-11,108.53,108.69,108.16,108.28
2006-08-14,108.19,108.25,107.91,107.97
2006-08-15,108.03,108.91,107.91,108.72
2006-08-16,108.69,109.44,108.59,109.31
2006-08-17,109.38,109.72,109.19,109.31
2006-08-18,109.31,109.69,109.25,109.62
2006-08-21,109.56,109.84,109.47,109.78
2006-08-22,109.78,110.0,109.66,109.88
2006-08-23,109.88,109.94,109.5,109.88
2006-08-24,109.91,110.19,109.75,110.0
2006-08-25,110.03,110.22,109.84,110.12
2006-08-28,110.16,110.22,109.88,110.09
2006-08-29,110.12,110.28,109.53,110.19
2006-08-30,110.22,110.53,110.09,110.31
2006-08-31,110.38,110.72,110.28,110.69
2006-09-01,110.62,110.84,110.31,110.75
2006-09-05,110.62,110.66,110.09,110.12
2006-09-06,110.09,110.19,109.62,109.91
2006-09-07,109.91,110.19,109.62,110.03
2006-09-08,110.03,110.41,110.0,110.22
2006-09-11,110.12,110.28,109.75,109.94
2006-09-12,109.84,110.41,109.69,110.31
2006-09-13,110.41,110.62,110.31,110.38
2006-09-14,110.41,110.66,110.09,110.16
2006-09-15,110.19,110.66,110.06,110.12
2006-09-18,110.03,110.03,109.5,109.94
2006-09-19,109.94,110.81,109.94,110.72
2006-09-20,110.75,110.97,110.06,110.84
2006-09-21,111.19,112.19,111.06,112.03
2006-09-22,112.12,112.69,112.06,112.59
2006-09-25,112.66,113.34,112.56,113.03
2006-09-26,113.16,113.28,112.69,112.88
2006-09-27,112.81,113.28,112.59,112.75
2006-09-28,112.69,112.78,112.25,112.41
2006-09-29,112.53,112.75,112.03,112.41
2006-10-02,112.38,112.81,112.12,112.53
2006-10-03,112.66,112.81,112.38,112.56
2006-10-04,112.53,113.16,112.38,113.0
2006-10-05,113.03,113.03,112.25,112.5
2006-10-06,112.47,113.0,111.47,111.56
2006-10-10,111.56,111.59,110.81,111.03
2006-10-11,110.94,111.28,110.53,110.62
2006-10-12,110.69,111.03,110.66,110.69
2006-10-13,110.72,111.03,110.22,110.34
2006-10-16,110.34,110.66,110.28,110.53
2006-10-17,110.62,111.19,110.47,110.62
2006-10-18,110.72,110.97,110.44,110.78
2006-10-19,110.91,110.94,110.31,110.59
2006-10-20,110.59,110.78,110.5,110.62
2006-10-23,110.56,110.59,109.84,110.12
2006-10-24,110.52,110.22,110.03,110.12
2006-10-25,110.16,110.84,109.97,110.69
2006-10-26,110.81,111.41,110.72,111.34
2006-10-27,111.34,111.97,111.25,111.84
2006-10-30,111.84,112.06,111.69,111.91
2006-10-31,111.94,112.75,111.81,112.66
2006-11-01,112.69,113.31,112.5,113.16
2006-11-02,113.06,113.09,112.66,112.81
2006-11-03,112.81,113.0,111.41,111.62
2006-11-06,111.59,111.84,111.41,111.72
2006-11-07,111.81,112.62,111.81,112.22
2006-11-08,112.22,112.75,112.09,112.56
2006-11-09,112.53,112.69,112.31,112.56
2006-11-10,112.56,113.16,112.5,112.97
2006-11-13,112.94,113.19,112.44,112.81
2006-11-14,112.72,113.59,112.5,113.28
2006-11-15,113.28,113.41,112.66,112.78
2006-11-16,112.69,113.38,112.09,112.31
2006-11-17,112.16,113.12,112.16,112.81
2006-11-20,112.81,113.12,112.69,112.94
2006-11-21,112.88,113.25,112.72,113.12
2006-11-22,113.09,113.34,113.03,113.22
2006-11-24,113.19,113.84,113.19,113.44
2006-11-27,113.44,113.69,112.81,113.59
2006-11-28,113.66,114.22,113.47,113.88
2006-11-29,113.94,114.12,113.59,113.69
2006-11-30,113.62,114.41,113.62,114.38
2006-12-01,114.34,114.91,114.06,114.62
2006-12-04,114.53,114.72,114.25,114.59
2006-12-05,114.69,114.88,114.16,114.47
2006-12-06,114.41,114.5,114.0,114.06
2006-12-07,114.06,114.28,113.81,114.06
2006-12-08,114.0,114.12,113.25,113.31
2006-12-11,113.25,113.81,113.25,113.72
2006-12-12,113.78,114.0,113.47,113.97
2006-12-13,114.03,114.16,112.81,112.97
2006-12-14,112.91,113.06,112.59,112.72
2006-12-15,112.75,113.69,112.47,112.69
2006-12-18,112.78,112.88,112.53,112.72
2006-12-19,112.78,113.0,112.28,112.69
2006-12-20,112.59,112.78,112.47,112.56
2006-12-21,112.56,113.19,112.5,113.03
2006-12-22,113.0,113.09,112.16,112.19
2006-12-26,112.22,112.59,112.16,112.47
2006-12-27,112.53,112.62,111.78,111.91
2006-12-28,111.91,112.16,111.12,111.53
2006-12-29,111.53,111.72,111.16,111.44
2007-01-02,111.47,111.88,111.44,111.72
2007-01-03,111.78,112.28,111.56,111.94
2007-01-04,111.97,112.66,111.84,112.41
2007-01-05,112.53,112.88,111.5,112.16
2007-01-08,112.16,112.22,111.84,112.12
2007-01-09,112.16,112.31,111.91,112.12
2007-01-10,112.12,112.25,111.56,111.81
2007-01-11,111.75,111.81,110.94,111.19
2007-01-12,111.22,111.28,110.72,110.81
2007-01-16,110.75,111.19,110.75,110.97
2007-01-17,111.0,111.22,110.53,110.56
2007-01-18,110.66,111.03,110.25,110.94
2007-01-19,111.0,111.12,110.5,110.78
2007-01-22,110.72,111.06,110.59,110.94
2007-01-23,110.88,111.0,110.28,110.41
2007-01-24,110.34,110.59,110.19,110.31
2007-01-25,110.28,110.41,109.53,109.72
2007-01-26,109.59,109.81,109.19,109.53
2007-01-29,109.56,109.78,109.25,109.41
2007-01-30,109.34,109.62,109.34,109.5
2007-01-31,109.56,110.34,109.22,110.12
2007-02-01,110.28,110.84,109.94,110.06
2007-02-02,110.09,110.53,109.88,110.09
2007-02-05,110.12,110.44,110.06,110.31
2007-02-06,110.34,110.88,110.06,110.78
2007-02-07,110.78,111.09,110.59,110.97
2007-02-08,110.97,111.28,110.78,111.09
2007-02-09,111.03,111.06,110.38,110.5
2007-02-12,110.53,110.59,110.19,110.31
2007-02-13,110.31,110.5,110.06,110.19
2007-02-14,110.19,111.12,110.16,111.03
2007-02-15,110.88,111.53,110.78,111.31
2007-02-16,111.28,111.84,111.25,111.5
2007-02-20,111.47,111.69,111.22,111.62
2007-02-21,111.62,111.78,111.12,111.47
2007-02-22,111.47,111.47,110.88,111.06
2007-02-23,111.03,111.84,110.94,111.62
2007-02-26,111.62,112.31,111.59,112.19
2007-02-27,112.22,114.12,112.16,113.41
2007-02-28,113.44,113.47,112.66,113.0
2007-03-01,112.81,113.5,112.69,112.88
2007-03-02,112.88,113.44,112.75,113.25
2007-03-05,113.41,114.0,113.16,113.25
2007-03-06,113.41,113.47,113.0,113.22
2007-03-07,113.12,113.62,113.09,113.5
2007-03-08,113.59,113.59,113.12,113.38
2007-03-09,113.22,113.31,112.31,112.5
2007-03-12,113.0,113.03,112.31,112.84
2007-03-13,112.78,113.47,112.69,113.31
2007-03-14,113.53,113.56,112.88,113.0
2007-03-15,112.84,113.03,112.53,112.94
2007-03-16,113.0,113.0,112.53,112.88
2007-03-19,112.94,112.94,112.47,112.56
2007-03-20,112.53,112.94,112.53,112.78
2007-03-21,112.69,112.75,112.31,112.41
2007-03-22,112.72,112.78,111.88,112.06
2007-03-23,112.06,112.34,111.75,111.84
2007-03-26,111.81,112.34,111.56,112.03
2007-03-27,111.88,112.0,111.59,111.75
2007-03-28,111.84,112.25,111.44,111.59
2007-03-29,111.59,111.69,111.31,111.56
2007-03-30,111.41,112.0,111.12,111.25
2007-04-02,111.28,111.53,111.22,111.34
2007-04-03,111.34,111.41,111.12,111.19
2007-04-04,111.19,111.56,111.09,111.28
2007-04-05,111.31,111.41,110.94,111.03
2007-04-06,110.97,111.03,110.0,110.31
2007-04-09,110.25,110.53,110.25,110.38
2007-04-10,110.38,110.75,110.34,110.56
2007-04-11,110.56,110.75,110.38,110.44
2007-04-12,110.47,110.78,110.38,110.47
2007-04-13,110.47,110.72,110.06,110.25
2007-04-16,110.19,110.72,110.06,110.59
2007-04-17,110.66,111.22,110.38,111.12
2007-04-18,111.16,111.59,111.09,111.47
2007-04-19,111.5,111.81,111.16,111.34
2007-04-20,111.31,111.5,111.03,111.28
2007-04-23,111.22,111.66,111.03,111.47
2007-04-24,111.53,111.91,111.47,111.72
2007-04-25,111.72,111.84,111.34,111.5
2007-04-26,111.44,111.53,110.88,111.06
2007-04-27,110.94,111.44,110.81,110.91
2007-04-30,110.94,111.84,110.91,111.75
2007-05-01,111.78,112.03,111.38,111.72
2007-05-02,111.72,111.91,111.53,111.72
2007-05-03,111.75,112.06,111.22,111.44
2007-05-04,111.44,111.94,110.47,111.84
2007-05-07,111.81,112.06,111.62,111.94
2007-05-08,112.03,112.31,111.78,111.84
2007-05-09,111.81,111.91,111.25,111.34
2007-05-10,111.38,111.69,111.19,111.56
2007-05-11,111.59,112.03,111.19,111.31
2007-05-14,111.25,111.38,111.03,111.12
2007-05-15,111.03,111.34,110.66,110.88
2007-05-16,110.91,111.19,110.78,110.94
2007-05-17,110.88,111.03,110.38,110.44
2007-05-18,110.5,110.66,109.78,109.94
2007-05-21,109.94,110.16,109.72,110.09
2007-05-22,110.12,110.16,109.56,109.59
2007-05-23,109.62,109.72,109.06,109.25
2007-05-24,109.34,109.53,108.78,109.28
2007-05-25,109.44,109.59,109.06,109.25
2007-05-29,109.22,109.38,109.0,109.09
2007-05-30,109.03,109.5,109.03,109.16
2007-05-31,109.22,109.38,108.69,109.16
2007-06-01,109.12,109.31,108.44,108.53
2007-06-04,108.56,108.97,108.5,108.94
2007-06-05,108.88,108.97,108.25,108.44
2007-06-06,108.31,108.5,108.25,108.38
2007-06-07,108.41,108.41,106.69,107.03
2007-06-08,106.72,107.06,105.69,106.88
2007-06-11,106.88,106.94,106.44,106.72
2007-06-12,106.5,106.53,105.03,105.56
2007-06-13,105.06,106.25,104.97,106.19
2007-06-14,106.0,106.44,105.59,106.03
2007-06-15,105.88,106.53,105.88,106.41
2007-06-18,106.59,106.66,106.19,106.62
2007-06-19,106.78,107.16,106.62,107.19
2007-06-20,107.31,107.41,106.66,106.78
2007-06-21,106.53,106.62,105.78,106.12
2007-06-22,105.91,106.5,105.66,106.38
2007-06-25,106.47,107.09,106.38,107.03
2007-06-26,106.94,107.19,106.66,106.78
2007-06-27,107.0,107.56,106.84,107.12
2007-06-28,107.0,107.22,106.72,106.78
2007-06-29,106.88,107.88,106.81,107.75
2007-07-02,107.66,108.19,107.56,108.03
2007-07-03,108.06,108.16,107.44,107.5
2007-07-05,107.41,107.41,106.44,106.56
2007-07-06,106.59,106.75,105.97,106.09
2007-07-09,106.22,106.66,106.03,106.47
2007-07-10,106.59,107.91,106.47,107.66
2007-07-11,107.81,108.22,106.97,107.19
2007-07-12,107.03,107.5,106.5,106.84
2007-07-13,106.66,107.28,106.53,106.97
2007-07-16,107.09,107.78,107.03,107.72
2007-07-17,107.69,107.78,107.06,107.28
2007-07-18,107.66,108.12,107.34,107.97
2007-07-19,107.69,107.91,107.31,107.78
2007-07-20,107.84,108.69,107.72,108.41
2007-07-23,108.5,108.69,108.16,108.38
2007-07-24,108.47,108.81,108.25,108.47
2007-07-25,108.78,109.0,108.38,108.88
2007-07-26,108.84,110.16,108.69,109.91
2007-07-27,109.84,110.31,109.5,109.78
2007-07-30,109.94,110.12,109.5,109.62
2007-07-31,109.62,110.34,109.19,110.06
2007-08-01,110.34,110.78,109.81,110.06
2007-08-02,109.88,110.25,109.69,110.22
2007-08-03,110.03,110.84,109.91,110.62
2007-08-06,110.75,110.88,109.97,110.19
2007-08-07,110.16,110.56,109.69,110.19
2007-08-08,109.81,109.81,108.62,108.94
2007-08-09,108.72,109.84,108.66,109.12
2007-08-10,109.31,109.69,108.97,109.31
2007-08-13,109.03,109.56,108.84,109.47
2007-08-14,109.5,109.94,109.0,109.81
2007-08-15,109.81,110.12,109.34,109.56
2007-08-16,109.56,110.94,109.53,110.59
2007-08-17,110.16,110.59,109.25,109.84
2007-08-20,109.88,110.56,109.56,110.25
2007-08-21,110.25,110.78,110.22,110.62
2007-08-22,110.56,110.59,109.91,110.38
2007-08-23,110.12,110.72,109.72,110.69
2007-08-24,110.44,111.0,110.44,110.84
2007-08-27,110.88,111.53,110.62,111.34
2007-08-28,111.44,111.88,111.28,111.62
2007-08-29,111.84,112.03,111.31,111.47
2007-08-30,111.41,112.12,111.34,112.09
2007-08-31,112.03,112.12,111.5,111.78
2007-09-04,111.81,112.09,111.41,111.66
2007-09-05,111.62,112.59,111.41,112.5
2007-09-06,112.47,112.66,112.12,112.28
2007-09-07,112.12,113.88,112.12,113.53
2007-09-10,113.5,114.41,113.44,114.19
2007-09-11,114.72,114.72,113.84,114.0
2007-09-12,114.12,114.25,113.47,113.53
2007-09-13,113.47,113.62,112.66,112.81
2007-09-14,113.06,113.62,112.62,112.97
2007-09-17,112.97,113.16,112.59,113.0
2007-09-18,113.06,113.72,112.16,112.78
2007-09-19,112.56,112.72,111.66,111.78
2007-09-20,111.66,111.72,109.91,110.25
2007-09-21,110.0,110.91,109.91,110.75
2007-09-24,110.72,110.97,110.31,110.88
2007-09-25,110.75,111.41,110.62,110.81
2007-09-26,110.66,110.91,110.19,110.72
2007-09-27,110.72,111.44,110.38,111.34
2007-09-28,111.34,111.91,110.81,111.34
2007-10-01,111.22,111.88,111.19,111.72
2007-10-02,111.88,112.31,111.44,112.0
2007-10-03,112.06,112.31,111.5,111.84
2007-10-04,111.62,112.22,111.47,112.09
2007-10-05,112.16,112.22,110.47,110.78
2007-10-09,110.69,111.16,110.56,110.78
2007-10-10,110.75,111.12,110.44,110.78
2007-10-11,110.72,110.88,110.06,110.62
2007-10-12,110.88,110.97,110.16,110.38
2007-10-15,110.31,110.53,110.06,110.44
2007-10-16,110.44,110.84,110.25,110.41
2007-10-17,110.47,111.84,110.41,111.69
2007-10-18,111.5,112.25,111.41,112.16
2007-10-19,112.19,113.53,112.19,113.22
2007-10-22,113.44,113.78,112.91,113.41
2007-10-23,113.19,113.41,112.88,113.19
2007-10-24,113.19,114.16,113.16,113.94
2007-10-25,113.81,114.06,113.41,113.78
2007-10-26,113.47,113.91,113.19,113.5
2007-10-29,113.38,113.81,113.12,113.66
2007-10-30,113.66,113.81,113.22,113.59
2007-10-31,113.59,113.62,112.53,112.59
2007-11-01,112.59,114.06,112.22,113.84
2007-11-02,113.84,114.66,113.31,114.5
2007-11-05,114.31,114.78,113.84,114.19
2007-11-06,114.06,114.25,113.5,113.75
2007-11-07,113.59,114.25,113.41,113.72
2007-11-08,113.91,114.28,113.59,114.06
2007-11-09,113.91,114.78,113.72,114.69
2007-11-13,114.75,114.78,114.19,114.41
2007-11-14,114.31,114.53,113.81,114.41
2007-11-15,114.53,115.56,114.25,115.41
2007-11-16,115.53,115.75,115.12,115.56
2007-11-19,115.25,116.53,115.19,116.22
2007-11-20,116.16,116.44,115.81,116.25
2007-11-21,115.97,116.94,115.94,116.5
2007-11-23,116.53,116.97,116.34,116.88
2007-11-26,116.78,119.38,116.53,118.78
2007-11-27,118.72,118.88,116.91,117.62
2007-11-28,117.53,117.75,116.69,116.94
2007-11-29,116.72,118.34,116.41,117.78
2007-11-30,117.91,118.16,116.59,117.19
2007-12-03,117.41,118.41,117.22,118.0
2007-12-04,118.19,118.62,117.59,118.0
2007-12-05,117.97,118.0,116.97,117.66
2007-12-06,117.06,117.12,116.34,116.62
2007-12-07,116.59,116.66,115.03,115.19
2007-12-10,115.31,115.81,114.47,114.81
2007-12-11,114.72,116.72,114.72,116.44
2007-12-12,116.12,116.31,114.5,115.66
2007-12-13,115.56,115.62,114.16,114.5
2007-12-14,114.16,114.44,113.69,113.81
2007-12-17,114.31,114.94,114.06,114.34
2007-12-18,114.75,115.44,114.53,115.28
2007-12-19,115.19,115.84,115.12,115.72
2007-12-20,116.41,117.03,116.06,116.56
2007-12-21,116.22,116.28,114.78,115.0
2007-12-24,114.78,114.94,114.28,114.38
2007-12-26,114.38,114.72,113.41,113.53
2007-12-27,113.59,114.69,113.5,114.44
2007-12-28,114.5,116.12,114.31,115.69
2007-12-31,115.84,116.72,115.78,116.38
2008-01-02,116.41,118.09,116.0,117.91
2008-01-03,117.75,118.12,117.19,117.75
2008-01-04,117.88,118.56,117.41,118.09
2008-01-07,117.91,118.5,117.56,118.41
2008-01-08,118.31,118.97,117.66,118.28
2008-01-09,118.81,119.22,118.38,118.81
2008-01-10,118.53,118.84,117.31,117.44
2008-01-11,117.44,118.5,117.19,118.25
2008-01-14,118.28,118.72,118.09,118.5
2008-01-15,118.59,119.81,118.53,119.53
2008-01-16,119.84,120.38,118.84,119.19
2008-01-17,118.88,120.44,118.81,120.09
2008-01-18,120.09,120.19,119.41,119.59
2008-01-22,120.56,121.56,119.53,120.78
2008-01-23,121.34,122.88,119.31,121.44
2008-01-24,119.69,120.81,118.19,118.97
2008-01-25,118.34,120.16,118.19,119.88
2008-01-28,119.97,120.5,119.62,119.97
2008-01-29,119.88,120.12,118.75,119.31
2008-01-30,119.0,119.78,117.84,118.31
2008-01-31,119.09,119.97,118.78,119.31
2008-02-01,119.59,120.28,119.0,119.78
2008-02-04,119.97,119.97,118.97,119.19
2008-02-05,119.16,120.62,118.78,119.78
2008-02-06,119.97,120.31,119.22,119.38
2008-02-07,119.66,119.94,117.03,117.81
2008-02-08,117.47,118.97,117.47,118.72
2008-02-11,118.88,119.78,118.62,119.28
2008-02-12,119.28,119.41,117.97,118.5
2008-02-13,118.72,118.88,117.59,118.06
2008-02-14,117.69,117.94,115.88,116.41
2008-02-15,116.53,117.25,116.16,117.0
2008-02-19,117.03,117.09,115.62,116.06
2008-02-20,115.84,116.38,115.22,115.91
2008-02-21,116.28,117.66,116.28,117.25
2008-02-22,117.34,118.06,116.88,117.06
2008-02-25,116.94,117.06,115.5,115.84
2008-02-26,115.94,116.31,115.44,116.0
2008-02-27,116.06,116.94,115.56,116.22
2008-02-28,116.22,118.34,116.22,117.72
2008-02-29,118.22,120.0,118.22,119.69
2008-03-03,119.97,120.03,119.06,119.67
2008-03-04,119.45,119.84,118.38,119.0
2008-03-05,118.62,119.05,117.38,117.55
2008-03-06,117.75,118.39,117.52,117.95
2008-03-07,118.5,119.67,117.56,118.42
2008-03-10,118.47,120.16,118.47,119.86
2008-03-11,119.78,119.83,117.83,118.27
2008-03-12,118.45,120.84,118.25,120.02
2008-03-13,120.16,120.16,119.0,119.39
2008-03-14,119.78,121.53,119.38,120.7
2008-03-17,120.52,121.66,120.28,121.48
2008-03-18,120.28,121.48,120.23,120.64
2008-03-19,120.52,121.44,120.05,121.19
2008-03-20,120.39,121.02,119.88,120.95
2008-03-24,120.84,120.84,118.06,118.8
2008-03-25,118.25,119.07,118.05,119.06
2008-03-26,118.92,119.52,118.66,118.81
2008-03-27,119.08,119.17,117.72,118.17
2008-03-28,118.0,119.02,117.64,118.53
2008-03-31,118.88,119.59,118.53,118.8
2008-04-01,119.03,119.03,117.05,117.64
2008-04-02,117.5,118.16,117.05,117.45
2008-04-03,117.33,118.12,117.2,117.55
2008-04-04,117.58,119.45,117.5,119.11
2008-04-07,119.17,119.23,117.58,118.34
2008-04-08,118.53,119.23,118.11,118.27
2008-04-09,118.16,119.61,117.88,119.42
2008-04-10,119.23,119.77,118.53,119.03
2008-04-11,118.92,120.0,118.75,119.67
2008-04-14,119.73,120.14,119.11,119.3
2008-04-15,119.33,119.58,117.95,118.42
2008-04-16,118.0,118.42,116.77,117.0
2008-04-17,117.12,117.47,116.41,116.69
2008-04-18,116.72,117.02,115.42,116.44
2008-04-21,116.77,117.16,116.12,117.08
2008-04-22,117.0,117.58,116.53,117.16
2008-04-23,117.44,117.61,116.31,116.98
2008-04-24,116.91,117.17,115.59,116.11
2008-04-25,116.05,116.09,115.25,115.59
2008-04-28,115.45,116.19,115.14,116.03
2008-04-29,116.05,116.84,115.92,116.11
2008-04-30,116.19,117.25,115.69,116.89
2008-05-01,117.17,117.94,116.64,117.14
2008-05-02,116.89,117.73,115.72,116.23
2008-05-05,116.11,116.77,115.28,116.12
2008-05-06,115.89,116.64,115.08,115.42
2008-05-07,115.14,116.05,114.89,115.75
2008-05-08,115.94,117.14,115.67,116.77
2008-05-09,117.0,117.66,116.91,117.25
2008-05-12,117.27,117.86,116.88,117.25
2008-05-13,117.08,117.64,115.56,115.84
2008-05-14,115.53,116.47,115.12,115.5
2008-05-15,115.78,116.78,115.28,116.42
2008-05-16,116.7,117.42,115.91,116.45
2008-05-19,116.47,116.94,115.97,116.61
2008-05-20,116.62,117.36,116.38,117.3
2008-05-21,117.33,117.42,116.58,116.97
2008-05-22,117.16,117.3,115.36,115.81
2008-05-23,115.8,116.89,115.61,116.86
2008-05-27,116.62,116.86,115.5,115.64
2008-05-28,115.66,115.88,114.5,114.77
2008-05-29,114.81,114.89,113.38,113.94
2008-05-30,113.97,114.62,113.92,114.47
2008-06-02,114.19,115.36,114.12,115.05
2008-06-03,115.09,116.09,114.42,115.89
2008-06-04,115.83,116.33,114.75,115.25
2008-06-05,115.09,115.23,113.98,114.25
2008-06-06,114.08,115.52,113.98,115.11
2008-06-09,115.52,115.61,114.08,114.94
2008-06-10,114.78,114.78,113.62,113.95
2008-06-11,113.84,114.89,113.72,114.12
2008-06-12,114.09,114.25,112.69,112.94
2008-06-13,112.91,113.3,112.45,112.55
2008-06-16,112.7,113.19,112.45,112.8
2008-06-17,112.67,113.36,112.5,112.81
2008-06-18,113.08,113.92,112.81,113.58
2008-06-19,113.64,114.06,112.95,113.25
2008-06-20,112.58,113.52,112.55,113.45
2008-06-23,113.12,113.89,113.09,113.28
2008-06-24,113.3,114.41,113.19,114.12
2008-06-25,114.3,114.39,113.12,113.97
2008-06-26,114.16,115.12,113.7,115.0
2008-06-27,114.98,116.08,114.83,115.66
2008-06-30,115.81,116.22,115.39,115.59
2008-07-01,115.67,116.5,115.42,115.52
2008-07-02,115.59,116.17,115.12,116.12
2008-07-03,116.17,116.48,115.39,115.88
2008-07-07,116.05,117.22,115.48,116.3
2008-07-08,116.5,116.95,116.11,116.84
2008-07-09,116.78,117.44,116.45,117.19
2008-07-10,117.34,117.53,116.77,117.31
2008-07-11,117.33,117.52,115.47,115.84
2008-07-14,115.56,117.23,115.02,116.73
2008-07-15,116.98,117.56,116.75,116.88
2008-07-16,117.06,117.2,115.2,115.5
2008-07-17,115.52,115.7,114.47,114.64
2008-07-18,115.0,115.34,114.17,114.33
2008-07-21,114.33,114.92,114.06,114.55
2008-07-22,114.81,115.06,113.77,114.16
2008-07-23,114.14,114.17,113.34,113.61
2008-07-24,113.89,115.16,113.69,115.0
2008-07-25,115.08,115.45,113.73,113.81
2008-07-28,113.81,115.38,113.75,115.03
2008-07-29,115.23,115.25,114.23,114.89
2008-07-30,114.91,115.31,113.95,114.83
2008-07-31,114.81,115.97,114.58,115.5
2008-08-01,115.83,116.16,115.19,115.91
2008-08-04,116.03,116.22,115.48,115.7
2008-08-05,115.7,116.12,115.06,115.28
2008-08-06,115.11,115.47,114.25,114.66
2008-08-07,114.55,116.48,114.55,116.25
2008-08-08,116.31,116.67,115.94,116.38
2008-08-11,116.59,116.72,115.03,115.56
2008-08-12,115.56,116.64,115.47,116.5
2008-08-13,116.59,116.97,115.89,116.08
2008-08-14,116.17,117.17,115.97,116.91
2008-08-15,116.88,117.66,116.64,117.48
2008-08-18,117.59,118.06,117.38,117.92
2008-08-19,117.92,118.17,117.41,117.58
2008-08-20,117.61,118.3,117.41,118.05
2008-08-21,118.0,118.3,117.33,117.73
2008-08-22,117.78,117.94,117.17,117.69
2008-08-25,117.66,119.05,117.59,118.55
2008-08-26,118.69,118.83,118.28,118.62
2008-08-27,118.72,118.89,117.89,118.8
2008-08-28,118.83,119.0,118.17,118.78
2008-08-29,118.84,119.38,117.89,118.19
2008-09-02,118.03,119.17,117.45,118.98
2008-09-03,119.03,119.55,118.81,119.45
2008-09-04,119.44,120.16,119.09,119.94
2008-09-05,120.23,121.11,119.45,119.94
2008-09-08,119.14,120.41,118.06,120.11
2008-09-09,120.12,121.31,119.7,121.05
2008-09-10,121.19,121.33,120.22,120.55
2008-09-11,120.67,121.48,120.38,120.84
2008-09-12,120.53,121.08,119.42,119.45
2008-09-15,120.47,123.69,120.31,122.19
2008-09-16,123.52,124.73,121.64,122.55
2008-09-17,121.91,124.2,121.58,122.89
2008-09-18,123.06,123.44,121.25,122.8
2008-09-19,121.67,122.08,118.84,119.22
2008-09-22,118.34,118.41,116.41,117.45
2008-09-23,117.31,117.88,116.72,117.05
2008-09-24,117.12,118.08,116.75,117.36
2008-09-25,116.94,117.38,116.09,116.77
2008-09-26,116.83,117.73,116.7,117.44
2008-09-29,117.12,121.0,116.78,119.83
2008-09-30,119.97,120.03,116.88,117.17
2008-10-01,117.27,119.56,116.91,118.2
2008-10-02,118.56,119.59,118.05,119.39
2008-10-03,119.47,120.45,117.83,119.64
2008-10-06,120.31,122.36,120.16,121.97
2008-10-07,121.5,121.8,120.19,120.73
2008-10-08,120.36,121.89,117.41,118.28
2008-10-09,118.52,119.05,116.42,116.52
2008-10-10,117.16,117.64,116.02,116.62
2008-10-13,116.61,116.61,114.5,115.05
2008-10-14,114.83,115.42,113.84,114.78
2008-10-15,113.91,114.98,113.25,114.25
2008-10-16,114.67,114.92,113.33,114.39
2008-10-17,113.8,114.62,112.53,113.05
2008-10-20,113.0,113.89,112.59,113.48
2008-10-21,113.75,115.59,113.53,115.17
2008-10-22,114.91,116.5,114.78,115.86
2008-10-23,116.11,118.2,115.75,117.95
2008-10-24,117.0,119.91,116.81,116.95
2008-10-27,117.14,118.86,116.89,117.33
2008-10-28,117.5,118.23,115.83,116.36
2008-10-29,115.98,117.11,114.88,115.03
2008-10-30,115.42,115.55,113.61,114.31
2008-10-31,113.7,115.25,112.92,113.12
2008-11-03,113.14,113.58,112.61,113.55
2008-11-04,113.39,115.94,113.03,115.36
2008-11-05,115.81,117.39,115.02,116.62
2008-11-06,116.75,117.22,115.62,116.8
2008-11-07,116.84,117.88,115.69,116.36
2008-11-10,115.8,117.77,115.25,117.64
2008-11-11,117.58,118.67,117.56,118.44
2008-11-12,118.23,118.69,117.55,118.09
2008-11-13,118.33,118.62,116.42,117.02
2008-11-14,116.59,119.14,116.5,118.55
2008-11-17,118.78,119.64,118.28,118.81
2008-11-18,119.19,120.45,118.95,120.16
2008-11-19,120.3,123.0,120.28,122.09
2008-11-20,122.86,129.59,122.56,125.78
2008-11-21,127.89,128.38,124.73,126.3
2008-11-24,125.86,126.5,124.28,125.28
2008-11-25,124.75,128.27,124.58,126.91
2008-11-26,127.67,128.81,127.05,128.05
2008-11-28,127.97,128.98,127.56,128.56
2008-12-01,128.58,132.39,128.41,131.62
2008-12-02,131.62,132.52,130.44,132.2
2008-12-03,132.31,133.28,131.42,132.97
2008-12-04,132.66,135.52,132.66,134.94
2008-12-05,135.16,136.11,133.95,134.61
2008-12-08,134.05,135.47,133.31,134.7
2008-12-09,134.52,136.17,134.27,135.59
2008-12-10,135.62,135.62,134.02,135.03
2008-12-11,135.0,136.2,134.09,135.61
2008-12-12,135.66,136.86,133.44,135.94
2008-12-15,135.5,136.95,135.42,136.31
2008-12-16,137.27,140.14,136.45,138.48
2008-12-17,139.69,141.55,139.69,140.48
2008-12-18,140.61,143.0,140.61,142.55
2008-12-19,142.19,142.66,141.38,142.62
2008-12-22,140.64,141.55,140.09,140.69
2008-12-23,140.44,141.23,139.91,141.0
2008-12-24,140.81,141.36,140.25,140.47
2008-12-26,140.47,141.53,140.47,141.17
2008-12-29,141.19,141.78,140.33,140.89
2008-12-30,140.55,141.75,139.7,141.42
2008-12-31,141.75,141.75,137.98,138.05
2009-01-02,138.72,139.58,135.0,135.47
2009-01-05,135.2,135.88,132.36,133.02
2009-01-06,133.16,133.8,131.73,132.69
2009-01-07,133.28,133.39,131.89,132.69
2009-01-08,132.69,133.52,132.39,133.02
2009-01-09,132.86,134.44,132.0,133.14
2009-01-12,133.2,134.89,132.27,134.83
2009-01-13,134.78,135.3,133.91,134.83
2009-01-14,135.08,137.45,134.45,136.88
2009-01-15,137.17,137.97,136.27,137.14
2009-01-16,136.69,136.84,134.05,136.22
2009-01-20,134.81,135.03,132.55,134.92
2009-01-21,134.17,134.22,130.97,131.66
2009-01-22,131.39,132.06,129.31,129.94
2009-01-23,129.91,130.44,128.53,129.61
2009-01-26,129.62,130.0,128.45,129.23
2009-01-27,129.16,131.28,128.88,131.2
2009-01-28,130.86,131.61,128.48,128.92
2009-01-29,128.7,129.38,126.28,127.14
2009-01-30,126.52,127.97,126.45,126.7
2009-02-02,126.69,128.95,126.69,128.77
2009-02-03,128.88,128.94,126.25,126.97
2009-02-04,126.41,127.38,125.78,126.64
2009-02-05,126.41,127.77,126.31,126.91
2009-02-06,126.64,127.38,125.52,125.84
2009-02-09,125.81,126.22,124.98,125.67
2009-02-10,126.08,128.48,125.94,127.91
2009-02-11,128.22,129.19,127.84,128.73
2009-02-12,128.8,129.47,127.42,129.28
2009-02-13,128.28,128.73,125.83,126.28
2009-02-17,126.5,129.8,125.77,129.34
2009-02-18,129.44,130.39,128.12,128.66
2009-02-19,128.2,128.55,126.09,126.27
2009-02-20,126.38,129.06,126.36,127.62
2009-02-23,127.34,128.14,126.16,127.89
2009-02-24,128.05,129.38,127.69,127.88
2009-02-25,127.69,128.23,125.92,126.19
2009-02-26,126.44,126.7,125.02,125.78
2009-02-27,125.64,126.73,124.34,124.61
2009-03-02,124.98,126.72,124.86,126.02
2009-03-03,126.58,127.11,125.2,125.77
2009-03-04,126.41,126.42,124.64,125.06
2009-03-05,125.47,128.81,124.98,128.27
2009-03-06,128.28,129.27,127.45,128.56
2009-03-09,127.25,128.59,126.78,127.5
2009-03-10,127.89,127.91,125.83,126.25
2009-03-11,125.75,127.52,125.36,127.12
2009-03-12,127.17,128.52,126.89,127.77
2009-03-13,128.42,128.56,126.73,127.52
2009-03-16,127.39,127.98,125.56,126.25
2009-03-17,126.44,127.23,125.23,125.55
2009-03-18,125.5,133.89,125.08,130.64
2009-03-19,131.11,132.55,130.23,130.83
2009-03-20,131.11,131.67,130.75,130.97
2009-03-23,129.09,129.73,128.23,128.61
2009-03-24,128.34,129.36,126.77,129.12
2009-03-25,128.38,128.62,126.98,127.77
2009-03-26,127.44,128.8,126.89,128.58
2009-03-27,128.45,129.41,127.97,128.55
2009-03-30,128.55,129.97,128.23,128.95
2009-03-31,128.91,129.94,128.62,129.7
2009-04-01,129.88,130.66,129.42,130.58
2009-04-02,130.52,130.95,128.8,129.16
2009-04-03,129.0,129.23,126.8,126.98
2009-04-06,127.2,127.73,126.05,126.08
2009-04-07,126.41,127.25,126.23,126.78
2009-04-08,126.81,127.92,126.69,127.59
2009-04-09,127.42,127.42,125.62,125.92
2009-04-13,125.83,127.41,125.56,127.09
2009-04-14,127.09,127.98,126.42,127.66
2009-04-15,127.72,128.25,126.75,127.92
2009-04-16,127.8,127.81,126.75,126.98
2009-04-17,126.89,127.33,125.0,125.34
2009-04-20,125.25,126.73,125.14,126.66
2009-04-21,126.55,127.59,125.47,125.66
2009-04-22,125.69,126.06,124.56,124.64
2009-04-23,124.84,125.31,124.39,125.22
2009-04-24,125.27,125.36,124.02,124.23
2009-04-27,124.38,125.14,124.0,125.03
2009-04-28,125.03,125.72,123.45,123.81
2009-04-29,123.66,124.41,121.78,122.75
2009-04-30,122.73,123.0,121.97,122.56
2009-05-01,122.53,122.77,121.66,122.16
2009-05-04,122.25,122.7,121.75,122.52
2009-05-05,122.38,122.8,121.84,122.55
2009-05-06,122.41,123.11,121.98,122.36
2009-05-07,122.12,122.28,120.0,120.44
2009-05-08,120.0,120.97,119.48,120.33
2009-05-11,120.44,121.95,120.39,121.75
2009-05-12,121.78,122.36,121.02,122.02
2009-05-13,121.91,123.08,121.62,122.94
2009-05-14,122.73,123.41,122.45,123.11
2009-05-15,123.38,123.72,122.45,122.92
2009-05-18,122.89,123.59,121.34,121.78
2009-05-19,121.47,121.83,121.08,121.69
2009-05-20,121.52,122.77,121.28,122.45
2009-05-21,122.5,123.31,119.98,120.33
2009-05-22,120.25,120.91,119.23,119.31
2009-05-26,119.47,119.88,118.0,118.66
2009-05-27,118.08,118.56,115.73,116.69
2009-05-28,116.14,117.75,115.84,117.09
2009-05-29,117.52,119.27,117.23,119.09
2009-06-01,118.72,118.78,115.94,115.98
2009-06-02,116.44,117.02,115.88,116.77
2009-06-03,116.88,117.89,116.59,117.67
2009-06-04,117.56,117.62,115.5,115.89
2009-06-05,116.08,116.11,114.45,114.67
2009-06-08,114.84,115.8,114.47,114.88
2009-06-09,115.0,115.53,114.59,115.08
2009-06-10,114.81,115.05,113.47,114.12
2009-06-11,114.23,115.56,113.12,115.0
2009-06-12,115.02,116.28,115.0,115.78
2009-06-15,115.94,116.72,115.73,116.62
2009-06-16,116.73,117.66,116.14,117.16
2009-06-17,117.78,118.19,117.05,117.78
2009-06-18,117.28,117.41,115.45,115.67
2009-06-19,115.75,116.3,115.22,116.0
2009-06-22,114.97,116.41,114.73,116.36
2009-06-23,116.31,117.45,115.81,117.2
2009-06-24,117.39,117.94,116.31,116.56
2009-06-25,116.62,118.3,116.2,118.02
2009-06-26,118.09,118.69,117.61,118.53
2009-06-29,118.31,119.14,118.03,118.56
2009-06-30,118.72,118.84,117.47,118.36
2009-07-01,118.25,118.41,117.36,118.23
2009-07-02,118.34,119.3,117.97,118.94
2009-07-06,118.88,119.25,118.27,118.83
2009-07-07,118.69,119.64,118.19,119.42
2009-07-08,119.44,121.36,119.41,121.25
2009-07-09,120.91,120.91,119.17,119.34
2009-07-10,119.47,121.05,119.42,120.72
2009-07-13,120.75,121.3,119.81,120.05
2009-07-14,119.94,120.23,118.25,118.66
2009-07-15,118.31,118.72,116.34,116.83
2009-07-16,116.72,117.81,116.64,117.22
2009-07-17,117.06,117.61,116.11,116.27
2009-07-20,116.12,117.34,115.42,117.19
2009-07-21,116.78,118.5,116.0,118.33
2009-07-22,118.12,118.48,117.19,117.28
2009-07-23,117.45,117.86,115.56,115.62
2009-07-24,115.86,116.39,115.66,116.09
2009-07-27,116.2,116.31,114.94,115.52
2009-07-28,115.39,116.73,115.2,115.95
2009-07-29,115.95,116.98,115.5,116.47
2009-07-30,116.3,117.44,115.8,117.05
2009-07-31,117.27,119.27,117.09,119.0
2009-08-03,119.09,119.11,117.25,117.59
2009-08-04,117.84,118.38,116.48,117.05
2009-08-05,117.02,117.75,116.0,116.09
2009-08-06,116.14,116.86,115.55,116.47
2009-08-07,116.34,116.56,114.8,115.31
2009-08-10,115.19,116.56,114.88,116.41
2009-08-11,116.27,117.69,116.11,117.48
2009-08-12,117.58,117.98,115.89,116.86
2009-08-13,116.64,118.34,115.95,118.19
2009-08-14,118.02,119.45,117.84,118.78
2009-08-17,118.67,120.0,118.59,119.67
2009-08-18,119.88,120.06,119.19,119.28
2009-08-19,119.39,120.77,119.31,119.86
2009-08-20,119.94,120.48,119.39,120.3
2009-08-21,120.28,120.95,118.56,118.81
2009-08-24,118.64,120.08,118.2,119.77
2009-08-25,119.97,120.62,119.42,120.45
2009-08-26,120.52,120.98,120.22,120.81
2009-08-27,120.83,121.22,120.0,120.3
2009-08-28,120.39,120.56,119.34,120.31
2009-08-31,120.47,121.06,119.91,120.94
2009-09-01,120.81,121.59,119.91,121.22
2009-09-02,121.22,122.53,121.03,122.34
2009-09-03,122.22,122.31,121.56,121.91
2009-09-04,121.69,121.91,120.28,120.34
2009-09-08,120.31,120.72,119.78,119.91
2009-09-09,119.84,120.03,119.0,119.75
2009-09-10,119.72,121.81,119.5,121.75
2009-09-11,121.41,122.75,121.41,121.88
2009-09-14,121.72,122.03,121.03,121.25
2009-09-15,121.06,121.06,120.25,120.56
2009-09-16,120.62,121.34,119.88,120.31
2009-09-17,120.31,121.66,120.06,121.5
2009-09-18,121.75,121.78,120.53,120.69
2009-09-21,120.84,121.25,120.56,120.97
2009-09-22,119.16,119.41,118.59,119.16
2009-09-23,119.31,119.78,118.22,119.69
2009-09-24,119.62,120.31,119.41,119.97
2009-09-25,120.0,121.09,119.88,120.88
2009-09-28,120.91,121.72,120.78,121.44
2009-09-29,121.62,121.84,120.88,121.62
2009-09-30,121.66,121.84,121.12,121.38
2009-10-01,121.47,123.03,121.12,122.66
2009-10-02,122.78,123.78,122.16,122.28
2009-10-05,122.41,123.0,122.22,122.31
2009-10-06,122.44,122.56,121.69,122.03
2009-10-07,121.81,122.94,121.81,122.88
2009-10-08,122.78,123.22,121.59,121.72
2009-10-09,121.75,122.06,119.62,119.97
2009-10-12,119.81,120.53,119.72,120.12
2009-10-13,120.19,121.12,120.09,120.91
2009-10-14,120.31,120.5,119.12,119.41
2009-10-15,119.44,119.69,118.62,118.78
2009-10-16,118.81,119.75,118.62,119.56
2009-10-19,119.44,120.19,119.06,119.91
2009-10-20,119.88,121.06,119.72,120.66
2009-10-21,120.56,120.84,119.5,119.78
2009-10-22,120.06,120.31,119.25,119.62
2009-10-23,119.69,119.69,118.81,119.03
2009-10-26,118.84,119.06,117.78,118.06
2009-10-27,117.91,119.34,117.84,119.12
2009-10-28,119.19,120.06,119.0,119.81
2009-10-29,119.69,119.94,118.31,118.69
2009-10-30,118.72,120.28,118.56,120.16
2009-11-02,120.25,120.44,119.53,119.81
2009-11-03,119.81,120.47,118.84,119.06
2009-11-04,119.09,119.22,117.91,118.09
2009-11-05,118.28,118.75,117.97,118.22
2009-11-06,118.28,119.0,117.69,118.44
2009-11-09,118.38,118.88,118.03,118.5
2009-11-10,118.47,119.34,118.12,118.41
2009-11-11,118.44,119.44,118.16,119.38
2009-11-12,119.0,119.41,117.31,118.91
2009-11-13,118.91,119.53,118.72,119.44
2009-11-16,119.41,120.91,119.31,120.84
2009-11-17,120.69,121.22,120.16,121.06
2009-11-18,121.03,121.28,120.31,120.5
2009-11-19,120.53,121.34,120.44,120.81
2009-11-20,120.91,121.22,120.41,120.88
2009-11-23,120.75,121.03,120.03,120.91
2009-11-24,120.97,121.72,120.88,121.53
2009-11-25,121.66,122.5,121.25,122.19
2009-11-26,122.27,123.27,122.27,123.09
2009-11-27,122.25,123.56,122.25,123.19
2009-11-30,122.91,123.41,122.75,123.34
2009-12-01,123.28,123.31,122.16,122.34
2009-12-02,122.31,122.78,121.94,121.94
2009-12-03,122.06,122.09,120.62,120.97
2009-12-04,120.91,121.12,119.34,119.69
2009-12-07,119.69,120.41,119.47,119.97
2009-12-08,120.06,121.03,120.0,120.5
2009-12-09,120.44,120.69,119.59,120.22
2009-12-10,120.09,120.31,118.84,119.41
2009-12-11,119.16,119.31,118.25,118.91
2009-12-14,119.09,119.28,118.69,119.09
2009-12-15,119.19,119.19,118.34,118.69
2009-12-16,118.81,119.28,118.53,118.66
2009-12-17,119.09,120.16,119.03,120.06
2009-12-18,120.34,120.34,119.34,119.44
2009-12-21,119.59,119.59,118.16,118.31
2009-12-22,116.88,117.0,115.94,116.09
2009-12-23,116.0,116.66,115.78,115.94
2009-12-24,115.91,116.09,115.09,115.22
2009-12-25,115.3,115.3,115.3,115.3
2009-12-28,115.31,115.38,114.81,115.0
2009-12-29,115.09,115.53,114.81,115.41
2009-12-30,115.47,115.91,115.31,115.88
2009-12-31,115.81,115.81,114.5,115.38
2010-01-01,115.14,115.14,115.14,115.14
2010-01-04,115.0,115.66,114.69,115.09
2010-01-05,115.25,116.16,115.12,116.03
2010-01-06,115.84,115.88,114.91,115.31
2010-01-07,115.06,115.72,114.81,115.28
2010-01-08,115.19,115.78,114.75,115.47
2010-01-11,115.12,115.59,114.88,115.19
2010-01-12,115.25,116.94,115.25,116.81
2010-01-13,116.88,117.06,115.75,115.94
2010-01-14,115.84,117.09,115.75,116.78
2010-01-15,116.72,117.75,116.69,117.38
2010-01-18,117.45,117.7,117.36,117.61
2010-01-19,117.41,117.84,116.75,117.16
2010-01-20,117.28,118.12,117.25,117.97
2010-01-21,117.97,118.84,117.72,118.62
2010-01-22,118.78,119.09,118.41,118.84
2010-01-25,118.59,118.72,118.06,118.31
2010-01-26,118.38,119.19,118.19,118.28
2010-01-27,118.31,119.12,118.19,118.34
2010-01-28,118.25,118.47,117.62,118.16
2010-01-29,118.38,119.22,117.72,118.81
2010-02-01,119.12,119.12,118.0,118.16
2010-02-02,118.19,118.44,117.91,118.41
2010-02-03,118.31,118.34,117.25,117.38
2010-02-04,117.34,119.06,117.25,118.78
2010-02-05,118.69,119.56,118.34,119.5
2010-02-08,119.22,119.34,118.78,118.94
2010-02-09,119.28,119.34,118.16,118.31
2010-02-10,118.22,118.66,117.34,117.56
2010-02-11,117.56,117.84,116.72,117.25
2010-02-12,117.34,117.88,117.25,117.56
2010-02-15,117.23,117.48,117.05,117.23
2010-02-16,117.47,118.03,117.0,117.81
2010-02-17,117.84,117.88,116.53,116.81
2010-02-18,116.91,117.25,115.91,116.19
2010-02-19,116.28,116.88,116.19,116.78
2010-02-22,116.78,116.81,116.22,116.38
2010-02-23,116.41,118.0,116.31,117.88
2010-02-24,117.84,118.28,117.53,117.72
2010-02-25,117.75,118.59,117.66,118.41
2010-02-26,118.47,119.28,118.28,119.19
2010-03-01,118.84,119.19,118.62,118.97
2010-03-02,118.97,118.97,118.38,118.84
2010-03-03,118.88,118.94,118.28,118.78
2010-03-04,118.72,119.56,118.59,119.31
2010-03-05,119.31,119.38,118.0,118.19
2010-03-08,118.19,118.19,117.75,117.91
2010-03-09,117.97,118.34,117.72,117.97
2010-03-10,117.94,118.03,117.41,117.84
2010-03-11,117.97,118.28,117.47,118.12
2010-03-12,117.91,118.59,117.38,118.47
2010-03-15,118.5,118.62,118.06,118.44
2010-03-16,118.5,119.31,118.38,119.19
2010-03-17,119.22,119.62,119.06,119.44
2010-03-18,119.56,119.88,119.12,119.25
2010-03-19,119.22,119.75,118.88,119.44
2010-03-22,119.19,119.62,119.19,119.44
2010-03-23,117.94,118.16,117.56,117.72
2010-03-24,117.62,117.69,115.59,115.84
2010-03-25,115.75,116.0,114.81,115.03
2010-03-26,115.28,115.66,115.0,115.44
2010-03-29,115.31,115.53,115.03,115.5
2010-03-30,115.44,115.75,115.0,115.66
2010-03-31,115.72,116.25,115.56,116.12
2010-04-01,116.06,116.22,115.31,115.91
2010-04-02,115.78,116.38,114.84,114.88
2010-04-05,114.91,115.12,114.19,114.38
2010-04-06,114.41,114.97,114.34,114.41
2010-04-07,114.56,115.84,114.34,115.69
2010-04-08,115.66,115.94,115.31,115.41
2010-04-09,115.47,115.84,115.09,115.66
2010-04-12,115.53,116.44,115.25,116.25
2010-04-13,116.22,116.69,116.06,116.62
2010-04-14,116.44,116.69,115.78,115.94
2010-04-15,115.84,116.38,115.47,116.03
2010-04-16,116.16,117.0,116.12,116.88
2010-04-19,116.97,117.19,116.47,116.5
2010-04-20,116.56,116.81,116.31,116.75
2010-04-21,116.75,117.62,116.62,117.59
2010-04-22,117.62,117.91,117.16,117.28
2010-04-23,117.28,117.47,116.69,116.88
2010-04-26,116.97,117.47,116.69,116.88
2010-04-27,116.97,118.75,116.91,118.44
2010-04-28,118.28,118.5,117.44,117.53
2010-04-29,117.62,118.25,117.47,118.22
2010-04-30,118.19,119.12,117.97,119.06
2010-05-03,118.94,118.97,118.47,118.72
2010-05-04,118.94,120.34,118.81,120.0
2010-05-05,120.19,121.44,120.0,120.53
2010-05-06,120.56,124.5,120.09,123.34
2010-05-07,122.88,124.12,121.38,122.0
2010-05-10,121.44,121.53,120.16,120.84
2010-05-11,120.81,121.75,120.28,120.78
2010-05-12,120.84,121.22,120.09,120.31
2010-05-13,120.25,121.12,119.81,120.53
2010-05-14,120.91,122.56,120.75,122.03
2010-05-17,121.78,122.81,121.22,121.44
2010-05-18,121.34,123.06,121.22,122.69
2010-05-19,123.0,123.53,122.41,122.78
2010-05-20,122.56,124.78,122.56,124.03
2010-05-21,124.66,126.03,124.12,124.88
2010-05-24,124.28,125.41,124.25,124.38
2010-05-25,124.78,126.47,124.69,125.25
2010-05-26,125.0,125.28,123.88,124.47
2010-05-27,124.78,124.81,122.66,122.94
2010-05-28,122.75,123.47,122.72,123.22
2010-05-31,122.61,123.0,122.33,122.61
2010-06-01,123.25,124.28,122.91,123.34
2010-06-02,123.72,124.06,122.78,122.91
2010-06-03,122.91,123.12,121.88,122.5
2010-06-04,122.62,124.94,122.56,124.91
2010-06-07,125.0,125.47,124.22,124.81
2010-06-08,125.31,125.44,124.69,125.09
2010-06-09,124.84,125.0,124.16,124.88
2010-06-10,125.0,125.03,123.09,123.09
2010-06-11,123.28,124.66,123.25,124.69
2010-06-14,124.16,124.22,123.28,123.81
2010-06-15,123.91,124.56,123.09,123.31
2010-06-16,123.31,124.34,123.31,123.69
2010-06-17,124.19,125.03,123.56,124.91
2010-06-18,124.84,125.19,124.41,124.47
2010-06-21,124.25,124.28,123.28,124.28
2010-06-22,123.66,124.84,123.28,124.75
2010-06-23,124.66,125.75,124.38,125.34
2010-06-24,125.31,125.97,124.75,125.03
2010-06-25,124.81,125.72,124.59,125.34
2010-06-28,125.53,126.5,125.41,126.28
2010-06-29,126.38,127.41,126.22,127.12
2010-06-30,127.38,127.75,126.91,127.5
2010-07-01,127.69,128.59,127.44,128.0
2010-07-02,127.66,128.28,127.06,127.16
2010-07-05,127.33,128.17,127.11,127.98
2010-07-06,127.19,128.19,127.06,128.0
2010-07-07,128.0,128.19,127.12,127.31
2010-07-08,127.22,127.47,126.34,126.78
2010-07-09,126.59,126.81,126.16,126.28
2010-07-12,126.22,127.0,126.09,126.34
2010-07-13,126.19,126.69,125.25,125.47
2010-07-14,125.34,126.72,125.22,126.59
2010-07-15,126.62,127.81,126.16,127.66
2010-07-16,127.38,128.47,127.25,128.09
2010-07-19,128.31,128.41,127.41,127.59
2010-07-20,127.72,128.41,127.5,127.97
2010-07-21,127.69,129.44,127.56,128.84
2010-07-22,128.97,129.22,128.0,128.09
2010-07-23,128.06,128.22,127.12,127.16
2010-07-26,127.22,127.5,126.5,127.22
2010-07-27,127.22,127.31,126.22,126.34
2010-07-28,126.38,126.97,126.03,126.84
2010-07-29,126.88,127.12,126.22,126.88
2010-07-30,126.97,128.75,126.94,128.72
2010-08-02,128.56,128.59,127.56,127.62
2010-08-03,127.62,128.66,127.62,128.41
2010-08-04,128.38,128.84,127.75,127.91
2010-08-05,127.84,128.84,127.75,128.38
2010-08-06,128.56,129.84,128.34,129.53
2010-08-09,129.53,129.72,129.09,129.34
2010-08-10,129.19,130.72,129.12,129.78
2010-08-11,129.91,131.44,129.91,131.38
2010-08-12,131.41,131.69,130.91,131.22
2010-08-13,131.09,132.19,130.97,132.0
2010-08-16,132.06,134.03,131.97,133.88
2010-08-17,133.94,133.94,132.78,132.91
2010-08-18,133.03,134.22,132.91,133.34
2010-08-19,133.38,134.97,132.97,134.34
2010-08-20,134.38,135.22,133.91,134.0
2010-08-23,133.97,134.34,133.69,134.12
2010-08-24,134.19,136.03,134.12,135.75
2010-08-25,135.81,136.97,134.97,135.19
2010-08-26,135.25,136.28,135.12,136.0
2010-08-27,136.25,136.44,133.53,133.69
2010-08-30,133.62,135.78,133.38,135.47
2010-08-31,135.75,136.62,135.66,136.44
2010-09-01,136.5,136.5,133.75,134.59
2010-09-02,134.88,135.09,133.75,133.94
2010-09-03,134.03,134.28,131.78,132.88
2010-09-06,131.53,131.93,131.2,131.89
2010-09-07,132.72,134.47,132.62,134.34
2010-09-08,134.41,134.78,133.28,133.62
2010-09-09,133.75,134.0,131.94,131.97
2010-09-10,132.09,132.38,131.28,131.53
2010-09-13,131.34,132.31,130.62,132.09
2010-09-14,131.97,133.03,131.72,133.0
2010-09-15,133.0,133.0,131.94,132.06
2010-09-16,132.19,132.53,130.88,131.31
2010-09-17,131.25,132.31,130.81,131.53
2010-09-20,131.97,132.12,131.44,132.03
2010-09-21,132.16,132.84,131.94,132.53
2010-09-22,132.19,133.28,132.12,132.72
2010-09-23,132.56,133.69,132.31,132.75
2010-09-24,132.72,133.12,131.66,131.75
2010-09-27,131.69,133.44,131.66,133.34
2010-09-28,133.09,134.34,132.81,134.22
2010-09-29,134.0,134.38,133.53,133.66
2010-09-30,133.72,134.28,132.28,133.72
2010-10-01,133.75,134.06,132.59,133.38
2010-10-04,133.53,134.31,133.47,133.91
2010-10-05,133.91,134.56,133.25,133.69
2010-10-06,133.59,135.38,133.5,134.81
2010-10-07,134.78,135.0,134.25,134.44
2010-10-08,134.53,135.25,133.91,134.31
2010-10-11,134.38,134.59,134.12,134.31
2010-10-12,134.19,134.94,133.34,133.72
2010-10-13,133.38,133.59,132.5,133.44
2010-10-14,133.41,133.84,132.19,132.44
2010-10-15,132.25,132.84,130.78,131.03
2010-10-18,131.19,132.25,131.16,132.16
2010-10-19,131.78,132.69,131.19,132.44
2010-10-20,132.38,132.94,131.84,132.66
2010-10-21,132.53,132.84,131.53,131.81
2010-10-22,131.66,132.03,131.19,131.69
2010-10-25,131.75,132.81,131.75,132.12
2010-10-26,131.97,132.22,130.5,130.72
2010-10-27,130.59,130.72,129.59,129.88
2010-10-28,129.69,130.53,129.56,130.22
2010-10-29,130.22,131.09,130.0,130.94
2010-11-01,130.97,131.88,130.44,130.62
2010-11-02,130.72,131.78,130.59,131.69
2010-11-03,131.66,133.0,129.91,130.28
2010-11-04,130.81,132.19,130.25,131.69
2010-11-05,131.47,131.62,129.94,130.69
2010-11-08,130.66,131.22,130.28,130.41
2010-11-09,130.5,131.0,128.69,128.81
2010-11-10,128.81,129.16,127.44,129.06
2010-11-11,129.03,129.22,128.5,128.72
2010-11-12,129.0,129.84,127.59,127.94
2010-11-15,127.81,127.88,125.47,126.22
2010-11-16,125.53,127.75,125.5,127.72
2010-11-17,127.56,127.91,126.62,127.06
2010-11-18,126.88,127.06,125.72,126.53
2010-11-19,126.56,127.44,126.53,127.22
2010-11-22,127.16,128.41,126.91,128.03
2010-11-23,127.97,129.09,127.81,128.56
2010-11-24,128.38,128.62,126.31,126.5
2010-11-25,125.18,126.05,124.86,125.65
2010-11-26,126.66,127.72,126.34,127.53
2010-11-29,127.38,128.31,127.06,128.16
2010-11-30,128.19,129.44,128.19,128.72
2010-12-01,128.56,128.59,126.06,126.31
2010-12-02,126.41,126.78,125.78,126.03
2010-12-03,126.22,127.12,125.47,125.62
2010-12-06,125.94,126.88,125.91,126.72
2010-12-07,126.78,126.78,123.75,124.0
2010-12-08,124.44,124.47,122.34,123.28
2010-12-09,123.38,124.09,122.81,123.59
2010-12-10,123.78,123.97,122.62,123.03
2010-12-13,122.59,123.69,122.09,123.41
2010-12-14,123.5,123.53,120.88,121.09
2010-12-15,120.94,121.81,120.22,120.56
2010-12-16,120.72,121.56,120.22,121.03
2010-12-17,121.59,123.06,121.41,122.84
2010-12-20,122.94,123.5,121.97,122.25
2010-12-21,122.34,122.91,121.97,122.25
2010-12-22,121.34,121.59,120.56,120.78
2010-12-23,120.69,120.94,120.25,120.44
2010-12-24,120.58,120.58,120.58,120.58
2010-12-27,120.44,121.47,119.69,121.25
2010-12-28,121.34,121.62,119.19,119.34
2010-12-29,119.56,121.5,119.34,121.31
2010-12-30,121.06,121.28,120.41,121.0
2010-12-31,121.06,122.22,121.03,122.12
2011-01-03,122.06,122.06,120.47,121.5
2011-01-04,121.53,122.03,121.09,121.31
2011-01-05,121.53,122.16,119.25,119.47
2011-01-06,119.66,120.47,119.47,120.09
2011-01-07,120.31,121.41,119.62,120.97
2011-01-10,121.16,121.66,120.69,121.19
2011-01-11,121.44,121.56,120.28,120.97
2011-01-12,120.97,121.12,120.03,120.78
2011-01-13,120.56,121.75,120.25,121.47
2011-01-14,121.38,122.06,120.88,120.91
2011-01-17,121.05,121.74,120.75,121.36
2011-01-18,120.97,121.75,119.72,120.44
2011-01-19,120.41,121.09,120.16,121.0
2011-01-20,120.94,121.44,119.28,119.47
2011-01-21,119.59,120.31,119.34,120.09
2011-01-24,120.19,120.72,119.78,120.31
2011-01-25,120.34,121.81,120.06,121.72
2011-01-26,121.47,121.5,119.94,120.06
2011-01-27,120.28,120.78,119.59,120.72
2011-01-28,120.56,121.66,119.66,121.44
2011-01-31,121.5,121.72,120.28,120.62
2011-02-01,120.75,120.78,119.53,119.94
2011-02-02,119.94,120.69,119.25,119.53
2011-02-03,119.75,119.91,118.88,119.09
2011-02-04,119.03,119.56,117.72,117.88
2011-02-07,117.94,118.19,117.44,118.09
2011-02-08,118.16,118.31,117.09,117.31
2011-02-09,117.22,118.56,116.81,118.31
2011-02-10,118.0,118.41,117.31,117.5
2011-02-11,117.72,118.88,117.66,118.41
2011-02-14,118.47,119.16,118.16,118.94
2011-02-15,118.78,119.19,118.47,118.97
2011-02-16,119.03,119.62,118.56,118.94
2011-02-17,118.91,119.78,118.81,119.44
2011-02-18,119.31,119.47,118.69,119.22
2011-02-21,119.31,119.96,119.3,119.78
2011-02-22,119.16,121.03,119.12,120.84
2011-02-23,120.75,121.5,120.5,120.81
2011-02-24,120.88,121.88,120.81,121.53
2011-02-25,121.41,121.94,121.06,121.72
2011-02-28,121.94,122.12,121.66,121.94
2011-03-01,121.69,122.25,121.03,122.0
2011-03-02,122.16,122.38,120.88,121.06
2011-03-03,120.94,121.16,119.94,119.97
2011-03-04,120.22,121.03,119.78,120.81
2011-03-07,120.75,121.09,120.03,120.78
2011-03-08,120.09,120.09,120.09,120.09
2011-03-09,120.09,121.22,119.97,120.94
2011-03-10,120.88,122.44,120.75,121.91
2011-03-11,122.34,122.66,121.62,121.88
2011-03-14,122.12,122.34,121.38,122.34
2011-03-15,122.12,123.97,122.12,122.88
2011-03-16,123.22,125.22,122.66,124.06
2011-03-17,124.75,124.75,123.06,123.5
2011-03-18,123.12,123.53,122.34,123.34
2011-03-21,122.94,123.44,122.41,123.06
2011-03-22,122.94,123.19,122.59,122.94
2011-03-23,121.53,122.25,121.19,121.28
2011-03-24,121.28,121.56,120.56,120.75
2011-03-25,120.62,121.12,120.06,120.25
2011-03-28,120.25,120.62,119.78,120.41
2011-03-29,120.41,120.62,119.59,119.75
2011-03-30,119.78,120.47,119.59,120.19
2011-03-31,120.41,120.97,119.72,120.19
2011-04-01,120.06,120.5,119.34,120.38
2011-04-04,120.41,120.84,120.0,120.38
2011-04-05,120.47,120.88,119.66,119.84
2011-04-06,119.91,120.03,118.78,118.97
2011-04-07,118.88,119.16,118.44,118.66
2011-04-08,118.69,118.75,117.88,118.53
2011-04-11,118.28,118.62,117.88,118.5
2011-04-12,118.22,119.72,118.19,119.34
2011-04-13,119.31,119.88,118.72,119.81
2011-04-14,119.75,120.34,119.47,119.69
2011-04-15,119.53,120.94,119.5,120.81
2011-04-18,120.78,121.38,119.91,121.16
2011-04-19,121.06,121.56,120.62,121.47
2011-04-20,121.38,121.41,120.81,121.0
2011-04-21,120.84,121.53,120.78,121.03
2011-04-22,120.99,120.99,120.99,120.99
2011-04-25,121.0,121.59,120.97,121.5
2011-04-26,121.5,122.34,121.34,122.16
2011-04-27,122.25,122.31,121.34,121.38
2011-04-28,121.47,122.31,121.44,122.12
2011-04-29,122.16,122.56,121.94,122.38
2011-05-02,122.38,122.84,122.06,122.59
2011-05-03,122.72,123.19,122.62,123.09
2011-05-04,123.16,123.78,123.0,123.53
2011-05-05,123.59,124.59,123.56,124.28
2011-05-06,124.47,124.78,123.38,124.31
2011-05-09,124.19,124.56,123.91,124.44
2011-05-10,124.25,124.38,123.56,123.88
2011-05-11,123.59,124.5,123.44,124.41
2011-05-12,124.31,124.69,123.53,123.81
2011-05-13,123.78,125.12,123.69,124.44
2011-05-16,124.69,125.09,124.25,124.97
2011-05-17,125.0,125.72,124.66,125.44
2011-05-18,125.47,125.84,124.5,124.72
2011-05-19,124.56,124.72,123.72,124.62
2011-05-20,124.69,125.0,124.38,124.84
2011-05-23,124.94,125.62,124.88,125.09
2011-05-24,125.16,125.5,124.75,125.28
2011-05-25,125.34,125.72,124.94,125.06
2011-05-26,125.03,126.06,124.66,125.97
2011-05-27,125.94,126.06,125.44,125.88
2011-05-30,124.6,124.77,124.47,124.77
2011-05-31,125.81,126.28,125.34,126.16
2011-06-01,126.0,127.59,125.81,127.25
2011-06-02,127.5,127.56,126.12,126.19
2011-06-03,126.38,127.16,126.09,126.56
2011-06-06,126.62,126.69,125.84,126.34
2011-06-07,126.38,126.53,125.66,126.22
2011-06-08,126.25,127.28,126.16,126.94
2011-06-09,127.12,127.59,126.16,126.5
2011-06-10,126.62,127.44,126.5,126.97
2011-06-13,126.91,127.25,126.44,126.69
2011-06-14,126.72,126.78,125.0,125.19
2011-06-15,125.44,126.84,125.16,126.78
2011-06-16,126.69,127.84,126.56,127.62
2011-06-17,127.31,127.72,126.84,127.19
2011-06-20,127.19,127.91,126.88,127.09
2011-06-21,127.16,127.31,126.53,126.94
2011-06-22,125.41,126.0,125.12,125.38
2011-06-23,125.53,126.69,125.53,126.44
2011-06-24,126.28,127.03,125.97,126.59
2011-06-27,126.53,126.84,125.34,125.5
2011-06-28,125.41,125.84,124.06,124.22
2011-06-29,124.28,124.56,123.28,123.56
2011-06-30,123.47,123.81,122.16,123.03
2011-07-01,123.03,123.44,122.41,122.69
2011-07-04,122.83,123.02,122.68,122.74
2011-07-05,122.75,123.47,122.66,123.19
2011-07-06,123.28,123.91,122.97,123.66
2011-07-07,123.5,123.59,122.78,123.28
2011-07-08,123.38,125.0,122.97,124.97
2011-07-11,124.94,126.31,124.59,126.19
2011-07-12,126.12,127.47,126.0,126.47
2011-07-13,126.88,127.06,125.81,126.72
2011-07-14,126.62,126.84,125.62,125.81
2011-07-15,125.69,126.16,125.09,126.03
2011-07-18,125.97,126.5,125.25,125.69
2011-07-19,125.47,127.06,125.0,126.62
2011-07-20,126.88,126.88,125.81,125.88
2011-07-21,126.0,126.03,124.72,125.09
2011-07-22,125.09,125.97,125.06,125.84
2011-07-25,125.19,126.09,124.75,125.06
2011-07-26,125.19,126.0,124.69,125.84
2011-07-27,125.75,126.0,125.06,125.66
2011-07-28,125.66,126.41,125.53,126.06
2011-07-29,126.03,128.56,125.94,128.12
2011-08-01,127.56,129.28,127.28,129.0
2011-08-02,128.88,131.12,128.72,130.81
2011-08-03,130.88,132.25,130.47,131.28
2011-08-04,131.0,134.25,130.56,133.5
2011-08-05,134.06,135.16,131.81,132.19
2011-08-08,131.69,135.5,131.34,135.28
2011-08-09,135.44,139.84,134.06,137.19
2011-08-10,136.41,139.12,135.38,138.22
2011-08-11,138.59,138.69,135.03,135.22
2011-08-12,135.38,137.0,135.34,136.94
2011-08-15,136.38,136.94,135.53,136.16
2011-08-16,135.62,137.31,135.5,137.06
2011-08-17,136.78,138.12,136.31,137.94
2011-08-18,138.03,141.19,137.81,139.62
2011-08-19,139.53,140.91,139.0,140.22
2011-08-22,140.31,140.78,139.38,140.16
2011-08-23,139.84,140.5,138.75,139.03
2011-08-24,138.97,139.5,136.31,136.84
2011-08-25,136.44,137.75,136.06,137.56
2011-08-26,137.34,139.0,137.03,138.16
2011-08-29,138.03,138.16,136.31,136.81
2011-08-30,137.12,138.75,137.06,138.56
2011-08-31,138.47,139.0,137.06,137.31
2011-09-01,137.25,138.88,136.31,138.69
2011-09-02,138.84,141.62,138.31,141.56
2011-09-05,140.68,141.55,140.41,141.49
2011-09-06,141.5,143.06,141.5,142.03
2011-09-07,141.75,141.78,140.47,140.75
2011-09-08,140.62,141.75,140.5,141.34
2011-09-09,141.09,142.81,140.78,142.5
2011-09-12,142.53,143.19,141.97,142.59
2011-09-13,142.44,142.75,141.31,141.44
2011-09-14,141.5,142.09,140.75,141.56
2011-09-15,141.84,142.09,140.0,140.41
2011-09-16,140.59,141.09,139.97,140.72
2011-09-19,141.56,143.12,141.56,142.94
2011-09-20,142.78,143.06,141.97,142.62
2011-09-21,142.75,143.5,142.16,143.25
2011-09-22,143.25,146.53,143.22,146.06
2011-09-23,145.94,147.0,144.19,144.72
2011-09-26,144.38,145.31,142.81,130.89
2011-09-27,142.94,143.34,140.75,140.78
2011-09-28,141.5,142.12,139.81,140.94
2011-09-29,141.31,142.16,140.84,142.09
2011-09-30,141.16,143.19,141.12,142.62
2011-10-03,142.72,145.81,142.69,145.28
2011-10-04,145.66,146.41,144.16,145.38
2011-10-05,144.56,144.78,143.38,143.56
2011-10-06,143.91,144.25,142.19,142.44
2011-10-07,142.41,142.75,140.22,141.31
2011-10-10,141.38,141.44,138.59,138.69
2011-10-11,139.41,140.56,139.41,139.88
2011-10-12,140.03,140.41,137.94,138.56
2011-10-13,138.72,140.31,138.59,139.53
2011-10-14,139.34,139.69,137.84,138.41
2011-10-17,138.09,139.81,137.41,139.75
2011-10-18,139.78,141.0,138.66,139.59
2011-10-19,139.28,139.88,138.5,139.47
2011-10-20,139.31,140.16,138.62,139.0
2011-10-21,138.78,139.25,138.03,138.5
2011-10-24,138.5,139.09,137.91,138.09
2011-10-25,138.06,140.38,137.56,140.06
2011-10-26,140.19,140.41,138.59,138.78
2011-10-27,138.84,139.12,135.22,135.41
2011-10-28,135.56,137.03,135.16,136.88
2011-10-31,136.59,140.0,136.56,139.03
2011-11-01,139.78,142.81,139.38,142.0
2011-11-02,142.12,142.69,140.75,141.75
2011-11-03,142.12,143.12,140.5,140.69
2011-11-04,140.66,141.47,139.62,141.0
2011-11-07,140.81,142.47,140.19,142.0
2011-11-08,141.16,141.91,140.34,140.75
2011-11-09,140.59,143.12,140.34,142.72
2011-11-10,142.47,142.91,140.47,141.31
2011-11-11,141.38,141.47,140.34,140.44
2011-11-14,140.53,142.06,140.06,141.78
2011-11-15,141.53,142.66,141.22,141.5
2011-11-16,141.66,142.53,141.5,142.12
2011-11-17,142.5,143.66,141.81,143.34
2011-11-18,143.22,143.59,142.12,142.78
2011-11-21,142.81,143.94,142.81,143.59
2011-11-22,143.62,144.47,143.03,144.09
2011-11-23,144.41,145.44,143.88,145.34
2011-11-24,145.0,145.01,143.89,144.61
2011-11-25,145.16,145.19,143.75,143.84
2011-11-28,143.22,144.09,141.78,144.0
2011-11-29,143.66,143.91,142.47,143.28
2011-11-30,143.41,143.59,141.22,141.62
2011-12-01,141.53,142.0,140.19,140.66
2011-12-02,141.19,142.28,140.09,142.06
2011-12-05,142.03,142.38,140.94,141.81
2011-12-06,141.69,142.22,141.0,141.03
2011-12-07,141.06,142.19,140.47,142.12
2011-12-08,141.81,142.97,140.78,142.84
2011-12-09,143.03,143.03,141.28,141.5
2011-12-12,141.31,142.69,141.22,142.44
2011-12-13,142.12,143.59,141.69,143.41
2011-12-14,143.12,144.84,142.97,144.75
2011-12-15,144.78,145.44,144.09,144.47
2011-12-16,144.59,145.84,144.12,145.56
2011-12-19,145.84,146.56,145.25,146.31
2011-12-20,146.0,146.06,144.62,144.69
2011-12-21,144.16,144.59,143.09,143.25
2011-12-22,143.28,144.06,143.06,143.47
2011-12-23,143.38,143.44,141.88,141.97
2011-12-26,142.07,142.07,142.07,142.07
2011-12-27,142.09,142.56,142.03,142.44
2011-12-28,142.5,144.56,142.41,144.53
2011-12-29,144.19,144.72,143.84,144.5
2011-12-30,144.56,145.25,144.19,144.81
2012-01-02,144.55,144.55,144.55,144.55
2012-01-03,143.94,143.97,143.03,143.09
2012-01-04,143.31,143.69,142.09,142.41
2012-01-05,142.62,143.28,141.91,142.28
2012-01-06,142.22,143.25,141.31,143.03
2012-01-09,142.97,143.75,142.5,142.91
2012-01-10,142.75,143.19,142.03,142.84
2012-01-11,142.84,144.19,142.69,144.0
2012-01-12,143.88,144.22,143.41,143.56
2012-01-13,143.66,145.34,143.47,145.0
2012-01-16,145.07,145.19,144.74,144.97
2012-01-17,144.94,145.31,144.16,145.16
2012-01-18,145.09,145.41,144.06,144.19
2012-01-19,144.16,144.44,142.38,142.81
2012-01-20,142.72,143.0,141.75,141.88
2012-01-23,142.0,142.44,140.66,141.16
2012-01-24,141.44,141.78,140.78,141.16
2012-01-25,141.12,143.5,140.91,141.78
2012-01-26,141.91,142.97,141.72,142.84
2012-01-27,142.72,143.56,142.09,143.44
2012-01-30,143.44,145.09,143.41,144.62
2012-01-31,144.44,145.47,143.88,145.44
2012-02-01,145.38,145.41,144.25,144.34
2012-02-02,144.56,144.94,144.19,144.59
2012-02-03,144.66,144.91,142.19,142.41
2012-02-06,142.88,143.53,142.47,143.28
2012-02-07,143.16,143.47,141.84,142.31
2012-02-08,142.28,142.5,141.72,142.22
2012-02-09,142.09,142.41,140.72,141.53
2012-02-10,141.66,142.97,141.62,142.78
2012-02-13,142.72,142.91,142.69,142.38
2012-02-14,142.72,143.62,142.5,143.56
2012-02-15,143.25,143.84,142.91,143.31
2012-02-16,143.38,143.72,141.94,142.28
2012-02-17,142.47,142.5,141.69,142.09
2012-02-20,141.64,141.93,141.45,141.76
2012-02-21,142.0,142.03,140.97,141.53
2012-02-22,142.25,142.28,142.16,142.25
2012-02-23,142.25,142.91,141.66,142.69
2012-02-24,142.44,143.12,142.25,143.0
2012-02-27,143.03,144.09,142.97,143.97
2012-02-28,143.88,144.44,143.5,143.81
2012-02-29,143.59,144.12,142.5,143.09
2012-03-01,143.06,143.16,141.53,141.91
2012-03-02,142.03,143.06,141.94,142.66
2012-03-05,142.69,143.06,142.19,142.34
2012-03-06,142.12,143.72,142.12,143.44
2012-03-07,143.38,143.38,142.75,142.94
2012-03-08,142.75,142.94,141.84,142.12
2012-03-09,142.09,142.19,141.28,141.75
2012-03-12,141.91,142.56,141.91,141.97
2012-03-13,141.91,141.97,140.28,140.69
2012-03-14,140.22,140.28,137.84,138.06
2012-03-15,138.12,138.38,137.03,137.97
2012-03-16,137.91,138.03,136.94,137.88
2012-03-19,138.19,138.38,136.62,136.81
2012-03-20,137.22,137.5,136.72,137.06
2012-03-21,137.25,138.06,136.88,137.97
2012-03-22,136.72,137.41,136.47,137.06
2012-03-23,137.03,138.12,136.75,137.81
2012-03-26,137.78,137.81,136.84,137.66
2012-03-27,137.53,138.56,137.31,138.31
2012-03-28,138.34,138.84,137.72,138.31
2012-03-29,138.25,139.03,138.03,138.88
2012-03-30,138.84,139.16,137.44,137.75
2012-04-02,137.78,138.69,137.22,138.0
2012-04-03,138.09,138.84,136.44,136.81
2012-04-04,136.5,137.66,136.38,137.28
2012-04-05,137.59,139.0,137.41,138.34
2012-04-06,138.22,140.28,137.78,140.25
2012-04-09,140.47,140.81,139.94,140.59
2012-04-10,140.38,141.84,140.09,141.41
2012-04-11,141.47,141.5,140.44,140.78
2012-04-12,140.66,141.03,140.03,140.47
2012-04-13,140.44,141.78,140.38,141.44
2012-04-16,141.62,142.28,141.41,141.88
2012-04-17,141.59,141.94,141.12,141.28
2012-04-18,141.47,141.94,141.16,141.78
2012-04-19,141.81,142.34,141.44,142.22
2012-04-20,142.03,142.22,141.5,141.97
2012-04-23,142.06,143.12,142.03,142.72
2012-04-24,142.69,143.0,142.03,142.28
2012-04-25,142.06,142.41,141.09,141.94
2012-04-26,141.97,142.84,141.69,142.28
2012-04-27,142.62,143.56,142.31,142.72
2012-04-30,142.66,143.06,142.41,142.88
2012-05-01,142.75,143.19,142.03,142.09
2012-05-02,142.34,143.12,141.94,142.84
2012-05-03,142.78,143.0,142.28,142.84
2012-05-04,142.75,143.78,142.38,143.69
2012-05-07,143.84,144.59,143.59,143.75
2012-05-08,143.75,144.84,143.66,144.47
2012-05-09,144.31,145.25,144.19,144.47
2012-05-10,144.66,144.81,143.56,144.34
2012-05-11,144.75,145.19,144.62,145.12
2012-05-14,145.19,146.56,145.12,146.09
2012-05-15,146.5,146.69,145.75,146.41
2012-05-16,146.62,147.06,145.78,146.81
2012-05-17,146.91,148.72,146.38,148.38
2012-05-18,148.5,148.62,147.56,148.31
2012-05-21,148.06,148.22,147.31,147.91
2012-05-22,147.72,147.78,146.69,146.78
2012-05-23,147.25,148.56,147.06,148.28
2012-05-24,147.84,148.5,147.03,147.5
2012-05-25,147.16,147.91,146.97,147.72
2012-05-28,146.66,147.11,146.49,147.05
2012-05-29,147.66,148.25,147.06,147.81
2012-05-30,147.53,149.88,147.47,149.66
2012-05-31,149.62,151.38,149.12,150.28
2012-06-01,150.72,152.97,150.47,152.62
2012-06-04,152.81,153.09,151.72,151.88
2012-06-05,151.97,152.25,150.78,151.22
2012-06-06,150.91,151.16,149.03,149.34
2012-06-07,149.25,149.81,148.72,149.06
2012-06-08,149.41,150.84,149.09,149.22
2012-06-11,148.66,150.22,147.5,149.88
2012-06-12,150.25,150.25,148.75,148.81
2012-06-13,149.12,150.03,148.22,149.84
2012-06-14,149.84,149.94,149.06,149.75
2012-06-15,149.47,150.56,149.19,150.22
2012-06-18,149.62,150.75,149.0,150.22
2012-06-19,150.47,150.72,149.25,149.56
2012-06-20,149.44,149.81,148.31,149.34
2012-06-21,148.38,149.69,148.22,149.22
2012-06-22,149.12,149.38,147.97,148.09
2012-06-25,148.03,149.41,148.03,149.28
2012-06-26,149.31,149.38,148.44,148.91
2012-06-27,148.91,149.19,148.53,149.06
2012-06-28,149.03,150.0,148.81,149.84
2012-06-29,149.69,149.94,147.72,147.97
2012-07-02,148.09,150.06,147.81,149.59
2012-07-03,149.41,149.53,148.31,148.53
2012-07-04,148.6,149.14,148.51,148.93
2012-07-05,148.5,149.38,148.44,148.91
2012-07-06,148.91,150.0,148.81,149.88
2012-07-09,149.88,150.72,149.81,150.59
2012-07-10,150.53,151.0,150.22,151.0
2012-07-11,150.91,151.75,150.44,151.16
2012-07-12,150.72,151.69,150.69,151.62
2012-07-13,151.66,151.88,150.84,151.19
2012-07-16,151.25,152.31,151.19,151.78
2012-07-17,151.56,151.75,150.78,150.94
2012-07-18,150.84,151.53,150.75,151.28
2012-07-19,150.91,151.12,150.34,150.59
2012-07-20,150.59,152.03,150.59,151.78
2012-07-23,151.91,153.03,151.75,152.16
2012-07-24,152.34,153.22,151.66,152.88
2012-07-25,153.16,153.34,152.31,152.81
2012-07-26,152.94,153.19,152.12,152.5
2012-07-27,152.25,152.44,149.25,150.03
2012-07-30,150.16,151.16,149.88,151.0
2012-07-31,150.94,151.62,150.53,151.03
2012-08-01,151.53,151.59,150.22,150.28
2012-08-02,150.53,152.12,149.5,151.5
2012-08-03,151.44,151.59,149.25,149.53
2012-08-06,149.78,150.34,149.53,149.91
2012-08-07,149.75,149.94,148.31,148.66
2012-08-08,148.62,149.09,148.0,148.38
2012-08-09,148.19,148.47,147.31,148.25
2012-08-10,148.16,149.25,148.12,148.84
2012-08-13,148.81,149.28,148.5,148.81
2012-08-14,148.66,148.78,147.28,147.5
2012-08-15,147.34,147.56,145.94,146.12
2012-08-16,146.0,146.5,145.12,145.59
2012-08-17,145.56,146.25,145.47,145.88
2012-08-20,145.88,146.31,145.16,146.0
2012-08-21,146.09,146.47,145.09,146.28
2012-08-22,146.41,148.06,146.38,147.59
2012-08-23,147.97,148.59,147.66,148.5
2012-08-24,148.28,149.12,148.12,148.38
2012-08-27,148.28,149.06,148.12,148.88
2012-08-28,148.81,149.59,148.69,149.22
2012-08-29,149.12,149.38,148.53,148.97
2012-08-30,149.0,149.84,148.88,149.62
2012-08-31,149.5,150.78,149.0,150.5
2012-09-03,151.75,151.82,151.51,151.74
2012-09-04,150.72,150.97,150.06,150.22
2012-09-05,150.34,150.81,149.84,149.97
2012-09-06,149.94,149.97,148.41,148.62
2012-09-07,148.53,150.03,147.66,148.53
2012-09-10,148.53,148.94,147.94,148.19
2012-09-11,148.69,148.84,147.97,148.09
2012-09-12,148.19,148.19,146.81,146.91
2012-09-13,147.16,147.78,145.59,146.66
2012-09-14,146.75,147.03,144.19,144.56
2012-09-17,144.62,145.41,144.16,145.16
2012-09-18,145.41,146.06,145.09,145.62
2012-09-19,145.75,146.38,145.25,145.97
2012-09-20,146.66,147.59,146.44,146.72
2012-09-21,146.84,147.12,146.31,146.88
2012-09-24,146.97,147.88,146.91,147.59
2012-09-25,147.75,148.66,147.34,148.38
2012-09-26,148.59,150.03,148.47,149.88
2012-09-27,149.94,149.97,149.12,149.5
2012-09-28,149.31,150.28,149.16,149.38
2012-10-01,149.34,149.97,149.09,149.66
2012-10-02,149.72,150.0,149.25,149.91
2012-10-03,149.78,150.19,149.31,149.69
2012-10-04,149.78,149.88,148.62,148.81
2012-10-05,148.72,149.0,147.34,147.5
2012-10-08,147.34,148.34,147.31,148.25
2012-10-09,148.25,148.44,147.66,147.97
2012-10-10,148.12,149.0,147.47,148.72
2012-10-11,148.94,149.41,147.97,149.25
2012-10-12,149.28,150.22,148.81,149.56
2012-10-15,149.62,149.81,149.0,149.44
2012-10-16,149.41,149.47,148.03,148.19
2012-10-17,148.09,148.19,146.34,146.66
2012-10-18,146.38,147.22,146.16,146.38
2012-10-19,146.31,147.66,146.19,147.56
2012-10-22,147.53,147.72,146.69,147.12
2012-10-23,146.72,148.12,146.69,147.75
2012-10-24,147.81,147.91,147.09,147.47
2012-10-25,147.25,147.28,146.06,146.72
2012-10-26,146.78,148.19,146.59,148.0
2012-10-29,148.25,149.0,148.06,148.72
2012-10-30,148.78,149.12,148.34,148.62
2012-10-31,148.47,149.34,148.0,149.31
2012-11-01,149.19,149.19,148.25,148.59
2012-11-02,148.47,148.75,147.56,148.41
2012-11-05,148.62,149.47,148.44,149.25
2012-11-06,149.16,149.25,148.09,148.28
2012-11-07,148.19,150.59,148.16,150.31
2012-11-08,150.06,151.53,149.75,151.19
2012-11-09,151.5,152.25,151.03,151.62
2012-11-12,151.75,151.94,151.41,151.66
2012-11-13,151.81,152.47,151.59,152.09
2012-11-14,151.97,152.38,151.31,152.03
2012-11-15,152.03,152.47,151.53,152.06
2012-11-16,152.0,152.66,151.78,152.22
2012-11-19,151.94,151.97,151.12,151.44
2012-11-20,151.72,151.72,150.28,150.53
2012-11-21,150.41,150.78,149.91,150.09
2012-11-22,150.13,150.18,149.74,150.07
2012-11-23,150.16,150.62,149.72,150.03
2012-11-26,150.03,151.16,149.94,150.59
2012-11-27,150.56,151.06,150.31,150.88
2012-11-28,150.97,151.78,150.91,151.38
2012-11-29,151.03,151.44,150.75,151.22
2012-11-30,151.25,151.75,151.03,151.41
2012-12-03,151.12,151.34,150.38,151.06
2012-12-04,151.16,151.62,150.78,151.47
2012-12-05,151.44,152.0,151.19,151.59
2012-12-06,151.5,152.19,151.44,151.84
2012-12-07,151.72,152.53,150.69,150.88
2012-12-10,150.94,151.41,150.81,151.06
2012-12-11,151.06,151.16,150.25,150.38
2012-12-12,150.38,150.69,149.28,149.44
2012-12-13,149.53,149.66,148.69,149.19
2012-12-14,149.19,149.91,148.88,149.72
2012-12-17,149.44,149.72,148.38,148.66
2012-12-18,148.47,148.59,147.0,147.31
2012-12-19,147.53,148.31,147.25,148.03
2012-12-20,146.53,147.12,146.28,146.5
2012-12-21,146.53,147.72,146.38,147.53
2012-12-24,147.34,147.44,147.09,147.25
2012-12-26,147.06,147.69,147.03,147.47
2012-12-27,147.62,148.56,146.94,148.34
2012-12-28,147.84,148.78,147.72,148.38
2012-12-31,148.41,148.72,146.72,147.5
2013-01-02,146.19,146.31,145.41,145.72
2013-01-03,145.69,146.06,144.41,144.72
2013-01-04,144.44,144.84,143.53,144.5
2013-01-07,144.66,145.12,144.38,144.69
2013-01-08,144.72,145.41,144.53,145.19
2013-01-09,145.16,145.62,144.78,145.5
2013-01-10,145.38,145.38,144.53,144.84
2013-01-11,144.78,145.59,144.34,145.28
2013-01-14,145.31,146.06,145.16,145.47
2013-01-15,145.62,146.44,145.53,145.97
2013-01-16,145.81,146.53,145.78,146.09
2013-01-17,146.16,146.47,144.88,145.19
2013-01-18,145.12,145.97,144.91,145.84
2013-01-21,145.74,145.86,145.32,145.51
2013-01-22,145.78,146.16,145.25,146.03
2013-01-23,145.91,146.38,145.81,145.97
2013-01-24,146.16,146.47,145.28,145.84
2013-01-25,145.75,145.78,143.94,144.06
2013-01-28,144.0,144.34,143.09,143.66
2013-01-29,143.78,144.09,143.16,143.44
2013-01-30,143.16,143.69,142.59,143.06
2013-01-31,143.22,143.75,143.0,143.47
2013-02-01,143.38,144.41,142.44,142.84
2013-02-04,142.75,143.88,142.16,143.47
2013-02-05,143.72,143.84,142.66,142.75
2013-02-06,142.94,143.72,142.66,143.53
2013-02-07,143.59,144.19,143.06,143.78
2013-02-08,143.62,144.09,143.03,143.69
2013-02-11,143.66,143.94,143.25,143.88
2013-02-12,143.56,143.81,143.19,143.25
2013-02-13,143.31,143.44,142.28,142.62
2013-02-14,142.47,143.66,142.28,143.47
2013-02-15,143.47,143.94,142.91,143.47
2013-02-18,143.31,143.51,143.07,143.49
2013-02-19,143.41,143.81,142.94,143.06
2013-02-20,143.0,143.41,142.53,143.09
2013-02-21,143.28,144.22,143.09,143.84
2013-02-22,143.81,144.19,143.5,144.0
2013-02-25,144.0,145.91,143.28,145.25
2013-02-26,145.72,146.31,145.34,145.62
2013-02-27,145.53,146.34,145.0,145.16
2013-02-28,145.19,145.75,145.0,145.28
2013-03-01,145.44,146.19,145.44,145.84
2013-03-04,146.09,146.41,145.44,145.44
2013-03-05,145.47,145.56,144.88,145.16
2013-03-06,145.09,145.12,144.25,144.34
2013-03-07,144.34,144.66,143.38,143.47
2013-03-08,143.38,143.5,142.0,142.5
2013-03-11,142.66,142.81,142.19,142.44
2013-03-12,142.28,143.25,142.09,143.06
2013-03-13,143.09,143.44,142.56,143.06
2013-03-14,142.97,143.16,142.25,142.81
2013-03-15,143.03,143.53,142.72,143.38
2013-03-18,143.72,145.19,143.72,144.22
2013-03-19,144.19,145.22,144.03,145.22
2013-03-20,143.69,143.94,142.62,143.12
2013-03-21,142.72,143.72,142.56,143.31
2013-03-22,143.62,143.97,143.12,143.62
2013-03-25,143.38,143.91,142.62,143.5
2013-03-26,143.34,143.75,142.97,143.69
2013-03-27,143.53,144.91,143.41,144.56
2013-03-28,144.59,144.97,144.22,144.47
2013-04-01,144.28,145.03,144.0,144.88
2013-04-02,144.91,145.12,144.31,144.44
2013-04-03,144.47,145.62,144.19,145.28
2013-04-04,145.38,146.41,145.12,146.34
2013-04-05,146.31,148.28,146.03,148.0
2013-04-08,147.81,148.0,147.06,147.31
2013-04-09,147.09,147.5,146.72,147.0
2013-04-10,146.94,147.06,145.81,145.94
2013-04-11,145.94,146.41,145.81,146.22
2013-04-12,146.19,147.59,146.16,147.53
2013-04-15,147.47,148.44,147.16,147.94
2013-04-16,148.28,148.44,147.34,147.62
2013-04-17,147.53,148.62,147.41,147.97
2013-04-18,148.09,148.5,147.59,148.44
2013-04-19,148.41,148.44,147.88,148.12
2013-04-22,148.03,148.59,147.47,148.16
2013-04-23,148.16,149.19,147.84,148.09
2013-04-24,147.91,148.28,147.56,148.19
2013-04-25,148.03,148.19,147.62,147.94
2013-04-26,147.94,148.91,147.84,148.88
2013-04-29,148.72,149.16,148.38,148.59
2013-04-30,148.5,149.16,148.28,148.38
2013-05-01,148.44,149.66,148.28,149.12
2013-05-02,149.22,149.38,148.56,149.19
2013-05-03,149.31,149.41,146.84,147.06
2013-05-06,147.16,147.25,146.41,146.5
2013-05-07,146.66,146.97,146.19,146.25
2013-05-08,146.34,146.94,146.0,146.72
2013-05-09,146.56,147.38,146.38,146.5
2013-05-10,146.53,146.69,144.53,145.0
2013-05-13,144.75,145.12,144.19,144.62
2013-05-14,144.69,145.12,143.5,144.06
2013-05-15,143.66,144.59,143.5,144.19
2013-05-16,144.25,145.56,143.91,145.44
2013-05-17,145.16,145.53,143.84,143.97
2013-05-20,144.03,144.53,143.56,143.75
2013-05-21,143.72,144.47,143.25,144.09
2013-05-22,144.38,145.09,142.59,142.84
2013-05-23,142.69,144.09,142.28,143.0
2013-05-24,143.03,143.84,142.72,143.38
2013-05-27,142.3,142.47,142.05,142.18
2013-05-28,143.28,143.41,140.5,141.25
2013-05-29,140.78,141.81,139.91,141.62
2013-05-30,141.72,142.03,141.09,141.5
2013-05-31,141.66,142.41,140.12,141.06
2013-06-03,141.22,142.41,140.44,141.31
2013-06-04,141.59,141.69,140.78,141.09
2013-06-05,140.78,142.25,140.78,141.62
2013-06-06,141.81,143.34,141.25,142.12
2013-06-07,142.0,142.59,140.31,140.78
2013-06-10,140.53,140.81,139.72,139.94
2013-06-11,140.0,140.72,138.84,140.34
2013-06-12,140.59,140.84,139.69,139.78
2013-06-13,139.94,141.34,139.78,140.72
2013-06-14,141.06,141.84,141.06,141.31
2013-06-17,141.06,141.59,140.38,140.53
2013-06-18,140.5,140.78,139.94,140.56
2013-06-19,140.41,140.81,139.97,139.91
2013-06-20,137.56,137.72,135.62,136.12
2013-06-21,136.19,136.72,134.44,135.03
2013-06-24,134.81,135.16,133.12,134.81
2013-06-25,135.0,135.69,133.78,134.16
2013-06-26,134.03,135.31,133.62,134.97
2013-06-27,135.06,136.0,134.66,135.59
2013-06-28,135.88,136.12,134.62,135.84
2013-07-01,135.66,136.03,134.88,135.75
2013-07-02,135.94,136.34,135.62,135.97
2013-07-03,135.91,136.84,135.28,135.56
2013-07-04,135.51,135.99,135.11,135.3
2013-07-05,135.47,136.0,132.12,132.66
2013-07-08,132.44,133.66,132.06,133.5
2013-07-09,133.66,133.78,133.25,133.47
2013-07-10,133.5,133.81,132.66,132.88
2013-07-11,133.62,134.81,133.62,134.22
2013-07-12,134.12,135.03,133.88,133.94
2013-07-15,134.22,134.88,133.41,134.59
2013-07-16,134.81,135.25,134.53,134.97
2013-07-17,134.97,135.88,134.53,135.34
2013-07-18,135.25,135.69,134.44,134.66
2013-07-19,134.69,135.75,134.53,135.5
2013-07-22,135.59,136.0,135.44,135.5
2013-07-23,135.62,135.69,134.75,135.06
2013-07-24,135.25,135.25,133.5,134.09
2013-07-25,134.22,134.41,133.56,134.0
2013-07-26,134.28,134.97,134.19,134.72
2013-07-29,134.69,134.97,133.81,134.16
2013-07-30,133.94,134.44,133.69,133.91
2013-07-31,133.75,134.41,132.41,134.06
2013-08-01,134.19,134.22,132.0,132.03
2013-08-02,132.34,133.81,131.78,133.72
2013-08-05,133.75,133.88,132.81,133.19
2013-08-06,133.25,133.41,132.78,133.16
2013-08-07,133.22,134.12,133.19,133.91
2013-08-08,133.88,134.62,133.75,134.28
2013-08-09,134.25,134.56,133.94,134.44
2013-08-12,134.44,135.06,133.78,134.12
2013-08-13,133.84,133.91,132.38,132.62
2013-08-14,132.56,132.94,132.44,132.62
2013-08-15,132.69,132.88,131.03,132.06
2013-08-16,131.81,131.94,130.53,131.03
2013-08-19,131.09,131.09,130.16,130.38
2013-08-20,130.44,131.41,130.41,131.34
2013-08-21,131.28,131.41,130.22,130.81
2013-08-22,130.31,130.81,129.88,130.59
2013-08-23,130.81,132.06,130.41,131.81
2013-08-26,131.91,132.28,131.66,131.97
2013-08-27,132.12,133.47,131.81,133.19
2013-08-28,133.28,133.5,132.25,132.47
2013-08-29,132.72,133.25,131.84,133.12
2013-08-30,132.94,133.38,132.56,133.34
2013-09-02,131.25,131.32,130.57,130.8
2013-09-03,132.78,132.78,130.78,131.72
2013-09-04,131.53,131.81,131.16,131.31
2013-09-05,131.34,131.5,129.97,130.12
2013-09-06,130.03,131.47,129.78,130.47
2013-09-09,130.47,131.34,130.31,131.03
2013-09-10,130.78,130.84,130.09,130.28
2013-09-11,130.09,131.0,130.09,130.88
2013-09-12,131.06,131.81,130.88,131.16
2013-09-13,130.91,131.66,130.59,131.31
2013-09-16,132.28,132.88,131.28,131.34
2013-09-17,131.56,131.97,131.44,131.84
2013-09-18,132.06,133.97,131.16,133.47
2013-09-19,133.38,133.66,132.84,132.94
2013-09-20,131.22,131.91,130.97,131.69
2013-09-23,131.59,132.19,131.41,131.91
2013-09-24,132.06,133.16,132.03,132.97
2013-09-25,132.97,133.72,132.88,133.59
2013-09-26,133.25,133.47,132.88,133.12
2013-09-27,133.0,133.72,132.69,133.44
2013-09-30,133.44,133.78,132.97,133.38
2013-10-01,133.41,133.44,132.69,133.0
2013-10-02,132.94,133.91,132.78,133.28
2013-10-03,133.38,133.91,132.84,133.44
2013-10-04,133.44,133.47,132.81,132.97
2013-10-07,133.22,133.72,133.16,133.34
2013-10-08,133.44,133.69,132.88,133.41
2013-10-09,133.47,133.78,132.78,133.12
2013-10-10,132.91,132.94,132.0,132.66
2013-10-11,132.66,133.47,132.62,132.81
2013-10-14,133.09,133.16,131.88,132.22
2013-10-15,131.97,132.56,131.84,132.16
2013-10-16,131.94,133.12,131.62,132.97
2013-10-17,133.06,134.28,132.97,134.16
2013-10-18,134.09,134.81,133.88,134.09
2013-10-21,134.19,134.25,133.56,133.72
2013-10-22,133.78,135.12,133.72,135.0
2013-10-23,135.0,135.72,134.97,135.47
2013-10-24,135.25,135.75,135.0,135.06
2013-10-25,135.06,135.47,134.97,135.34
2013-10-28,135.22,135.41,134.94,135.22
2013-10-29,135.03,135.41,134.78,135.25
2013-10-30,135.31,135.72,134.59,134.97
2013-10-31,134.88,135.31,134.34,134.81
2013-11-01,134.62,134.72,133.62,133.75
2013-11-04,133.66,134.19,133.62,133.97
2013-11-05,133.91,134.06,132.75,132.97
2013-11-06,132.88,133.28,132.75,133.09
2013-11-07,133.03,133.91,132.88,133.69
2013-11-08,133.84,134.31,131.56,131.75
2013-11-11,131.69,131.75,131.31,131.47
2013-11-12,131.38,131.66,131.12,131.5
2013-11-13,131.44,132.34,131.41,131.94
2013-11-14,132.16,132.97,132.03,132.53
2013-11-15,132.69,132.78,132.16,132.53
2013-11-18,132.53,133.28,132.38,133.0
2013-11-19,133.16,133.31,132.41,132.47
2013-11-20,132.47,132.78,130.78,131.03
2013-11-21,130.84,131.34,130.44,131.28
2013-11-22,131.25,132.09,131.16,131.91
2013-11-25,132.0,132.31,131.66,131.97
2013-11-26,132.16,132.75,132.09,132.72
2013-11-27,132.5,132.5,131.66,132.22
2013-11-28,130.68,130.74,130.24,130.64
2013-11-29,132.19,132.28,131.72,132.22
2013-12-02,131.91,132.03,131.12,131.25
2013-12-03,131.34,131.91,131.22,131.66
2013-12-04,131.47,131.59,130.44,130.62
2013-12-05,130.72,130.88,130.06,130.44
2013-12-06,130.28,131.0,129.34,130.38
2013-12-09,130.81,131.09,130.56,130.78
2013-12-10,131.0,131.78,131.0,131.72
2013-12-11,131.5,131.59,130.81,130.97
2013-12-12,130.94,131.03,130.56,130.75
2013-12-13,130.62,131.25,130.62,131.12
2013-12-16,131.22,131.56,130.66,130.84
2013-12-17,130.78,131.44,130.66,131.31
2013-12-18,131.34,131.69,130.22,130.72
2013-12-19,130.91,131.06,130.28,130.59
2013-12-20,129.09,130.25,128.84,130.09
2013-12-23,130.16,131.12,129.41,129.44
2013-12-24,129.47,129.59,128.56,128.69
2013-12-26,128.69,128.78,128.31,128.5
2013-12-27,128.5,128.75,128.06,128.28
2013-12-30,128.31,128.97,128.09,128.78
2013-12-31,128.81,128.88,127.72,128.31
2014-01-01,128.01,128.01,128.01,128.01
2014-01-02,128.09,128.81,127.84,128.62
2014-01-03,128.53,128.88,128.19,128.53
2014-01-06,128.47,129.34,128.25,129.03
2014-01-07,128.97,129.38,128.91,129.31
2014-01-08,129.22,129.25,128.34,128.78
2014-01-09,128.91,129.44,128.81,129.34
2014-01-10,129.28,130.75,129.12,130.72
2014-01-13,130.59,131.25,130.56,131.09
2014-01-14,131.03,131.09,130.53,130.66
2014-01-15,130.62,130.78,130.09,130.53
2014-01-16,130.31,131.22,130.22,131.09
2014-01-17,131.09,131.5,130.81,131.31
2014-01-20,131.51,131.64,131.26,131.39
2014-01-21,131.41,131.62,130.84,131.41
2014-01-22,131.31,131.47,130.97,131.06
2014-01-23,131.0,132.62,130.94,132.31
2014-01-24,132.28,133.16,132.16,132.84
2014-01-27,133.03,133.25,132.28,132.34
2014-01-28,132.62,132.69,132.09,132.62
2014-01-29,132.31,133.75,132.03,133.5
2014-01-30,133.53,133.59,132.78,133.28
2014-01-31,133.19,133.97,133.06,133.59
2014-02-03,133.75,135.09,133.44,134.91
2014-02-04,134.91,135.06,134.0,134.16
2014-02-05,134.06,134.5,133.31,133.41
2014-02-06,133.44,133.59,132.88,133.03
2014-02-07,133.09,134.06,132.38,133.31
2014-02-10,133.09,133.44,132.94,133.28
2014-02-11,133.34,133.44,132.47,132.84
2014-02-12,132.78,132.91,132.0,132.25
2014-02-13,132.31,133.22,132.25,133.0
2014-02-14,133.09,133.44,132.69,132.91
2014-02-17,132.95,133.11,132.8,132.89
2014-02-18,132.97,133.62,132.66,133.31
2014-02-19,133.34,133.91,132.81,132.97
2014-02-20,132.84,133.47,132.38,132.72
2014-02-21,132.78,133.19,132.41,133.09
2014-02-24,133.12,133.31,132.66,132.84
2014-02-25,133.0,133.72,132.94,133.62
2014-02-26,133.59,134.28,133.41,134.09
2014-02-27,134.28,134.75,134.06,134.66
2014-02-28,134.69,134.84,133.84,134.59
2014-03-03,135.0,135.53,134.88,135.19
2014-03-04,135.22,135.25,133.75,133.94
2014-03-05,133.84,134.19,133.66,133.91
2014-03-06,133.84,133.91,133.19,133.28
2014-03-07,133.25,133.66,132.09,132.69
2014-03-10,132.75,132.97,132.47,132.72
2014-03-11,132.78,133.06,132.53,133.0
2014-03-12,132.97,133.91,132.91,133.69
2014-03-13,133.62,135.0,133.34,134.84
2014-03-14,135.03,135.5,134.81,135.0
2014-03-17,135.06,135.09,134.31,134.31
2014-03-18,134.38,134.78,134.22,134.5
2014-03-19,134.66,134.78,133.38,133.5
2014-03-20,133.75,134.12,133.31,133.56
2014-03-21,132.09,132.81,132.0,132.66
2014-03-24,132.66,133.34,132.34,133.09
2014-03-25,133.22,133.31,132.66,133.06
2014-03-26,132.88,133.81,132.66,133.59
2014-03-27,133.66,134.5,133.5,134.22
2014-03-28,133.94,134.25,133.16,133.53
2014-03-31,133.41,133.47,132.5,133.22
2014-04-01,133.25,133.28,132.47,132.62
2014-04-02,132.62,132.62,131.81,131.97
2014-04-03,131.94,132.38,131.84,132.22
2014-04-04,132.12,133.09,131.66,132.97
2014-04-07,133.0,133.72,132.84,133.44
2014-04-08,133.41,133.78,133.12,133.66
2014-04-09,133.62,133.69,133.16,133.44
2014-04-10,133.28,134.59,133.12,134.44
2014-04-11,134.12,134.88,134.09,134.78
2014-04-14,134.78,135.06,134.28,134.5
2014-04-15,134.44,135.31,134.25,134.81
2014-04-16,134.81,135.0,134.25,134.88
2014-04-17,134.97,135.12,133.59,133.91
2014-04-21,133.88,134.34,133.62,133.72
2014-04-22,133.84,134.19,133.44,133.94
2014-04-23,134.09,134.56,133.94,134.47
2014-04-24,134.31,134.69,133.75,134.53
2014-04-25,134.66,135.28,134.56,134.94
2014-04-28,134.88,134.94,134.19,134.72
2014-04-29,134.34,134.47,133.78,134.38
2014-04-30,134.41,135.0,133.94,134.94
2014-05-01,134.88,135.88,134.69,135.69
2014-05-02,135.56,136.5,134.5,136.19
2014-05-05,136.12,136.5,135.66,135.72
2014-05-06,135.75,136.25,135.53,136.06
2014-05-07,136.03,136.34,135.69,136.0
2014-05-08,136.03,136.69,135.72,136.19
2014-05-09,135.94,136.44,135.53,135.75
2014-05-12,135.75,135.78,135.16,135.34
2014-05-13,135.28,136.09,135.25,135.88
2014-05-14,135.94,137.28,135.88,137.03
2014-05-15,136.97,138.12,136.72,137.59
2014-05-16,137.78,137.84,137.34,137.44
2014-05-19,137.38,137.78,136.81,136.97
2014-05-20,136.84,137.53,136.72,137.25
2014-05-21,137.19,137.38,136.31,136.69
2014-05-22,136.75,136.84,136.19,136.5
2014-05-23,136.5,137.19,136.47,136.94
2014-05-26,136.19,136.3,136.01,136.11
2014-05-27,136.97,137.47,136.66,137.38
2014-05-28,137.38,138.72,137.31,138.66
2014-05-29,138.56,139.09,138.0,138.44
2014-05-30,138.12,138.44,137.81,138.25
2014-06-02,138.0,138.06,137.0,137.19
2014-06-03,137.25,137.38,136.12,136.22
2014-06-04,136.22,136.56,135.88,136.03
2014-06-05,136.16,136.5,135.41,136.28
2014-06-06,136.31,137.16,136.09,136.28
2014-06-09,136.34,136.34,135.91,136.12
2014-06-10,136.31,136.5,135.62,135.84
2014-06-11,135.69,136.19,135.5,135.78
2014-06-12,135.78,136.78,135.59,136.66
2014-06-13,136.5,136.94,136.0,136.59
2014-06-16,136.56,137.09,136.5,136.78
2014-06-17,136.72,136.94,135.91,135.91
2014-06-18,135.94,136.97,135.81,136.47
2014-06-19,136.78,137.03,136.38,136.38
2014-06-20,135.19,135.62,134.62,135.34
2014-06-23,135.59,136.0,135.25,135.38
2014-06-24,135.28,136.22,135.25,136.03
2014-06-25,136.09,136.94,136.0,136.5
2014-06-26,136.47,137.28,136.41,137.16
2014-06-27,136.94,137.38,136.78,136.91
2014-06-30,136.91,137.22,136.66,137.19
2014-07-01,136.91,137.12,136.22,136.34
2014-07-02,136.34,136.62,135.19,135.25
2014-07-03,135.31,135.5,134.34,135.0
2014-07-04,135.11,135.2,135.01,135.18
2014-07-07,135.19,135.88,134.91,135.69
2014-07-08,135.75,136.78,135.62,136.59
2014-07-09,136.69,137.0,136.28,136.97
2014-07-10,136.75,137.72,136.66,137.09
2014-07-11,137.03,137.59,136.94,137.38
2014-07-14,137.44,137.5,136.84,136.91
2014-07-15,136.88,137.34,136.53,136.94
2014-07-16,136.94,137.34,136.62,137.16
2014-07-17,137.31,138.66,137.25,138.12
2014-07-18,138.44,138.72,137.72,138.06
2014-07-21,138.09,138.84,138.03,138.44
2014-07-22,138.47,138.66,137.97,138.56
2014-07-23,138.56,138.84,138.38,138.56
2014-07-24,138.47,138.62,137.66,137.88
2014-07-25,137.97,138.75,137.78,138.66
2014-07-28,138.69,138.78,138.22,138.28
2014-07-29,138.44,139.09,138.28,138.94
2014-07-30,138.94,139.06,137.38,137.5
2014-07-31,137.44,137.75,136.44,137.41
2014-08-01,137.31,138.41,136.78,137.94
2014-08-04,138.06,138.5,137.88,138.09
2014-08-05,138.22,138.5,137.56,138.38
2014-08-06,138.25,139.25,138.19,138.5
2014-08-07,138.56,139.5,138.38,139.25
2014-08-08,139.38,140.34,139.19,139.41
2014-08-11,139.28,139.59,139.09,139.41
2014-08-12,139.25,139.5,138.81,138.97
2014-08-13,138.84,139.56,138.5,139.47
2014-08-14,139.38,140.12,139.22,140.06
2014-08-15,140.03,141.66,139.91,141.03
2014-08-18,140.97,141.03,140.0,140.16
2014-08-19,140.06,140.72,139.75,139.78
2014-08-20,139.88,140.06,139.34,139.69
2014-08-21,139.69,140.28,139.38,140.06
2014-08-22,140.09,140.56,139.66,140.44
2014-08-25,140.34,140.94,140.34,140.72
2014-08-26,140.78,141.06,140.38,140.53
2014-08-27,140.41,141.31,140.38,141.16
2014-08-28,141.28,141.94,141.22,141.72
2014-08-29,141.69,141.91,141.38,141.53
2014-09-01,140.07,140.1,139.68,139.86
2014-09-02,141.53,141.56,140.03,140.12
2014-09-03,140.12,140.62,139.44,140.38
2014-09-04,140.47,140.75,139.53,139.62
2014-09-05,139.69,140.53,139.28,139.38
2014-09-08,139.47,140.12,139.19,139.41
2014-09-09,139.38,139.44,138.91,139.16
2014-09-10,139.28,139.34,138.53,138.62
2014-09-11,138.72,139.12,138.31,138.72
2014-09-12,138.41,138.5,137.25,137.28
2014-09-15,137.47,137.91,137.25,137.56
2014-09-16,137.47,138.16,137.38,137.47
2014-09-17,137.44,138.12,137.06,137.38
2014-09-18,137.16,137.66,136.97,137.16
2014-09-19,137.12,137.91,136.88,137.91
2014-09-22,136.75,137.19,136.62,136.75
2014-09-23,136.75,137.56,136.69,137.41
2014-09-24,137.44,137.56,136.81,136.84
2014-09-25,136.91,138.0,136.81,137.81
2014-09-26,137.88,138.22,137.16,137.62
2014-09-29,137.78,138.59,137.56,138.31
2014-09-30,138.47,138.53,137.81,137.91
2014-10-01,138.19,139.97,137.84,139.62
2014-10-02,139.84,140.03,138.97,139.0
2014-10-03,139.09,139.41,138.34,139.22
2014-10-06,139.28,139.78,139.03,139.38
2014-10-07,139.44,140.78,139.31,140.59
2014-10-08,140.69,140.94,140.06,140.66
2014-10-09,140.72,141.44,140.53,140.81
2014-10-10,141.0,141.69,140.62,141.28
2014-10-13,141.69,142.53,141.56,142.03
2014-10-14,142.25,143.19,141.81,142.69
2014-10-15,142.81,148.0,142.41,144.38
2014-10-16,143.75,146.22,143.06,143.41
2014-10-17,143.44,143.91,142.28,142.91
2014-10-20,142.78,143.5,142.44,143.09
2014-10-21,143.0,143.78,142.38,142.69
2014-10-22,142.59,143.25,142.09,142.41
2014-10-23,142.56,142.88,141.22,141.72
2014-10-24,141.75,142.53,141.62,141.72
2014-10-27,141.75,142.28,141.41,141.97
2014-10-28,141.91,142.16,141.25,141.53
2014-10-29,141.44,141.66,140.5,141.38
2014-10-30,141.47,142.12,141.25,141.56
2014-10-31,141.47,141.59,140.62,141.09
2014-11-03,141.19,141.62,140.44,141.06
2014-11-04,141.09,141.88,141.03,141.25
2014-11-05,141.28,141.5,140.75,141.09
2014-11-06,141.16,141.44,140.41,140.66
2014-11-07,140.5,141.97,140.25,141.66
2014-11-10,141.91,142.25,140.88,140.97
2014-11-11,140.88,141.06,140.53,140.72
2014-11-12,140.94,141.75,140.75,141.12
2014-11-13,140.81,141.47,140.69,141.25
2014-11-14,141.34,141.78,140.84,141.69
2014-11-17,141.62,142.28,141.16,141.38
2014-11-18,141.34,141.91,141.31,141.69
2014-11-19,141.75,141.84,141.0,141.22
2014-11-20,141.09,142.09,141.06,141.56
2014-11-21,141.53,142.09,141.38,142.0
2014-11-24,142.0,142.22,141.59,142.06
2014-11-25,142.12,143.03,142.0,142.97
2014-11-26,142.94,143.5,142.91,143.44
2014-11-27,141.86,142.45,141.8,142.36
2014-11-28,143.31,144.28,143.25,144.06
2014-12-01,144.28,144.72,143.09,143.53
2014-12-02,143.25,143.44,142.34,142.53
2014-12-03,142.41,142.84,142.28,142.72
2014-12-04,142.81,143.69,142.56,143.28
2014-12-05,143.56,143.66,142.31,142.97
2014-12-08,142.81,144.19,142.41,144.0
2014-12-09,143.88,145.12,143.81,144.59
2014-12-10,144.66,145.62,144.5,145.38
2014-12-11,145.41,145.91,144.81,145.53
2014-12-12,145.84,147.0,145.84,146.62
2014-12-15,146.88,147.19,146.19,146.53
2014-12-16,146.69,148.0,146.5,147.22
2014-12-17,147.34,147.56,146.09,146.16
2014-12-18,146.44,146.88,144.88,145.19
2014-12-19,145.19,145.91,144.59,145.78
2014-12-22,144.59,144.78,144.06,144.59
2014-12-23,144.69,144.75,142.66,142.88
2014-12-24,142.88,143.28,142.34,143.16
2014-12-25,143.24,143.39,143.24,143.3
2014-12-26,143.25,143.72,143.06,143.38
2014-12-29,143.34,144.28,143.22,144.0
2014-12-30,144.03,144.69,143.91,144.28
2014-12-31,144.28,144.66,144.12,144.56
2015-01-01,144.45,144.45,144.32,144.32
2015-01-02,144.34,145.94,143.97,145.5
2015-01-05,145.56,147.19,145.41,146.97
2015-01-06,146.91,149.25,146.88,148.16
2015-01-07,148.5,148.75,147.31,148.19
2015-01-08,147.84,147.97,146.69,146.91
2015-01-09,146.84,148.06,146.59,147.53
2015-01-12,147.97,148.66,147.31,148.44
2015-01-13,148.34,149.12,147.72,148.62
2015-01-14,148.44,150.31,148.31,149.41
2015-01-15,149.03,151.22,148.34,150.09
2015-01-16,150.84,151.31,149.19,149.53
2015-01-18,149.39,149.39,149.3,149.32
2015-01-19,149.3,150.01,149.14,149.76
2015-01-20,149.38,150.66,149.12,149.84
2015-01-21,150.09,150.59,148.66,149.09
2015-01-22,148.81,149.88,147.38,148.5
2015-01-23,149.0,150.44,148.84,149.84
2015-01-26,150.47,150.91,149.38,149.59
2015-01-27,149.62,150.84,149.41,149.53
2015-01-28,149.56,151.56,149.31,151.19
2015-01-29,151.09,151.38,149.91,150.41
2015-01-30,150.31,151.88,150.19,151.28
2015-02-02,151.59,151.72,150.5,150.84
2015-02-03,150.75,150.84,148.97,149.28
2015-02-04,149.12,150.38,148.56,149.44
2015-02-05,150.12,150.59,148.72,148.88
2015-02-06,148.75,149.69,147.03,147.66
2015-02-09,147.62,148.28,146.97,147.59
2015-02-10,147.12,147.34,146.59,146.88
2015-02-11,146.88,147.16,146.19,146.91
2015-02-12,146.5,147.31,145.72,146.81
2015-02-13,146.78,147.0,145.53,145.91
2015-02-15,145.57,145.57,145.07,145.07
2015-02-16,145.06,145.76,144.93,145.74
2015-02-17,145.56,146.12,143.94,144.09
2015-02-18,144.19,145.22,143.78,144.81
2015-02-19,144.59,145.22,144.09,144.31
2015-02-20,144.22,145.44,143.88,144.03
2015-02-23,144.16,145.41,144.09,145.34
2015-02-24,145.25,146.47,144.56,146.16
2015-02-25,146.25,147.06,145.97,146.88
2015-02-26,146.75,147.78,146.47,146.81
2015-02-27,146.66,147.25,146.22,147.03
2015-03-02,147.09,147.28,145.53,145.81
2015-03-03,145.78,146.16,145.06,145.16
2015-03-04,145.22,145.66,145.0,145.34
2015-03-05,145.53,145.75,144.88,145.47
2015-03-06,145.41,145.91,142.97,143.38
2015-03-09,144.19,144.34,143.44,144.19
2015-03-10,144.09,145.34,144.0,145.25
2015-03-11,145.28,146.03,144.81,145.72
2015-03-12,145.78,146.59,145.28,145.69
2015-03-13,145.25,145.97,145.19,145.69
2015-03-16,146.09,146.47,145.72,145.84
2015-03-17,147.12,147.19,146.41,146.66
2015-03-18,147.44,148.44,146.56,148.16
2015-03-19,149.31,149.31,147.56,147.97
2015-03-20,148.38,149.03,148.25,148.59
2015-03-23,164.22,164.5,163.66,164.03
2015-03-24,163.94,165.5,163.81,165.25
2015-03-25,165.25,165.84,164.25,164.53
2015-03-26,164.34,165.22,162.25,162.41
2015-03-27,162.84,164.47,162.53,164.41
2015-03-30,164.06,164.34,163.25,163.47
2015-03-31,163.72,164.16,163.16,163.88
2015-04-01,164.03,166.34,163.56,165.81
2015-04-02,166.0,166.66,164.28,164.56
2015-04-03,164.69,166.84,164.28,165.75
2015-04-06,165.75,165.81,163.5,163.75
2015-04-07,163.94,164.97,163.59,164.62
2015-04-08,164.88,165.22,163.66,164.94
2015-04-09,164.66,165.34,162.91,163.25
2015-04-10,163.19,164.38,163.0,163.5
2015-04-13,163.47,163.94,162.59,163.47
2015-04-14,163.66,165.81,163.59,164.38
2015-04-15,164.47,165.09,163.81,164.09
2015-04-16,164.41,164.94,163.09,164.12
2015-04-17,163.66,165.59,163.31,165.47
2015-04-20,164.91,165.34,163.62,163.78
2015-04-21,163.94,164.75,163.22,163.38
2015-04-22,163.47,163.94,160.97,161.47
2015-04-23,161.41,162.38,161.06,162.03
2015-04-24,161.66,163.12,161.28,162.56
2015-04-27,162.78,163.28,161.94,162.84
2015-04-28,162.75,163.03,160.59,161.47
2015-04-29,159.88,161.16,158.69,159.88
2015-04-30,159.78,160.03,158.25,159.59
2015-05-01,158.94,159.81,157.44,157.62
2015-05-04,157.69,158.16,156.44,156.78
2015-05-05,156.5,157.31,155.38,156.06
2015-05-06,155.88,156.16,153.84,154.31
2015-05-07,154.12,156.28,153.0,155.97
2015-05-08,155.75,157.38,155.31,156.22
2015-05-11,156.03,156.66,152.81,153.19
2015-05-12,153.03,154.28,151.12,153.59
2015-05-13,153.66,155.06,152.09,152.56
2015-05-14,152.19,153.56,151.88,153.0
2015-05-15,153.25,155.84,153.19,155.59
2015-05-18,155.53,155.53,153.09,153.47
2015-05-19,153.25,154.41,151.88,153.0
2015-05-20,152.25,153.31,151.91,152.72
2015-05-21,152.78,154.47,152.59,154.41
2015-05-22,154.12,154.91,153.47,153.78
2015-05-24,152.61,152.61,152.41,152.44
2015-05-25,152.45,153.05,152.39,152.82
2015-05-26,154.12,156.34,153.91,156.22
2015-05-27,156.06,156.75,155.34,156.56
2015-05-28,156.62,156.97,156.0,156.34
2015-05-29,156.25,157.38,156.22,157.19
2015-06-01,156.53,157.0,154.72,154.97
2015-06-02,155.16,155.41,153.03,153.31
2015-06-03,153.5,153.56,150.88,151.25
2015-06-04,151.47,153.16,150.19,152.91
2015-06-05,152.75,152.78,150.59,151.25
2015-06-08,151.25,152.0,151.09,151.56
2015-06-09,151.53,152.0,149.88,150.66
2015-06-10,150.12,150.38,149.03,149.47
2015-06-11,149.53,152.0,149.09,151.88
2015-06-12,151.97,153.22,151.5,152.0
2015-06-15,152.12,153.31,151.72,152.12
2015-06-16,152.09,153.12,152.0,152.94
2015-06-17,153.0,153.25,151.09,152.56
2015-06-18,152.47,153.31,150.78,151.25
2015-06-19,152.16,153.69,152.12,153.59
2015-06-22,151.75,151.78,149.34,149.72
2015-06-23,149.59,149.72,148.16,148.81
2015-06-24,148.84,149.97,148.78,149.84
2015-06-25,149.91,150.06,148.88,149.56
2015-06-26,149.25,149.5,147.34,147.56
2015-06-29,149.75,151.69,149.22,150.91
2015-06-30,150.94,151.5,150.03,150.84
2015-07-01,150.5,150.66,148.41,148.84
2015-07-02,148.75,149.91,147.81,149.19
2015-07-03,149.14,150.55,149.14,150.18
2015-07-06,151.94,152.09,152.09,152.06
2015-07-07,151.72,154.44,151.28,153.5
2015-07-08,152.91,154.72,152.88,154.12
2015-07-09,154.25,154.66,151.09,151.59
2015-07-10,151.09,151.12,149.03,149.09
2015-07-13,150.31,150.75,148.16,149.16
2015-07-14,148.59,149.66,148.53,149.53
2015-07-15,149.44,150.97,148.88,150.84
2015-07-16,150.66,151.62,150.0,151.34
2015-07-17,151.34,152.34,151.19,152.09
2015-07-20,152.06,152.5,151.38,151.75
2015-07-21,151.97,152.66,150.97,152.31
2015-07-22,152.59,153.47,152.38,153.19
2015-07-23,153.16,154.72,152.78,154.47
2015-07-24,154.56,155.09,154.38,154.59
2015-07-27,154.72,155.84,154.72,155.19
2015-07-28,155.34,155.41,154.34,154.88
2015-07-29,154.78,154.97,153.88,154.38
2015-07-30,154.16,155.47,153.41,155.16
2015-07-31,155.25,156.66,154.81,155.94
2015-08-03,156.41,157.94,156.12,157.59
2015-08-04,157.66,157.88,156.5,156.88
2015-08-05,156.66,156.91,155.22,155.66
2015-08-06,155.69,157.09,155.44,156.72
2015-08-07,157.0,158.72,156.38,158.53
2015-08-10,158.62,158.69,156.62,156.78
2015-08-11,156.88,159.34,156.81,158.81
2015-08-12,158.72,160.69,158.12,158.62
2015-08-13,158.19,158.78,157.47,157.91
2015-08-14,157.91,158.66,157.38,158.12
2015-08-17,158.19,159.34,158.09,159.09
2015-08-18,158.69,159.31,157.53,157.72
2015-08-19,157.78,159.19,156.94,158.81
2015-08-20,158.84,160.31,158.78,160.09
2015-08-21,160.28,160.84,159.62,160.19
2015-08-24,160.88,163.03,159.81,160.91
2015-08-25,160.38,160.66,157.62,157.72
2015-08-26,158.88,159.28,155.41,156.03
2015-08-27,156.09,157.09,155.5,156.88
2015-08-28,156.34,157.84,156.12,156.72
2015-08-31,156.25,157.75,155.44,156.12
2015-09-01,155.56,157.09,155.28,156.12
2015-09-02,156.53,156.84,155.38,155.5
2015-09-03,155.62,156.41,155.22,155.97
2015-09-04,156.06,157.53,156.06,157.31
2015-09-06,155.82,155.83,155.51,155.57
2015-09-07,155.55,155.89,155.17,155.42
2015-09-08,157.22,157.34,155.22,155.44
2015-09-09,155.88,156.31,153.91,156.16
2015-09-10,155.81,156.06,155.09,155.28
2015-09-11,155.25,156.66,155.16,156.28
2015-09-14,156.12,156.94,155.97,156.44
2015-09-15,156.25,156.59,153.66,153.88
2015-09-16,153.72,154.31,153.34,153.25
2015-09-17,153.59,154.97,153.5,154.56
2015-09-18,155.12,157.28,155.09,157.25
2015-09-21,157.03,157.03,155.69,155.31
2015-09-22,153.75,156.03,153.72,155.75
2015-09-23,155.41,156.25,154.69,155.62
2015-09-24,155.5,157.5,155.41,156.69
2015-09-25,156.31,156.66,155.12,155.44
2015-09-28,155.62,157.66,155.47,157.53
2015-09-29,157.31,158.16,156.75,157.91
2015-09-30,157.84,157.88,156.75,157.34
2015-10-01,157.81,158.59,157.03,157.81
2015-10-02,157.91,160.62,157.47,158.81
2015-10-05,158.78,159.16,157.09,157.25
2015-10-06,157.28,157.97,156.72,157.81
2015-10-07,157.91,158.0,156.69,157.66
2015-10-08,157.22,158.31,156.16,156.41
2015-10-09,156.62,157.16,155.81,156.91
2015-10-12,157.03,157.97,156.72,157.81
2015-10-13,157.78,158.44,157.44,157.84
2015-10-14,158.06,159.75,158.03,159.59
2015-10-15,159.66,159.69,158.62,158.72
2015-10-16,158.84,159.34,158.47,158.94
2015-10-19,158.53,158.97,157.56,158.38
2015-10-20,158.44,158.66,157.09,157.28
2015-10-21,157.38,158.72,157.25,158.41
2015-10-22,158.53,159.06,157.78,158.44
2015-10-23,158.34,158.56,156.56,157.16
2015-10-26,157.09,158.22,157.03,158.03
2015-10-27,157.94,159.06,157.88,158.53
2015-10-28,158.31,158.47,157.25,158.12
2015-10-29,157.84,158.25,155.66,155.84
2015-10-30,155.97,156.66,155.69,156.44
2015-11-02,156.69,157.0,155.59,155.75
2015-11-03,156.06,156.28,154.47,154.62
2015-11-04,154.81,155.28,154.31,154.69
2015-11-05,154.72,154.91,153.69,154.09
2015-11-06,154.28,154.56,151.78,152.31
2015-11-09,152.5,152.56,151.38,152.09
2015-11-10,151.97,152.88,151.81,152.59
2015-11-11,152.19,152.47,151.94,152.03
2015-11-12,152.12,153.19,151.91,152.84
2015-11-13,152.84,153.66,152.72,153.38
2015-11-16,154.03,154.22,153.09,153.25
2015-11-17,153.41,154.12,152.56,153.84
2015-11-18,153.72,154.06,153.19,153.84
2015-11-19,153.75,154.97,153.66,154.69
2015-11-20,154.53,155.06,154.31,154.44
2015-11-23,154.41,155.28,153.84,154.94
2015-11-24,155.12,155.75,154.69,155.0
2015-11-25,154.94,155.62,154.81,155.28
2015-11-26,153.93,154.18,153.86,154.14
2015-11-27,155.28,155.94,155.16,155.25
2015-11-30,155.25,155.78,154.91,155.41
2015-12-01,155.75,157.53,155.06,157.22
2015-12-02,157.47,157.62,156.75,157.5
2015-12-03,157.25,157.44,153.16,153.5
2015-12-04,153.94,155.38,152.81,155.19
2015-12-07,154.94,157.09,154.75,156.69
2015-12-08,156.38,157.34,156.12,156.22
2015-12-09,156.44,157.0,155.25,156.84
2015-12-10,156.5,157.0,156.38,156.47
2015-12-11,156.75,158.88,156.75,158.59
2015-12-14,158.28,158.62,156.5,156.81
2015-12-15,156.97,156.97,155.34,156.09
2015-12-16,156.09,156.31,155.0,155.91
2015-12-17,156.38,157.34,156.22,157.25
2015-12-18,157.41,158.0,157.31,157.72
2015-12-21,157.47,158.22,157.44,157.91
2015-12-22,156.34,156.47,155.0,155.06
2015-12-23,155.22,155.25,153.75,154.25
2015-12-24,154.34,155.09,154.28,155.06
2015-12-28,155.0,156.09,154.88,155.62
2015-12-29,155.5,155.78,153.12,153.28
2015-12-30,153.47,153.72,152.75,153.25
2015-12-31,153.47,153.94,153.22,153.75
2016-01-04,153.44,155.44,153.28,154.25
2016-01-05,154.28,154.59,153.53,153.69
2016-01-06,153.97,155.72,153.72,155.59
2016-01-07,155.53,156.78,154.84,156.0
2016-01-08,155.94,156.75,154.44,156.38
2016-01-11,156.69,157.09,155.34,155.78
2016-01-12,155.47,157.94,155.03,157.56
2016-01-13,157.44,159.12,156.72,158.53
2016-01-14,157.66,158.81,156.94,157.47
2016-01-15,157.56,159.75,157.44,159.12
2016-01-17,159.14,159.49,159.14,159.25
2016-01-18,159.24,159.39,158.68,158.89
2016-01-19,159.22,159.69,158.03,159.38
2016-01-20,158.88,161.56,158.81,160.44
2016-01-21,160.47,161.12,159.28,159.56
2016-01-22,159.38,159.84,158.19,159.03
2016-01-25,158.94,160.0,159.0,159.62
2016-01-26,160.06,160.88,159.47,160.16
2016-01-27,160.16,160.44,158.97,160.0
2016-01-28,159.88,160.66,159.12,160.06
2016-01-29,160.19,161.84,159.91,161.03
2016-02-01,161.25,161.69,160.47,160.53
2016-02-02,160.91,163.53,160.88,163.03
2016-02-03,163.44,164.22,162.16,162.38
2016-02-04,162.22,163.25,161.66,162.75
2016-02-05,163.19,163.69,162.12,163.25
2016-02-08,163.5,166.12,162.88,166.03
2016-02-09,165.69,167.28,165.25,166.12
2016-02-10,166.25,167.91,165.25,167.06
2016-02-11,167.84,170.81,167.69,168.34
2016-02-12,168.22,168.66,166.16,166.47
2016-02-14,166.27,166.3,166.14,166.24
2016-02-15,166.27,166.49,165.55,165.89
2016-02-16,166.31,166.5,165.06,165.72
2016-02-17,165.78,166.38,163.94,164.56
2016-02-18,164.56,166.59,164.34,166.09
2016-02-19,166.56,167.12,165.69,166.59
2016-02-22,166.53,166.69,165.84,166.19
2016-02-23,166.47,167.44,164.78,166.75
2016-02-24,167.09,168.78,166.28,166.69
2016-02-25,166.41,167.97,166.16,167.34
2016-02-26,166.84,166.97,165.31,165.62
2016-02-29,165.53,166.25,165.47,165.88
2016-03-01,165.97,166.66,163.47,163.69
2016-03-02,163.84,164.28,163.38,164.0
2016-03-03,164.16,165.22,163.81,164.81
2016-03-04,164.78,165.91,162.94,163.59
2016-03-07,163.78,163.78,163.12,163.66
2016-03-08,165.41,166.12,163.62,165.28
2016-03-09,165.31,165.31,164.0,164.19
2016-03-10,164.78,165.16,163.0,163.72
2016-03-11,163.78,164.12,162.34,162.56
2016-03-12,166.0,166.19,164.88,165.03
2016-03-14,162.5,163.34,162.34,162.81
2016-03-15,162.81,163.84,162.62,163.03
2016-03-16,163.0,163.53,162.47,162.84
2016-03-17,163.31,164.44,163.19,164.06
2016-03-18,164.22,165.0,164.09,164.56
2016-03-21,164.59,164.59,163.12,163.53
2016-03-22,161.91,163.0,161.66,161.91
2016-03-23,161.75,163.59,161.53,163.5
2016-03-24,163.28,164.31,162.5,163.03
2016-03-28,162.91,163.72,162.53,163.53
2016-03-29,163.19,164.75,163.0,164.5
2016-03-30,164.59,164.66,162.72,163.47
2016-03-31,163.59,164.75,163.31,164.44
2016-04-01,164.56,165.31,164.03,164.38
2016-04-04,164.91,165.19,164.28,164.66
2016-04-05,165.0,166.47,164.94,166.22
2016-04-06,166.22,166.22,165.0,165.34
2016-04-07,165.31,167.19,165.12,167.0
2016-04-08,167.09,167.09,165.78,166.19
2016-04-11,166.25,166.78,165.34,166.09
2016-04-12,166.0,166.19,164.88,165.03
2016-04-13,165.12,166.03,164.78,165.88
2016-04-14,165.69,166.06,164.66,165.31
2016-04-15,165.19,166.53,165.03,166.12
2016-04-18,166.44,166.72,164.84,165.38
2016-04-19,165.53,165.56,164.41,165.06
2016-04-20,165.09,165.91,163.25,163.41
2016-04-21,163.53,163.75,162.16,162.69
2016-04-22,162.84,163.09,162.09,162.47
2016-04-25,162.47,162.81,161.66,161.94
2016-04-26,161.75,162.19,160.97,161.22
2016-04-27,161.25,162.75,161.19,162.69
2016-04-28,162.59,163.5,162.03,162.75
2016-04-29,163.09,163.5,161.81,163.31
2016-05-02,163.03,163.53,161.94,162.19
2016-05-03,161.94,164.31,161.94,163.84
2016-05-04,163.84,164.69,163.44,164.38
2016-05-05,164.56,165.69,163.97,165.41
2016-05-06,165.38,166.5,164.88,165.03
2016-05-09,165.06,165.81,164.72,165.47
2016-05-10,165.78,165.94,165.19,165.56
2016-05-11,165.56,166.66,165.34,166.19
2016-05-12,166.22,166.41,165.03,165.44
2016-05-13,165.59,166.81,165.53,166.72
2016-05-16,166.72,166.91,165.44,165.56
2016-05-17,165.56,166.25,165.19,165.75
2016-05-18,165.47,165.72,163.12,163.25
2016-05-19,163.69,164.56,163.25,164.34
2016-05-20,164.16,164.53,163.56,164.25
2016-05-23,164.28,165.0,164.09,164.47
2016-05-24,164.66,164.94,163.41,164.06
2016-05-25,164.09,164.41,163.53,163.59
2016-05-26,163.72,164.66,163.53,164.56
2016-05-27,164.28,164.59,163.84,164.31
2016-05-30,162.67,162.74,162.39,162.64
2016-05-31,164.0,164.75,163.09,164.72
2016-06-01,164.34,165.94,164.19,164.94
2016-06-02,165.19,166.41,165.09,166.06
2016-06-03,166.16,168.25,166.0,168.0
2016-06-06,168.16,168.34,167.22,167.53
2016-06-07,167.28,168.12,167.09,167.91
2016-06-08,167.75,168.5,167.75,168.28
2016-06-09,168.31,169.47,168.31,168.97
2016-06-10,168.91,170.34,168.91,169.78
2016-06-13,169.81,170.28,169.62,170.22
2016-06-14,170.34,171.28,170.12,170.38
2016-06-15,170.38,171.12,169.91,170.66
2016-06-16,171.72,172.53,171.28,171.62
2016-06-17,171.0,171.38,170.44,170.59
2016-06-20,170.31,170.31,169.09,169.47
2016-06-21,169.44,169.84,168.97,169.31
2016-06-22,167.28,167.88,167.12,167.72
2016-06-23,167.47,167.47,165.88,166.09
2016-06-24,165.84,173.78,165.78,169.97
2016-06-27,171.12,173.56,170.88,173.16
2016-06-28,173.47,173.78,172.53,173.09
2016-06-29,173.12,173.69,172.0,173.0
2016-06-30,172.03,173.72,171.03,172.34
2016-07-01,172.69,175.34,172.66,173.69
2016-07-03,174.44,174.44,173.83,174.17
2016-07-04,174.2,174.61,173.77,174.33
2016-07-05,174.41,176.41,173.75,176.25
2016-07-06,175.84,177.12,175.53,175.88
2016-07-07,176.25,176.69,175.28,176.25
2016-07-08,176.34,177.28,175.03,176.94
2016-07-11,177.09,177.34,175.62,175.69
2016-07-12,175.84,176.22,173.22,173.81
2016-07-13,173.84,175.22,173.78,174.97
2016-07-14,174.91,175.12,172.47,173.0
2016-07-15,172.94,173.44,171.41,171.66
2016-07-18,171.81,172.56,170.97,171.56
2016-07-19,171.78,172.69,171.69,172.22
2016-07-20,172.38,172.41,171.0,171.47
2016-07-21,171.34,171.75,169.97,171.47
2016-07-22,171.62,172.28,170.69,171.62
2016-07-25,171.78,172.16,171.16,171.56
2016-07-26,171.62,172.72,171.22,171.88
2016-07-27,171.78,173.59,170.97,173.22
2016-07-28,173.53,173.72,172.53,173.34
2016-07-29,173.41,174.69,171.78,174.44
2016-08-01,174.56,174.59,172.62,173.59
2016-08-02,172.69,173.06,171.12,172.34
2016-08-03,171.97,172.66,171.44,172.16
2016-08-04,172.16,173.81,171.78,173.16
2016-08-05,173.31,173.66,171.34,171.56
2016-08-08,171.38,171.88,170.66,171.66
2016-08-09,171.47,172.94,171.25,172.72
2016-08-10,172.62,173.69,172.56,173.47
2016-08-11,173.41,173.5,171.59,171.78
2016-08-12,172.03,173.94,171.88,172.97
2016-08-15,173.09,173.38,171.53,171.75
2016-08-16,171.66,172.5,171.03,171.09
2016-08-17,171.19,172.06,170.88,171.59
2016-08-18,171.91,172.25,171.28,171.91
2016-08-19,172.0,172.03,170.44,171.09
2016-08-22,170.94,172.5,170.66,172.38
2016-08-23,172.34,173.03,171.66,172.44
2016-08-24,172.69,172.81,171.88,172.25
2016-08-25,172.16,172.56,171.31,171.72
2016-08-26,171.69,173.09,170.28,170.31
2016-08-29,170.34,172.16,170.22,172.09
2016-08-30,172.03,172.06,171.44,171.78
2016-08-31,171.84,172.09,171.31,171.84
2016-09-01,171.72,172.28,170.62,171.94
2016-09-02,171.91,172.78,170.25,170.97
2016-09-04,169.36,169.36,169.22,169.3
2016-09-05,169.27,169.47,168.84,169.17
2016-09-06,170.84,172.5,170.31,172.12
2016-09-07,172.41,172.94,172.16,172.19
2016-09-08,172.34,172.47,169.69,169.91
2016-09-09,170.22,170.47,168.06,168.38
2016-09-12,168.62,168.62,167.97,168.34
2016-09-13,168.66,169.0,166.31,166.81
2016-09-14,166.72,167.81,166.62,167.41
2016-09-15,167.0,167.38,166.19,166.94
2016-09-16,167.53,167.72,167.12,167.19
2016-09-19,167.34,167.69,166.97,167.25
2016-09-20,167.59,168.16,167.28,167.53
2016-09-21,166.03,167.34,165.91,167.34
2016-09-22,167.03,168.03,166.94,167.5
2016-09-23,167.78,168.25,167.56,167.81
2016-09-26,167.88,168.75,167.66,168.25
2016-09-27,168.44,169.69,167.91,169.44
2016-09-28,169.53,170.09,169.0,169.25
2016-09-29,169.19,169.91,168.28,169.62
2016-09-30,169.53,170.03,167.94,168.16
2016-10-03,168.44,168.78,167.81,168.06
2016-10-04,167.97,168.41,166.28,166.44
2016-10-05,166.38,166.84,165.28,165.72
2016-10-06,165.84,166.31,164.94,165.06
2016-10-07,165.19,165.56,164.25,164.91
2016-10-10,165.12,165.22,163.66,164.16
2016-10-11,164.28,164.72,163.75,164.34
2016-10-12,164.12,164.34,163.59,164.09
2016-10-13,164.34,165.41,164.28,164.97
2016-10-14,164.78,164.88,163.0,163.22
2016-10-17,163.06,164.25,162.59,163.94
2016-10-18,164.0,164.47,163.28,164.28
2016-10-19,164.47,164.81,163.78,164.22
2016-10-20,164.34,165.22,163.75,164.66
2016-10-21,164.41,165.19,164.31,164.81
2016-10-24,164.97,165.31,163.94,164.31
2016-10-25,164.28,165.16,163.75,164.69
2016-10-26,164.72,165.16,163.59,163.94
2016-10-27,163.81,163.94,161.69,162.44
2016-10-28,162.22,162.69,161.66,162.19
2016-10-31,162.38,162.91,162.0,162.72
2016-11-01,162.81,163.28,161.69,163.06
2016-11-02,162.81,163.91,162.75,163.25
2016-11-03,163.19,163.94,162.41,162.72
2016-11-04,162.72,163.81,162.53,163.34
2016-11-07,162.69,163.0,162.34,162.59
2016-11-08,162.62,163.22,161.72,162.09
2016-11-09,162.25,164.97,156.69,156.97
2016-11-10,157.31,158.53,155.5,156.22
2016-11-11,155.81,156.38,155.0,155.16
2016-11-14,155.28,155.44,152.75,154.41
2016-11-15,153.91,155.5,153.84,154.28
2016-11-16,154.66,155.28,153.31,155.03
2016-11-17,155.22,155.38,153.12,153.78
2016-11-18,153.22,154.25,152.38,153.16
2016-11-21,152.91,153.88,152.81,153.19
2016-11-22,153.75,154.28,153.19,153.25
2016-11-23,153.44,153.69,151.59,152.91
2016-11-24,152.95,153.02,152.39,152.55
2016-11-25,152.94,153.38,151.97,152.81
2016-11-28,153.12,153.91,153.12,153.69
2016-11-29,153.75,154.34,153.09,154.12
2016-11-30,154.19,154.34,151.5,152.66
2016-12-01,152.34,152.38,149.75,150.88
2016-12-02,150.69,152.25,150.69,151.88
2016-12-05,152.38,152.94,150.72,152.12
2016-12-06,151.97,152.34,151.53,151.66
2016-12-07,151.69,152.78,151.66,152.56
2016-12-08,152.47,152.56,150.59,151.34
2016-12-09,150.94,151.06,149.53,149.88
2016-12-12,149.62,150.09,148.78,150.0
2016-12-13,150.19,151.09,150.0,150.22
2016-12-14,151.03,151.44,149.09,149.84
2016-12-15,149.25,150.06,148.91,149.94
2016-12-16,150.5,150.5,148.81,149.03
2016-12-19,149.09,150.41,149.09,150.31
2016-12-20,150.09,150.09,149.56,149.88
2016-12-21,148.72,149.19,148.12,148.94
2016-12-22,149.12,149.34,148.38,148.81
2016-12-23,148.91,149.38,148.78,149.12
2016-12-26,148.86,148.92,148.8,148.89
2016-12-27,148.97,149.03,148.22,148.56
2016-12-28,148.56,149.78,148.5,149.72
2016-12-29,149.66,150.38,149.53,149.91
2016-12-30,149.88,150.75,149.72,150.66
2017-01-02,150.24,150.24,149.99,150.2
2017-01-03,150.22,150.88,149.06,150.56
2017-01-04,150.62,151.06,150.06,150.69
2017-01-05,150.91,153.0,150.44,152.5
2017-01-06,152.88,153.28,151.59,151.78
2017-01-09,151.72,152.91,151.53,152.72
2017-01-10,152.81,152.97,152.22,152.53
2017-01-11,152.66,153.53,152.31,152.81
2017-01-12,152.81,153.97,152.56,152.59
2017-01-13,152.59,153.62,151.34,152.28
2017-01-15,152.08,152.49,152.08,152.49
2017-01-16,152.45,152.77,151.99,152.33
2017-01-17,152.06,153.88,151.97,153.31
2017-01-18,153.28,153.31,151.41,152.03
2017-01-19,151.38,151.84,150.28,151.06
2017-01-20,150.78,151.16,149.94,150.78
2017-01-23,150.78,152.47,150.56,152.0
2017-01-24,152.06,152.25,150.5,150.59
2017-01-25,150.84,151.06,149.25,149.47
2017-01-26,149.69,149.94,148.94,149.78
2017-01-27,149.91,150.44,149.5,150.38
2017-01-30,150.47,150.62,149.88,150.25
2017-01-31,150.16,151.19,149.75,150.84
2017-02-01,150.69,150.72,149.72,150.44
2017-02-02,150.53,151.47,150.34,150.56
2017-02-03,150.5,151.28,149.84,150.03
2017-02-06,150.41,151.69,150.31,151.53
2017-02-07,151.53,152.53,150.81,152.19
2017-02-08,152.16,153.66,152.06,153.28
2017-02-09,153.5,153.53,151.97,152.19
2017-02-10,152.28,152.38,151.25,151.91
2017-02-13,151.84,151.88,151.0,151.38
2017-02-14,151.31,151.53,149.91,150.62
2017-02-15,150.75,150.78,149.5,149.94
2017-02-16,150.09,151.19,149.97,150.81
2017-02-17,150.78,151.97,150.56,151.25
2017-02-19,151.41,151.45,151.33,151.39
2017-02-20,151.36,151.42,150.95,151.11
2017-02-21,151.44,151.72,150.59,151.31
2017-02-22,151.22,152.19,150.75,151.38
2017-02-23,151.41,152.06,151.25,151.81
2017-02-24,152.03,153.38,151.88,153.22
2017-02-27,153.28,153.28,152.53,152.62
2017-02-28,152.72,153.34,152.25,152.94
2017-03-01,152.28,152.34,150.5,150.69
2017-03-02,150.94,150.94,150.0,150.34
2017-03-03,150.5,150.78,149.97,150.5
2017-03-06,150.47,151.12,150.09,150.31
2017-03-07,150.22,150.41,149.91,150.09
2017-03-08,149.97,150.12,148.59,149.16
2017-03-09,149.12,149.12,147.84,148.06
2017-03-10,147.84,148.22,147.72,148.06
2017-03-13,148.31,148.5,147.22,147.62
2017-03-14,147.5,148.19,147.25,148.12
2017-03-15,148.06,149.66,148.06,149.62
2017-03-16,149.78,149.78,148.97,149.25
2017-03-17,148.94,149.88,148.94,149.75
2017-03-20,150.25,150.41,149.56,150.34
2017-03-21,150.12,151.47,150.12,151.28
2017-03-22,151.72,152.44,151.72,151.97
2017-03-23,150.66,151.06,150.09,150.53
2017-03-24,150.5,151.19,150.19,151.09
2017-03-27,150.91,152.09,150.84,151.47
2017-03-28,151.34,151.88,150.44,150.78
2017-03-29,150.53,151.41,150.38,151.22
2017-03-30,151.28,151.5,150.34,150.53
2017-03-31,150.44,151.0,150.16,150.84
2017-04-03,150.97,152.38,150.66,151.75
2017-04-04,152.31,152.41,151.47,151.66
2017-04-05,151.56,152.09,150.84,151.5
2017-04-06,151.88,152.0,151.09,151.72
2017-04-07,151.75,153.12,151.22,151.5
2017-04-10,151.38,152.09,151.09,151.78
2017-04-11,151.69,153.12,151.69,152.97
2017-04-12,152.97,153.91,152.69,153.0
2017-04-13,153.91,154.31,153.34,154.0
2017-04-17,154.19,154.47,153.31,153.47
2017-04-18,153.56,155.5,153.47,155.16
2017-04-19,155.28,155.31,154.31,154.75
2017-04-20,154.56,154.97,153.78,154.16
2017-04-21,154.28,154.75,153.94,154.16
2017-04-24,153.06,153.69,152.56,153.44
2017-04-25,153.41,153.53,152.0,152.41
2017-04-26,152.22,152.88,151.94,152.66
2017-04-27,152.81,153.03,152.22,152.72
2017-04-28,152.72,153.06,151.88,152.97
2017-05-01,152.97,153.19,151.66,152.0
2017-05-02,152.22,153.09,151.81,152.75
2017-05-03,153.0,153.22,152.31,152.81
2017-05-04,152.56,152.62,151.34,151.72
2017-05-05,151.72,152.25,151.44,151.81
2017-05-08,151.56,152.41,151.03,151.31
2017-05-09,151.12,151.28,150.59,150.75
2017-05-10,150.84,151.44,150.41,150.53
2017-05-11,150.59,150.88,150.22,150.62
2017-05-12,150.78,151.69,150.72,151.44
2017-05-15,151.5,151.72,150.97,151.28
2017-05-16,151.31,152.09,150.94,151.59
2017-05-17,151.62,153.88,151.62,153.78
2017-05-18,153.69,154.41,153.19,153.81
2017-05-19,153.75,154.16,153.38,153.84
2017-05-22,153.94,154.09,153.72,153.78
2017-05-23,153.78,154.38,153.16,153.28
2017-05-24,153.25,153.97,153.09,153.53
2017-05-25,153.75,154.06,153.47,153.84
2017-05-26,153.81,154.28,153.78,153.91
2017-05-29,152.56,152.95,152.49,152.83
2017-05-30,153.88,154.78,153.72,154.59
2017-05-31,154.69,155.12,154.34,155.12
2017-06-01,154.97,155.0,154.44,154.84
2017-06-02,154.91,156.53,154.78,156.16
2017-06-05,156.28,156.41,155.59,155.66
2017-06-06,155.69,156.66,155.69,156.28
2017-06-07,156.38,156.44,155.72,155.84
2017-06-08,155.75,156.0,155.25,155.56
2017-06-09,155.91,156.06,154.97,155.53
2017-06-12,155.56,155.94,155.19,155.28
2017-06-13,155.34,155.34,154.91,155.31
2017-06-14,155.41,157.41,155.38,156.91
2017-06-15,157.0,157.19,156.5,156.72
2017-06-16,156.62,157.16,156.5,156.88
2017-06-19,156.94,157.28,156.56,156.66
2017-06-20,156.69,157.72,156.69,157.62
2017-06-21,157.5,157.88,157.19,157.59
2017-06-22,156.34,156.72,156.16,156.47
2017-06-23,156.62,156.69,156.16,156.62
2017-06-26,156.56,157.25,156.31,156.91
2017-06-27,156.88,157.19,155.22,155.69
2017-06-28,155.53,155.69,154.28,155.0
2017-06-29,154.91,155.06,153.56,154.25
2017-06-30,154.25,154.31,153.56,153.69
2017-07-03,153.78,153.94,152.84,153.06
2017-07-04,153.05,153.8,152.99,153.24
2017-07-05,152.97,153.78,152.91,153.34
2017-07-06,153.41,153.47,151.88,152.28
2017-07-07,152.28,152.38,151.56,151.66
2017-07-10,151.78,152.22,151.62,152.0
2017-07-11,151.94,152.31,151.62,152.06
2017-07-12,152.03,153.09,151.97,152.78
2017-07-13,152.88,153.34,151.88,152.19
2017-07-14,152.25,153.5,152.03,152.62
2017-07-17,152.41,153.06,152.38,152.88
2017-07-18,152.66,153.97,152.62,153.84
2017-07-19,153.84,154.09,153.62,153.94
2017-07-20,153.84,154.69,153.78,154.06
2017-07-21,154.19,154.97,154.06,154.78
2017-07-24,154.62,154.84,154.16,154.25
2017-07-25,154.19,154.34,152.47,152.62
2017-07-26,152.5,153.31,152.25,153.16
2017-07-27,153.06,153.41,152.09,152.59
2017-07-28,152.66,153.22,152.09,153.19
2017-07-31,153.16,153.5,152.66,152.97
2017-08-01,152.94,154.09,152.28,154.03
2017-08-02,153.91,154.56,153.53,154.22
2017-08-03,153.97,155.28,153.97,155.0
2017-08-04,155.12,155.31,153.69,154.09
2017-08-07,154.12,154.47,153.88,154.31
2017-08-08,154.41,154.5,153.53,153.72
2017-08-09,154.19,155.25,154.16,154.72
2017-08-10,154.62,155.59,154.41,155.34
2017-08-11,155.53,155.91,154.72,155.47
2017-08-14,155.41,155.5,154.84,155.16
2017-08-15,155.16,155.19,153.75,154.41
2017-08-16,154.22,155.19,153.81,155.06
2017-08-17,155.06,156.0,154.56,155.69
2017-08-18,155.88,156.38,155.5,155.84
2017-08-21,155.75,156.28,155.53,156.16
2017-08-22,156.19,156.22,155.5,155.59
2017-08-23,155.66,156.56,155.5,156.5
2017-08-24,156.56,156.59,156.0,156.09
2017-08-25,156.06,156.75,155.91,156.53
2017-08-28,156.62,156.81,156.16,156.75
2017-08-29,157.0,158.12,156.81,156.94
2017-08-30,157.03,157.25,156.72,156.91
2017-08-31,157.12,157.5,156.75,157.38
2017-09-01,157.44,158.0,156.22,156.47
2017-09-03,155.61,155.61,155.36,155.45
2017-09-04,155.42,155.64,155.33,155.36
2017-09-05,156.84,158.5,156.47,158.28
2017-09-06,158.44,158.66,157.53,157.62
2017-09-07,157.69,159.22,157.66,158.66
2017-09-08,158.97,159.5,158.38,158.56
2017-09-11,158.12,158.16,157.09,157.28
2017-09-12,157.34,157.34,156.41,156.53
2017-09-13,156.47,156.88,156.09,156.09
2017-09-14,156.28,156.56,155.69,156.25
2017-09-15,156.62,156.75,156.06,156.31
2017-09-18,156.22,156.28,155.47,155.62
2017-09-19,155.81,155.97,155.34,155.41
2017-09-20,155.47,155.62,155.25,155.34
2017-09-21,153.91,154.53,153.66,153.88
2017-09-22,153.94,154.59,153.91,154.09
2017-09-25,154.25,155.12,154.06,154.91
2017-09-26,154.84,155.09,154.34,154.78
2017-09-27,154.66,154.78,152.75,152.94
2017-09-28,152.91,153.12,152.03,152.78
2017-09-29,152.75,153.0,152.38,152.81
2017-10-02,152.69,153.12,152.06,152.69
2017-10-03,152.56,152.88,152.0,152.62
2017-10-04,152.81,153.25,152.19,152.56
2017-10-05,152.75,152.94,152.03,152.25
2017-10-06,152.28,152.38,151.22,151.91
2017-10-09,152.06,152.31,151.88,152.09
2017-10-10,152.22,153.06,151.88,152.5
2017-10-11,152.19,152.88,152.06,152.56
2017-10-12,152.44,153.19,152.31,153.09
2017-10-13,153.12,154.16,152.94,154.0
2017-10-16,154.09,154.12,153.56,153.72
2017-10-17,153.75,154.09,153.31,154.06
2017-10-18,154.06,154.09,152.78,153.03
2017-10-19,152.91,154.06,152.91,153.53
2017-10-20,153.41,153.56,151.78,152.19
2017-10-23,152.09,152.62,151.88,152.34
2017-10-24,152.44,152.53,151.28,151.69
2017-10-25,151.5,151.62,150.44,150.91
2017-10-26,151.16,151.69,150.47,150.72
2017-10-27,150.53,151.56,150.31,151.19
2017-10-30,151.5,152.44,151.34,152.38
2017-10-31,152.28,152.59,152.09,152.47
2017-11-01,152.38,153.31,151.97,152.75
2017-11-02,152.91,153.69,152.69,153.47
2017-11-03,153.5,154.0,153.34,153.66
2017-11-06,153.75,154.38,153.38,154.22
2017-11-07,154.28,154.75,153.91,154.69
2017-11-08,154.53,154.81,154.12,154.34
2017-11-09,154.16,154.44,153.56,153.88
2017-11-10,153.69,153.78,152.06,152.31
2017-11-13,152.16,152.94,152.03,152.41
2017-11-14,152.34,153.12,152.16,152.88
2017-11-15,153.06,154.31,153.03,154.0
2017-11-16,154.28,154.28,153.09,153.56
2017-11-17,153.16,154.16,153.09,153.78
2017-11-20,154.03,154.44,153.59,153.66
2017-11-21,153.81,154.69,153.75,154.09
2017-11-22,154.19,154.62,153.53,154.5
2017-11-23,154.52,154.74,154.27,154.64
2017-11-24,154.62,154.75,153.91,154.25
2017-11-27,154.31,154.75,153.94,154.34
2017-11-28,154.31,154.84,154.06,154.28
2017-11-29,154.41,154.69,152.88,153.31
2017-11-30,153.16,153.31,152.12,152.84
2017-12-01,152.97,155.28,152.88,154.38
2017-12-04,153.62,154.31,153.19,154.12
2017-12-05,154.19,154.88,153.78,154.81
2017-12-06,154.75,155.66,154.69,155.16
2017-12-07,154.97,155.53,154.0,153.97
2017-12-08,154.22,154.34,153.69,154.0
2017-12-11,154.12,154.66,154.03,154.16
2017-12-12,154.16,154.16,153.31,153.78
2017-12-13,153.94,154.84,153.59,154.81
2017-12-14,154.62,155.22,154.25,155.22
2017-12-15,155.12,155.5,154.81,155.38
2017-12-18,155.28,155.28,154.22,154.28
2017-12-19,154.31,154.31,153.0,152.53
2017-12-20,151.66,151.88,150.44,150.56
2017-12-21,150.53,151.25,150.47,151.19
2017-12-22,151.0,151.22,150.88,151.0
2017-12-25,150.88,150.94,150.78,150.78
2017-12-26,150.91,151.78,150.75,151.62
2017-12-27,151.38,153.12,151.38,152.94
2017-12-28,152.91,152.91,152.41,152.72
2017-12-29,152.72,153.09,152.31,153.0
2018-01-01,152.84,152.88,152.72,152.88
2018-01-02,152.84,152.91,151.38,151.75
2018-01-03,151.69,152.41,151.53,152.31
2018-01-04,152.22,152.41,151.59,152.31
2018-01-05,152.31,152.66,151.66,151.81
2018-01-08,151.84,152.22,151.47,151.72
2018-01-09,151.78,151.81,150.03,150.22
2018-01-10,150.03,150.19,149.09,150.06
2018-01-11,149.91,150.62,149.53,150.44
2018-01-12,150.16,150.59,149.53,150.5
2018-01-14,150.53,150.56,150.41,150.5
2018-01-15,150.53,150.66,150.31,150.44
2018-01-16,150.5,151.03,150.31,150.81
2018-01-17,150.88,151.19,150.09,150.31
2018-01-18,150.12,150.25,149.09,149.44
2018-01-19,149.16,149.38,148.53,149.0
2018-01-22,148.91,149.28,148.38,148.69
2018-01-23,148.88,149.69,148.78,149.22
2018-01-24,149.38,149.5,148.22,148.47
2018-01-25,148.66,149.5,148.34,149.41
2018-01-26,149.38,149.47,148.47,148.75
2018-01-29,148.75,148.91,147.56,148.12
2018-01-30,148.06,148.34,147.12,147.38
2018-01-31,147.44,148.19,147.09,147.81
2018-02-01,148.03,148.06,146.09,146.56
2018-02-02,146.19,146.38,144.75,144.78
2018-02-05,144.94,147.5,144.09,145.69
2018-02-06,146.91,147.72,145.47,146.03
2018-02-07,145.56,146.38,144.34,144.62
2018-02-08,144.66,144.97,143.62,144.09
2018-02-09,144.16,144.78,143.59,144.16
2018-02-12,143.72,145.19,143.12,144.41
2018-02-13,144.25,144.94,144.19,144.56
2018-02-14,144.78,145.28,143.22,143.38
2018-02-15,143.56,144.34,143.12,144.0
2018-02-16,143.62,144.84,143.56,144.22
2018-02-18,144.22,144.47,144.16,144.34
2018-02-19,144.34,144.34,143.97,144.06
2018-02-20,144.19,144.47,143.44,143.88
2018-02-21,143.91,144.19,142.44,142.69
2018-02-22,142.72,143.59,142.66,143.12
2018-02-23,143.06,144.25,142.75,144.06
2018-02-26,144.12,144.84,143.97,144.22
2018-02-27,144.12,144.53,143.19,143.56
2018-02-28,143.81,144.56,143.56,144.44
2018-03-01,144.5,145.53,144.19,145.34
2018-03-02,145.34,145.62,144.19,144.44
2018-03-05,144.31,145.16,143.69,144.12
2018-03-06,144.03,144.75,143.69,144.41
2018-03-07,144.34,145.0,144.06,144.12
2018-03-08,144.19,145.03,144.09,144.59
2018-03-09,144.66,144.69,143.84,144.16
2018-03-12,144.0,144.78,143.91,144.75
2018-03-13,144.59,145.25,144.47,145.16
2018-03-14,145.25,146.03,145.12,145.88
2018-03-15,146.16,146.16,145.66,145.81
2018-03-16,145.88,145.88,145.47,145.44
2018-03-19,145.38,145.69,144.94,145.53
2018-03-20,144.75,144.91,144.75,144.81
2018-03-21,143.5,144.16,142.94,143.5
2018-03-22,143.72,145.5,143.69,144.75
2018-03-23,144.78,145.41,144.19,144.72
2018-03-26,144.88,145.12,144.22,144.72
2018-03-27,144.44,145.88,144.34,145.62
2018-03-28,145.72,146.31,145.41,145.88
2018-03-29,145.69,146.75,145.59,146.62
2018-04-02,146.28,147.09,145.97,146.75
2018-04-03,146.84,146.88,145.69,145.88
2018-04-04,145.94,146.56,145.38,145.72
2018-04-05,145.47,145.5,144.78,144.91
2018-04-06,144.88,146.12,144.81,146.03
2018-04-09,146.0,146.31,145.44,146.06
2018-04-10,146.09,146.25,145.53,145.94
2018-04-11,145.72,146.88,145.59,146.12
2018-04-12,146.31,146.44,145.09,145.38
2018-04-13,145.28,145.78,145.19,145.41
2018-04-16,145.38,145.56,144.66,145.47
2018-04-17,145.47,146.06,145.22,146.03
2018-04-18,145.59,145.84,144.66,144.94
2018-04-19,144.78,144.94,143.38,143.78
2018-04-20,143.84,143.97,142.91,143.09
2018-04-23,142.97,143.06,142.28,142.97
2018-04-24,142.94,143.28,142.28,142.53
2018-04-25,142.28,142.5,141.53,141.75
2018-04-26,141.78,142.62,141.59,142.38
2018-04-27,142.56,143.28,142.5,143.25
2018-04-30,143.16,143.88,142.94,143.84
2018-05-01,143.41,143.62,142.97,143.16
2018-05-02,143.31,143.56,142.69,143.25
2018-05-03,143.09,143.94,142.91,143.56
2018-05-04,143.5,144.25,143.16,143.66
2018-05-07,143.47,143.84,143.34,143.56
2018-05-08,143.47,143.69,142.91,143.38
2018-05-09,143.22,143.28,142.47,142.66
2018-05-10,142.56,143.38,142.53,143.19
2018-05-11,143.31,143.66,142.91,143.12
2018-05-14,143.09,143.34,142.56,142.75
2018-05-15,142.62,142.72,140.81,141.06
2018-05-16,141.28,141.59,140.81,140.94
2018-05-17,140.94,141.03,140.28,140.44
2018-05-18,140.44,141.38,140.16,141.19
2018-05-21,141.03,141.5,140.78,141.28
2018-05-22,141.34,141.56,141.03,141.25
2018-05-23,141.31,142.53,141.25,142.22
2018-05-24,142.41,143.19,142.03,142.78
2018-05-25,142.81,143.94,142.59,143.69
2018-05-27,142.75,142.84,142.62,142.66
2018-05-28,142.69,143.72,142.47,143.47
2018-05-29,143.72,146.5,143.28,146.25
2018-05-30,146.44,146.72,144.53,145.44
2018-05-31,145.19,146.03,144.81,146.0
2018-06-01,145.34,145.47,144.28,144.81
2018-06-04,144.69,144.81,143.91,144.12
2018-06-05,144.03,144.72,144.03,144.31
2018-06-06,144.12,144.19,143.12,143.25
2018-06-07,143.25,144.78,142.91,144.12
2018-06-08,144.22,144.78,143.88,144.03
2018-06-11,143.94,143.94,143.44,143.66
2018-06-12,143.66,143.84,143.22,143.75
2018-06-13,143.72,143.91,142.94,143.44
2018-06-14,143.94,144.38,143.75,144.12
2018-06-15,144.28,145.03,144.19,144.5
2018-06-18,144.69,144.94,144.34,144.41
2018-06-19,144.62,145.56,144.62,144.94
2018-06-20,144.94,144.94,144.78,144.5
2018-06-21,143.19,144.12,143.03,143.97
2018-06-22,143.91,144.09,143.41,143.97
2018-06-25,144.0,144.56,143.97,144.34
2018-06-26,144.28,144.53,143.94,144.25
2018-06-27,144.25,145.34,144.16,145.28
2018-06-28,145.25,145.34,144.91,144.97
2018-06-29,145.19,145.5,144.69,145.0
2018-07-02,144.84,145.41,144.66,144.75
2018-07-03,144.72,145.47,144.5,145.34
2018-07-04,145.41,145.44,145.16,145.28
2018-07-05,145.41,145.78,144.84,145.5
2018-07-06,145.62,146.34,145.38,145.66
2018-07-09,145.84,145.88,145.09,145.12
2018-07-10,145.16,145.31,144.94,145.0
2018-07-11,145.34,145.75,145.09,145.47
2018-07-12,145.34,145.44,145.0,145.28
2018-07-13,145.41,145.78,145.22,145.69
2018-07-16,145.72,145.75,144.72,145.12
2018-07-17,145.19,145.38,144.88,145.03
2018-07-18,145.06,145.34,144.56,144.72
2018-07-19,144.81,145.56,144.38,145.28
2018-07-20,145.41,145.5,144.12,144.19
2018-07-23,144.31,144.38,142.78,142.81
2018-07-24,143.0,143.25,142.66,143.19
2018-07-25,143.12,143.59,142.62,143.41
2018-07-26,142.72,143.25,142.56,142.69
2018-07-27,142.66,143.25,142.5,142.94
2018-07-30,143.0,143.0,142.38,142.62
2018-07-31,142.59,143.5,142.56,142.97
2018-08-01,143.0,143.28,141.84,142.22
2018-08-02,142.19,142.78,142.06,142.44
2018-08-03,142.44,143.06,142.28,142.97
2018-08-06,142.97,143.56,142.88,143.25
2018-08-07,143.12,143.28,142.47,142.59
2018-08-08,142.59,142.91,142.34,142.62
2018-08-09,142.72,143.53,142.59,143.28
2018-08-10,143.44,144.69,143.38,144.66
2018-08-13,144.56,144.78,144.03,144.31
2018-08-14,144.19,144.41,143.84,144.03
2018-08-15,143.91,145.0,143.88,144.75
2018-08-16,144.56,144.72,144.16,144.53
2018-08-17,144.62,145.09,144.47,144.53
2018-08-20,144.69,145.56,144.59,145.47
2018-08-21,145.47,145.53,144.84,145.12
2018-08-22,145.34,145.75,145.19,145.47
2018-08-23,145.47,145.75,145.38,145.66
2018-08-24,145.47,145.91,145.09,145.59
2018-08-27,145.88,145.91,145.06,145.12
2018-08-28,145.12,145.16,144.31,144.44
2018-08-29,144.5,144.75,144.25,144.59
2018-08-30,144.56,145.06,144.47,144.97
2018-08-31,144.97,145.5,144.69,144.97
2018-09-02,144.03,144.12,144.0,144.0
2018-09-03,144.03,144.19,143.88,143.97
2018-09-04,144.78,144.94,143.84,143.88
2018-09-05,144.0,144.31,143.66,143.88
2018-09-06,143.88,144.47,143.69,144.38
2018-09-07,144.53,144.53,143.19,143.34
2018-09-10,143.22,143.62,143.19,143.5
2018-09-11,143.59,143.59,142.69,142.75
2018-09-12,142.84,143.19,142.84,143.06
2018-09-13,142.88,143.44,142.78,143.16
2018-09-14,142.91,143.0,142.38,142.53
2018-09-17,142.5,142.72,142.03,142.41
2018-09-18,142.56,142.56,141.28,141.41
2018-09-19,141.34,141.34,140.69,141.06
2018-09-20,140.44,140.59,139.75,140.25
2018-09-21,140.5,140.69,140.09,140.34
2018-09-24,140.44,140.5,139.94,140.25
2018-09-25,139.94,140.03,139.53,139.78
2018-09-26,139.88,140.75,139.84,140.53
2018-09-27,140.69,141.09,140.25,140.66
2018-09-28,140.59,141.12,140.31,140.5
2018-10-01,140.28,140.34,139.72,139.97
2018-10-02,139.84,140.72,139.84,140.5
2018-10-03,140.25,140.5,138.09,138.5
2018-10-04,138.19,138.28,137.25,137.91
2018-10-05,137.94,138.06,136.81,137.28
2018-10-08,137.16,137.44,136.66,137.03
2018-10-09,136.94,137.81,136.5,137.72
2018-10-10,137.69,138.25,136.91,137.25
2018-10-11,138.19,138.97,137.72,138.84
2018-10-12,138.47,138.88,137.94,138.72
2018-10-15,138.34,138.69,138.22,138.28
2018-10-16,138.41,138.59,138.0,138.5
2018-10-17,138.38,138.81,137.62,138.16
2018-10-18,137.66,138.41,137.47,138.12
2018-10-19,138.0,138.22,137.53,137.72
2018-10-22,137.84,138.22,137.62,137.81
2018-10-23,137.69,139.22,137.69,138.19
2018-10-24,138.12,139.22,138.09,138.78
2018-10-25,139.06,139.22,138.41,138.72
2018-10-26,138.88,139.78,138.88,139.44
2018-10-29,139.44,139.88,138.78,139.34
2018-10-30,139.28,139.38,138.62,138.91
2018-10-31,138.66,138.75,138.03,138.12
2018-11-01,138.28,138.66,137.75,138.44
2018-11-02,138.72,138.75,137.03,137.16
2018-11-05,137.16,137.78,137.12,137.56
2018-11-06,137.53,137.72,137.12,137.44
2018-11-07,137.12,138.09,136.75,137.38
2018-11-08,137.0,137.62,136.97,137.19
2018-11-09,137.0,138.09,137.0,137.91
2018-11-12,138.0,138.66,137.81,138.47
2018-11-13,138.5,138.72,138.09,138.59
2018-11-14,138.62,139.31,138.09,138.88
2018-11-15,138.72,139.44,138.56,138.78
2018-11-16,138.78,139.75,138.69,139.56
2018-11-19,139.78,139.94,139.0,139.78
2018-11-20,139.62,140.28,139.59,140.03
2018-11-21,139.81,139.94,139.44,139.91
2018-11-22,139.88,140.03,139.69,139.81
2018-11-23,139.81,140.53,139.69,140.0
2018-11-26,140.12,140.16,139.62,139.78
2018-11-27,139.97,140.16,139.66,139.91
2018-11-28,139.91,140.06,139.5,139.94
2018-11-29,139.69,140.75,139.59,140.12
2018-11-30,140.22,140.97,140.19,140.53
2018-12-03,140.34,141.62,140.06,141.16
2018-12-04,141.56,143.59,141.47,142.78
2018-12-05,142.28,142.42,142.14,142.3
2018-12-06,142.78,144.41,142.78,143.78
2018-12-07,143.38,144.03,142.97,143.94
2018-12-10,144.25,144.53,143.78,144.06
2018-12-11,144.03,144.41,143.41,143.78
2018-12-12,143.72,143.72,143.19,143.28
2018-12-13,143.28,143.5,142.94,143.03
2018-12-14,143.28,143.53,143.16,143.28
2018-12-17,143.28,143.97,143.28,143.78
2018-12-18,144.0,144.69,143.81,144.47
2018-12-19,144.69,145.03,144.56,144.91
2018-12-20,145.53,146.0,144.28,144.81
2018-12-21,144.41,145.19,144.34,144.81
2018-12-24,144.78,145.78,144.53,145.44
2018-12-25,145.84,145.84,145.48,145.48
2018-12-26,145.75,146.09,144.41,144.75
2018-12-27,144.5,145.88,144.47,145.53
2018-12-28,145.06,145.88,144.81,145.53
2018-12-31,145.66,146.28,145.22,146.0
2019-01-01,145.91,145.91,145.59,145.67
2019-01-02,145.72,147.44,145.59,146.75
2019-01-03,147.56,148.78,146.91,148.66
2019-01-04,148.5,148.84,146.59,146.88
2019-01-07,146.72,147.53,146.12,146.5
2019-01-08,146.25,146.44,145.62,146.03
2019-01-09,145.72,145.91,145.34,145.56
2019-01-10,145.84,146.31,144.94,145.28
2019-01-11,145.03,146.09,145.0,145.75
2019-01-14,145.75,146.34,145.34,145.41
2019-01-15,145.56,145.91,145.16,145.41
2019-01-16,145.38,145.53,144.75,145.19
2019-01-17,145.34,145.75,144.84,145.03
2019-01-18,145.03,145.22,144.28,144.53
2019-01-20,144.48,144.55,144.45,144.45
2019-01-21,144.48,144.67,144.42,144.64
2019-01-22,144.53,145.53,144.41,145.41
2019-01-23,145.25,145.31,144.44,144.97
2019-01-24,145.12,145.94,144.97,145.78
2019-01-25,145.69,145.84,144.91,145.09
2019-01-28,145.0,145.47,144.88,145.09
2019-01-29,145.06,145.72,144.97,145.66
2019-01-30,145.59,146.03,145.19,145.69
2019-01-31,145.94,147.03,145.91,146.69
2019-02-01,146.81,146.97,145.84,145.94
2019-02-04,146.06,146.09,145.0,145.25
2019-02-05,145.28,146.0,144.91,145.69
2019-02-06,145.75,146.28,145.53,145.66
2019-02-07,145.72,146.56,145.72,146.5
2019-02-08,146.38,146.97,146.34,146.88
2019-02-11,146.78,146.94,146.22,146.38
2019-02-12,146.53,146.56,145.81,145.97
2019-02-13,145.91,146.06,145.5,145.75
2019-02-14,145.81,146.88,145.66,146.5
2019-02-15,146.56,146.91,146.09,146.56
2019-02-17,146.61,146.61,146.48,146.52
2019-02-18,146.55,146.61,146.39,146.45
2019-02-19,146.56,147.16,146.38,146.84
2019-02-20,147.0,147.16,146.34,146.59
2019-02-21,146.72,146.78,145.53,145.78
2019-02-22,145.69,146.78,145.66,146.41
2019-02-25,146.34,146.47,145.88,146.12
2019-02-26,146.28,146.88,146.12,146.81
2019-02-27,146.84,146.91,145.41,145.56
2019-02-28,145.59,146.03,144.88,145.12
2019-03-01,145.16,145.22,144.22,144.47
2019-03-04,144.38,145.12,144.22,145.06
2019-03-05,145.0,145.16,144.59,145.09
2019-03-06,145.12,145.81,145.09,145.56
2019-03-07,145.5,146.53,145.47,146.47
2019-03-08,146.44,146.88,146.12,146.66
2019-03-11,146.59,146.62,146.12,146.31
2019-03-12,146.12,147.19,145.81,147.09
2019-03-13,147.03,147.03,146.56,146.81
2019-03-14,146.62,146.69,146.0,146.19
2019-03-15,146.34,147.09,146.25,146.88
2019-03-18,146.91,146.91,146.59,146.78
2019-03-19,146.91,146.91,146.09,146.47
2019-03-20,146.47,146.97,146.44,146.91
2019-03-21,147.03,147.47,146.88,147.12
2019-03-22,147.09,149.12,147.06,148.53
2019-03-25,148.66,149.72,148.19,149.0
2019-03-26,149.16,149.28,148.38,149.09
2019-03-27,148.94,150.16,148.78,150.06
2019-03-28,150.12,150.66,149.72,150.03
2019-03-29,149.81,150.03,149.28,149.66
2019-04-01,149.66,149.66,147.97,148.22
2019-04-02,148.28,148.72,148.09,148.31
2019-04-03,148.41,148.5,147.31,147.5
2019-04-04,147.41,147.81,147.34,147.69
2019-04-05,147.59,148.09,147.03,147.94
2019-04-08,148.06,148.22,147.53,147.62
2019-04-09,147.59,148.28,147.5,148.0
2019-04-10,147.88,148.53,147.72,148.22
2019-04-11,148.38,148.41,147.62,147.72
2019-04-12,147.88,148.06,146.81,146.91
2019-04-15,146.81,147.16,146.69,147.06
2019-04-16,147.03,147.12,146.25,146.34
2019-04-17,146.41,146.56,145.97,146.31
2019-04-18,146.25,146.97,146.22,146.84
2019-04-19,146.75,146.75,146.75,146.75
2019-04-22,146.78,146.84,146.16,146.22
2019-04-23,146.31,146.62,146.12,146.5
2019-04-24,146.53,147.44,146.44,147.34
2019-04-25,147.41,147.47,147.0,147.16
2019-04-26,147.25,147.81,146.94,147.59
2019-04-29,147.62,147.66,146.84,146.97
2019-04-30,147.16,147.62,146.75,147.47
2019-05-01,147.59,148.38,147.5,147.59
2019-05-02,147.81,147.91,146.88,146.94
2019-05-03,147.16,147.66,146.66,147.38
2019-05-06,147.66,148.75,147.66,147.81
2019-05-07,148.31,148.84,147.75,148.75
2019-05-08,148.62,149.19,148.03,148.22
2019-05-09,148.16,149.09,148.12,148.69
2019-05-10,148.91,149.16,148.41,148.66
2019-05-13,149.06,149.72,148.69,149.47
2019-05-14,149.44,149.62,149.06,149.19
2019-05-15,149.28,150.12,149.19,149.88
2019-05-16,149.91,150.31,149.34,149.44
2019-05-17,149.59,150.12,149.38,149.69
2019-05-20,149.69,150.0,149.28,149.38
2019-05-21,149.34,149.56,148.94,149.19
2019-05-22,149.16,149.94,149.06,149.72
2019-05-23,149.91,151.47,149.84,151.44
2019-05-24,150.94,151.25,150.78,150.97
2019-05-26,150.61,150.61,150.45,150.52
2019-05-27,150.53,150.89,150.39,150.67
2019-05-28,151.09,152.25,151.0,152.03
2019-05-29,152.09,153.16,152.06,152.75
2019-05-30,152.28,153.34,152.03,153.06
2019-05-31,153.25,154.66,153.16,154.38
2019-06-03,154.47,155.69,154.47,155.25
2019-06-04,155.5,155.53,153.94,154.34
2019-06-05,154.19,154.81,153.72,154.06
2019-06-06,153.88,154.91,153.81,154.19
2019-06-07,154.38,155.56,154.16,155.19
2019-06-10,154.59,154.81,153.94,154.12
2019-06-11,154.03,154.31,153.53,154.25
2019-06-12,154.25,154.69,154.06,154.25
2019-06-13,154.34,154.97,154.34,154.91
2019-06-14,155.0,155.47,154.66,154.97
2019-06-17,155.16,155.38,154.69,155.25
2019-06-18,155.25,156.5,155.12,155.62
2019-06-19,155.56,155.56,154.97,155.0
2019-06-20,155.47,156.53,155.22,155.72
2019-06-21,155.41,155.97,154.56,154.59
2019-06-24,154.78,155.5,154.53,155.41
2019-06-25,155.44,156.06,155.28,155.91
2019-06-26,156.03,156.03,154.84,154.97
2019-06-27,154.94,155.81,154.56,155.72
2019-06-28,155.59,155.69,155.16,155.59
2019-07-01,155.0,155.66,154.69,155.0
2019-07-02,155.22,156.19,155.12,156.09
2019-07-03,156.16,156.84,156.16,156.66
2019-07-04,156.67,157.05,156.61,156.83
2019-07-05,156.62,157.06,154.47,154.97
2019-07-08,154.94,155.69,154.94,155.41
2019-07-09,155.12,155.41,154.75,155.09
2019-07-10,154.97,155.25,153.91,154.66
2019-07-11,154.56,155.09,152.97,153.53
2019-07-12,153.28,153.75,152.88,153.72
2019-07-15,153.47,154.22,153.06,154.06
2019-07-16,154.16,154.25,153.16,153.62
2019-07-17,153.94,155.09,153.78,154.75
2019-07-18,155.0,155.28,154.25,154.97
2019-07-19,155.09,155.19,154.53,154.75
2019-07-22,154.66,155.34,154.5,154.94
2019-07-23,154.88,154.97,154.03,154.28
2019-07-24,154.0,154.94,154.0,154.81
2019-07-25,154.91,155.56,153.72,154.31
2019-07-26,154.25,154.78,154.0,154.34
2019-07-29,154.5,154.97,154.44,154.78
2019-07-30,154.62,155.09,154.44,154.62
2019-07-31,154.72,155.91,154.62,155.59
2019-08-01,155.66,158.12,154.97,157.69
2019-08-02,157.41,158.97,157.34,158.59
2019-08-05,158.66,161.34,158.53,160.72
2019-08-06,161.53,161.97,160.03,161.0
2019-08-07,161.69,163.97,161.16,162.22
2019-08-08,161.16,161.81,159.72,161.56
2019-08-09,161.78,162.44,161.03,161.28
2019-08-12,161.34,163.66,161.16,163.44
2019-08-13,163.22,163.94,162.16,162.94
2019-08-14,162.53,165.22,162.47,164.91
2019-08-15,164.81,166.94,164.53,165.72
2019-08-16,165.72,166.19,164.28,165.56
2019-08-19,165.03,165.06,163.38,164.25
2019-08-20,164.16,165.41,164.12,165.0
2019-08-21,165.19,165.47,163.97,164.81
2019-08-22,164.5,165.22,163.72,164.09
2019-08-23,163.94,165.97,162.94,165.53
2019-08-26,166.41,167.47,165.06,165.09
2019-08-27,165.22,166.91,165.19,166.5
2019-08-28,166.88,167.56,166.31,166.91
2019-08-29,166.38,167.25,165.56,166.06
2019-08-30,166.25,166.5,165.28,166.06
2019-09-01,165.47,166.19,165.45,165.8
2019-09-02,165.77,165.8,164.86,165.2
2019-09-03,166.5,167.53,165.34,166.72
2019-09-04,166.66,166.94,165.75,166.75
2019-09-05,166.53,166.53,164.03,164.69
2019-09-06,164.81,165.53,164.0,165.31
2019-09-09,165.22,165.25,163.19,163.78
2019-09-10,163.31,163.81,161.38,162.25
2019-09-11,161.81,162.09,161.31,161.72
2019-09-12,161.47,163.06,160.44,160.59
2019-09-13,160.78,160.78,158.38,158.38
2019-09-16,158.84,159.72,158.72,159.72
2019-09-17,159.78,160.66,159.5,160.16
2019-09-18,160.94,161.44,160.34,160.84
2019-09-19,160.69,161.41,160.69,161.22
2019-09-20,160.28,161.62,160.09,160.88
2019-09-23,161.19,162.5,160.5,161.66
2019-09-24,161.34,163.25,161.19,163.12
2019-09-25,162.78,163.31,161.12,161.25
2019-09-26,161.19,162.47,161.16,162.31
2019-09-27,162.06,162.41,161.47,162.34
2019-09-30,162.09,162.56,161.53,162.31
2019-10-01,162.5,163.34,160.59,162.69
2019-10-02,162.84,163.62,162.12,163.31
2019-10-03,163.25,164.97,163.22,164.41
2019-10-04,164.38,165.16,164.16,165.0
2019-10-07,165.06,165.22,164.09,164.41
2019-10-08,164.28,165.22,163.56,164.56
2019-10-09,164.69,164.75,163.44,163.56
2019-10-10,163.66,164.34,161.91,162.25
2019-10-11,162.06,162.59,160.06,160.44
2019-10-14,160.75,161.75,160.47,161.12
2019-10-15,161.25,161.72,159.72,159.94
2019-10-16,159.97,160.81,159.78,160.28
2019-10-17,160.41,160.72,159.31,160.19
2019-10-18,160.31,160.69,159.72,160.22
2019-10-21,160.38,160.47,159.16,159.44
2019-10-22,159.28,160.12,159.06,160.06
2019-10-23,160.12,160.69,159.94,160.09
2019-10-24,160.09,160.62,159.62,159.97
2019-10-25,160.0,160.34,159.16,159.38
2019-10-28,159.47,159.5,158.16,158.28
2019-10-29,158.47,158.94,158.19,158.69
2019-10-30,158.59,160.03,158.38,159.59
2019-10-31,159.97,161.66,159.66,161.38
2019-11-01,161.22,161.69,160.31,160.62
2019-11-04,160.62,160.81,159.28,159.47
2019-11-05,159.62,159.62,157.78,157.88
2019-11-06,157.97,159.16,157.97,158.97
2019-11-07,158.59,159.0,155.81,156.66
2019-11-08,156.66,157.22,156.03,156.41
2019-11-11,156.12,156.88,156.09,156.5
2019-11-12,156.53,157.19,156.0,157.0
2019-11-13,156.34,157.81,156.34,157.62
2019-11-14,157.25,158.94,157.22,158.66
2019-11-15,158.47,158.66,157.91,158.31
2019-11-18,158.34,159.09,157.88,158.78
2019-11-19,158.66,159.47,158.47,159.34
2019-11-20,159.38,160.53,159.38,160.31
2019-11-21,160.5,160.91,159.38,159.72
2019-11-22,159.69,160.31,159.41,159.88
2019-11-25,159.81,160.31,159.5,160.06
2019-11-26,160.25,160.78,159.81,160.59
2019-11-27,160.53,160.62,159.81,160.09
2019-11-28,159.45,159.58,158.98,159.08
2019-11-29,160.06,160.38,159.38,159.75
2019-12-02,159.56,159.56,158.03,158.19
2019-12-03,158.56,161.16,158.09,160.88
2019-12-04,160.72,161.16,159.28,159.5
2019-12-05,159.66,159.91,158.66,159.12
2019-12-06,158.91,159.28,157.97,158.44
2019-12-09,158.41,159.12,158.38,158.78
2019-12-10,158.97,159.44,158.47,158.88
2019-12-11,158.97,159.78,158.88,159.69
2019-12-12,159.59,159.66,156.94,157.56
2019-12-13,157.0,159.03,156.66,159.03
2019-12-16,158.66,158.75,157.66,157.66
2019-12-17,158.34,158.38,157.5,157.62
2019-12-18,157.75,157.97,156.72,156.84
2019-12-19,156.69,156.81,156.62,157.19
2019-12-20,156.06,156.34,155.59,156.25
2019-12-23,156.19,156.75,155.72,155.88
2019-12-24,155.97,156.56,155.56,156.38
2019-12-25,156.44,156.48,156.39,156.39
2019-12-26,156.41,156.78,156.19,156.47
2019-12-27,156.62,157.03,156.47,156.91
2019-12-30,156.75,156.84,155.31,156.25
2019-12-31,156.47,156.5,155.41,155.91
2020-01-01,155.53,155.67,155.45,155.52
2020-01-02,155.62,157.12,155.16,156.59
2020-01-03,156.72,158.34,156.66,158.28
2020-01-06,158.56,158.78,157.69,157.84
2020-01-07,157.75,158.09,157.34,157.41
2020-01-08,157.53,159.59,156.25,156.38
2020-01-09,156.28,157.03,155.91,156.81
2020-01-10,156.75,157.81,156.62,157.62
2020-01-13,157.69,157.72,156.88,157.25
2020-01-14,157.25,158.0,156.94,157.91
2020-01-15,157.94,158.72,157.84,158.5
2020-01-16,158.59,158.78,157.88,158.09
2020-01-17,157.91,157.94,156.88,157.28
2020-01-19,157.5,157.58,157.39,157.45
2020-01-20,157.48,157.55,157.3,157.48
2020-01-21,157.47,158.72,157.28,158.59
2020-01-22,158.5,159.03,158.16,158.81
2020-01-23,158.81,159.97,158.78,159.56
2020-01-24,159.59,160.88,159.03,160.62
2020-01-27,161.31,162.22,161.0,162.03
2020-01-28,161.97,162.78,160.88,161.31
2020-01-29,161.0,162.66,160.84,162.25
2020-01-30,162.47,163.38,162.22,162.91
2020-01-31,162.31,163.94,162.12,163.53
2020-02-03,164.06,164.16,162.59,163.78
2020-02-04,163.69,163.94,161.81,162.09
2020-02-05,162.16,162.62,160.94,161.12
2020-02-06,161.09,161.53,160.47,161.38
2020-02-07,161.34,162.78,161.31,162.59
2020-02-10,162.66,163.28,162.22,163.16
2020-02-11,162.66,162.78,162.16,162.47
2020-02-12,162.19,162.28,161.47,161.69
2020-02-13,161.66,162.81,161.62,161.88
2020-02-14,161.84,162.81,161.81,162.41
2020-02-16,162.48,162.48,162.14,162.3
2020-02-17,162.3,162.8,162.08,162.7
2020-02-18,162.38,163.5,162.06,163.16
2020-02-19,163.06,163.41,162.56,162.97
2020-02-20,163.03,164.25,162.62,163.94
2020-02-21,164.12,165.69,164.0,164.97
2020-02-24,165.97,167.34,165.47,166.72
2020-02-25,166.81,168.16,165.97,167.69
2020-02-26,167.22,168.28,166.53,168.09
2020-02-27,167.62,169.56,167.41,168.5
2020-02-28,168.84,172.0,168.56,171.38
2020-03-02,171.72,173.34,170.53,172.22
2020-03-03,170.59,175.72,170.16,173.31
2020-03-04,173.59,174.75,171.81,173.41
2020-03-05,172.16,175.5,172.03,174.94
2020-03-06,175.34,181.91,175.09,180.97
2020-03-09,182.66,193.19,182.66,186.94
2020-03-10,181.69,185.97,179.41,180.94
2020-03-11,182.0,182.88,179.94,181.72
2020-03-12,184.16,184.16,178.31,180.25
2020-03-13,174.34,179.12,174.34,177.94
2020-03-16,180.31,182.19,179.97,182.34
2020-03-17,181.03,181.03,173.47,175.0
2020-03-18,171.5,174.84,171.0,169.28
2020-03-19,169.28,169.28,169.28,172.69
2020-03-20,190.0,200.0,178.0,177.31
2020-03-23,178.59,181.25,174.88,179.66
2020-03-24,178.28,179.12,176.62,178.84
2020-03-25,177.53,179.66,177.19,177.75
2020-03-26,177.38,179.59,177.12,178.12
2020-03-27,177.53,180.97,177.28,179.06
2020-03-30,181.06,182.5,178.88,180.72
2020-03-31,179.12,180.56,178.84,179.06
2020-04-01,179.91,182.78,179.69,181.12
2020-04-02,182.41,182.81,181.31,181.53
2020-04-03,181.72,182.97,181.44,182.56
2020-04-06,182.12,182.12,180.31,180.56
2020-04-07,180.59,180.62,177.88,179.22
2020-04-08,179.59,180.09,177.88,178.28
2020-04-09,177.94,179.19,177.56,178.84
2020-04-10,178.44,178.44,178.44,178.44
2020-04-13,178.34,179.06,177.44,178.12
2020-04-14,177.59,178.44,177.44,177.69
2020-04-15,177.78,181.0,177.69,180.56
2020-04-16,180.59,181.69,180.06,181.41
2020-04-17,180.59,182.03,179.5,179.88
2020-04-20,180.22,181.19,180.03,180.75
2020-04-21,181.12,183.03,180.88,182.25
2020-04-22,182.38,183.06,180.56,180.97
2020-04-23,181.03,182.0,180.56,181.41
2020-04-24,181.72,182.34,181.25,182.0
2020-04-27,181.91,182.09,180.25,180.56
2020-04-28,180.38,182.22,180.09,181.84
2020-04-29,181.94,182.62,181.03,181.38
2020-04-30,181.22,182.16,180.28,181.03
2020-05-01,180.72,181.78,180.25,180.66
2020-05-04,181.47,181.81,180.34,180.72
2020-05-05,180.75,180.84,179.66,180.28
2020-05-06,180.19,180.25,178.03,178.72
2020-05-07,179.03,181.34,178.69,181.12
2020-05-08,180.72,181.75,179.53,179.69
2020-05-11,179.69,179.81,178.47,178.5
2020-05-12,178.84,180.28,178.59,179.81
2020-05-13,180.06,181.06,179.88,180.66
2020-05-14,180.47,182.06,180.38,181.62
2020-05-15,181.56,182.47,180.72,180.94
2020-05-18,181.03,181.12,178.06,178.16
2020-05-19,178.44,179.16,177.81,178.62
2020-05-20,179.16,179.88,178.53,179.62
2020-05-21,179.47,180.25,179.41,179.72
2020-05-22,179.81,181.12,179.75,180.25
2020-05-24,180.09,180.27,180.05,180.08
2020-05-25,180.11,180.45,180.02,180.33
2020-05-26,180.12,180.47,178.81,178.97
2020-05-27,178.91,179.91,178.16,179.47
2020-05-28,179.25,179.56,178.38,178.66
2020-05-29,178.94,180.12,178.94,180.0
2020-06-01,179.97,180.41,178.69,179.38
2020-06-02,179.22,179.59,178.56,178.97
2020-06-03,178.84,178.94,176.75,177.12
2020-06-04,177.38,177.59,175.44,175.62
2020-06-05,175.5,176.0,172.53,174.12
2020-06-08,173.78,174.94,173.5,174.5
2020-06-09,174.69,176.59,174.69,175.94
2020-06-10,176.0,177.69,175.84,177.53
2020-06-11,177.75,179.88,177.75,179.97
2020-06-12,179.25,179.31,178.38,178.78
2020-06-15,179.25,179.84,178.44,178.91
2020-06-16,177.78,178.0,176.69,177.28
2020-06-17,177.19,177.91,176.91,177.78
2020-06-18,178.09,178.94,178.09,179.0
2020-06-19,178.28,179.19,177.84,179.12
2020-06-22,177.75,178.03,177.09,177.28
2020-06-23,177.19,177.94,176.5,176.94
2020-06-24,176.81,178.12,176.41,177.88
2020-06-25,178.06,178.62,177.84,178.22
2020-06-26,177.94,179.25,177.91,179.09
2020-06-29,179.16,179.41,178.75,179.03
2020-06-30,179.31,179.53,178.22,178.56
2020-07-01,178.47,178.5,177.47,178.12
2020-07-02,178.28,178.56,177.28,178.28
2020-07-03,178.48,178.86,178.36,178.61
2020-07-06,178.56,178.56,177.19,177.97
2020-07-07,178.03,179.38,177.78,179.0
2020-07-08,179.22,179.28,178.44,178.94
2020-07-09,178.62,180.56,178.59,180.38
2020-07-10,180.16,181.44,179.53,179.81
2020-07-13,179.59,180.22,178.97,179.62
2020-07-14,180.09,180.75,179.78,180.28
2020-07-15,179.75,180.19,179.09,179.72
2020-07-16,179.66,180.47,179.5,180.22
2020-07-17,180.06,180.56,179.59,179.72
2020-07-20,179.69,180.47,179.69,180.0
2020-07-21,180.25,180.62,179.84,180.28
2020-07-22,180.34,181.0,180.25,180.62
2020-07-23,180.53,181.31,180.5,181.09
2020-07-24,181.28,181.94,180.72,181.09
2020-07-27,181.0,181.66,180.41,180.66
2020-07-28,180.47,181.59,179.94,181.44
2020-07-29,181.5,181.62,180.91,181.28
2020-07-30,181.38,182.47,181.31,182.31
2020-07-31,182.12,182.81,181.66,182.28
2020-08-03,182.41,182.53,181.28,181.59
2020-08-04,181.78,183.0,181.59,182.78
2020-08-05,182.97,183.0,181.66,182.09
2020-08-06,181.88,183.19,181.72,182.25
2020-08-07,182.28,182.81,181.41,181.59
2020-08-10,181.47,182.0,181.06,181.28
2020-08-11,181.16,181.31,179.03,179.12
2020-08-12,179.5,179.97,178.25,178.78
2020-08-13,178.62,179.62,177.5,177.81
2020-08-14,177.69,178.47,177.66,177.84
2020-08-17,177.84,178.75,177.69,178.34
2020-08-18,178.25,179.03,178.19,178.81
2020-08-19,178.84,179.41,178.0,178.44
2020-08-20,178.22,179.5,178.22,179.34
2020-08-21,179.12,179.88,178.88,179.59
2020-08-24,179.69,180.06,179.16,179.44
2020-08-25,179.22,179.28,177.59,178.53
2020-08-26,178.41,178.47,177.38,178.16
2020-08-27,178.03,179.09,176.12,176.41
2020-08-28,176.12,176.88,175.16,176.44
2020-08-31,176.66,177.47,175.84,177.38
2020-09-01,177.03,178.09,176.31,178.0
2020-09-02,178.03,179.03,177.53,178.88
2020-09-03,178.91,180.19,178.47,179.53
2020-09-04,179.16,179.34,176.94,177.03
2020-09-06,175.39,175.64,175.39,175.45
2020-09-07,175.42,175.7,175.14,175.33
2020-09-08,177.03,178.44,176.88,177.94
2020-09-09,178.28,178.5,177.31,177.38
2020-09-10,177.66,178.06,176.88,177.91
2020-09-11,177.72,178.28,177.66,178.25
2020-09-14,178.12,178.66,178.09,178.34
2020-09-15,177.88,178.25,177.88,178.16
2020-09-16,178.75,178.75,177.69,177.94
2020-09-17,178.03,178.78,177.97,178.12
2020-09-18,178.16,178.16,177.66,177.66
2020-09-21,178.03,178.81,178.03,178.28
2020-09-22,176.62,176.81,176.22,176.69
2020-09-23,176.5,176.97,175.94,176.47
2020-09-24,176.59,177.0,176.38,176.97
2020-09-25,176.88,177.28,176.62,177.03
2020-09-28,177.12,177.19,176.59,176.84
2020-09-29,177.06,177.38,176.84,177.22
2020-09-30,177.09,177.28,175.44,176.28
2020-10-01,176.09,176.56,175.25,176.34
2020-10-02,176.22,177.0,175.59,175.91
2020-10-05,175.69,175.78,173.69,174.22
2020-10-06,173.75,175.09,173.38,174.69
2020-10-07,174.88,175.0,173.31,173.66
2020-10-08,173.59,174.31,173.56,174.19
2020-10-09,173.75,174.38,173.34,174.03
2020-10-12,174.09,174.44,174.0,174.38
2020-10-13,174.38,175.25,174.25,175.19
2020-10-14,175.16,175.69,175.03,175.38
2020-10-15,175.25,176.31,175.0,175.25
2020-10-16,175.09,175.56,174.5,174.91
2020-10-19,174.75,174.84,173.94,174.5
2020-10-20,174.25,174.44,173.38,173.5
2020-10-21,173.66,173.75,172.53,173.09
2020-10-22,172.91,173.47,171.78,172.34
2020-10-23,171.97,172.78,171.69,172.59
2020-10-26,172.72,173.94,172.69,173.59
2020-10-27,173.53,174.41,173.38,174.09
2020-10-28,174.38,174.91,173.94,174.03
2020-10-29,174.25,174.41,172.62,172.84
2020-10-30,173.22,173.59,172.0,172.47
2020-11-02,172.16,173.19,171.97,172.75
2020-11-03,172.81,172.88,171.41,172.03
2020-11-04,171.16,175.09,170.22,174.44
2020-11-05,174.62,175.84,173.94,174.34
2020-11-06,174.75,174.97,172.91,173.31
2020-11-09,173.03,173.75,169.91,170.19
2020-11-10,171.0,171.44,169.94,170.0
2020-11-11,170.22,170.84,169.5,170.66
2020-11-12,170.53,172.47,170.47,172.28
2020-11-13,172.34,172.84,172.0,172.19
2020-11-16,172.09,172.69,171.28,171.91
2020-11-17,171.88,172.91,171.59,172.56
2020-11-18,172.91,173.47,172.16,172.53
2020-11-19,172.78,173.91,172.75,173.25
2020-11-20,173.91,174.28,173.47,174.06
2020-11-23,174.22,174.25,173.28,173.47
2020-11-24,173.5,173.56,172.62,172.91
2020-11-25,172.97,173.66,172.53,172.88
2020-11-26,172.92,173.55,172.89,173.45
2020-11-27,172.88,173.94,172.84,173.88
2020-11-30,173.88,174.19,173.44,173.78
2020-12-01,173.84,173.94,171.56,171.69
2020-12-02,171.97,172.19,170.78,171.22
2020-12-03,171.44,172.19,171.25,171.91
2020-12-04,172.16,172.31,170.31,170.75
2020-12-07,170.38,171.69,170.34,171.56
2020-12-08,171.69,172.38,171.41,172.09
2020-12-09,171.84,171.84,171.09,171.5
2020-12-10,171.78,172.56,171.62,172.47
2020-12-11,173.0,173.06,172.5,172.62
2020-12-14,172.34,172.59,171.59,172.66
2020-12-15,172.88,172.94,171.97,171.91
2020-12-16,172.25,172.25,171.25,171.97
2020-12-17,171.75,172.5,171.59,171.72
2020-12-18,171.81,171.97,171.31,171.19
2020-12-21,171.62,171.62,171.53,171.5
2020-12-22,172.59,173.09,172.44,173.03
2020-12-23,173.06,173.44,171.5,172.06
2020-12-24,172.28,172.91,172.06,172.75
2020-12-28,172.94,172.94,171.84,172.75
2020-12-29,172.88,172.88,172.16,172.66
2020-12-30,172.56,172.91,172.03,172.84
2020-12-31,172.88,173.25,172.56,173.19
2021-01-01,172.97,172.97,172.97,172.97
2021-01-04,172.84,173.34,172.12,173.03
2021-01-05,173.03,173.03,171.72,172.0
2021-01-06,171.94,172.31,169.41,169.72
2021-01-07,169.72,169.97,168.66,169.22
2021-01-08,168.94,169.41,168.16,168.75
2021-01-11,168.47,168.97,168.03,168.34
2021-01-12,168.06,168.38,167.34,168.19
2021-01-13,168.34,169.69,168.25,169.38
2021-01-14,169.41,169.62,168.03,168.22
2021-01-15,168.12,169.16,168.09,168.81
2021-01-17,169.12,169.16,168.98,169.02
2021-01-18,169.05,169.23,168.7,168.73
2021-01-19,169.03,169.25,168.31,168.97
2021-01-20,169.0,169.38,168.66,169.0
2021-01-21,169.16,169.34,168.19,168.44
2021-01-22,168.41,169.16,168.22,168.88
2021-01-25,168.97,170.19,168.59,169.97
2021-01-26,170.12,170.28,169.66,169.88
2021-01-27,170.03,170.78,169.62,170.44
2021-01-28,170.41,170.91,169.19,169.56
2021-01-29,169.72,169.91,168.41,168.72
2021-02-01,169.25,169.38,168.69,169.0
2021-02-02,168.84,169.03,168.06,168.44
2021-02-03,168.56,168.62,167.59,167.84
2021-02-04,167.59,167.78,167.06,167.47
2021-02-05,167.34,167.72,166.41,166.72
2021-02-08,166.69,167.38,166.09,167.12
2021-02-09,166.91,167.59,166.88,167.12
2021-02-10,167.06,167.78,166.66,167.53
2021-02-11,167.72,168.0,167.03,167.25
2021-02-12,167.03,167.44,165.88,166.16
2021-02-14,165.92,165.92,165.33,165.42
2021-02-15,165.39,165.52,164.7,165.17
2021-02-16,165.81,165.88,163.91,164.09
2021-02-17,163.94,165.06,163.53,164.41
2021-02-18,165.03,165.25,163.78,164.5
2021-02-19,164.41,164.69,162.81,163.09
2021-02-22,163.03,163.41,162.06,162.38
2021-02-23,162.47,162.78,161.72,162.16
2021-02-24,162.56,162.91,160.5,161.53
2021-02-25,161.59,161.75,157.72,159.69
2021-02-26,160.06,162.59,159.03,160.75
2021-03-01,162.03,162.19,160.41,160.72
2021-03-02,160.97,161.56,160.38,161.0
2021-03-03,161.38,161.38,159.44,160.06
2021-03-04,159.72,160.41,158.34,158.62
2021-03-05,158.38,159.0,157.47,158.75
2021-03-08,157.94,158.59,157.88,158.28
2021-03-09,158.44,159.69,158.38,159.31
2021-03-10,159.5,159.84,158.97,159.69
2021-03-11,159.41,160.47,159.0,159.44
2021-03-12,158.38,158.38,157.03,157.12
2021-03-15,157.22,157.81,157.19,157.62
2021-03-16,157.94,158.12,157.31,157.38
2021-03-17,157.5,157.66,156.19,156.69
2021-03-18,156.12,156.12,154.91,155.53
2021-03-19,155.56,155.91,155.56,155.59
2021-03-22,156.56,156.72,156.53,156.84
2021-03-23,155.0,156.56,154.88,156.16
2021-03-24,156.41,157.12,155.91,156.75
2021-03-25,156.78,157.25,156.22,156.69
2021-03-26,156.22,156.59,155.31,155.97
2021-03-29,155.59,156.44,154.69,154.78
2021-03-30,155.03,155.38,153.91,155.03
2021-03-31,155.31,155.44,154.5,154.59
2021-04-01,154.78,156.41,154.62,156.22
2021-04-02,156.41,156.81,155.5,155.69
2021-04-05,155.66,156.19,155.19,155.59
2021-04-06,155.91,156.62,155.59,156.53
2021-04-07,156.41,157.06,155.91,156.38
2021-04-08,155.97,157.09,155.94,156.78
2021-04-09,157.06,157.12,156.03,156.5
2021-04-12,156.56,156.97,156.16,156.28
2021-04-13,156.47,157.34,155.78,157.16
2021-04-14,157.31,157.44,156.66,156.88
2021-04-15,156.91,159.03,156.75,159.0
2021-04-16,157.84,158.47,157.5,158.0
2021-04-19,157.91,158.41,157.22,157.5
2021-04-20,157.34,158.31,156.84,158.16
2021-04-21,158.22,158.38,157.78,158.12
2021-04-22,158.25,158.91,157.81,158.44
2021-04-23,158.78,158.94,157.97,158.28
2021-04-26,158.28,158.69,157.75,158.44
2021-04-27,158.44,158.5,157.28,157.44
2021-04-28,157.44,157.75,156.91,157.5
2021-04-29,157.62,157.62,156.19,157.19
2021-04-30,157.25,157.47,156.84,157.25
2021-05-03,157.22,158.31,156.66,157.62
2021-05-04,157.72,158.72,157.34,158.0
2021-05-05,158.0,158.47,157.25,158.12
2021-05-06,158.34,158.72,157.91,158.62
2021-05-07,158.47,160.47,157.81,157.97
2021-05-10,157.91,158.38,157.31,157.53
2021-05-11,157.47,157.81,156.75,156.94
2021-05-12,156.97,157.28,155.5,155.59
2021-05-13,155.66,156.41,155.44,156.19
2021-05-14,156.22,157.03,156.09,156.81
2021-05-17,156.94,157.44,156.5,156.78
2021-05-18,156.53,157.0,156.34,156.69
2021-05-19,156.72,157.25,155.78,156.06
2021-05-20,156.25,157.19,156.12,157.0
2021-05-21,157.09,157.5,156.94,157.25
2021-05-24,157.47,158.0,157.31,157.69
2021-05-25,157.75,158.75,157.66,158.59
2021-05-26,158.69,159.03,158.28,158.53
2021-05-27,158.44,158.56,157.5,157.78
2021-05-28,157.84,158.44,157.53,158.12
2021-05-30,156.28,156.3,156.2,156.2
2021-05-31,156.2,156.39,155.89,156.23
2021-06-01,157.88,158.0,157.12,157.72
2021-06-02,157.78,158.25,157.62,158.09
2021-06-03,158.22,158.25,157.5,157.66
2021-06-04,157.66,159.16,157.47,159.06
2021-06-07,159.41,159.41,158.59,158.81
2021-06-08,158.81,159.91,158.81,159.59
2021-06-09,159.47,160.72,159.47,160.38
2021-06-10,160.38,161.34,159.66,160.91
2021-06-11,161.19,161.47,160.75,160.81
2021-06-14,160.97,160.97,160.09,160.19
2021-06-15,160.28,160.72,159.88,160.12
2021-06-16,160.31,160.53,159.03,159.41
2021-06-17,159.31,162.22,159.28,161.31
2021-06-18,161.12,162.88,161.09,162.53
2021-06-21,163.31,163.31,161.75,161.62
2021-06-22,159.84,160.38,159.25,159.94
2021-06-23,160.12,160.22,159.47,159.78
2021-06-24,159.75,160.06,159.38,159.94
2021-06-25,159.81,160.16,158.56,158.75
2021-06-28,158.94,160.22,158.84,160.06
2021-06-29,160.09,160.25,159.47,160.09
2021-06-30,160.19,160.97,160.03,160.75
2021-07-01,160.22,160.62,159.94,160.19
2021-07-02,160.53,161.25,160.41,160.91
2021-07-04,161.06,161.11,160.98,161.08
2021-07-05,161.11,161.14,160.77,160.77
2021-07-06,161.03,162.69,160.59,162.09
2021-07-07,162.56,163.81,162.22,163.28
2021-07-08,163.41,164.94,163.28,163.94
2021-07-09,163.66,163.69,162.41,162.62
2021-07-12,162.44,163.22,162.28,162.5
2021-07-13,162.38,163.12,161.19,161.44
2021-07-14,161.34,162.88,161.25,162.59
2021-07-15,162.84,164.0,162.78,163.91
2021-07-16,163.88,163.97,163.06,163.81
2021-07-19,163.97,166.31,163.81,166.16
2021-07-20,165.97,167.12,165.09,165.41
2021-07-21,165.12,165.72,163.34,164.03
2021-07-22,163.81,165.0,163.28,164.5
2021-07-23,164.16,164.38,163.44,164.03
2021-07-26,164.12,165.38,163.72,164.12
2021-07-27,163.81,165.09,163.75,165.0
2021-07-28,164.81,165.09,164.06,164.38
2021-07-29,164.88,164.97,163.84,164.16
2021-07-30,164.12,165.0,164.09,164.72
2021-08-02,164.81,166.44,164.44,166.0
2021-08-03,165.91,166.44,165.53,166.0
2021-08-04,166.03,167.0,165.38,166.19
2021-08-05,166.19,166.56,165.5,165.69
2021-08-06,165.53,165.66,163.81,164.19
2021-08-07,163.97,163.97,163.97,163.97
2021-08-09,163.88,164.56,163.41,163.69
2021-08-10,163.5,163.88,162.91,163.22
2021-08-11,163.0,163.81,162.53,163.03
2021-08-12,163.06,163.44,162.56,162.91
2021-08-13,163.12,164.81,163.0,164.41
2021-08-14,164.81,164.81,164.81,164.81
2021-08-16,164.75,165.81,164.62,165.12
2021-08-17,165.0,165.97,164.72,165.04
2021-08-18,165.0,165.34,164.53,165.06
2021-08-19,165.22,166.19,165.12,165.81
2021-08-20,165.75,166.19,165.56,165.75
2021-08-21,165.84,165.84,165.84,165.84
2021-08-23,165.75,165.88,165.25,165.81
2021-08-24,165.75,165.78,164.81,165.03
2021-08-25,164.84,165.16,163.75,163.94
2021-08-26,163.97,164.19,163.34,164.06
2021-08-27,163.88,164.81,163.81,164.5
2021-08-28,164.63,164.63,164.63,164.63
2021-08-30,164.56,165.22,164.44,165.03
2021-08-31,165.06,165.38,164.28,164.53
2021-09-01,164.44,165.16,164.06,164.78
2021-09-02,164.88,165.19,164.72,164.97
2021-09-03,165.09,165.31,164.09,164.47
2021-09-04,164.41,164.41,162.81,164.41
2021-09-05,162.81,164.41,162.69,162.72
2021-09-06,162.72,164.25,162.5,162.66
2021-09-07,164.31,164.31,163.19,163.47
2021-09-08,163.41,164.25,163.38,164.16
2021-09-09,164.03,165.34,164.0,165.12
2021-09-10,164.94,164.94,164.03,164.28
2021-09-11,162.66,162.66,162.66,162.66
2021-09-13,164.19,164.78,164.16,164.72
2021-09-14,164.5,166.19,164.19,165.88
2021-09-15,165.66,166.22,165.09,165.41
2021-09-16,165.22,165.41,164.59,164.97
2021-09-17,164.97,164.97,163.88,164.16
2021-09-18,162.72,162.72,162.72,162.72
2021-09-20,164.47,165.69,164.44,165.44
2021-09-21,165.41,165.5,164.81,165.38
2021-09-22,163.72,164.5,163.38,163.75
2021-09-23,164.47,164.47,161.62,162.16
2021-09-24,161.75,162.22,160.84,160.97
2021-09-25,161.03,161.03,161.03,161.03
2021-09-27,161.0,161.25,159.84,160.69
2021-09-28,160.56,160.81,158.72,159.31
2021-09-29,159.06,160.09,158.69,159.09
2021-09-30,159.56,160.09,158.81,159.22
2021-10-01,159.97,160.47,159.56,160.34
2021-10-02,160.44,160.44,160.44,160.44
2021-10-04,160.44,160.62,159.47,160.12
2021-10-05,160.09,160.38,158.97,159.16
2021-10-06,159.12,159.78,158.19,159.47
2021-10-07,159.44,159.75,158.31,158.44
2021-10-08,158.38,158.66,157.5,157.75
2021-10-09,157.66,157.66,157.66,157.66
2021-10-11,157.59,157.72,157.09,157.47
2021-10-12,157.5,158.94,157.41,158.56
2021-10-13,158.66,159.94,158.44,159.66
2021-10-14,159.84,160.34,159.19,160.09
2021-10-15,160.22,160.25,159.09,159.38
2021-10-18,159.41,159.72,158.66,159.56
2021-10-19,159.19,159.78,158.06,158.28
2021-10-20,158.22,158.47,157.56,158.12
2021-10-21,157.66,158.16,157.22,157.75
2021-10-22,157.25,158.75,157.25,158.28
2021-10-23,158.59,158.59,158.59,158.59
2021-10-25,158.59,158.78,157.75,158.53
2021-10-26,158.53,159.22,158.25,158.97
2021-10-27,159.16,161.16,158.75,160.97
2021-10-28,160.66,161.25,160.09,160.5
2021-10-29,160.16,161.22,159.47,160.84
2021-10-30,160.91,160.91,160.91,160.91
2021-11-01,160.81,161.0,159.81,160.38
2021-11-02,160.59,161.16,160.34,160.78
2021-11-03,160.66,161.44,159.56,160.47
2021-11-04,159.66,161.5,159.56,161.16
2021-11-05,161.03,163.12,160.69,162.88
2021-11-06,162.75,162.75,162.75,162.75
2021-11-08,162.66,162.78,162.12,162.28
2021-11-09,162.31,164.03,162.28,163.72
2021-11-10,163.69,163.72,161.28,162.12
2021-11-11,162.16,162.38,161.66,161.78
2021-11-12,161.75,162.25,161.19,161.38
2021-11-13,161.75,161.75,161.75,161.75
2021-11-15,161.66,162.06,160.03,160.25
2021-11-16,160.38,160.72,159.72,160.0
2021-11-17,159.84,160.94,159.59,160.44
2021-11-18,160.72,161.16,160.41,160.94
2021-11-19,160.91,162.12,160.5,161.81
2021-11-20,161.69,161.69,161.69,161.69
2021-11-22,161.66,161.84,160.16,160.31
2021-11-23,160.41,160.53,158.97,159.38
2021-11-24,159.28,160.28,158.91,160.0
2021-11-25,160.09,160.97,159.88,160.84
2021-11-26,160.16,163.03,159.88,162.88
2021-11-27,162.88,162.88,162.88,162.88
2021-11-29,162.69,162.69,161.44,162.0
2021-11-30,162.5,163.94,162.06,163.69
2021-12-01,163.47,164.59,162.62,163.94
2021-12-02,164.41,164.66,163.59,163.91
2021-12-03,163.81,165.84,163.47,165.72
2021-12-04,165.72,165.72,164.19,164.19
2021-12-06,165.53,165.53,163.91,164.09
2021-12-07,164.16,164.25,163.31,163.47
2021-12-08,163.72,164.34,162.0,162.38
2021-12-09,162.19,163.03,162.0,162.84
2021-12-10,162.62,163.5,162.41,162.88
2021-12-11,161.31,161.31,161.31,161.31
2021-12-13,162.72,164.28,162.72,164.03
2021-12-14,163.97,164.19,163.09,163.78
2021-12-15,163.81,163.91,163.0,163.31
2021-12-16,163.38,163.84,162.88,163.69
2021-12-17,163.59,164.41,163.5,164.12
2021-12-18,162.59,162.59,162.59,162.59
2021-12-20,164.34,164.81,163.41,163.53
2021-12-21,163.5,164.03,161.91,161.94
2021-12-22,161.22,161.59,160.88,161.38
2021-12-23,161.41,161.56,160.34,160.47
2021-12-27,160.53,160.91,160.53,160.75
2021-12-28,160.72,161.34,160.41,160.66
2021-12-29,160.62,160.88,159.03,159.38
2021-12-30,159.22,160.12,159.12,159.88
2021-12-31,159.91,160.56,159.69,160.44
2022-01-03,160.0,160.16,157.5,157.91
2022-01-04,157.81,158.06,156.41,156.81
2022-01-05,157.09,157.31,156.16,156.38
2022-01-06,156.19,156.62,155.47,155.94
2022-01-07,156.12,156.38,154.62,155.12
2022-01-10,155.16,155.81,154.59,155.34
2022-01-11,155.59,156.09,155.28,155.94
2022-01-12,156.06,156.53,155.66,156.03
2022-01-13,155.75,156.88,155.56,156.53
2022-01-14,156.56,156.59,154.97,155.34
2022-01-16,155.0,155.0,154.75,154.78
2022-01-17,154.41,154.69,154.38,154.69
2022-01-18,155.03,155.03,153.5,153.69
2022-01-19,153.66,154.59,153.22,154.56
2022-01-20,153.75,154.97,153.56,154.47
2022-01-21,154.94,156.25,154.78,155.94
2022-01-24,155.69,156.59,155.22,155.91
2022-01-25,155.31,156.28,154.84,155.25
2022-01-26,155.44,155.56,153.91,154.34
2022-01-27,154.22,155.84,154.16,155.41
2022-01-28,155.38,155.94,154.47,155.75
2022-01-31,155.59,155.94,154.97,155.62
2022-02-01,155.53,156.31,154.78,155.31
2022-02-02,155.34,156.53,155.09,156.0
2022-02-03,155.75,156.16,154.28,154.91
2022-02-04,154.75,155.41,153.06,153.25
2022-02-07,153.44,153.94,153.06,153.5
2022-02-08,153.47,153.56,152.44,152.78
2022-02-09,152.66,153.78,152.56,153.28
2022-02-10,152.97,153.34,151.06,151.66
2022-02-11,151.47,153.22,150.81,152.66
2022-02-14,152.75,153.47,151.12,151.75
2022-02-15,151.91,152.22,150.56,150.75
2022-02-16,150.75,151.5,150.38,150.84
2022-02-17,150.94,152.53,150.91,151.97
2022-02-18,152.12,153.28,151.62,153.03
2022-02-20,153.25,153.47,153.13,153.28
2022-02-21,153.31,154.19,152.53,153.97
2022-02-22,153.25,154.44,152.53,152.97
2022-02-23,153.09,153.38,152.06,152.56
2022-02-24,152.28,154.81,152.22,152.44
2022-02-25,152.47,153.22,151.66,152.25
2022-02-28,153.28,155.19,153.16,154.59
2022-03-01,154.78,157.47,154.38,157.03
2022-03-02,156.75,156.88,153.81,154.56
2022-03-03,154.72,155.19,154.22,154.91
2022-03-04,156.78,157.47,155.44,157.22
2022-03-07,157.66,157.78,156.28,157.62
2022-03-08,157.0,157.0,155.06,155.09
2022-03-09,155.34,155.34,153.72,153.69
2022-03-10,153.81,154.03,152.5,152.81
2022-03-11,153.34,153.78,153.31,153.16
2022-03-14,152.62,152.62,150.88,150.72
2022-03-15,151.25,151.56,150.34,150.12
2022-03-16,150.25,150.28,149.88,150.16
2022-03-17,150.91,150.94,148.94,149.81
2022-03-18,150.44,150.88,149.97,150.78
2022-03-21,149.31,149.41,149.09,148.09
2022-03-22,146.81,147.06,146.44,146.97
2022-03-23,148.34,150.25,147.66,149.53
2022-03-24,150.0,150.03,148.22,149.34
2022-03-25,148.75,149.47,146.62,147.06
2022-03-28,147.25,148.66,146.31,147.62
2022-03-29,147.91,149.31,146.81,148.94
2022-03-30,149.09,150.03,148.19,149.44
2022-03-31,149.53,150.41,149.31,150.06
2022-04-01,149.94,150.06,147.91,149.81
2022-04-02,149.56,149.56,149.56,149.56
2022-04-04,149.47,149.66,148.41,148.88
2022-04-05,149.12,149.34,146.22,146.41
2022-04-06,146.59,146.69,144.75,145.44
2022-04-07,145.56,146.12,143.88,144.25
2022-04-08,144.28,144.84,142.81,143.16
2022-04-11,143.12,143.25,141.84,142.06
2022-04-12,142.0,143.25,141.19,142.44
2022-04-13,142.41,143.62,141.34,143.19
2022-04-14,142.84,143.66,140.75,141.06
2022-04-18,140.94,141.09,140.0,140.19
2022-04-19,140.22,140.56,138.97,139.47
2022-04-20,139.12,141.41,138.44,141.03
2022-04-21,141.16,141.25,139.28,140.06
2022-04-22,139.97,140.94,139.31,140.09
2022-04-25,140.12,142.38,139.88,141.53
2022-04-26,141.44,143.28,141.0,142.44
2022-04-27,143.06,143.28,141.28,141.53
2022-04-28,141.31,141.97,140.38,141.22
2022-04-29,141.75,141.91,139.84,140.69
2022-05-02,139.84,140.47,138.91,139.09
2022-05-03,139.34,140.75,139.03,140.0
2022-05-04,139.66,140.53,138.91,140.16
2022-05-05,139.59,140.09,136.59,137.28
2022-05-06,137.72,137.91,136.0,136.31
2022-05-07,136.44,136.44,136.44,136.44
2022-05-09,136.22,137.75,134.94,136.94
2022-05-10,137.53,139.47,137.12,138.59
2022-05-11,138.41,139.88,137.22,139.62
2022-05-12,139.5,141.09,139.44,140.94
2022-05-13,140.59,140.62,138.88,139.09
2022-05-14,139.22,139.22,139.22,139.22
2022-05-16,139.03,140.41,138.78,139.91
2022-05-17,139.62,139.81,138.19,138.66
2022-05-18,138.41,140.53,137.94,140.31
2022-05-19,140.22,142.06,139.72,140.59
2022-05-20,140.94,142.03,140.22,141.78
2022-05-23,141.69,141.69,140.03,140.31
2022-05-24,140.47,142.5,140.22,141.91
2022-05-25,141.94,142.69,141.47,141.84
2022-05-26,141.81,142.56,140.97,141.69
2022-05-27,141.75,142.69,141.53,141.94
2022-05-29,141.84,142.03,141.84,141.94
2022-05-30,141.97,142.03,140.81,140.94
2022-05-31,141.91,142.03,139.69,140.44
2022-06-01,140.41,141.0,139.25,139.62
2022-06-02,139.91,140.34,139.19,139.75
2022-06-03,139.62,139.88,138.5,139.19
2022-06-06,139.38,139.44,137.53,137.72
2022-06-07,137.69,139.12,137.5,139.0
2022-06-08,138.78,138.78,137.81,138.0
2022-06-09,137.97,138.28,137.31,138.09
2022-06-10,137.97,139.19,136.38,136.66
2022-06-13,136.5,136.81,132.75,133.59
2022-06-14,133.69,134.31,132.28,132.38
2022-06-15,133.06,133.94,132.88,133.41
2022-06-16,132.62,135.53,132.62,134.66
2022-06-17,134.88,136.47,134.88,135.81
2022-06-19,134.84,134.84,134.22,134.34
2022-06-20,134.34,135.0,133.94,134.0
2022-06-21,136.5,137.47,136.0,134.59
2022-06-22,133.84,136.31,133.69,135.97
2022-06-23,135.81,137.91,135.75,137.09
2022-06-24,136.78,137.5,135.78,136.03
2022-06-27,135.94,136.19,134.78,135.31
2022-06-28,135.13,135.72,134.25,135.16
2022-06-29,135.53,136.97,135.41,136.94
2022-06-30,136.81,138.69,136.56,138.63
2022-07-01,137.97,141.34,137.81,139.34
2022-07-03,139.41,139.53,139.28,139.44
2022-07-04,139.44,139.84,138.75,138.84
2022-07-05,139.44,141.53,138.19,141.16
2022-07-06,141.19,142.19,139.38,139.78
2022-07-07,139.53,140.0,138.19,138.41
2022-07-08,138.47,138.91,136.78,136.84
2022-07-11,136.94,138.97,136.75,138.72
2022-07-12,138.63,140.38,138.56,139.34
2022-07-13,138.97,140.44,137.56,140.34
2022-07-14,139.69,140.22,138.53,139.56
2022-07-15,139.41,140.66,139.34,140.03
2022-07-18,140.03,140.44,138.38,139.25
2022-07-19,138.72,139.28,138.03,138.56
2022-07-20,138.38,139.78,138.28,138.5
2022-07-21,138.56,140.84,137.72,140.34
2022-07-22,140.78,143.0,140.44,142.06
2022-07-25,142.63,142.66,140.97,141.41
2022-07-26,141.81,143.34,141.63,142.13
2022-07-27,141.75,143.06,141.47,142.75
2022-07-28,141.78,143.84,141.22,143.16
2022-07-29,143.16,144.38,142.31,144.0
2022-08-01,143.56,145.0,142.91,144.69
2022-08-02,144.91,145.97,142.28,142.97
2022-08-03,142.63,143.66,141.16,142.84
2022-08-04,143.47,144.25,142.91,143.69
2022-08-05,143.47,143.84,140.59,141.22
2022-08-08,141.22,142.91,141.0,142.56
2022-08-09,142.66,142.84,141.81,142.38
2022-08-10,142.56,144.06,141.72,141.94
2022-08-11,141.97,142.84,139.75,140.0
2022-08-12,139.78,140.84,139.5,140.59
2022-08-15,140.72,142.09,140.41,141.53
2022-08-16,141.59,141.84,140.09,141.22
2022-08-17,141.34,141.47,139.88,140.31
2022-08-18,140.13,141.16,139.97,140.44
2022-08-19,140.47,140.53,138.22,138.47
2022-08-22,138.69,139.13,137.78,137.91
2022-08-23,138.09,138.69,137.09,137.5
2022-08-24,137.47,137.88,136.16,136.44
2022-08-25,136.38,137.91,136.0,137.81
2022-08-26,137.72,138.25,136.81,137.69
2022-08-29,137.59,137.63,136.25,136.56
2022-08-30,136.59,137.44,136.09,136.78
2022-08-31,136.69,136.97,135.53,136.41
2022-09-01,135.63,135.66,133.69,134.13
2022-09-02,133.47,134.25,133.47,134.5
2022-09-05,135.0,135.0,133.56,134.19
2022-09-06,132.66,132.66,132.66,132.34
2022-09-07,132.75,133.0,132.75,133.56
2022-09-08,134.0,134.0,134.0,133.19
2022-09-09,133.59,133.59,132.78,132.84
2022-09-12,132.81,132.81,132.0,132.22
2022-09-13,131.5,131.5,131.5,131.81
2022-09-14,131.31,132.12,131.31,131.81
2022-09-15,132.19,132.19,132.19,131.25
2022-09-16,131.63,131.72,130.97,131.63
2022-09-19,131.38,131.41,130.81,131.38
2022-09-20,130.97,130.97,129.88,130.28
2022-09-21,130.31,131.03,130.28,130.22
2022-09-22,129.0,129.0,128.78,128.06
2022-09-23,127.0,128.03,127.0,128.62
2022-09-26,127.94,127.94,126.0,126.38
2022-09-27,125.62,125.62,124.47,124.62
2022-09-28,124.0,127.31,124.0,127.5
2022-09-29,126.62,127.09,125.62,126.88
2022-09-30,126.28,127.56,126.28,126.22
2022-10-03,126.41,128.94,126.28,128.0
2022-10-04,128.28,129.03,128.28,128.38
2022-10-05,128.28,128.28,126.31,126.5
2022-10-06,126.75,126.75,126.03,126.0
2022-10-07,125.66,125.78,125.0,125.25
2022-10-10,125.31,125.53,123.59,123.97
2022-10-11,124.16,125.19,123.72,124.53
2022-10-12,124.56,124.56,123.81,125.03
2022-10-13,125.09,125.72,123.16,124.5
2022-10-14,124.94,125.5,123.66,123.66
2022-10-17,123.5,124.09,123.12,123.28
2022-10-18,123.0,123.72,122.41,123.47
2022-10-19,122.03,122.47,121.81,121.72
2022-10-20,121.59,122.0,120.12,120.28
2022-10-21,120.12,120.12,118.12,118.91
2022-10-24,119.28,119.84,117.44,118.06
2022-10-25,118.38,120.44,118.28,119.84
2022-10-26,120.03,121.47,120.0,121.25
2022-10-27,121.53,122.47,120.59,122.12
2022-10-28,122.06,122.31,120.69,121.06
2022-10-31,120.94,120.94,119.88,120.19
2022-11-01,120.94,122.56,120.75,120.84
2022-11-02,121.06,121.81,119.94,120.5
2022-11-03,120.06,120.25,118.5,120.09
2022-11-04,119.84,120.0,118.78,119.22
2022-11-07,119.41,119.75,118.12,118.31
2022-11-08,118.12,119.75,118.0,119.69
2022-11-09,119.66,120.44,118.97,119.41
2022-11-10,120.22,124.03,119.78,123.88
2022-11-11,124.12,124.12,122.84,123.59
2022-11-14,123.19,123.62,122.69,123.44
2022-11-15,123.44,124.88,123.31,124.31
2022-11-16,124.69,126.47,123.88,126.22
2022-11-17,126.22,126.5,125.0,125.62
2022-11-18,125.56,126.09,125.09,125.25
2022-11-21,125.19,126.22,125.0,125.31
2022-11-22,125.19,126.72,125.16,126.47
2022-11-23,126.53,127.78,126.16,127.47
2022-11-24,127.78,128.59,127.66,128.25
2022-11-25,127.53,128.41,126.97,127.47
2022-11-28,127.44,128.53,127.16,127.38
2022-11-29,127.56,128.12,126.38,126.66
2022-11-30,126.59,128.34,126.0,127.0
2022-12-01,128.16,129.84,127.78,129.5
2022-12-02,129.75,130.28,128.22,129.78
2022-12-05,129.88,130.0,128.38,128.81
2022-12-06,129.16,130.47,128.75,130.41
2022-12-07,130.16,132.0,129.75,131.94
2022-12-08,131.59,131.62,130.72,131.0
2022-12-09,131.19,131.69,129.47,129.91
2022-12-12,129.62,130.94,129.34,129.66
2022-12-13,129.66,132.41,129.5,131.22
2022-12-14,131.03,131.69,130.31,131.16
2022-12-15,131.38,132.47,130.78,132.06
2022-12-16,132.0,132.03,130.25,131.16
2022-12-19,131.0,131.03,129.28,129.78
2022-12-20,129.62,129.69,127.59,128.09
2022-12-21,128.12,128.94,127.59,128.16
2022-12-22,128.44,128.88,128.0,128.44
2022-12-23,128.25,128.28,127.09,127.16
2022-12-25,127.38,127.38,127.38,127.38
2022-12-26,127.38,127.38,127.19,127.19
2022-12-27,127.34,127.47,125.28,125.31
2022-12-28,125.47,125.97,124.69,124.91
2022-12-29,124.91,125.75,124.62,125.5
2022-12-30,125.59,125.66,124.34,125.34
2023-01-01,124.75,124.75,124.75,124.75
2023-01-02,124.75,125.63,124.75,125.22
2023-01-03,125.5,127.19,125.09,126.22
2023-01-04,126.75,128.12,126.53,127.5
2023-01-05,127.5,127.81,126.47,127.53
2023-01-06,127.5,129.5,126.84,129.22
2023-01-09,129.16,130.03,128.5,129.91
2023-01-10,129.59,129.84,127.94,128.22
2023-01-11,128.22,129.5,128.12,129.09
2023-01-12,129.19,130.97,127.94,130.66
2023-01-13,130.56,131.31,129.84,130.0
2023-01-15,130.03,130.06,129.75,129.88
2023-01-16,129.84,130.13,129.31,129.63
2023-01-17,130.06,130.19,128.75,129.72
2023-01-18,129.5,132.28,129.44,132.06
2023-01-19,132.06,132.97,131.28,131.75
2023-01-20,131.81,131.84,130.09,130.47
2023-01-23,130.53,130.75,129.56,129.84
2023-01-24,130.03,131.12,129.5,130.84
2023-01-25,131.16,131.66,130.5,130.81
2023-01-26,131.19,131.25,130.0,130.41
2023-01-27,130.28,130.41,129.31,130.16
2023-01-30,130.28,130.5,129.38,129.78
2023-01-31,129.84,130.59,129.47,129.88
2023-02-01,130.19,131.88,129.97,131.66
2023-02-02,131.41,132.69,131.25,131.78
2023-02-03,131.81,132.28,129.59,130.06
2023-02-06,130.03,130.06,128.75,129.0
2023-02-07,129.03,129.34,128.16,128.41
2023-02-08,128.28,128.91,127.88,128.34
2023-02-09,128.91,129.41,127.78,127.88
2023-02-10,128.03,128.09,126.81,126.94
2023-02-13,126.94,127.66,126.72,127.38
2023-02-14,127.56,128.81,126.44,126.97
2023-02-15,127.31,127.59,126.0,126.22
2023-02-16,126.22,126.62,125.19,125.56
2023-02-17,125.31,126.0,124.44,125.78
2023-02-19,125.81,125.94,125.78,125.84
2023-02-20,125.84,125.84,125.47,125.59
2023-02-21,125.84,125.94,124.03,124.09
2023-02-22,124.16,124.94,123.94,124.56
2023-02-23,124.66,125.38,123.81,125.09
2023-02-24,124.97,125.38,123.56,123.88
2023-02-27,123.94,124.53,123.44,124.22
2023-02-28,124.19,124.38,123.25,124.12
2023-03-01,125.06,125.38,123.88,124.12
2023-03-02,124.12,124.19,122.69,123.06
2023-03-03,123.16,125.0,122.94,124.88
2023-03-06,124.94,125.88,124.53,124.62
2023-03-07,124.84,125.72,124.5,125.06
2023-03-08,125.28,126.41,124.69,125.34
2023-03-09,125.0,126.22,124.59,125.84
2023-03-10,126.12,129.59,126.09,129.34
2023-03-13,129.44,132.94,128.22,131.53
2023-03-14,130.84,132.12,129.31,129.94
2023-03-15,129.38,133.06,129.03,131.69
2023-03-16,132.19,133.5,130.44,130.59
2023-03-17,130.78,133.09,130.31,132.72
2023-03-20,131.81,133.91,131.09,131.44
2023-03-21,131.22,131.88,129.84,130.0
2023-03-22,129.88,131.88,129.25,130.97
2023-03-23,131.72,132.25,130.44,131.78
2023-03-24,131.38,133.28,131.19,132.34
2023-03-27,132.56,132.59,130.16,130.34
2023-03-28,130.34,130.78,129.81,129.94
2023-03-29,129.94,130.22,129.19,129.81
2023-03-30,129.81,130.34,129.41,130.16
2023-03-31,130.28,131.53,129.69,131.16
2023-04-03,131.16,132.44,130.38,131.94
2023-04-04,132.16,133.22,131.16,133.12
2023-04-05,132.94,134.22,132.75,134.06
2023-04-06,133.72,134.44,133.66,134.09
2023-04-07,133.91,134.06,132.97,133.09
2023-04-10,133.09,133.59,132.19,132.56
2023-04-11,132.56,133.0,132.03,132.38
2023-04-12,132.41,133.47,131.47,132.16
2023-04-13,132.69,133.03,131.69,131.81
2023-04-14,131.84,132.06,130.56,130.72
2023-04-17,130.81,130.97,129.53,129.75
2023-04-18,129.62,130.31,129.47,130.03
2023-04-19,129.97,130.03,129.12,129.72
2023-04-20,129.66,130.72,129.62,130.31
2023-04-21,130.44,130.94,129.75,129.91
2023-04-24,129.81,131.03,129.81,130.75
2023-04-25,130.97,132.62,130.94,132.38
2023-04-26,132.22,132.66,131.41,131.72
2023-04-27,131.47,131.62,130.22,130.41
2023-04-28,130.44,132.12,130.06,131.66
2023-05-01,131.81,131.81,129.06,129.66
2023-05-02,129.69,131.75,129.59,131.44
2023-05-03,131.62,132.91,131.5,131.88
2023-05-04,132.94,133.0,131.44,132.12
2023-05-05,131.78,131.94,130.41,130.97
2023-05-08,131.16,131.41,129.81,129.88
2023-05-09,130.0,130.5,129.56,129.69
2023-05-10,129.72,130.91,129.59,130.69
2023-05-11,130.69,132.25,130.53,131.53
2023-05-12,131.56,131.94,130.53,130.72
2023-05-15,130.59,130.75,129.62,129.78
2023-05-16,129.75,130.38,128.69,129.12
2023-05-17,129.22,129.66,128.69,128.78
2023-05-18,129.0,129.28,127.78,127.91
2023-05-19,127.94,128.19,126.81,127.16
2023-05-22,127.44,127.75,126.62,126.78
2023-05-23,126.75,127.09,126.19,126.94
2023-05-24,127.0,127.44,126.19,126.56
2023-05-25,126.25,126.5,125.38,125.53
2023-05-26,125.81,126.44,125.28,125.91
2023-05-28,125.84,125.88,125.41,125.69
2023-05-29,125.69,126.66,125.63,126.53
2023-05-30,126.16,127.78,125.69,127.53
2023-05-31,127.53,128.69,127.44,128.34
2023-06-01,128.31,129.5,127.81,128.84
2023-06-02,129.06,129.09,127.81,127.94
2023-06-05,127.81,128.25,126.78,127.91
2023-06-06,127.94,128.34,127.28,127.91
2023-06-07,128.28,128.5,126.34,126.5
2023-06-08,126.38,127.69,125.84,127.62
2023-06-09,127.5,127.69,126.81,127.5
2023-06-12,127.31,128.09,126.66,127.12
2023-06-13,127.28,128.41,126.12,126.25
2023-06-14,126.5,127.19,126.22,127.0
2023-06-15,126.97,128.31,126.25,127.78
2023-06-16,127.84,128.03,126.81,127.34
2023-06-18,127.34,127.5,127.34,127.47
2023-06-19,127.5,127.63,126.38,126.44
2023-06-20,127.38,128.34,126.38,128.06
2023-06-21,128.06,128.28,127.03,128.16
2023-06-22,128.12,128.31,126.84,127.0
2023-06-23,127.06,128.62,127.0,127.91
2023-06-26,127.94,128.81,127.84,128.09
2023-06-27,128.0,128.56,127.38,127.56
2023-06-28,127.56,128.41,127.44,128.25
2023-06-29,128.25,128.31,125.94,126.16
2023-06-30,126.34,127.22,125.66,126.91
2023-07-03,126.75,127.75,126.41,126.62
2023-07-04,126.78,127.0,126.38,126.94
2023-07-05,126.78,127.0,125.16,125.25
2023-07-06,125.5,125.53,123.59,124.03
2023-07-07,124.16,124.47,123.25,123.75
2023-07-10,123.53,124.34,122.94,124.06
2023-07-11,124.06,124.75,123.97,124.38
2023-07-12,124.47,126.0,124.41,125.78
2023-07-13,125.66,127.06,125.5,127.0
2023-07-14,126.88,127.19,126.22,126.44
2023-07-17,126.25,127.12,126.03,126.56
2023-07-18,126.44,127.38,126.41,126.78
2023-07-19,126.78,127.75,126.69,127.69
2023-07-20,127.53,127.62,125.91,126.19
2023-07-21,126.25,126.94,126.12,126.38
2023-07-22,126.34,126.34,126.34,126.34
2023-07-24,126.25,127.06,125.91,126.16
2023-07-25,125.97,126.19,125.31,125.53
2023-07-26,125.84,126.31,125.5,126.19
2023-07-27,125.94,126.31,123.66,123.88
2023-07-28,124.0,124.66,123.28,124.25
2023-07-31,124.44,124.88,123.81,124.44
2023-08-01,124.47,124.62,122.81,122.97
2023-08-02,123.06,123.41,121.62,122.28
2023-08-03,122.16,122.25,120.09,120.34
2023-08-04,120.56,122.28,119.78,122.0
2023-08-05,122.19,122.19,122.19,122.19
2023-08-07,122.12,122.16,121.03,121.56
2023-08-08,121.41,123.16,121.38,122.44
2023-08-09,122.38,123.03,122.19,122.75
2023-08-10,122.81,123.69,121.28,121.69
2023-08-11,121.34,121.62,120.66,120.75
2023-08-14,120.78,121.28,120.19,120.69
2023-08-15,120.56,120.72,119.44,120.09
2023-08-16,120.19,120.59,119.09,119.38
2023-08-17,119.47,119.59,118.44,118.66
2023-08-18,119.0,119.88,118.84,119.22
2023-08-21,119.22,119.31,117.66,117.88
2023-08-22,117.94,118.5,117.56,118.34
2023-08-23,118.41,120.47,118.38,120.22
2023-08-24,120.28,120.72,119.69,119.84
2023-08-25,119.81,120.28,119.16,119.75
2023-08-28,120.09,120.66,119.81,120.12
2023-08-29,120.28,121.53,119.75,121.22
2023-08-30,121.25,121.72,120.72,121.25
2023-08-31,121.34,121.97,121.19,121.69
2023-09-01,121.44,121.91,119.91,120.34
2023-09-03,120.25,120.25,120.06,120.16
2023-09-04,120.16,120.19,119.84,119.94
2023-09-05,120.25,120.25,118.94,119.09
2023-09-06,119.12,119.59,118.78,119.19
2023-09-07,119.16,119.53,118.81,119.31
2023-09-08,119.5,120.16,119.22,119.56
2023-09-09,119.47,119.47,119.47,119.47
2023-09-11,119.34,119.53,118.78,119.06
2023-09-12,119.03,119.53,118.91,119.44
2023-09-13,119.25,119.84,118.25,119.66
2023-09-14,119.59,120.0,118.88,119.06
2023-09-15,119.06,119.28,118.34,118.59
2023-09-18,118.44,118.97,118.12,118.78
2023-09-19,118.94,119.0,118.09,118.22
2023-09-20,118.22,118.91,117.75,118.56
2023-09-21,117.88,117.88,115.91,116.28
2023-09-22,115.94,117.09,115.72,116.91
2023-09-25,116.94,117.0,114.69,114.84
2023-09-26,115.0,115.72,114.31,114.38
2023-09-27,114.69,115.47,113.34,113.5
2023-09-28,113.69,113.97,112.31,113.5
2023-09-29,113.78,114.75,113.38,113.78
2023-10-02,113.75,113.75,111.97,112.38
2023-10-03,112.56,112.75,110.5,110.66
2023-10-04,110.75,111.84,109.62,111.5
2023-10-05,111.56,111.91,110.72,111.41
2023-10-06,111.31,111.44,108.91,110.47
2023-10-09,110.56,112.25,110.34,112.03
2023-10-10,112.0,112.59,110.94,112.06
2023-10-11,112.0,113.94,111.97,113.38
2023-10-12,113.84,114.31,111.22,111.47
2023-10-13,111.66,113.44,111.62,112.78
2023-10-16,112.84,112.84,111.19,111.34
2023-10-17,111.44,111.53,109.53,110.0
2023-10-18,110.25,110.38,108.78,109.28
2023-10-19,109.09,109.47,107.69,107.84
2023-10-20,107.84,108.88,107.53,108.47
2023-10-23,108.06,110.25,107.12,109.97
2023-10-24,109.75,110.5,109.25,110.0
2023-10-25,110.28,110.5,108.28,108.41
2023-10-26,108.41,109.97,107.88,109.88
2023-10-27,109.78,109.84,108.94,109.5
2023-10-30,109.69,109.81,108.5,109.28
2023-10-31,109.0,110.38,108.56,109.44
2023-11-01,108.66,111.19,108.59,110.44
2023-11-02,111.16,112.97,110.97,112.5
2023-11-03,112.69,114.84,112.38,113.66
2023-11-06,113.41,113.44,112.38,112.47
2023-11-07,112.75,114.34,112.47,113.97
2023-11-08,114.0,115.38,113.47,114.81
2023-11-09,115.25,115.38,112.38,112.97
2023-11-10,113.16,114.03,112.69,113.38
2023-11-13,113.09,113.41,112.38,113.28
2023-11-14,113.12,115.72,112.94,115.44
2023-11-15,115.25,115.72,113.94,114.25
2023-11-16,114.25,115.56,114.19,115.31
2023-11-17,115.28,116.16,114.84,115.41
2023-11-18,115.47,115.47,115.47,115.47
2023-11-20,115.31,116.06,114.69,115.81
2023-11-21,115.78,116.44,115.25,115.62
2023-11-22,115.94,116.5,115.47,115.88
2023-11-23,116.0,116.25,115.25,115.41
2023-11-24,115.94,116.25,114.75,114.84
2023-11-27,115.0,116.22,114.53,116.09
2023-11-28,116.06,116.66,115.62,116.41
2023-11-29,116.66,117.56,116.53,117.44
2023-11-30,117.5,117.75,116.16,116.44
2023-12-01,116.72,118.53,116.41,118.16
2023-12-02,118.47,118.47,118.47,118.47
2023-12-04,118.47,118.5,117.28,117.56
2023-12-05,117.91,119.53,117.84,119.41
2023-12-06,119.47,120.75,119.03,120.56
2023-12-07,120.69,120.78,119.62,120.25
2023-12-08,120.03,120.12,118.44,119.0
2023-12-09,119.22,119.22,119.22,119.22
2023-12-11,119.12,119.16,118.28,119.0
2023-12-12,119.03,120.28,118.78,119.5
2023-12-13,119.47,121.91,119.41,121.66
2023-12-14,121.75,123.94,121.72,123.44
2023-12-15,123.62,124.28,123.03,123.78
2023-12-16,123.94,123.94,123.94,123.94
2023-12-18,123.88,124.25,123.0,123.25
2023-12-19,123.53,124.16,123.34,123.66
2023-12-20,123.5,124.75,123.47,124.38
2023-12-21,124.62,124.94,123.88,123.97
2023-12-22,124.03,124.72,123.62,123.78
2023-12-23,123.97,123.97,123.97,123.97
2023-12-24,123.97,123.97,123.97,123.97
2023-12-25,123.94,123.94,123.88,123.91
2023-12-26,123.91,124.31,123.81,124.25
2023-12-27,124.09,125.94,124.0,125.88
2023-12-28,125.59,125.88,124.94,125.12
2023-12-29,125.06,125.28,124.28,124.94
2023-12-30,124.5,124.5,124.5,124.5
2023-12-31,124.5,124.5,124.5,124.5
2024-01-01,124.56,124.66,124.31,124.38
2024-01-02,124.47,124.66,123.25,123.81
2024-01-03,123.97,124.31,122.78,124.12
2024-01-04,123.88,124.16,122.56,122.84
2024-01-05,122.69,123.22,121.28,122.03
2024-01-06,121.97,121.97,121.97,121.97
2024-01-08,122.03,123.0,121.62,122.53
2024-01-09,122.22,122.75,121.81,122.41
2024-01-10,122.44,122.94,121.94,122.16
2024-01-11,122.16,123.47,121.47,122.72
2024-01-12,122.91,123.41,122.28,122.88
2024-01-13,123.13,123.13,123.13,123.13
2024-01-14,123.13,123.13,122.81,122.84
2024-01-15,122.88,123.09,122.31,122.5
2024-01-16,123.06,123.09,120.84,121.06
2024-01-17,121.12,121.56,120.38,120.78
2024-01-18,120.75,121.09,119.69,119.91
2024-01-19,119.97,120.41,119.31,120.0
2024-01-20,120.31,120.31,120.31,120.31
2024-01-22,120.25,121.16,120.12,120.72
2024-01-23,120.62,120.81,119.62,119.81
2024-01-24,120.03,120.66,119.12,119.22
2024-01-25,119.28,120.12,119.0,119.81
2024-01-26,119.91,120.38,119.38,119.56
2024-01-27,119.84,119.84,119.84,119.84
2024-01-29,119.91,121.03,119.72,120.53
2024-01-30,120.75,121.59,120.59,121.25
2024-01-31,121.56,123.12,121.41,122.34
2024-02-01,123.03,124.75,122.47,124.03
2024-02-02,123.72,124.0,121.59,121.91
2024-02-03,122.0,122.0,122.0,122.0
2024-02-05,121.94,121.97,119.94,120.12
2024-02-06,120.19,121.19,120.0,121.0
2024-02-07,120.88,121.31,120.38,120.84
2024-02-08,120.69,120.88,119.62,119.69
2024-02-09,120.06,120.44,119.47,119.62
2024-02-12,119.75,120.12,119.41,119.84
2024-02-13,119.72,120.88,117.94,117.97
2024-02-14,118.09,118.81,117.81,118.53
2024-02-15,118.62,119.62,118.56,118.88
2024-02-16,119.06,119.06,117.84,118.22
2024-02-17,118.41,118.41,118.41,118.41
2024-02-18,118.41,118.41,118.22,118.28
2024-02-19,118.28,118.44,117.69,117.81
2024-02-20,118.34,118.75,117.69,118.31
2024-02-21,118.38,118.69,117.62,117.72
2024-02-22,117.88,118.28,117.34,118.06
2024-02-23,118.12,119.25,117.78,119.06
2024-02-24,119.16,119.16,119.16,119.16
2024-02-26,119.09,119.69,118.34,118.59
2024-02-27,118.97,119.28,118.19,118.31
2024-02-28,118.44,118.94,118.25,118.75
2024-02-29,118.84,119.53,118.19,119.25
2024-03-01,119.09,120.06,118.47,120.03
2024-03-04,119.94,120.0,119.16,119.59
2024-03-05,119.66,121.28,119.5,120.84
2024-03-06,120.62,121.72,120.28,121.59
2024-03-07,121.59,122.41,121.25,121.72
2024-03-08,121.75,122.28,121.06,121.5
2024-03-09,121.66,121.66,121.66,121.66
2024-03-11,121.59,122.09,121.25,121.41
2024-03-12,121.59,121.84,120.5,120.75
2024-03-13,120.78,121.16,120.12,120.25
2024-03-14,120.38,120.44,118.69,118.72
2024-03-15,118.88,119.22,118.47,118.72
2024-03-18,118.59,118.88,118.09,118.19
2024-03-19,118.44,119.0,118.22,118.72
2024-03-20,119.0,119.0,119.0,118.88
2024-03-21,118.88,119.62,118.59,119.0
2024-03-22,119.09,120.16,119.06,119.84
2024-03-25,119.97,120.19,119.19,119.38
2024-03-26,119.41,119.78,119.06,119.66
2024-03-27,119.62,120.38,119.5,120.19
2024-03-28,120.31,120.62,119.75,120.47
2024-04-01,120.0,120.0,119.31,118.56
2024-04-02,118.72,118.81,117.16,117.75
2024-04-03,117.0,117.0,117.0,117.81
2024-04-04,117.94,118.53,117.38,118.44
2024-04-05,118.34,118.47,117.03,117.56
2024-04-08,117.0,117.0,117.0,117.13
2024-04-09,117.12,118.16,117.0,118.0
2024-04-10,118.0,118.31,115.41,115.59
2024-04-11,115.59,115.59,115.59,115.28
2024-04-12,115.47,116.0,115.47,116.25
2024-04-13,115.81,115.81,115.81,115.81
2024-04-15,115.0,115.0,115.0,114.31
2024-04-16,114.0,114.0,114.0,114.0
2024-04-17,113.84,114.97,113.62,114.88
2024-04-18,114.81,115.19,114.06,114.19
2024-04-19,115.44,115.44,115.44,114.69
2024-04-20,114.56,114.56,114.56,114.56
2024-04-22,114.38,114.69,113.97,114.59
2024-04-23,114.62,115.16,114.06,114.75
2024-04-24,114.81,114.81,113.81,113.91
2024-04-25,114.06,114.34,112.84,113.31
2024-04-26,113.34,114.31,113.19,113.88
2024-04-27,113.97,113.97,113.97,113.97
2024-04-29,114.44,114.44,114.44,114.63
2024-04-30,114.59,114.78,113.75,113.84
2024-05-01,114.5,114.5,114.5,115.06
2024-05-02,114.56,115.16,114.06,115.16
2024-05-03,116.0,116.0,116.0,116.0
2024-05-04,115.81,115.81,115.81,115.81
2024-05-06,116.0,116.0,116.0,116.28
2024-05-07,116.25,117.22,116.12,116.78
2024-05-08,116.34,116.34,116.34,116.44
2024-05-09,116.0,116.88,116.0,116.84
2024-05-10,116.5,116.5,115.88,116.13
2024-05-11,116.13,116.13,116.13,116.13
2024-05-13,116.12,116.69,116.12,116.47
2024-05-14,116.28,116.88,115.66,116.88
2024-05-15,117.5,118.47,117.5,118.19
2024-05-16,118.47,118.47,118.47,117.97
2024-05-17,117.97,117.97,117.59,117.38
2024-05-18,117.31,117.31,117.31,117.31
2024-05-20,117.72,117.72,116.84,117.13
2024-05-21,116.97,117.59,116.84,117.41
2024-05-22,117.34,117.53,116.75,117.34
2024-05-23,117.0,117.0,117.0,116.91
2024-05-24,117.16,117.16,116.97,116.91
2024-05-26,117.0,117.13,117.0,117.13
2024-05-27,117.16,117.16,116.72,116.94
2024-05-28,117.19,117.19,115.97,115.84
2024-05-29,115.84,115.84,114.69,114.75
2024-05-30,115.5,116.13,115.5,115.66
2024-05-31,116.13,116.63,116.13,116.31
2024-06-03,116.75,117.69,116.75,117.88
2024-06-04,118.41,118.91,118.31,118.81
2024-06-05,118.88,119.41,118.69,119.47
2024-06-06,119.34,119.59,119.03,119.66
2024-06-07,119.31,119.31,117.59,117.63
2024-06-10,117.5,117.5,116.88,117.0
2024-06-11,117.19,117.47,117.13,117.81
2024-06-12,118.0,119.72,118.0,119.25
2024-06-13,118.78,120.19,118.78,119.94
2024-06-14,120.0,120.69,119.75,120.53
2024-06-17,120.16,120.31,119.38,119.66
2024-06-18,119.78,120.47,119.59,120.5
2024-06-19,120.34,120.56,120.19,120.25
2024-06-20,120.47,120.63,119.47,120.0
2024-06-21,120.38,120.38,119.66,119.97
2024-06-22,119.78,119.78,119.78,119.78
2024-06-24,120.09,120.19,119.78,120.13
2024-06-25,120.41,120.59,120.09,120.28
2024-06-26,119.78,119.78,118.97,119.06
2024-06-27,118.59,119.5,118.59,119.44
2024-06-28,119.25,119.78,117.75,118.44
2024-06-29,117.47,117.47,117.47,117.47
2024-07-01,117.5,117.5,116.03,116.19
2024-07-02,116.59,117.03,116.5,116.75
2024-07-03,116.94,118.16,116.81,118.09
2024-07-04,117.69,117.78,117.47,117.59
2024-07-05,117.59,118.97,117.59,118.91
2024-07-08,118.59,119.0,118.38,119.09
2024-07-09,118.72,118.81,118.19,118.5
2024-07-10,118.5,119.03,118.5,118.81
2024-07-11,118.78,120.34,118.63,119.91
2024-07-12,119.69,120.09,119.31,120.03
2024-07-13,119.91,119.91,119.91,119.91
2024-07-15,119.31,119.47,118.81,119.25
2024-07-16,119.56,120.41,119.47,120.38
2024-07-17,120.38,120.63,120.03,120.63
2024-07-18,120.34,120.34,119.72,119.91
2024-07-19,119.88,119.91,119.06,119.22
2024-07-20,119.16,119.16,119.16,119.16
2024-07-22,119.5,119.75,118.63,118.88
2024-07-23,119.0,119.41,118.94,119.13
2024-07-24,118.88,119.34,118.09,118.13
2024-07-25,118.22,119.31,118.22,118.72
2024-07-26,118.78,119.63,118.59,119.44
2024-07-27,119.38,119.38,119.38,119.38
2024-07-29,119.63,120.22,119.56,119.75
2024-07-30,119.78,120.44,119.63,120.28
2024-07-31,120.34,121.91,120.22,120.91
2024-08-01,121.78,122.91,121.47,122.66
2024-08-02,122.78,125.38,122.78,125.19
2024-08-03,125.06,125.06,125.06,125.06
2024-08-05,125.28,126.94,124.81,125.53
2024-08-06,125.47,125.47,123.56,123.81
2024-08-07,123.97,123.97,122.44,122.56
2024-08-08,122.75,123.5,121.72,122.13
2024-08-09,122.28,123.31,122.22,123.03
2024-08-12,123.09,123.59,122.69,123.47
2024-08-13,123.47,124.25,123.16,124.16
2024-08-14,124.22,124.97,123.97,124.75
2024-08-15,124.53,124.69,122.84,123.44
2024-08-16,123.59,124.25,123.44,123.84
2024-08-19,123.91,124.56,123.66,124.38
2024-08-20,124.31,125.25,124.06,125.06
2024-08-21,125.16,125.72,124.75,125.56
2024-08-22,125.16,125.31,123.97,124.22
2024-08-23,124.31,125.13,124.22,124.78
2024-08-26,124.88,125.25,124.5,124.72
2024-08-27,124.75,124.84,123.81,124.34
2024-08-28,124.53,124.81,124.09,124.16
2024-08-29,124.31,124.63,123.38,123.78
2024-08-30,123.94,124.13,122.66,123.13
2024-09-03,122.94,124.66,122.53,124.16
2024-09-04,124.19,125.34,124.06,125.19
2024-09-05,125.25,125.81,125.03,125.66
2024-09-06,125.69,126.81,125.16,125.88
2024-09-09,125.69,126.28,125.09,126.16
2024-09-10,126.06,127.0,125.72,126.91
2024-09-11,126.78,127.44,126.31,126.78
2024-09-12,126.75,127.0,125.94,126.34
2024-09-13,126.5,127.09,126.28,126.72
2024-09-16,126.66,127.31,126.5,127.19
2024-09-17,127.25,127.69,126.69,126.88
2024-09-18,126.75,126.97,125.53,126.06
2024-09-19,125.84,125.91,124.69,125.13
2024-09-20,125.5,125.72,124.81,125.25
2024-09-23,125.03,125.31,124.25,125.13
2024-09-24,124.94,125.19,123.91,125.03
2024-09-25,125.06,125.19,124.09,124.28
2024-09-26,124.22,124.69,123.72,124.34
2024-09-27,124.22,125.0,124.03,124.88
2024-09-30,124.81,124.88,124.13,124.19
2024-10-01,124.41,125.78,124.34,125.0
2024-10-02,125.13,125.28,123.63,124.28
2024-10-03,124.28,124.34,123.31,123.44
2024-10-04,123.47,123.69,121.78,121.97
2024-10-07,121.94,122.25,121.22,121.31
2024-10-08,121.31,121.66,120.75,121.13
2024-10-09,121.44,121.5,120.53,120.78
2024-10-10,120.75,120.94,119.88,120.19
2024-10-11,120.66,120.72,119.72,120.38
2024-10-14,120.0,120.13,119.44,119.78
2024-10-15,120.09,121.22,120.03,121.06
2024-10-16,121.03,121.72,120.97,121.34
2024-10-17,121.31,121.38,119.94,120.0
2024-10-18,120.09,120.5,119.56,120.25
2024-10-21,120.06,120.19,118.47,118.69
2024-10-22,118.47,118.97,118.06,118.47
2024-10-23,118.31,118.47,117.78,118.03
2024-10-24,118.03,119.03,117.91,118.75
2024-10-25,118.63,119.16,118.03,118.28
2024-10-28,118.19,118.38,117.0,117.66
2024-10-29,117.63,118.0,116.75,117.69
2024-10-30,117.94,118.88,117.5,118.06
2024-10-31,117.59,118.22,117.19,117.97
2024-11-01,118.0,118.78,116.5,116.81
2024-11-04,117.28,118.31,117.28,117.69
2024-11-05,118.03,118.38,117.16,118.16
2024-11-06,118.28,118.66,115.31,116.25
2024-11-07,116.13,117.5,115.69,117.09
2024-11-08,117.19,118.34,116.94,117.84
2024-11-11,117.84,117.91,117.22,117.66
2024-11-12,117.84,118.16,116.13,116.31
2024-11-13,116.34,117.34,115.69,115.84
2024-11-14,115.97,116.97,115.47,116.56
2024-11-15,116.38,116.66,115.34,116.31
2024-11-18,116.09,116.63,115.28,116.31
2024-11-19,116.28,117.41,116.25,116.91
2024-11-20,116.66,116.91,116.09,116.56
2024-11-21,116.47,116.91,116.0,116.13
2024-11-22,116.31,116.84,116.06,116.28
2024-11-25,117.03,118.34,116.84,118.28
2024-11-26,118.28,118.47,117.66,118.03
2024-11-27,118.06,119.13,117.97,118.81
2024-11-29,118.59,119.66,118.41,119.5
2024-12-02,119.53,120.0,118.88,119.69
2024-12-03,119.66,120.0,118.91,119.19
2024-12-04,119.06,119.88,118.31,119.78
2024-12-05,119.78,120.0,119.25,119.88
2024-12-06,119.84,120.56,119.53,120.16
2024-12-09,120.0,120.31,119.31,119.34
2024-12-10,119.38,119.53,118.66,119.03
2024-12-11,118.94,119.19,118.03,118.16
2024-12-12,118.06,118.19,117.06,117.25
2024-12-13,117.31,117.47,116.13,116.25
2024-12-16,116.28,116.66,115.91,116.19
2024-12-17,116.25,116.69,115.69,116.41
2024-12-18,116.25,116.47,114.69,115.06
2024-12-19,114.78,115.0,113.53,114.03
2024-12-20,114.06,115.03,114.0,114.5
2024-12-23,114.5,114.59,113.56,113.56
2024-12-24,113.75,113.94,113.19,113.88
2024-12-26,113.78,114.06,113.09,113.94
2024-12-27,113.81,114.03,113.06,113.28
2024-12-30,113.19,114.28,113.06,114.09
2025-01-02,113.75,114.59,113.34,113.75
2025-01-03,114.03,114.34,113.44,113.53
2025-01-06,113.47,113.75,112.81,113.13
2025-01-07,112.97,113.28,111.97,112.16
2025-01-08,112.16,112.41,111.44,111.97
2025-01-09,111.94,112.69,111.94,112.13
2025-01-10,112.03,112.22,110.88,111.22
2025-01-13,111.34,111.47,110.78,110.84
2025-01-14,111.16,111.5,110.59,110.91
2025-01-15,110.94,112.94,110.94,112.53
2025-01-16,112.44,113.28,112.06,113.0
2025-01-17,112.88,113.63,112.81,113.09
2025-01-21,112.91,114.09,112.5,113.66
2025-01-22,113.5,113.94,113.19,113.44
2025-01-23,113.25,113.5,112.53,112.88
2025-01-24,112.81,113.28,112.53,113.19
2025-01-27,113.22,114.78,113.22,114.38
2025-01-28,114.28,114.34,113.72,114.09
2025-01-29,114.25,114.69,113.63,114.09
2025-01-30,114.38,115.03,114.22,114.66
2025-01-31,114.66,114.84,113.66,113.91
2025-02-03,114.0,115.47,113.88,114.38
2025-02-04,114.06,114.81,113.56,114.75
2025-02-05,114.72,116.41,114.5,116.16
2025-02-06,116.22,116.44,115.75,116.09
2025-02-07,116.19,117.03,115.22,115.53
2025-02-10,115.5,115.91,115.22,115.41
2025-02-11,115.38,115.56,114.69,114.78
2025-02-12,114.81,115.19,113.13,113.41
2025-02-13,113.5,115.09,113.47,115.0
2025-02-14,114.84,115.94,114.59,115.53
2025-02-18,115.47,115.59,114.41,114.66
2025-02-19,114.5,114.78,114.13,114.63
2025-02-20,114.63,115.16,114.56,115.03
2025-02-21,114.88,116.31,114.84,116.09
2025-02-24,115.94,116.5,115.56,116.34
2025-02-25,116.22,117.84,116.19,117.66
2025-02-26,117.63,118.31,117.16,118.28
2025-02-27,118.22,118.31,117.44,117.72
2025-02-28,117.97,118.81,117.78,118.31
2025-03-03,118.31,119.38,117.88,119.03
2025-03-04,119.34,119.75,118.03,118.44
2025-03-05,117.91,118.66,117.44,117.75
2025-03-06,117.25,117.53,116.66,117.34
2025-03-07,117.12,117.94,116.5,116.66
2025-03-10,116.94,118.22,116.91,117.91
2025-03-11,117.91,118.66,116.78,116.94
2025-03-12,117.03,117.44,116.38,116.53
2025-03-13,116.59,117.38,116.0,117.16
2025-03-14,117.16,117.22,116.41,116.75
2025-03-17,116.69,117.63,116.59,116.97
2025-03-18,117.0,117.44,116.31,117.25
2025-03-19,117.13,117.72,116.69,117.5
2025-03-20,117.69,118.72,117.59,117.72
2025-03-21,117.69,118.19,117.34,117.38
2025-03-24,117.38,117.44,116.28,116.41
2025-03-25,116.34,116.78,115.84,116.59
2025-03-26,116.5,116.5,115.81,116.16
2025-03-27,116.0,116.25,115.25,115.66
2025-03-28,115.69,117.19,115.66,117.09
2025-03-31,117.28,118.06,117.09,117.28
2025-04-01,117.84,118.91,117.66,118.59
2025-04-02,118.38,119.28,117.59,118.0
2025-04-03,119.16,120.16,119.09,119.41
2025-04-04,119.63,121.84,119.44,120.59
2025-04-07,121.22,122.16,116.75,117.63
2025-04-08,117.19,118.0,114.97,115.75
2025-04-09,115.0,115.72,111.53,114.53
2025-04-10,115.22,116.34,113.5,113.88
2025-04-11,113.69,114.13,111.66,113.19
2025-04-14,113.34,114.56,112.5,114.5
2025-04-15,114.31,115.03,113.75,114.84
2025-04-16,114.75,115.47,114.38,115.28
2025-04-17,115.34,115.44,114.25,114.56
2025-04-21,114.31,114.41,112.84,113.03
2025-04-22,113.09,113.91,112.72,113.59
2025-04-23,114.06,115.97,113.91,114.16
2025-04-24,114.31,115.25,114.25,115.19
2025-04-25,115.03,116.28,114.88,115.81
2025-04-28,116.09,116.53,115.44,116.38
2025-04-29,116.41,117.19,115.94,117.06
2025-04-30,116.97,117.66,116.06,116.63
2025-05-01,116.56,117.22,115.75,115.88
2025-05-02,116.03,116.44,114.75,114.91
2025-05-05,115.03,115.34,114.13,114.5
2025-05-06,114.44,114.97,113.97,114.75
2025-05-07,115.0,115.59,114.56,115.38
2025-05-08,115.38,115.47,114.06,114.41
2025-05-09,114.16,114.59,113.78,114.34
2025-05-12,114.06,114.16,113.22,113.5
2025-05-13,113.31,113.72,112.59,112.69
2025-05-14,113.16,113.34,112.19,112.38
2025-05-15,112.31,113.53,111.91,113.06
2025-05-16,113.44,114.03,112.53,113.38
2025-05-19,112.56,113.28,111.47,112.78
2025-05-20,113.22,113.53,112.03,112.56
2025-05-21,112.47,112.72,110.75,110.78
2025-05-22,110.75,111.5,110.03,111.19
2025-05-23,111.44,112.5,111.25,111.66
2025-05-26,111.75,111.91,110.94,111.75
2025-05-27,111.59,113.0,110.94,112.91
2025-05-28,112.72,112.94,111.97,112.34
2025-05-29,112.31,113.31,111.56,113.19
2025-05-30,113.16,113.56,112.88,113.19
2025-06-02,113.38,113.41,112.31,112.38
2025-06-03,112.69,113.22,112.44,112.63
2025-06-04,112.66,114.28,112.53,114.06
2025-06-05,113.59,114.31,113.25,113.44
2025-06-06,113.44,113.72,112.0,112.13
2025-06-09,112.03,112.53,111.78,112.34
2025-06-10,112.5,113.06,112.31,112.56
2025-06-11,112.56,113.41,111.94,113.28
2025-06-12,113.13,114.41,113.09,114.31
2025-06-13,114.22,114.94,112.88,113.25
2025-06-16,113.63,113.63,112.56,112.66
2025-06-17,112.75,113.81,112.66,113.66
2025-06-18,113.69,114.28,113.31,113.63
2025-06-19,113.69,113.78,113.13,113.69
2025-06-20,113.59,114.0,112.91,113.78
2025-06-23,114.0,114.72,113.25,114.34
2025-06-24,114.03,114.81,113.56,114.72
2025-06-25,114.63,115.0,114.03,114.56
2025-06-26,114.59,115.19,114.44,114.94
2025-06-27,115.09,115.28,114.34,114.47
2025-06-30,114.47,115.53,114.19,115.47
2025-07-01,115.44,116.09,114.94,115.38
2025-07-02,115.59,115.59,114.41,114.69
2025-07-03,114.84,115.34,113.97,114.25
2025-07-04,114.28,114.69,114.16,114.28
2025-07-07,114.22,114.41,113.13,113.22
2025-07-08,113.5,113.53,112.66,113.03
2025-07-09,113.25,114.19,112.97,114.06
2025-07-10,114.16,114.41,113.72,114.25
2025-07-11,114.09,114.34,112.81,112.91
2025-07-14,113.0,113.09,112.47,112.75
2025-07-15,112.63,113.31,111.94,111.97
2025-07-16,112.06,112.72,111.34,112.16
2025-07-17,112.13,112.59,111.66,112.13
2025-07-18,112.22,112.66,112.19,112.44
2025-07-21,112.63,113.78,112.41,113.44
2025-07-22,113.31,114.06,113.0,113.97
2025-07-23,113.75,113.78,113.09,113.34
2025-07-24,113.47,113.53,112.66,113.28
2025-07-25,113.41,113.72,112.94,113.59
2025-07-28,113.44,113.94,113.09,113.16
2025-07-29,113.19,114.69,113.09,114.53
2025-07-30,114.63,114.78,113.78,113.88
2025-07-31,113.94,114.63,113.91,114.19
2025-08-01,114.0,115.84,113.31,115.69
2025-08-04,115.59,116.0,115.0,115.91
2025-08-05,115.91,116.22,115.56,116.13
2025-08-06,115.88,115.97,114.34,115.56
2025-08-07,115.44,115.91,115.28,115.53
2025-08-08,115.44,115.56,114.84,115.0
2025-08-11,115.0,115.47,114.97,115.16
2025-08-12,115.03,115.66,114.31,114.66
2025-08-13,114.69,115.66,114.56,115.5
2025-08-14,115.5,115.97,114.63,114.66
2025-08-15,114.75,115.03,113.94,114.0
2025-08-18,114.09,114.56,113.59,113.78
2025-08-19,113.91,114.41,113.66,114.34
2025-08-20,114.25,114.72,114.0,114.41
2025-08-21,114.5,114.59,113.75,114.06
2025-08-22,114.19,115.13,113.91,114.84
2025-08-25,114.91,115.0,114.31,114.72
2025-08-26,114.31,114.44,113.53,114.22
2025-08-27,114.06,114.28,113.5,114.25
2025-08-28,114.13,114.88,114.13,114.81
2025-08-29,114.81,114.84,114.0,114.25
2025-09-01,114.22,114.53,114.13,114.22
2025-09-02,114.16,114.22,113.06,113.44
2025-09-03,113.59,114.69,113.03,114.56
2025-09-04,114.44,115.22,114.38,114.88
2025-09-05,115.09,116.66,115.06,116.44
2025-09-08,116.63,117.47,116.28,117.44
2025-09-09,117.38,117.44,116.78,117.13
2025-09-10,116.91,117.91,116.69,117.69
2025-09-11,117.41,118.19,117.16,117.97
2025-09-12,117.81,117.88,117.0,117.41
2025-09-15,117.31,117.97,117.0,117.84
2025-09-16,117.81,118.03,117.34,117.97
2025-09-17,117.84,118.66,117.22,117.47
2025-09-18,117.25,117.94,116.38,116.84
2025-09-19,116.75,116.78,116.22,116.34
2025-09-22,116.44,116.59,116.03,116.25
2025-09-23,116.19,116.84,116.16,116.59
2025-09-24,116.84,116.94,116.16,116.31
2025-09-25,116.34,116.53,115.75,116.22
2025-09-26,116.34,116.66,115.88,116.03
2025-09-29,116.09,116.94,116.09,116.84
2025-09-30,116.84,117.22,116.47,116.59
2025-10-01,116.59,117.38,116.22,116.97
2025-10-02,117.03,117.41,116.72,117.28
2025-10-03,117.28,117.5,116.84,116.94
2025-10-06,116.78,116.81,116.16,116.25
2025-10-07,116.41,117.0,116.03,116.78
2025-10-08,116.81,117.41,116.63,116.81
2025-10-09,117.0,117.19,116.5,116.63
2025-10-10,116.72,118.34,116.69,118.06
2025-10-13,117.88,118.0,117.34,117.94
2025-10-14,118.0,118.78,117.72,118.28
2025-10-15,118.13,118.75,117.88,117.97
2025-10-16,118.13,118.94,117.84,118.84
2025-10-17,118.81,119.34,118.25,118.47
2025-10-20,118.34,118.91,118.19,118.78
2025-10-21,118.88,119.47,118.78,119.19
2025-10-22,119.31,119.59,119.03,119.28
2025-10-23,119.34,119.41,118.5,118.84
2025-10-24,118.66,119.22,118.34,118.59
2025-10-27,118.16,119.0,117.84,118.78
2025-10-28,119.03,119.25,118.78,119.06
2025-10-29,119.09,119.19,117.88,118.22
2025-10-30,118.0,118.09,117.28,117.59
2025-10-31,117.5,117.69,117.16,117.31
2025-11-03,117.34,117.56,116.91,117.16
2025-11-04,117.09,117.56,117.03,117.41
2025-11-05,117.41,117.88,116.34,116.44
2025-11-06,116.41,117.44,116.38,117.22
2025-11-07,117.34,117.44,116.81,117.06
2025-11-10,116.78,117.19,116.31,117.0
2025-11-11,116.91,117.59,116.75,117.5
2025-11-12,117.47,117.84,117.16,117.63
2025-11-13,117.5,117.72,116.91,117.09
2025-11-14,116.97,117.72,116.44,116.5
2025-11-17,116.44,117.0,116.31,116.72
2025-11-18,116.59,117.25,116.47,116.72
2025-11-19,116.84,117.06,116.44,116.59
2025-11-20,116.5,117.16,116.19,116.91
2025-11-21,117.06,117.69,116.88,117.22
2025-11-24,117.19,117.78,117.16,117.72
2025-11-25,117.75,118.44,117.56,118.09
2025-11-26,117.84,117.94,117.13,117.84
2025-11-27,118.16,118.31,118.0,118.16
2025-11-28,117.84,117.94,117.16,117.44
2025-12-01,117.41,117.41,116.16,116.22
2025-12-02,116.31,116.41,115.88,116.34
2025-12-03,116.25,116.88,116.22,116.69
2025-12-04,116.56,116.59,115.94,116.03
2025-12-05,116.19,116.34,115.44,115.59
2025-12-08,115.59,115.69,114.84,115.09
2025-12-09,115.28,115.72,115.06,115.19
2025-12-10,115.22,115.81,114.91,115.38
2025-12-11,115.56,116.28,115.38,115.63
2025-12-12,115.41,115.53,114.53,114.66
2025-12-15,114.78,115.34,114.69,114.88
2025-12-16,114.97,115.47,114.53,115.38
2025-12-17,115.47,115.53,114.91,115.25
2025-12-18,115.22,115.94,115.22,115.72
2025-12-19,115.59,115.66,115.13,115.31
2025-12-22,115.34,115.34,114.97,115.13
2025-12-23,115.22,115.63,114.75,115.28
2025-12-24,115.31,115.81,115.22,115.78
2025-12-25,115.75,115.75,115.63,115.75
2025-12-26,115.72,116.06,115.41,115.53
2025-12-29,115.59,116.13,115.44,115.88
2025-12-30,115.97,116.09,115.5,115.81
2025-12-31,115.91,116.25,115.13,115.59
2026-01-01,115.25,115.25,115.16,115.25
2026-01-02,115.25,115.56,114.88,115.06
2026-01-05,115.0,115.59,114.88,115.31
2026-01-06,115.34,115.41,114.81,115.16
2026-01-07,115.16,116.03,115.13,115.91
2026-01-08,115.72,115.94,115.28,115.38
2026-01-09,115.69,115.91,115.03,115.78
2026-01-12,115.75,115.97,115.16,115.63
2026-01-13,115.72,116.0,115.38,115.81
2026-01-14,115.69,116.47,115.59,116.31
2026-01-15,116.41,116.59,116.09,116.31
2026-01-16,116.13,116.25,115.38,115.44
2026-01-19,114.88,115.44,114.75,114.88
2026-01-20,115.66,115.72,113.88,114.25
2026-01-21,114.19,115.13,114.0,114.97
2026-01-22,115.06,115.34,114.69,115.19
2026-01-23,115.28,115.66,115.0,115.34
2026-01-26,115.63,116.03,115.56,115.84
2026-01-27,115.78,115.84,115.0,115.53
2026-01-28,115.06,115.38,114.75,115.09
2026-01-29,115.13,115.28,114.56,115.22
2026-01-30,115.16,115.19,114.38,115.13
2026-02-02,114.94,115.47,114.44,114.63
2026-02-03,114.47,114.81,114.22,114.59
2026-02-04,114.72,114.84,114.34,114.53
2026-02-05,114.5,115.75,114.38,115.38
2026-02-06,115.75,116.09,115.22,115.5
2026-02-09,115.31,115.66,114.84,115.56
2026-02-10,115.47,116.63,115.41,116.47
2026-02-11,116.47,116.78,115.72,116.09
2026-02-12,116.16,117.34,116.0,117.28
2026-02-13,117.19,117.94,116.94,117.78
2026-02-16,117.97,118.28,117.75,117.97
2026-02-17,117.81,118.38,117.66,118.0
2026-02-18,117.88,118.09,117.5,117.63
2026-02-19,117.59,117.75,117.25,117.66
2026-02-20,117.72,117.94,117.03,117.41
2026-02-23,117.41,118.16,117.19,118.0
2026-02-24,117.91,118.16,117.72,118.03
2026-02-25,118.06,118.16,117.66,117.91
2026-02-26,117.88,118.41,117.78,118.28
2026-02-27,118.41,119.09,118.38,118.88
2026-03-02,119.09,119.19,117.22,117.44
2026-03-03,117.63,117.66,116.53,117.28
2026-03-04,117.22,117.5,116.69,117.06
2026-03-05,116.78,116.88,116.09,116.22
2026-03-06,116.25,116.56,115.44,116.19
2026-03-09,115.81,116.78,115.06,116.25
2026-03-10,116.69,116.81,115.72,116.09
2026-03-11,115.72,116.03,114.41,114.78
2026-03-12,114.41,114.66,114.06,114.16
2026-03-13,114.13,114.44,113.59,113.72
2026-03-16,113.75,114.66,113.59,114.63
2026-03-17,114.5,115.0,114.13,114.81
2026-03-18,114.84,115.34,114.13,114.25
2026-03-19,114.16,114.81,113.63,114.38
2026-03-20,114.66,114.75,112.31,112.41
2026-03-23,112.0,113.5,111.78,113.19
2026-03-24,113.09,113.28,112.06,112.63
2026-03-25,113.0,113.78,112.97,113.56
2026-03-26,113.5,113.53,112.53,112.69
2026-03-27,112.81,112.91,111.72,112.19
2026-03-30,112.31,113.81,112.22,113.5
2026-03-31,113.41,114.19,113.22,113.88
2026-04-01,113.56,114.44,113.44,113.72
2026-04-02,113.66,114.22,112.78,113.94
2026-04-03,113.97,114.38,113.28,113.56
2026-04-06,113.47,114.06,113.25,113.88
2026-04-07,113.84,114.19,113.03,113.5
2026-04-08,114.19,115.0,113.97,114.19
2026-04-09,114.13,114.63,113.72,114.13
2026-04-10,114.31,114.34,113.66,113.78
2026-04-13,113.31,114.22,113.09,114.06
2026-04-14,114.13,114.81,114.03,114.66
2026-04-15,114.75,114.94,114.16,114.34
2026-04-16,114.19,114.5,113.59,113.75
2026-04-17,113.66,114.91,113.5,114.59
2026-04-20,114.28,114.69,114.03,114.66
2026-04-21,114.56,114.84,113.81,114.19
2026-04-22,114.19,114.63,113.97,114.16
2026-04-23,114.06,114.41,113.44,113.84
2026-04-24,113.91,114.22,113.44,114.0
2026-04-27,114.0,114.03,113.5,113.69
2026-04-28,113.56,113.72,113.06,113.53
2026-04-29,113.63,113.69,112.44,112.69
2026-04-30,112.47,113.13,112.34,112.84
2026-05-01,113.09,113.53,112.72,113.09
2026-05-04,113.25,113.47,112.0,112.16
2026-05-05,112.31,112.81,112.16,112.72
2026-05-06,112.63,113.88,112.63,113.63
2026-05-07,113.69,114.13,113.03,113.16
2026-05-08,113.13,113.84,113.06,113.56
2026-05-11,113.59,113.59,112.91,112.97
2026-05-12,112.94,113.0,112.19,112.28
2026-05-13,112.28,112.41,111.81,112.06
2026-05-14,112.19,112.78,112.06,112.47
2026-05-15,112.16,112.16,110.53,110.63
2026-05-18,110.59,111.03,110.16,110.38
2026-05-19,110.69,110.81,109.56,109.81
2026-05-20,109.81,111.03,109.5,110.88
2026-05-21,110.72,111.28,110.16,110.88
2026-05-22,111.09,111.72,111.03,111.22
2026-05-26,111.63,112.56,111.63,112.19
2026-05-27,112.22,112.81,112.19,112.41
2026-05-28,111.88,112.59,111.22,112.31
2026-05-29,112.44,112.66,112.16,112.22
2026-06-01,112.34,112.56,111.59,112.22
2026-06-02,112.47,112.94,112.38,112.53
2026-06-03,112.69,112.69,111.88,112.09
2026-06-04,111.97,112.63,111.97,112.28
2026-06-05,112.28,112.5,111.5,111.75
2026-06-08,111.66,112.0,111.19,111.5
2026-06-09,111.34,111.94,111.09,111.78
2026-06-10,111.84,112.03,111.28,111.56
2026-06-11,111.38,112.84,111.03,112.69
2026-06-12,112.66,113.0,112.06,112.38
2026-06-15,112.72,113.25,112.44,112.56
2026-06-16,112.5,113.25,112.34,113.19
2026-06-17,112.97,113.41,112.69,113.03
2026-06-18,112.88,113.88,112.75,113.38
2026-06-19,113.38,113.16,112.75,112.78
2026-06-22,113.41,113.5,112.5,112.69
2026-06-23,112.59,113.09,112.53,112.81
2026-06-24,112.78,114.19,112.69,114.09
2026-06-25,114.22,114.63,113.94,114.09
2026-06-26,114.03,114.28,113.59,114.16
2026-06-29,114.09,114.34,113.94,114.16
2026-06-30,114.13,114.38,112.78,113.5
2026-07-01,112.78,112.91,112.19,112.66
2026-07-02,112.59,112.81,112.16,112.44
2026-07-03,112.59,112.66,112.25,112.31
2026-07-06,112.59,112.75,112.16,112.38
2026-07-07,112.47,112.5,111.41,111.66
2026-07-08,111.41,111.53,110.84,111.22
2026-07-09,111.03,111.59,110.78,111.44
2026-07-10,111.22,111.66,111.06,111.16
2026-07-13,111.06,111.16,110.56,110.72
2026-07-14,110.56,111.63,110.38,110.91
2026-07-15,110.75,111.34,110.44,111.22
2026-07-16,111.22,111.31,110.47,111.0
2026-07-17,111.13,111.78,111.0,111.41
2026-07-20,111.25,111.41,110.53,110.63
2026-07-21,110.72,110.84,110.09,110.38
2026-07-22,110.28,110.41,109.91,110.03
2026-07-23,109.94,110.13,109.25,109.47
2026-07-24,109.56,110.13,109.34,109.72
2026-07-27,110.06,110.47,109.97,110.28
2026-07-28,110.16,110.97,110.09,110.78
2026-07-29,110.78,110.81,109.0,110.28
2026-07-30,109.34,109.56,108.81,109.41
2026-07-31,109.28,109.78,108.25,108.31
2026-08-03,108.88,109.25,108.78,109.09
2026-08-04,109.16,110.13,108.72,109.84
2026-08-05,110.0,110.41,109.78,109.97
2026-08-06,110.03,110.22,109.19,109.34
2026-08-07,109.16,110.06,109.06,109.38
2026-08-10,109.34,109.66,108.78,108.91
2026-08-11,108.78,109.38,108.38,109.09
2026-08-12,108.97,109.75,108.94,109.03
2026-08-13,108.88,110.13,108.84,109.66
2026-08-14,109.66,109.66,108.78,108.84
2026-08-17,108.91,109.22,108.19,108.31
2026-08-18,108.34,108.75,107.91,108.66
2026-08-19,108.66,110.22,108.53,109.97
2026-08-20,110.03,110.28,108.97,109.47
2026-08-21,109.28,109.59,108.78,108.88
2026-08-24,108.91,109.84,108.91,109.5
2026-08-25,109.59,110.5,109.28,110.25
2026-08-26,110.34,110.5,109.91,110.03
2026-08-27,109.72,109.88,109.28,109.47
2026-08-28,109.38,109.88,109.03,109.22
2026-08-31,109.13,109.47,108.38,108.63
2026-09-01,108.66,108.88,108.03,108.25
2026-09-02,108.19,108.69,107.88,108.28
2026-09-03,108.41,109.06,108.34,108.69
2026-09-04,108.69,108.97,108.25,108.66
