date,yield_10.0y
1990-01-02,9.95965310622933
1990-01-03,10.01179304143191
1990-01-04,9.978280585495437
1990-01-05,10.013562084213785
1990-01-08,10.103279405846198
1990-01-09,10.179820380672501
1990-01-10,10.236538272155604
1990-01-11,10.256812946181197
1990-01-12,10.205374726341457
1990-01-15,10.343039196703026
1990-01-16,10.37903731902436
1990-01-17,10.507056487824041
1990-01-18,10.634023597651902
1990-01-19,10.51377711481464
1990-01-22,10.578490595423583
1990-01-23,10.581162881603056
1990-01-24,10.606280473008608
1990-01-25,10.511714646067492
1990-01-26,10.562475518516036
1990-01-29,10.494669685103707
1990-01-30,10.540095963902045
1990-01-31,10.56528751746915
1990-02-01,10.553155973084852
1990-02-02,10.584874048220438
1990-02-05,10.705104305198336
1990-02-06,10.656706312371075
1990-02-07,10.755820476843274
1990-02-08,10.66509644733686
1990-02-09,10.661995150829911
1990-02-12,10.723363254582921
1990-02-13,10.600199546559889
1990-02-14,10.615533820266498
1990-02-15,10.731646642096397
1990-02-16,10.793554480211395
1990-02-19,10.894757968847063
1990-02-20,10.95377824861055
1990-02-21,10.876026752015608
1990-02-22,10.916153821156714
1990-02-23,10.851280447863719
1990-02-26,10.878149175603863
1990-02-27,10.842785558533295
1990-02-28,11.035267404144502
1990-03-01,11.189362378994378
1990-03-02,11.276793531625273
1990-03-05,11.398636852363413
1990-03-06,11.51610569671159
1990-03-07,11.43837449422815
1990-03-08,11.443597100738634
1990-03-09,11.681311804780476
1990-03-12,11.601757368374841
1990-03-13,11.606488102334094
1990-03-14,11.529451979274864
1990-03-15,11.586324497723046
1990-03-16,11.425873982532053
1990-03-19,11.569636847096893
1990-03-20,11.637245145969047
1990-03-21,11.868156066436438
1990-03-22,11.833600053906453
1990-03-23,11.825443850414072
1990-03-26,11.656958260591129
1990-03-27,11.763651540859502
1990-03-28,11.779973683577554
1990-03-29,11.693025476831142
1990-03-30,11.68886641922629
1990-04-02,11.644951556500278
1990-04-03,11.585558114313798
1990-04-04,11.512076217902118
1990-04-05,11.457983208755232
1990-04-06,11.54281920052525
1990-04-09,11.611696680556365
1990-04-10,11.694603903144689
1990-04-11,11.736949082341106
1990-04-12,11.826991501070781
1990-04-17,11.930337234719378
1990-04-18,11.967767649751728
1990-04-19,12.030231788595767
1990-04-20,11.994706635245281
1990-04-23,12.039111295406073
1990-04-24,12.024661181604356
1990-04-25,12.24709767023998
1990-04-26,12.28911621965163
1990-04-27,12.381256896764146
1990-04-30,12.368108946786474
1990-05-01,12.296764564019082
1990-05-02,12.279872605137012
1990-05-03,12.133736267356522
1990-05-04,11.81167008590806
1990-05-08,11.872310367684026
1990-05-09,11.942570579184125
1990-05-10,11.860372420701934
1990-05-11,11.726664407361785
1990-05-14,11.65253308979158
1990-05-15,11.72042238346432
1990-05-16,11.718877903548712
1990-05-17,11.393291556920392
1990-05-18,11.371259976686838
1990-05-21,11.272638783400176
1990-05-22,11.297732660361362
1990-05-23,11.403533234872745
1990-05-24,11.44980778814957
1990-05-25,11.50484355249544
1990-05-29,11.499399946296352
1990-05-30,11.436016533725322
1990-05-31,11.472167663726694
1990-06-01,11.334639871607814
1990-06-04,11.284580973398972
1990-06-05,11.330001673866713
1990-06-06,11.424113717690732
1990-06-07,11.379409794326417
1990-06-08,11.366930741621255
1990-06-11,11.400216376405165
1990-06-12,11.278318450008511
1990-06-13,11.14890015102904
1990-06-14,10.949597804521654
1990-06-15,11.054318322087802
1990-06-18,11.197769326437701
1990-06-19,11.17543130622234
1990-06-20,10.974138843284816
1990-06-21,11.02097751102293
1990-06-22,10.96484652136465
1990-06-25,10.9677321290644
1990-06-26,10.91692526417515
1990-06-27,11.03137079715219
1990-06-28,11.025062519459855
1990-06-29,11.011092520260794
1990-07-02,11.084895145615919
1990-07-03,11.190324670841289
1990-07-04,11.18622660796635
1990-07-05,11.340547746703942
1990-07-06,11.347642441034358
1990-07-09,11.403878805436898
1990-07-10,11.288367619641551
1990-07-11,11.297982452353617
1990-07-12,11.29799180005162
1990-07-13,11.199403433402903
1990-07-16,11.062244120400122
1990-07-17,11.157948118045741
1990-07-18,11.130692703341854
1990-07-19,11.208003709348699
1990-07-20,11.135472190757586
1990-07-23,11.089699344810274
1990-07-24,11.174426562728993
1990-07-25,11.27196309069323
1990-07-26,11.24233590849478
1990-07-27,11.120641006661328
1990-07-30,11.090487052402235
1990-07-31,11.159765107541135
1990-08-01,11.055041240931827
1990-08-02,11.141153368538927
1990-08-03,11.30813779015789
1990-08-06,11.596826804650078
1990-08-07,11.583235844714386
1990-08-08,11.609690254261137
1990-08-09,11.538509935658121
1990-08-10,11.521046245756665
1990-08-13,11.620437024544469
1990-08-14,11.62025615132252
1990-08-15,11.582140314220217
1990-08-16,11.68137457941795
1990-08-17,11.786556564101318
1990-08-20,11.826750992471252
1990-08-21,11.896466312418559
1990-08-22,11.833583796841735
1990-08-23,11.775182636311968
1990-08-24,11.769269568338
1990-08-28,11.676695839714762
1990-08-29,11.651889220154162
1990-08-30,11.610698007102824
1990-08-31,11.50792523836555
1990-09-03,11.579143293431045
1990-09-04,11.489435181120623
1990-09-05,11.55775966284033
1990-09-06,11.537314662839096
1990-09-07,11.643802656243368
1990-09-10,11.598516803440246
1990-09-11,11.498464810311985
1990-09-12,11.530336912345556
1990-09-13,11.499910802259915
1990-09-14,11.57483400389622
1990-09-17,11.580003942672185
1990-09-18,11.563798611584069
1990-09-19,11.576180986405317
1990-09-20,11.471758034150572
1990-09-21,11.515515978409205
1990-09-24,11.542195580120737
1990-09-25,11.552345699462967
1990-09-26,11.64520266353016
1990-09-27,11.640520154360575
1990-09-28,11.575926300503848
1990-10-01,11.52905265605948
1990-10-02,11.523577645607578
1990-10-03,11.507733134330158
1990-10-04,11.471940681974237
1990-10-05,11.136335934991418
1990-10-08,11.094162067646979
1990-10-09,11.186483102719022
1990-10-10,11.186313022849816
1990-10-11,11.235036255573188
1990-10-12,11.234644633367177
1990-10-15,11.315156775601368
1990-10-16,11.31627452471547
1990-10-17,11.317364474703133
1990-10-18,11.288793700965634
1990-10-19,11.364649957709648
1990-10-22,11.256108082969611
1990-10-23,11.227876417186748
1990-10-24,11.216062471173428
1990-10-25,11.24846751954939
1990-10-26,11.250282648315286
1990-10-29,11.248428557273604
1990-10-30,11.202950811432615
1990-10-31,11.105187208720663
1990-11-01,11.19022092545079
1990-11-02,11.21566978226156
1990-11-05,11.160628364257448
1990-11-06,11.151502385356771
1990-11-07,11.162650474854775
1990-11-08,11.183597432354668
1990-11-09,11.221755667494929
1990-11-12,11.190090736765399
1990-11-13,11.171156050835531
1990-11-14,11.25486302110995
1990-11-15,11.188220227055513
1990-11-16,11.138869024026189
1990-11-19,11.091573511563494
1990-11-20,10.973871600094423
1990-11-21,10.903057945291927
1990-11-22,10.838110304306507
1990-11-23,10.780408499857101
1990-11-26,10.643450872201797
1990-11-27,10.692605347791341
1990-11-28,10.751306932007212
1990-11-29,10.619108419122531
1990-11-30,10.554395486332169
1990-12-03,10.52701659897139
1990-12-04,10.501883306540275
1990-12-05,10.498921491178283
1990-12-06,10.38946447510535
1990-12-07,10.360608197782753
1990-12-10,10.372386964383335
1990-12-11,10.297095012697119
1990-12-12,10.259423188708041
1990-12-13,10.243075516548975
1990-12-14,10.320761458395499
1990-12-17,10.372155557776988
1990-12-18,10.405579963194695
1990-12-19,10.366153598452659
1990-12-20,10.491191551463135
1990-12-21,10.491738057646767
1990-12-24,10.537167689090099
1990-12-27,10.54600056745202
1990-12-28,10.572875516957335
1990-12-31,10.604850743170102
1991-01-02,10.531007089397598
1991-01-03,10.315761658637621
1991-01-04,10.354397335566029
1991-01-07,10.326304370895931
1991-01-08,10.3805289184742
1991-01-09,10.23520315915616
1991-01-10,10.261293914610636
1991-01-11,10.24662678558621
1991-01-14,10.3830159131721
1991-01-15,10.383189109752632
1991-01-16,10.461353954341991
1991-01-17,10.13931911355727
1991-01-18,10.059445920364396
1991-01-21,10.033046967386426
1991-01-22,10.06211655400227
1991-01-23,10.065968224117594
1991-01-24,9.979796851912448
1991-01-25,10.01154178717319
1991-01-28,10.02523416092167
1991-01-29,10.023861658963066
1991-01-30,9.960076011591585
1991-01-31,9.876311903376166
1991-02-01,9.842744709999288
1991-02-04,9.89038982070682
1991-02-05,9.892265232656609
1991-02-06,9.875228856875845
1991-02-07,9.841242496452724
1991-02-08,9.885667297046608
1991-02-11,9.871541138402641
1991-02-12,9.832676546570271
1991-02-13,9.771513448155249
1991-02-14,9.73127022180979
1991-02-15,9.774322492631368
1991-02-18,9.758001833999378
1991-02-19,9.779800299184073
1991-02-20,9.807065501204768
1991-02-21,9.833635303045138
1991-02-22,9.814050684534816
1991-02-25,9.839836737094698
1991-02-26,9.879825223923325
1991-02-27,9.902872046963463
1991-02-28,9.96304517725603
1991-03-01,10.03924082737863
1991-03-04,10.09881331468785
1991-03-05,10.019657322934272
1991-03-06,10.00765005365772
1991-03-07,9.936900980390751
1991-03-08,9.956594083918802
1991-03-11,9.978799380555804
1991-03-12,10.04003630924507
1991-03-13,10.164018107911469
1991-03-14,10.128050839030752
1991-03-15,10.163532374822008
1991-03-18,10.158982071082367
1991-03-19,10.191086310420655
1991-03-20,10.050721742457236
1991-03-21,10.004304746193059
1991-03-22,10.036865676223872
1991-03-25,10.087549219631704
1991-03-26,10.045742299290733
1991-03-27,10.00226968728872
1991-03-28,9.917483198486583
1991-04-02,9.924068192972978
1991-04-03,9.862202813360113
1991-04-04,9.784232663952327
1991-04-05,9.87960454835965
1991-04-08,9.837064649696094
1991-04-09,9.863894183419106
1991-04-10,9.878201071489853
1991-04-11,9.85146425510851
1991-04-12,9.920969841565416
1991-04-15,9.954906825992964
1991-04-16,9.966952580355056
1991-04-17,9.957093294184201
1991-04-18,10.036231188551659
1991-04-19,10.028706417098942
1991-04-22,10.029825189092918
1991-04-23,10.001279056233274
1991-04-24,9.997305988620898
1991-04-25,9.959103178677731
1991-04-26,10.05347235094775
1991-04-29,10.05538114080072
1991-04-30,10.036985799637936
1991-05-01,9.976103272423845
1991-05-02,9.989431556637244
1991-05-03,10.059137179191447
1991-05-07,9.99531006718276
1991-05-08,10.02959982527937
1991-05-09,10.017392979436007
1991-05-10,10.025542068040536
1991-05-13,10.096095206022934
1991-05-14,10.202839535811252
1991-05-15,10.192098349191816
1991-05-16,10.196121228281385
1991-05-17,10.24328884072309
1991-05-20,10.209899413815036
1991-05-21,10.167926580664496
1991-05-22,10.151994078766041
1991-05-23,10.157886414922347
1991-05-24,10.220364414998132
1991-05-28,10.186441189480291
1991-05-29,10.188813460328076
1991-05-30,10.227427177346232
1991-05-31,10.23712731948124
1991-06-03,10.27859578098792
1991-06-04,10.34772831449685
1991-06-05,10.339422633567715
1991-06-06,10.334334368669017
1991-06-07,10.31069290430544
1991-06-10,10.245797398997496
1991-06-11,10.243172818066585
1991-06-12,10.290015033364979
1991-06-13,10.23833224546498
1991-06-14,10.291140990519683
1991-06-17,10.3299951562221
1991-06-18,10.299509835854504
1991-06-19,10.31334418059728
1991-06-20,10.322072012553368
1991-06-21,10.319792732044164
1991-06-24,10.333462957500036
1991-06-25,10.375704018147804
1991-06-26,10.380896074007058
1991-06-27,10.374702307602554
1991-06-28,10.270507399230443
1991-07-01,10.268554238075563
1991-07-02,10.23310683111362
1991-07-03,10.086571409281543
1991-07-04,10.066877162502292
1991-07-05,10.028320429215634
1991-07-08,10.060265280737662
1991-07-09,9.972006220474274
1991-07-10,10.004939300888141
1991-07-11,9.955781808678012
1991-07-12,9.982619962839035
1991-07-15,9.958932308429898
1991-07-16,9.968140290489124
1991-07-17,9.955267328588546
1991-07-18,9.925695323271178
1991-07-19,9.983807476116837
1991-07-22,9.957769638688424
1991-07-23,9.984179178473497
1991-07-24,9.990379688192359
1991-07-25,9.97045043927629
1991-07-26,9.94315395879952
1991-07-29,9.921479759022409
1991-07-30,9.921661210666882
1991-07-31,9.913201805690447
1991-08-01,9.898542012365324
1991-08-02,9.779329743207573
1991-08-05,9.759556167049313
1991-08-06,9.781317711231367
1991-08-07,9.760051339472561
1991-08-08,9.750547295505203
1991-08-09,9.777144328530852
1991-08-12,9.830472645768598
1991-08-13,9.79016995085472
1991-08-14,9.781843254854843
1991-08-15,9.746857803053173
1991-08-16,9.777663263869993
1991-08-19,9.811981978936693
1991-08-20,9.78697120444051
1991-08-21,9.754478114461397
1991-08-22,9.71538390752519
1991-08-23,9.721956803921389
1991-08-27,9.749443094202174
1991-08-28,9.731939116683044
1991-08-29,9.689872717678401
1991-08-30,9.699965643756572
1991-09-02,9.626816588990406
1991-09-03,9.584109017940072
1991-09-04,9.609704675697646
1991-09-05,9.593261166976358
1991-09-06,9.531359517529086
1991-09-09,9.483399885357638
1991-09-10,9.505767862534405
1991-09-11,9.481771541722189
1991-09-12,9.414813595624612
1991-09-13,9.36732129119077
1991-09-16,9.365243970983084
1991-09-17,9.368238209447497
1991-09-18,9.282364131615564
1991-09-19,9.290528877087398
1991-09-20,9.286020583595164
1991-09-23,9.333764630628883
1991-09-24,9.345079491343567
1991-09-25,9.37727598586386
1991-09-26,9.420566284402577
1991-09-27,9.412129333984609
1991-09-30,9.378827762222368
1991-10-01,9.318323445970577
1991-10-02,9.33943363022859
1991-10-03,9.337786008064594
1991-10-04,9.392834627664122
1991-10-07,9.348157243117141
1991-10-08,9.447260177894899
1991-10-09,9.506712484046279
1991-10-10,9.560934109167018
1991-10-11,9.49365047256931
1991-10-14,9.514905994023817
1991-10-15,9.53911647990283
1991-10-16,9.556987805115728
1991-10-17,9.587099326007866
1991-10-18,9.58747896562883
1991-10-21,9.654273247546644
1991-10-22,9.629047578299218
1991-10-23,9.600606999385311
1991-10-24,9.616538419739687
1991-10-25,9.559019313262848
1991-10-28,9.537767685331897
1991-10-29,9.46004304980939
1991-10-30,9.435238874966405
1991-10-31,9.464567297101635
1991-11-01,9.552323297542198
1991-11-04,9.556633317474368
1991-11-05,9.56728598577541
1991-11-06,9.45825056910635
1991-11-07,9.511256601256632
1991-11-08,9.412439560942959
1991-11-11,9.430898514117429
1991-11-12,9.425013876117324
1991-11-13,9.415593290804741
1991-11-14,9.38755868495203
1991-11-15,9.433373022498674
1991-11-18,9.459206800501427
1991-11-19,9.456384523474336
1991-11-20,9.484173467103087
1991-11-21,9.55430393516441
1991-11-22,9.684934932135553
1991-11-25,9.723012508786805
1991-11-26,9.711401427126996
1991-11-27,9.683608111247967
1991-11-28,9.663366889487989
1991-11-29,9.609408363387598
1991-12-02,9.661453607909682
1991-12-03,9.61127242209632
1991-12-04,9.554512179108785
1991-12-05,9.464226022372142
1991-12-06,9.450823236429816
1991-12-09,9.428488625794525
1991-12-10,9.415465060698267
1991-12-11,9.353260560143001
1991-12-12,9.314823516738084
1991-12-13,9.288237048843525
1991-12-16,9.288293151796573
1991-12-17,9.289137408077066
1991-12-18,9.301758353365864
1991-12-19,9.313423009946877
1991-12-20,9.329079260216492
1991-12-23,9.420699158204828
1991-12-24,9.392759411811085
1991-12-27,9.380509351325033
1991-12-30,9.45681625298923
1991-12-31,9.44361647614335
1992-01-02,9.251895611518403
1992-01-03,9.283552304022086
1992-01-06,9.245359355515893
1992-01-07,9.180313048503727
1992-01-08,9.18908175233653
1992-01-09,9.149217980584641
1992-01-10,9.27086036211735
1992-01-13,9.332983181812125
1992-01-14,9.280822026697155
1992-01-15,9.213881710448378
1992-01-16,9.193485170820182
1992-01-17,9.145944659999094
1992-01-20,9.150868765841102
1992-01-21,9.189311635235729
1992-01-22,9.211066253179679
1992-01-23,9.175357456685003
1992-01-24,9.225589846753847
1992-01-27,9.224106182264164
1992-01-28,9.179548559820972
1992-01-29,9.1712919493005
1992-01-30,9.172290664877568
1992-01-31,9.162286125237085
1992-02-03,9.15844513575659
1992-02-04,9.113589917296455
1992-02-05,9.080844778721126
1992-02-06,9.092375673787338
1992-02-07,9.128596809021246
1992-02-10,9.105463653763401
1992-02-11,9.10095230460002
1992-02-12,9.067651202570918
1992-02-13,9.069041496332257
1992-02-14,9.135779132034209
1992-02-17,9.09322866119082
1992-02-18,9.063275081624237
1992-02-19,9.078980881396912
1992-02-20,9.060888234444608
1992-02-21,9.101340462265153
1992-02-24,9.095311238818734
1992-02-25,9.039363350014035
1992-02-26,8.997416547023862
1992-02-27,8.993419864937362
1992-02-28,9.044366619537088
1992-03-02,9.056917114441193
1992-03-03,9.09171364854713
1992-03-04,9.220110843583427
1992-03-05,9.277276558192971
1992-03-06,9.266168184257076
1992-03-09,9.227944887641517
1992-03-10,9.275546667597606
1992-03-11,9.392273251774714
1992-03-12,9.413280967937217
1992-03-13,9.48648118848963
1992-03-16,9.469163074812656
1992-03-17,9.404902194562572
1992-03-18,9.46329747331296
1992-03-19,9.507676630089257
1992-03-20,9.542160477592477
1992-03-23,9.506300826265898
1992-03-24,9.466713354211604
1992-03-25,9.442400658782468
1992-03-26,9.513519229250765
1992-03-27,9.59767205473204
1992-03-30,9.540554732128689
1992-03-31,9.553510919896063
1992-04-01,9.653102760674637
1992-04-02,9.61575467466071
1992-04-03,9.616241865054395
1992-04-06,9.625512669269082
1992-04-07,9.567423308007546
1992-04-08,9.51361469432884
1992-04-09,9.444347304308039
1992-04-10,8.948877022253246
1992-04-13,8.893047739225777
1992-04-14,8.86961575356421
1992-04-15,8.846828462853953
1992-04-16,8.907156115534459
1992-04-21,8.931928950430654
1992-04-22,8.911498260518128
1992-04-23,8.968909668094456
1992-04-24,8.965017127493377
1992-04-27,8.91272475314103
1992-04-28,8.924432127751372
1992-04-29,8.921709227136205
1992-04-30,8.93767423301057
1992-05-01,8.88657766320928
1992-05-05,8.951287077944087
1992-05-06,8.911950209549447
1992-05-07,8.900109874428034
1992-05-08,8.891901552131724
1992-05-11,8.901840770462398
1992-05-12,8.918558876189874
1992-05-13,8.850035546165703
1992-05-14,8.862237785128755
1992-05-15,8.821007618541113
1992-05-18,8.785223350847886
1992-05-19,8.799443320512498
1992-05-20,8.726764385893548
1992-05-21,8.736122674550405
1992-05-22,8.699825781014047
1992-05-26,8.736999490518112
1992-05-27,8.72640738139896
1992-05-28,8.694491252170877
1992-05-29,8.686370467784052
1992-06-01,8.706065152177462
1992-06-02,8.71219094497431
1992-06-03,8.852474165773014
1992-06-04,8.85613102082899
1992-06-05,8.877133057802151
1992-06-08,8.93175157450004
1992-06-09,8.929756633957892
1992-06-10,8.910836484004385
1992-06-11,8.890231105810436
1992-06-12,8.8961008425768
1992-06-15,8.939700768125935
1992-06-16,8.922800355490248
1992-06-17,8.9242319196743
1992-06-18,8.930970325434748
1992-06-19,8.934555507728463
1992-06-22,8.961596391569469
1992-06-23,9.018490518872396
1992-06-24,8.996217209470835
1992-06-25,8.9582902128144
1992-06-26,8.898845196975998
1992-06-29,8.933022427198575
1992-06-30,8.894569989933991
1992-07-01,8.839743654573201
1992-07-02,8.774557825592243
1992-07-03,8.712227593992631
1992-07-06,8.753091436555751
1992-07-07,8.745943959553127
1992-07-08,8.755083516597598
1992-07-09,8.724671984927728
1992-07-10,8.722667495306487
1992-07-13,8.778705287752766
1992-07-14,8.732229310521891
1992-07-15,8.761023984736788
1992-07-16,8.745237914040816
1992-07-17,8.813291324495745
1992-07-20,8.831842494462169
1992-07-21,8.79589722303864
1992-07-22,8.794817790028656
1992-07-23,8.798566306724869
1992-07-24,8.793838833303715
1992-07-27,8.789712580545554
1992-07-28,8.819485666666562
1992-07-29,8.842455730616134
1992-07-30,8.926981552979019
1992-07-31,9.005773000010583
1992-08-03,8.942701134623437
1992-08-04,8.991168682388267
1992-08-05,9.022122095364765
1992-08-06,9.014870423240973
1992-08-07,8.989131308823936
1992-08-10,9.001280792198662
1992-08-11,9.030506496728062
1992-08-12,9.075194724434919
1992-08-13,9.094233042420342
1992-08-14,8.942875185685415
1992-08-17,8.92766705490351
1992-08-18,8.920066572385466
1992-08-19,8.938227891999173
1992-08-20,8.917357020841363
1992-08-21,8.966781899307575
1992-08-24,9.084964499388938
1992-08-25,9.151598452255108
1992-08-26,9.234680008977733
1992-08-27,9.298794858786911
1992-08-28,9.314994818420399
1992-09-01,9.331399604548306
1992-09-02,9.225211767390949
1992-09-03,8.985301312954121
1992-09-04,8.922544517525601
1992-09-07,8.915660347599372
1992-09-08,8.99881034991192
1992-09-09,9.032153492426911
1992-09-10,8.959479726780476
1992-09-11,8.94991625584575
1992-09-14,8.76900766477429
1992-09-15,8.902577364709428
1992-09-16,8.908180073250504
1992-09-17,8.995515322597806
1992-09-18,8.961593962086901
1992-09-21,9.114548996609283
1992-09-22,9.040995253748973
1992-09-23,8.955440747114165
1992-09-24,8.936897484383085
1992-09-25,8.9300685612568
1992-09-28,8.935818691828562
1992-09-29,8.939920159243457
1992-09-30,8.967903317632935
1992-10-01,9.06184937012008
1992-10-02,9.13711388755059
1992-10-05,9.293101857649523
1992-10-06,9.287912952626957
1992-10-07,9.217019554224947
1992-10-08,9.08021430235033
1992-10-09,9.012177770531022
1992-10-12,9.040321674510837
1992-10-13,8.907729395803447
1992-10-14,8.912033699497792
1992-10-15,8.817426283088889
1992-10-16,8.626458454002286
1992-10-19,8.816651742429448
1992-10-20,8.668259714629084
1992-10-21,8.56170966605696
1992-10-22,8.544589122620035
1992-10-23,8.412227427295232
1992-10-26,8.43372510501104
1992-10-27,8.40637726438824
1992-10-28,8.339905044907473
1992-10-29,8.28399431879643
1992-10-30,8.281596504370677
1992-11-02,8.420886802900583
1992-11-03,8.409568487658074
1992-11-04,8.447287148471977
1992-11-05,8.321698485912616
1992-11-06,8.251409310522074
1992-11-09,8.218352893177743
1992-11-10,8.187154846807113
1992-11-11,8.198038534300618
1992-11-12,8.209485268199629
1992-11-13,8.331617216519064
1992-11-16,8.468447238557546
1992-11-17,8.51383539238579
1992-11-18,8.462758674513784
1992-11-19,8.502249067657194
1992-11-20,8.518391240822663
1992-11-23,8.513832218400877
1992-11-24,8.474599045786139
1992-11-25,8.495257505437046
1992-11-26,8.528397814920039
1992-11-27,8.590554144002422
1992-11-30,8.65726234453342
1992-12-01,8.613586749038841
1992-12-02,8.66347724820535
1992-12-03,8.516876219818567
1992-12-04,8.512953187958496
1992-12-07,8.496619132981811
1992-12-08,8.467701017838346
1992-12-09,8.434633521403944
1992-12-10,8.498023128877112
1992-12-11,8.44747558681772
1992-12-14,8.437890410405325
1992-12-15,8.4913631733131
1992-12-16,8.469148936905516
1992-12-17,8.455338083886865
1992-12-18,8.473814033298495
1992-12-21,8.500123786538394
1992-12-22,8.426701236132752
1992-12-23,8.386975110099339
1992-12-24,8.384230335038142
1992-12-29,8.3401936001651
1992-12-30,8.305544179255659
1992-12-31,8.324830488727972
1993-01-04,8.369000924571163
1993-01-05,8.422059457808977
1993-01-06,8.40222319760272
1993-01-07,8.442566818193686
1993-01-08,8.46815309099358
1993-01-11,8.562249446135798
1993-01-12,8.604036619425672
1993-01-13,8.573481258425733
1993-01-14,8.561502477019669
1993-01-15,8.550995067522996
1993-01-18,8.617183415937735
1993-01-19,8.60709863577437
1993-01-20,8.603015468689744
1993-01-21,8.532127638560294
1993-01-22,8.560692934176227
1993-01-25,8.584564395136251
1993-01-26,8.460872701375877
1993-01-27,8.468660581142949
1993-01-28,8.35972391459017
1993-01-29,8.37518132977716
1993-02-01,8.341802934692204
1993-02-02,8.324750273200603
1993-02-03,8.328194877906075
1993-02-04,8.370644295534866
1993-02-05,8.361919478852652
1993-02-08,8.373098464576625
1993-02-09,8.401200746170984
1993-02-10,8.378507203909658
1993-02-11,8.42274135758539
1993-02-12,8.219731902933095
1993-02-15,8.198151832688161
1993-02-16,8.172253959104891
1993-02-17,8.165764859562648
1993-02-18,8.174383968836327
1993-02-19,8.114631070314145
1993-02-22,8.118281871044626
1993-02-23,8.091910396032867
1993-02-24,8.160424818822559
1993-02-25,8.13248764258332
1993-02-26,8.090552239093284
1993-03-01,7.9767425819626485
1993-03-02,7.986835391553901
1993-03-03,7.941792877878714
1993-03-04,7.960525385921612
1993-03-05,7.8733933231500135
1993-03-08,7.843486704073259
1993-03-09,7.877886162618172
1993-03-10,7.832873515612088
1993-03-11,7.915382402085719
1993-03-12,7.884893195947636
1993-03-15,7.881394964059767
1993-03-16,7.984351443123717
1993-03-17,7.959771717663946
1993-03-18,7.87185286094296
1993-03-19,7.908334174470991
1993-03-22,7.965834982707517
1993-03-23,8.01898295985876
1993-03-24,8.001053634306748
1993-03-25,8.013421771781644
1993-03-26,8.07875244971605
1993-03-29,8.102043794544356
1993-03-30,8.082264693625927
1993-03-31,7.9802341889881045
1993-04-01,7.995990265899681
1993-04-02,7.946569491120753
1993-04-05,8.004499034044501
1993-04-06,7.9714089372858865
1993-04-07,7.93759628372713
1993-04-08,7.931847955822533
1993-04-13,7.87189165805583
1993-04-14,7.964793093624546
1993-04-15,7.980249435264588
1993-04-16,8.080834796153699
1993-04-19,8.041038820263209
1993-04-20,8.070336681576453
1993-04-21,8.10377938904123
1993-04-22,8.11809363986171
1993-04-23,8.149624336784205
1993-04-26,8.151429292968414
1993-04-27,8.08481241858835
1993-04-28,8.191858420457319
1993-04-29,8.350848371014537
1993-04-30,8.329336723463332
1993-05-04,8.280733216948258
1993-05-05,8.281040284483685
1993-05-06,8.334295027244803
1993-05-07,8.322151656136269
1993-05-10,8.327749681148315
1993-05-11,8.343668289210225
1993-05-12,8.293666896639964
1993-05-13,8.32744742737016
1993-05-14,8.362201945732389
1993-05-17,8.354938249995447
1993-05-18,8.347007909822834
1993-05-19,8.306029668858441
1993-05-20,8.306536304245174
1993-05-21,8.32001322247774
1993-05-24,8.323022225936827
1993-05-25,8.320031754210246
1993-05-26,8.265571657905035
1993-05-27,8.266839058449701
1993-05-28,8.364576122088113
1993-06-01,8.35520459221574
1993-06-02,8.306348834085068
1993-06-03,8.279989151385257
1993-06-04,8.304543257485646
1993-06-07,8.289758127063049
1993-06-08,8.27987596982358
1993-06-09,8.219502206534292
1993-06-10,8.194776905983623
1993-06-11,8.195647296703601
1993-06-14,8.16803497146851
1993-06-15,8.186387451820973
1993-06-16,8.1575455488551
1993-06-17,8.098452723115198
1993-06-18,8.064754107228229
1993-06-21,7.98230033688346
1993-06-22,7.999084956510956
1993-06-23,7.969759349136166
1993-06-24,7.912345678005821
1993-06-25,7.924269059953259
1993-06-28,7.868333127166137
1993-06-29,7.9052746182748
1993-06-30,7.86286629120396
1993-07-01,7.879380180887144
1993-07-02,7.862374059690568
1993-07-05,7.836978103631198
1993-07-06,7.791295693021041
1993-07-07,7.810465262567813
1993-07-08,7.8020301527203015
1993-07-09,7.777374624790141
1993-07-12,7.755213111365353
1993-07-13,7.765336169036274
1993-07-14,7.655779095692601
1993-07-15,7.643337961251511
1993-07-16,7.676511815266326
1993-07-19,7.698138558391641
1993-07-20,7.683292698380353
1993-07-21,7.732194616916081
1993-07-22,7.7234149849502245
1993-07-23,7.749524379455596
1993-07-26,7.7499649808312485
1993-07-27,7.796288815498324
1993-07-28,7.709769134140961
1993-07-29,7.659279807481286
1993-07-30,7.577794849912908
1993-08-02,7.591247074968896
1993-08-03,7.503880598980584
1993-08-04,7.487502287082968
1993-08-05,7.4536858686606
1993-08-06,7.34569210222337
1993-08-09,7.338077767133615
1993-08-10,7.274755098453324
1993-08-11,7.1488345564426155
1993-08-12,7.221838683507508
1993-08-13,7.1105815151647915
1993-08-16,7.142516518431455
1993-08-17,7.071894760138451
1993-08-18,7.0954744039277795
1993-08-19,7.157309706772287
1993-08-20,7.172525124832793
1993-08-23,7.161961663653375
1993-08-24,7.217580260532517
1993-08-25,7.190190156530984
1993-08-26,7.178965906115048
1993-08-27,7.045326665329081
1993-08-31,6.9943255052447055
1993-09-01,6.996045441159228
1993-09-02,7.046337905699437
1993-09-03,7.005935028620028
1993-09-06,7.026388849301634
1993-09-07,6.970263366027358
1993-09-08,6.954478157285671
1993-09-09,6.981156718837608
1993-09-10,6.966540935100693
1993-09-13,6.970176682977875
1993-09-14,7.052912820293274
1993-09-15,7.262761286786602
1993-09-16,7.203747601415444
1993-09-17,7.154701756594096
1993-09-20,7.199923150148244
1993-09-21,7.20605504305113
1993-09-22,7.249231712461885
1993-09-23,7.191971294794854
1993-09-24,7.17101059627152
1993-09-27,7.151767107920895
1993-09-28,7.1297060601207445
1993-09-29,7.095815135939205
1993-09-30,7.092956342611416
1993-10-01,7.09474924389161
1993-10-04,7.070454899591264
1993-10-05,7.043980007264568
1993-10-06,7.0051187018216226
1993-10-07,7.040662235273383
1993-10-08,6.968183409655627
1993-10-11,6.984250864119386
1993-10-12,6.973249352947477
1993-10-13,6.999374382431567
1993-10-14,7.054388942105385
1993-10-15,7.011310639390217
1993-10-18,7.014676606357051
1993-10-19,6.982712557269627
1993-10-20,6.921158004956412
1993-10-21,6.9053215255533615
1993-10-22,6.870689501573362
1993-10-25,6.950976039368473
1993-10-26,6.933930976410212
1993-10-27,7.051914666480418
1993-10-28,7.037645427840826
1993-10-29,7.047791172480572
1993-11-01,7.088262322294486
1993-11-02,7.064985781086106
1993-11-03,7.025023743321171
1993-11-04,7.031727893957205
1993-11-05,7.160320847652505
1993-11-08,7.140008966061652
1993-11-09,7.053947613295861
1993-11-10,7.075351801491459
1993-11-11,7.0831915651297255
1993-11-12,6.985547018878314
1993-11-15,6.98113634171757
1993-11-16,6.955500120449417
1993-11-17,6.866701020547185
1993-11-18,6.858688644100184
1993-11-19,6.855697710690092
1993-11-22,6.940446830748646
1993-11-23,6.920475150578544
1993-11-24,6.927515376736713
1993-11-25,6.896741090087831
1993-11-26,6.8803717301256455
1993-11-29,6.850134237752087
1993-11-30,6.788065677655102
1993-12-01,6.661214008398916
1993-12-02,6.697270298084007
1993-12-03,6.660508992938435
1993-12-06,6.626361927016189
1993-12-07,6.629978349265149
1993-12-08,6.564231896644157
1993-12-09,6.537194836410778
1993-12-10,6.508463126512373
1993-12-13,6.478614767870708
1993-12-14,6.48247603925081
1993-12-15,6.445203700786893
1993-12-16,6.398075148939358
1993-12-17,6.332032761303273
1993-12-20,6.3200103984661915
1993-12-21,6.3785285315323605
1993-12-22,6.381320797255102
1993-12-23,6.329460528680215
1993-12-24,6.315126443281371
1993-12-29,6.241023032988704
1993-12-30,6.258362928417357
1993-12-31,6.249294615402706
1994-01-04,6.367915865400017
1994-01-05,6.416534243249812
1994-01-06,6.408818938425995
1994-01-07,6.3240622749353275
1994-01-10,6.342721457791095
1994-01-11,6.408633761076549
1994-01-12,6.395782196397476
1994-01-13,6.485206863399442
1994-01-14,6.519904986088408
1994-01-17,6.500588594486173
1994-01-18,6.423525234579453
1994-01-19,6.2968762155713165
1994-01-20,6.304367882885551
1994-01-21,6.325486095997551
1994-01-24,6.318627087267515
1994-01-25,6.345457253956253
1994-01-26,6.395584392374515
1994-01-27,6.480712515035577
1994-01-28,6.421859825414323
1994-01-31,6.369416285872903
1994-02-01,6.449723598215722
1994-02-02,6.454492502311469
1994-02-03,6.535347046442396
1994-02-04,6.604076823360026
1994-02-07,6.690584207469156
1994-02-08,6.7196739008581545
1994-02-09,6.753036299375166
1994-02-10,6.770165206458413
1994-02-11,6.737544237997982
1994-02-14,6.741592508378858
1994-02-15,6.7517749296806
1994-02-16,6.721393957676685
1994-02-17,6.691176520919271
1994-02-18,6.79833687170216
1994-02-21,6.949484053293513
1994-02-22,6.94800731643317
1994-02-23,6.94843746040561
1994-02-24,7.1993059625922795
1994-02-25,7.151531103967453
1994-02-28,7.063555732165526
1994-03-01,7.258748561311646
1994-03-02,7.264548026640736
1994-03-03,7.298293284653721
1994-03-04,7.190360520419583
1994-03-07,7.0671755602524
1994-03-08,7.164237657984108
1994-03-09,7.1846343216248725
1994-03-10,7.170203911012116
1994-03-11,7.382944358049437
1994-03-14,7.318362005696398
1994-03-15,7.161317503367286
1994-03-16,7.329172519320958
1994-03-17,7.364530662593222
1994-03-18,7.496119611963057
1994-03-21,7.516627283655706
1994-03-22,7.431882954145875
1994-03-23,7.523384705253257
1994-03-24,7.781134096441129
1994-03-25,7.922179394308496
1994-03-28,7.8342303495940016
1994-03-29,7.916853338273062
1994-03-30,7.699796031405896
1994-03-31,7.604683565837496
1994-04-05,7.663227702744076
1994-04-06,7.618796682054163
1994-04-07,7.659704216356154
1994-04-08,7.7444035640536155
1994-04-11,7.640031630945626
1994-04-12,7.663281594427543
1994-04-13,7.740177522472836
1994-04-14,7.731019011875946
1994-04-15,7.610444465630286
1994-04-18,7.877989253681463
1994-04-19,7.893794814885186
1994-04-20,7.986641893375638
1994-04-21,7.875320148981589
1994-04-22,7.784734900053482
1994-04-25,7.933895061175117
1994-04-26,7.864258802668369
1994-04-27,7.850390109427773
1994-04-28,7.970368131665237
1994-04-29,7.941915359258715
1994-05-03,8.100051950410972
1994-05-04,8.280911551794116
1994-05-05,8.214475286342015
1994-05-06,8.34332449333425
1994-05-09,8.387972615797104
1994-05-10,8.357773368094566
1994-05-11,8.323569078347953
1994-05-12,8.280094322080128
1994-05-13,8.141827424821257
1994-05-16,8.149110803167165
1994-05-17,8.10788444028659
1994-05-18,8.041163030695698
1994-05-19,7.942107479563528
1994-05-20,7.964437500901697
1994-05-23,8.063726604002484
1994-05-24,8.213965880224235
1994-05-25,8.409870088595708
1994-05-26,8.39975064818973
1994-05-27,8.540043322224513
1994-05-31,8.636400056149148
1994-06-01,8.93325270015124
1994-06-02,8.622445149455542
1994-06-03,8.437881566164059
1994-06-06,8.46651198120587
1994-06-07,8.612043538191697
1994-06-08,8.45188217084132
1994-06-09,8.528979177492534
1994-06-10,8.467453575009923
1994-06-13,8.692508474724175
1994-06-14,8.644576479162076
1994-06-15,8.602899915411381
1994-06-16,8.743643533872971
1994-06-17,8.740417795660372
1994-06-20,8.902591327961435
1994-06-21,8.96311028998512
1994-06-22,8.762478137705914
1994-06-23,8.648198388374292
1994-06-24,8.729664156596268
1994-06-27,8.53772031126503
1994-06-28,8.586731505050208
1994-06-29,8.516258612829843
1994-06-30,8.731165801985158
1994-07-01,8.72050658928395
1994-07-04,8.671495127060663
1994-07-05,8.695760966505748
1994-07-06,8.673772461765033
1994-07-07,8.65630148937665
1994-07-08,8.597237759304612
1994-07-11,8.535184047614107
1994-07-12,8.353313152372786
1994-07-13,8.33481813524612
1994-07-14,8.222808107138734
1994-07-15,8.308672065976415
1994-07-18,8.263342803366184
1994-07-19,8.266637847347923
1994-07-20,8.362367945610302
1994-07-21,8.348978525661781
1994-07-22,8.378121177596686
1994-07-25,8.31977687893048
1994-07-26,8.369781087421057
1994-07-27,8.600222943609559
1994-07-28,8.630404340191777
1994-07-29,8.550946956322663
1994-08-01,8.544586326368885
1994-08-02,8.326489395165979
1994-08-03,8.351673213343947
1994-08-04,8.450439839904416
1994-08-05,8.452985852805822
1994-08-08,8.409441887854129
1994-08-09,8.51361365573537
1994-08-10,8.474708300159254
1994-08-11,8.667717659938168
1994-08-12,8.66695361159948
1994-08-15,8.689418163665437
1994-08-16,8.61459648830296
1994-08-17,8.563460166586463
1994-08-18,8.670238707433322
1994-08-19,8.666684705555426
1994-08-22,8.655272523655773
1994-08-23,8.633876303762461
1994-08-24,8.64209203796443
1994-08-25,8.53534233883161
1994-08-26,8.455710024526324
1994-08-30,8.503074151327647
1994-08-31,8.494811949195464
1994-09-01,8.453484778188741
1994-09-02,8.590723365274258
1994-09-05,8.58302795520112
1994-09-06,8.72716920951294
1994-09-07,8.680197103200888
1994-09-08,8.574161471399508
1994-09-09,8.813810770206329
1994-09-12,8.708321570925944
1994-09-13,8.691167668442285
1994-09-14,8.874788399380632
1994-09-15,8.76069287821895
1994-09-16,8.95977196816476
1994-09-19,8.93716601908005
1994-09-20,8.991485090585105
1994-09-21,8.976956969492608
1994-09-22,8.860522152541243
1994-09-23,8.822930914716357
1994-09-26,8.838810226855433
1994-09-27,8.864667682698641
1994-09-28,8.755947045290302
1994-09-29,8.794177020838806
1994-09-30,8.742038165728449
1994-10-03,8.85230711132915
1994-10-04,8.79791179877317
1994-10-05,8.840189687356062
1994-10-06,8.774747613689216
1994-10-07,8.678029014071942
1994-10-10,8.638680144898741
1994-10-11,8.626320299231121
1994-10-12,8.561734272315599
1994-10-13,8.48404421456465
1994-10-14,8.498482967543316
1994-10-17,8.406542118298201
1994-10-18,8.473462278794909
1994-10-19,8.528459887755105
1994-10-20,8.56170107421378
1994-10-21,8.580741626759176
1994-10-24,8.660946129910617
1994-10-25,8.783100736008265
1994-10-26,8.76803713680498
1994-10-27,8.681969300736414
1994-10-28,8.60227617849872
1994-10-31,8.653832451559506
1994-11-01,8.582143038219645
1994-11-02,8.6694955154423
1994-11-03,8.621497380218894
1994-11-04,8.591202235260134
1994-11-07,8.661210517436327
1994-11-08,8.643865915418546
1994-11-09,8.556621520080004
1994-11-10,8.56224816392283
1994-11-11,8.596427471158362
1994-11-14,8.55014405271542
1994-11-15,8.518814653680565
1994-11-16,8.493620799602454
1994-11-17,8.538197827690304
1994-11-18,8.489911866065402
1994-11-21,8.46815404975786
1994-11-22,8.448578093049097
1994-11-23,8.36646249954354
1994-11-24,8.351566172988363
1994-11-25,8.362057007666838
1994-11-28,8.318568837551187
1994-11-29,8.395642388767204
1994-11-30,8.361341401290494
1994-12-01,8.362483804808267
1994-12-02,8.380945915717565
1994-12-05,8.436137653088817
1994-12-06,8.488067453688995
1994-12-07,8.46595005382611
1994-12-08,8.450276768005107
1994-12-09,8.359241851159162
1994-12-12,8.412180139245633
1994-12-13,8.474694419866509
1994-12-14,8.429119504011954
1994-12-15,8.397968344222003
1994-12-16,8.401087559640507
1994-12-19,8.377520262457413
1994-12-20,8.401106548016285
1994-12-21,8.381831123039094
1994-12-22,8.380970601652947
1994-12-23,8.379719696011687
1994-12-28,8.35682124064309
1994-12-29,8.604701334489718
1994-12-30,8.589144347659055
1995-01-03,8.651742038755328
1995-01-04,8.605651031636363
1995-01-05,8.614913756749889
1995-01-06,8.552238959911898
1995-01-09,8.614990293740558
1995-01-10,8.603918327611963
1995-01-11,8.606439600177117
1995-01-12,8.591392028758317
1995-01-13,8.58414288013517
1995-01-16,8.536855972208686
1995-01-17,8.529587157289653
1995-01-18,8.603379543930995
1995-01-19,8.540503050193177
1995-01-20,8.559346700061393
1995-01-23,8.624426836952605
1995-01-24,8.621566350102718
1995-01-25,8.624196665677221
1995-01-26,8.549788807427126
1995-01-27,8.479520153840882
1995-01-30,8.481313064095435
1995-01-31,8.468611096256778
1995-02-01,8.44298177240408
1995-02-02,8.452010994819783
1995-02-03,8.47023327961858
1995-02-06,8.474162975698603
1995-02-07,8.380730439129167
1995-02-08,8.40557174613988
1995-02-09,8.391756594739903
1995-02-10,8.40911377042049
1995-02-13,8.603984921918329
1995-02-14,8.591962423737176
1995-02-15,8.507505526237933
1995-02-16,8.516677632866793
1995-02-17,8.529665646215252
1995-02-20,8.562391336402516
1995-02-21,8.613986232163082
1995-02-22,8.560470248417502
1995-02-23,8.486684827682053
1995-02-24,8.53275758137873
1995-02-27,8.555962023413947
1995-02-28,8.535839570300855
1995-03-01,8.469558990488036
1995-03-02,8.464982120077064
1995-03-03,8.470350648721844
1995-03-06,8.569051876023348
1995-03-07,8.708309556103886
1995-03-08,8.635738790544176
1995-03-09,8.625588677585428
1995-03-10,8.556121100199396
1995-03-13,8.568814215343584
1995-03-14,8.433094537754716
1995-03-15,8.422547568845632
1995-03-16,8.307791304923281
1995-03-17,8.393932213856242
1995-03-20,8.360700478432214
1995-03-21,8.328183786254336
1995-03-22,8.338939339354928
1995-03-23,8.366862010082247
1995-03-24,8.329783107934514
1995-03-27,8.36609565828179
1995-03-28,8.398679545386758
1995-03-29,8.454336512392866
1995-03-30,8.371434163620119
1995-03-31,8.41251771494606
1995-04-03,8.354740804939405
1995-04-04,8.314696068512989
1995-04-05,8.3039000746124
1995-04-06,8.328360294198134
1995-04-07,8.303446738584478
1995-04-10,8.370327569494462
1995-04-11,8.36891882562387
1995-04-12,8.305634923664531
1995-04-13,8.245212321443285
1995-04-18,8.244076246898612
1995-04-19,8.356777445781983
1995-04-20,8.29825371237688
1995-04-21,8.271067988836574
1995-04-24,8.271489769592803
1995-04-25,8.321550489282533
1995-04-26,8.272625515255069
1995-04-27,8.306741963368765
1995-04-28,8.353928669942857
1995-05-01,8.345290847561566
1995-05-02,8.341433081899044
1995-05-03,8.267133986207378
1995-05-04,8.230258974316927
1995-05-05,8.218629901111735
1995-05-09,8.257111925086736
1995-05-10,8.046913926363455
1995-05-11,8.097497174633016
1995-05-12,8.111484917168546
1995-05-15,8.120582365873453
1995-05-16,8.056942743412485
1995-05-17,8.082852863709368
1995-05-18,8.007890153071356
1995-05-19,8.033864430469231
1995-05-22,7.997462043585553
1995-05-23,7.987336620844675
1995-05-24,7.8218114274944766
1995-05-25,7.823487145854413
1995-05-26,7.888717057590806
1995-05-30,7.837319523867727
1995-05-31,7.876562030452549
1995-06-01,7.777861691054173
1995-06-02,7.688861617972094
1995-06-05,7.680963546598105
1995-06-06,7.662019309524469
1995-06-07,7.739758558064525
1995-06-08,7.836233331608652
1995-06-09,8.066047243264004
1995-06-12,8.08133180689233
1995-06-13,7.9577971025651
1995-06-14,8.011317865734275
1995-06-15,8.050839168657957
1995-06-16,8.139425006789072
1995-06-19,8.05468826807353
1995-06-20,8.066514142289133
1995-06-21,8.084964376665713
1995-06-22,7.95527748697347
1995-06-23,8.130825590184763
1995-06-26,8.329371695550481
1995-06-27,8.328050434123522
1995-06-28,8.391706112847453
1995-06-29,8.419872014020147
1995-06-30,8.402279218877975
1995-07-03,8.391895123629078
1995-07-04,8.33626812624907
1995-07-05,8.266947742139129
1995-07-06,8.275479398528306
1995-07-07,8.10132779397692
1995-07-10,8.072430363172549
1995-07-11,8.070294330504401
1995-07-12,8.063565939768491
1995-07-13,8.116891162573234
1995-07-14,8.166925892219076
1995-07-17,8.16141318604387
1995-07-18,8.196581917671862
1995-07-19,8.235556982764
1995-07-20,8.278281129543458
1995-07-21,8.305898178063929
1995-07-24,8.252408318676652
1995-07-25,8.238672583322282
1995-07-26,8.149549871037163
1995-07-27,8.137267193729526
1995-07-28,8.198586675848437
1995-07-31,8.174996389104482
1995-08-01,8.20826181731668
1995-08-02,8.08861637845522
1995-08-03,8.104425195279223
1995-08-04,8.02144897145867
1995-08-07,7.993631249275966
1995-08-08,7.994786998240114
1995-08-09,8.023691798987322
1995-08-10,7.962453020256032
1995-08-11,8.047352225560896
1995-08-14,8.166615184332782
1995-08-15,8.206034366853245
1995-08-16,8.150149595258792
1995-08-17,8.142141498445023
1995-08-18,8.110007731152985
1995-08-21,8.039660756663013
1995-08-22,8.03927234519427
1995-08-23,8.056297288280318
1995-08-24,8.062620305691995
1995-08-25,8.029518152495617
1995-08-29,8.032777187026294
1995-08-30,8.041940641792818
1995-08-31,8.078601257381568
1995-09-01,7.936182030298623
1995-09-04,7.939230747304589
1995-09-05,7.928314349665027
1995-09-06,7.896000505369054
1995-09-07,7.91906909503877
1995-09-08,7.908111914496407
1995-09-11,7.907913931605483
1995-09-12,7.846153142318106
1995-09-13,7.776516702857732
1995-09-14,7.770811870351925
1995-09-15,7.828468955901985
1995-09-18,7.862546067518702
1995-09-19,7.862598565885158
1995-09-20,7.832770070123367
1995-09-21,7.842035214088303
1995-09-22,7.993664502441831
1995-09-25,8.022889300761495
1995-09-26,8.000029952444118
1995-09-27,8.141982662359103
1995-09-28,8.144701177000636
1995-09-29,8.137894718257016
1995-10-02,8.064715121597198
1995-10-03,8.03634950628569
1995-10-04,8.019827113731537
1995-10-05,8.05260461502153
1995-10-06,8.06974149049567
1995-10-09,8.124903775530058
1995-10-10,8.137252874651827
1995-10-11,8.144778690053242
1995-10-12,8.151576690517516
1995-10-13,8.062778505350002
1995-10-16,8.121941850200276
1995-10-17,8.147476107000056
1995-10-18,8.0957010931057
1995-10-19,8.082207528863194
1995-10-20,8.15882402715621
1995-10-23,8.212399100678192
1995-10-24,8.219784658802594
1995-10-25,8.040095431203644
1995-10-26,8.023135380469265
1995-10-27,8.07586814503333
1995-10-30,8.033094395251991
1995-10-31,7.95234648093395
1995-11-01,7.901264698011502
1995-11-02,7.874957474437288
1995-11-03,7.937838787066863
1995-11-06,7.881469012141322
1995-11-07,7.897346982086513
1995-11-08,7.808069980237437
1995-11-09,7.862916546437887
1995-11-10,7.882010610590974
1995-11-13,7.8644323102710505
1995-11-14,7.848164360180908
1995-11-15,7.8306217002477965
1995-11-16,7.724549761910955
1995-11-17,7.761910733916963
1995-11-20,7.798269909358507
1995-11-21,7.79313813707599
1995-11-22,7.731835070511177
1995-11-23,7.697622085214384
1995-11-24,7.672939721444403
1995-11-27,7.580031932987524
1995-11-28,7.6612706181214705
1995-11-29,7.6422134740267795
1995-11-30,7.605374038438723
1995-12-01,7.578290940099026
1995-12-04,7.5791607379446
1995-12-05,7.538450250413314
1995-12-06,7.421477269155157
1995-12-07,7.489996576065211
1995-12-08,7.5313039083346425
1995-12-11,7.510052882080731
1995-12-12,7.495818949697311
1995-12-13,7.4822608930435255
1995-12-14,7.459257505730096
1995-12-15,7.4622621957624204
1995-12-18,7.5202181746248415
1995-12-19,7.602015486614965
1995-12-20,7.572693404978085
1995-12-21,7.613619150211444
1995-12-22,7.585153697338898
1995-12-27,7.460881402875247
1995-12-28,7.480995110792437
1995-12-29,7.467235964607435
1996-01-02,7.490967997736602
1996-01-03,7.546974512265646
1996-01-04,7.459275443214544
1996-01-05,7.541477070422497
1996-01-08,7.535574784964784
1996-01-09,7.514082550000921
1996-01-10,7.541915209147068
1996-01-11,7.542544151206604
1996-01-12,7.514121724593926
1996-01-15,7.456651311792103
1996-01-16,7.3665431844930085
1996-01-17,7.36952688553838
1996-01-18,7.312404466836365
1996-01-19,7.346986077463804
1996-01-22,7.381395010379963
1996-01-23,7.399888121953235
1996-01-24,7.358130183949126
1996-01-25,7.430639670664931
1996-01-26,7.500796593643254
1996-01-29,7.53290492351519
1996-01-30,7.492637116130425
1996-01-31,7.545600737917243
1996-02-01,7.524084334610312
1996-02-02,7.63037390715409
1996-02-05,7.787201279500951
1996-02-06,7.740037297472225
1996-02-07,7.691769902969037
1996-02-08,7.6981411152362
1996-02-09,7.68260921462461
1996-02-12,7.688559129068369
1996-02-13,7.672553822487838
1996-02-14,7.736448372100696
1996-02-15,7.738613498740037
1996-02-16,7.75425961967002
1996-02-19,7.905394126304318
1996-02-20,7.932280684880387
1996-02-21,7.85106330628459
1996-02-22,7.896739869258144
1996-02-23,7.917097460168662
1996-02-26,7.999073002875116
1996-02-27,7.988866898546344
1996-02-28,7.973120721722497
1996-02-29,8.052828003267978
1996-03-01,7.880672057639427
1996-03-04,7.828574229735833
1996-03-05,7.888556534084702
1996-03-06,7.886909151917058
1996-03-07,7.909935950244609
1996-03-08,8.097436974542571
1996-03-11,8.14896169933631
1996-03-12,8.204219899882593
1996-03-13,8.163846261227185
1996-03-14,8.12115369798246
1996-03-15,8.167202192008087
1996-03-18,8.125830034456023
1996-03-19,8.166820186194297
1996-03-20,8.078946416070588
1996-03-21,8.086569713263549
1996-03-22,8.166198385642875
1996-03-25,8.095822627182063
1996-03-26,8.150672308271679
1996-03-27,8.155305655074352
1996-03-28,8.242859905710231
1996-03-29,8.191766906189587
1996-04-01,8.116813939507434
1996-04-02,8.063445594859767
1996-04-03,8.077795591937589
1996-04-04,8.05162178869167
1996-04-09,8.118114433574656
1996-04-10,8.095342435716294
1996-04-11,8.180229205769702
1996-04-12,8.069863182514528
1996-04-15,8.095389994111638
1996-04-16,8.049811082371878
1996-04-17,8.125153072031207
1996-04-18,8.077465407868528
1996-04-19,8.025641730805368
1996-04-22,8.000986323407966
1996-04-23,8.009617198403836
1996-04-24,8.043315936193002
1996-04-25,8.002889194927821
1996-04-26,8.002312372842322
1996-04-29,8.02782678823338
1996-04-30,8.064869952219496
1996-05-01,8.060259218921445
1996-05-02,8.177536332512084
1996-05-03,8.258833945444358
1996-05-07,8.262660539262288
1996-05-08,8.19941703998738
1996-05-09,8.154905831570051
1996-05-10,8.058549379256506
1996-05-13,8.078693028105805
1996-05-14,8.019336109495518
1996-05-15,8.06931438691529
1996-05-16,8.065391561495394
1996-05-17,7.99209140469136
1996-05-20,7.988829755235356
1996-05-21,8.029222125115073
1996-05-22,8.066387812683107
1996-05-23,8.049508032511802
1996-05-24,8.065925829275974
1996-05-28,8.07125383956441
1996-05-29,8.07797178769294
1996-05-30,8.185508342746239
1996-05-31,8.166554684999607
1996-06-03,8.092725342813042
1996-06-04,8.062335054607965
1996-06-05,8.075617848399991
1996-06-06,8.020600032589522
1996-06-07,8.131600924800392
1996-06-10,8.113380596016974
1996-06-11,8.078268670762942
1996-06-12,8.084858914605446
1996-06-13,8.123031838701237
1996-06-14,8.155833392343418
1996-06-17,8.165816574599797
1996-06-18,8.144968050908773
1996-06-19,8.143187241216975
1996-06-20,8.152672545537099
1996-06-21,8.072177618041955
1996-06-24,8.061333646397632
1996-06-25,8.03486354359721
1996-06-26,8.012707004141502
1996-06-27,8.042903330880115
1996-06-28,7.9349433269390754
1996-07-01,7.955507701544926
1996-07-02,7.950824257773595
1996-07-03,7.977424662870169
1996-07-04,7.93862243713531
1996-07-05,8.00635674102563
1996-07-08,7.985016695681658
1996-07-09,7.972438093104737
1996-07-10,7.939169338220312
1996-07-11,7.908698133649611
1996-07-12,7.938622404467199
1996-07-15,7.982377541451777
1996-07-16,8.005859959372675
1996-07-17,7.981157649950129
1996-07-18,7.927015616466304
1996-07-19,7.9497882365012345
1996-07-22,7.955013243863045
1996-07-23,7.969445689542124
1996-07-24,7.928555374395851
1996-07-25,7.942886636760304
1996-07-26,7.9312157258295075
1996-07-29,7.946849878341948
1996-07-30,7.94301448724853
1996-07-31,7.94301337727776
1996-08-01,7.889255194382065
1996-08-02,7.85055007544273
1996-08-05,7.832176089449935
1996-08-06,7.813774351198999
1996-08-07,7.794710071315846
1996-08-08,7.820125490523732
1996-08-09,7.826971606625646
1996-08-12,7.830106517114627
1996-08-13,7.816646582932387
1996-08-14,7.877984678296083
1996-08-15,7.871072855311037
1996-08-16,7.802657648212748
1996-08-19,7.8230483196296685
1996-08-20,7.842105652849989
1996-08-21,7.899694548914864
1996-08-22,7.848977239454376
1996-08-23,7.908383643460222
1996-08-27,7.951633192259631
1996-08-28,7.943708090462917
1996-08-29,7.933383504386986
1996-08-30,7.967362629888252
1996-09-02,7.949037096454417
1996-09-03,7.973427501068651
1996-09-04,7.987699094377673
1996-09-05,7.964453695378785
1996-09-06,7.9500534448215605
1996-09-09,7.938941097361763
1996-09-10,7.938487764479289
1996-09-11,7.9389392923656175
1996-09-12,7.907325215033384
1996-09-13,7.778573161959128
1996-09-16,7.777362910270997
1996-09-17,7.792350939232172
1996-09-18,7.835680919916024
1996-09-19,7.828164591625372
1996-09-20,7.807738976546823
1996-09-23,7.848495658095047
1996-09-24,7.842228635119971
1996-09-25,7.778512315451605
1996-09-26,7.7251807035119215
1996-09-27,7.716012644740873
1996-09-30,7.715167323766513
1996-10-01,7.648044891742598
1996-10-02,7.538295230995867
1996-10-03,7.549218920923901
1996-10-04,7.445722280201641
1996-10-07,7.474223770684515
1996-10-08,7.469850705798581
1996-10-09,7.421886048306125
1996-10-10,7.520493239238448
1996-10-11,7.522272956620554
1996-10-14,7.515903823198798
1996-10-15,7.4705291462644965
1996-10-16,7.599522019337118
1996-10-17,7.58983557198705
1996-10-18,7.61445561022209
1996-10-21,7.623908391544885
1996-10-22,7.557271852475938
1996-10-23,7.592279526041304
1996-10-24,7.647558689668465
1996-10-25,7.548254217115831
1996-10-28,7.588655030248506
1996-10-29,7.590318254786432
1996-10-30,7.606810232184587
1996-10-31,7.643045650967748
1996-11-01,7.71891190451642
1996-11-04,7.74919918543157
1996-11-05,7.646001134007139
1996-11-06,7.627931035325787
1996-11-07,7.73105333517322
1996-11-08,7.678411816566383
1996-11-11,7.630039273693496
1996-11-12,7.615860122816541
1996-11-13,7.675877098732419
1996-11-14,7.566128917473257
1996-11-15,7.5392477363571135
1996-11-18,7.493895418110503
1996-11-19,7.480882837505289
1996-11-20,7.523358325681308
1996-11-21,7.472453141119996
1996-11-22,7.441331349600088
1996-11-25,7.417584259255081
1996-11-26,7.425735936084313
1996-11-27,7.479382439880444
1996-11-28,7.4270567711358115
1996-11-29,7.320167466945496
1996-12-02,7.300184967541297
1996-12-03,7.314639379538332
1996-12-04,7.385897862934409
1996-12-05,7.516816183112994
1996-12-06,7.6380769082939155
1996-12-09,7.551231612968316
1996-12-10,7.466856566553197
1996-12-11,7.568863138932246
1996-12-12,7.657779156314312
1996-12-13,7.608799373331998
1996-12-16,7.60940991658933
1996-12-17,7.649918370512642
1996-12-18,7.64543339496567
1996-12-19,7.587007600089099
1996-12-20,7.5677329386594465
1996-12-23,7.476887118795778
1996-12-24,7.464757396792992
1996-12-27,7.463957763140039
1996-12-30,7.4730084379379935
1996-12-31,7.472847726103394
1997-01-02,7.681733552860214
1997-01-03,7.657772265682847
1997-01-06,7.703790958061296
1997-01-07,7.7097249149852205
1997-01-08,7.696335854589475
1997-01-09,7.627591772086899
1997-01-10,7.637667173264866
1997-01-13,7.556819450137621
1997-01-14,7.532121181704598
1997-01-15,7.504659202462085
1997-01-16,7.4152376604561585
1997-01-17,7.377921918079524
1997-01-20,7.398934102961247
1997-01-21,7.405112388528326
1997-01-22,7.3149978005863305
1997-01-23,7.351424635756183
1997-01-24,7.443988179201547
1997-01-27,7.4809821544417305
1997-01-28,7.440829040407531
1997-01-29,7.528223531290831
1997-01-30,7.496499522446274
1997-01-31,7.3973245222866995
1997-02-03,7.305238052691195
1997-02-04,7.2282719176965085
1997-02-05,7.2495430345108245
1997-02-06,7.243221250741625
1997-02-07,7.112654407921804
1997-02-10,7.143586236945228
1997-02-11,7.099144273381984
1997-02-12,7.0821817901461035
1997-02-13,7.1017777090102685
1997-02-14,7.099411131551754
1997-02-17,7.116390547441151
1997-02-18,7.075624785743455
1997-02-19,7.117586206284831
1997-02-20,7.091256216128697
1997-02-21,7.119688017345874
1997-02-24,7.15694392967939
1997-02-25,7.151847953932484
1997-02-26,7.2099120618325445
1997-02-27,7.14058543493294
1997-02-28,7.227527196077931
1997-03-03,7.219489496946062
1997-03-04,7.21533686615588
1997-03-05,7.314170824708692
1997-03-06,7.309291031073178
1997-03-07,7.304769925858227
1997-03-10,7.250935935968384
1997-03-11,7.2669412115335135
1997-03-12,7.304373342740369
1997-03-13,7.348044457515303
1997-03-14,7.344597082762853
1997-03-17,7.440613535692236
1997-03-18,7.4633632551621885
1997-03-19,7.561596834037182
1997-03-20,7.602666775048786
1997-03-21,7.576137149995485
1997-03-24,7.555899171494727
1997-03-25,7.534346595780231
1997-03-26,7.571850921506773
1997-03-27,7.6006879730092844
1997-04-01,7.681521145912268
1997-04-02,7.651332668735925
1997-04-03,7.673629450544555
1997-04-04,7.642379450877199
1997-04-07,7.584204931352486
1997-04-08,7.583795158796879
1997-04-09,7.582115499935185
1997-04-10,7.6205657393906705
1997-04-11,7.66750869690006
1997-04-14,7.630385311601287
1997-04-15,7.516357029849809
1997-04-16,7.519136651652323
1997-04-17,7.461048637360944
1997-04-18,7.51543412812107
1997-04-21,7.549275911656762
1997-04-22,7.555488348881193
1997-04-23,7.548400714942376
1997-04-24,7.61440846813241
1997-04-25,7.6474935906877
1997-04-28,7.609040156335441
1997-04-29,7.525885970278236
1997-04-30,7.420158684689509
1997-05-01,7.388655571492459
1997-05-02,7.351134526771449
1997-05-06,7.0377152900664
1997-05-07,7.05013764528352
1997-05-08,6.978364767059115
1997-05-09,6.945509672270023
1997-05-12,6.921078718547621
1997-05-13,6.939103979283239
1997-05-14,6.902610170673678
1997-05-15,6.914278520740618
1997-05-16,6.993902687350861
1997-05-19,7.035637910649575
1997-05-20,7.033339121889777
1997-05-21,7.095241194051203
1997-05-22,7.24399507309469
1997-05-23,7.156127966483432
1997-05-27,7.172124078891047
1997-05-28,7.168111596600935
1997-05-29,7.184080026591917
1997-05-30,7.141370895439553
1997-06-02,7.134359445286611
1997-06-03,7.032669210189736
1997-06-04,7.075937298530969
1997-06-05,7.067503353952792
1997-06-06,6.9917047944641855
1997-06-09,7.052717078732651
1997-06-10,7.057067886943396
1997-06-11,7.04497811761822
1997-06-12,6.991317672579838
1997-06-13,6.995141864188893
1997-06-16,6.968387868707014
1997-06-17,7.004166667994864
1997-06-18,7.071745857628177
1997-06-19,7.1215298769134945
1997-06-20,7.060810629427429
1997-06-23,7.097998412932656
1997-06-24,7.056422949790853
1997-06-25,7.012360104066234
1997-06-26,7.019892097892486
1997-06-27,6.960210378221605
1997-06-30,7.016759684126347
1997-07-01,6.936539587947699
1997-07-02,6.914455159421577
1997-07-03,6.945104318872113
1997-07-04,6.920279658179863
1997-07-07,6.90743852196361
1997-07-08,6.92259780659621
1997-07-09,6.968695438725102
1997-07-10,6.981463799717437
1997-07-11,6.91368809539253
1997-07-14,6.98340825621487
1997-07-15,7.00480062894475
1997-07-16,6.972856290123067
1997-07-17,6.949148157726299
1997-07-18,6.933767882397649
1997-07-21,6.967981395833419
1997-07-22,6.923832354945098
1997-07-23,6.852919111825389
1997-07-24,6.878208122630551
1997-07-25,6.85016051229118
1997-07-28,6.894203618751961
1997-07-29,6.878750968552675
1997-07-30,6.807518189907787
1997-07-31,6.862797118333039
1997-08-01,6.923461671613881
1997-08-04,6.961183193244241
1997-08-05,7.009289243435745
1997-08-06,6.960795653925712
1997-08-07,6.910022529520329
1997-08-08,7.016963488133561
1997-08-11,7.015693303473509
1997-08-12,6.952668837295269
1997-08-13,6.996467113767624
1997-08-14,6.948913690806796
1997-08-15,6.97060608881706
1997-08-18,6.916965300480169
1997-08-19,6.9143783765890685
1997-08-20,6.909506111945366
1997-08-21,6.926719798203267
1997-08-22,7.018999577168768
1997-08-26,6.992765256625934
1997-08-27,7.004544619870569
1997-08-28,6.978483136459116
1997-08-29,6.982467344434484
1997-09-01,6.9462035308632135
1997-09-02,6.926867307883273
1997-09-03,6.9146421927457355
1997-09-04,6.906266790443995
1997-09-05,6.901287495366591
1997-09-08,6.867346568761509
1997-09-09,6.889044437771186
1997-09-10,6.887926509912506
1997-09-11,6.873534381853991
1997-09-12,6.829852531255685
1997-09-15,6.788349379573508
1997-09-16,6.633842855931084
1997-09-17,6.642459685856082
1997-09-18,6.545092616625429
1997-09-19,6.591389876491528
1997-09-22,6.547998802048371
1997-09-23,6.566173230126227
1997-09-24,6.5335459098623785
1997-09-25,6.524582688125055
1997-09-26,6.3401476274354085
1997-09-29,6.38644164916253
1997-09-30,6.356179075414561
1997-10-01,6.249364770238044
1997-10-02,6.2302288776647785
1997-10-03,6.098503873723783
1997-10-06,6.1799243519811835
1997-10-07,6.207772355859338
1997-10-08,6.321436281595448
1997-10-09,6.3905563430287415
1997-10-10,6.397301228192097
1997-10-13,6.331028203843492
1997-10-14,6.316760158025721
1997-10-15,6.362755155169655
1997-10-16,6.402845658339691
1997-10-17,6.398118128418763
1997-10-20,6.479360492545709
1997-10-21,6.506890575433357
1997-10-22,6.512566677643392
1997-10-23,6.438723294774751
1997-10-24,6.4267670643876444
1997-10-27,6.455464140266896
1997-10-28,6.495833269169204
1997-10-29,6.486133129457751
1997-10-30,6.454492392086171
1997-10-31,6.44164443559126
1997-11-03,6.463501516237839
1997-11-04,6.4526310057983
1997-11-05,6.471258405892644
1997-11-06,6.524408614103827
1997-11-07,6.453097521351287
1997-11-10,6.45697416316295
1997-11-11,6.524120697038329
1997-11-12,6.646556449476809
1997-11-13,6.595832909151973
1997-11-14,6.500984628937876
1997-11-17,6.488582515498623
1997-11-18,6.53068371975792
1997-11-19,6.470035958320407
1997-11-20,6.3954139971434305
1997-11-21,6.415142389617964
1997-11-24,6.401791511962548
1997-11-25,6.378991380008041
1997-11-26,6.378176711383309
1997-11-27,6.405432146091698
1997-11-28,6.345193854657718
1997-12-01,6.3555238783615255
1997-12-02,6.324918004639288
1997-12-03,6.344019033027654
1997-12-04,6.319040956279915
1997-12-05,6.395616733738328
1997-12-08,6.34664172930094
1997-12-09,6.291987448207287
1997-12-10,6.257618661552032
1997-12-11,6.156579233319693
1997-12-12,6.1518556610635855
1997-12-15,6.140702899740682
1997-12-16,6.165853676106181
1997-12-17,6.204088720791285
1997-12-18,6.181687300773798
1997-12-19,6.140271603791151
1997-12-22,6.154114363165133
1997-12-23,6.1084621708180205
1997-12-24,6.08822352782825
1997-12-29,6.091397865540339
1997-12-30,6.219008970683451
1997-12-31,6.1766318934128055
1998-01-02,6.166016295452179
1998-01-05,6.020460839615874
1998-01-06,5.981540167323619
1998-01-07,5.977903051134474
1998-01-08,5.939932089063975
1998-01-09,5.88952973852147
1998-01-12,5.864469383726683
1998-01-13,5.869771515376671
1998-01-14,5.908666546577906
1998-01-15,5.938296843747335
1998-01-16,5.950175787042811
1998-01-19,5.956318065276264
1998-01-20,5.937375535111973
1998-01-21,5.950946098067062
1998-01-22,5.931064961312193
1998-01-23,5.944660019003729
1998-01-26,5.968138291631481
1998-01-27,5.968411810198955
1998-01-28,6.0098646060737675
1998-01-29,5.976136572256111
1998-01-30,5.944258222146703
1998-02-02,5.974781743900752
1998-02-03,5.966526957794659
1998-02-04,6.011936642058005
1998-02-05,5.994938940431525
1998-02-06,6.000906057081535
1998-02-09,6.0020324352690855
1998-02-10,5.9338098766254195
1998-02-11,5.865703156252646
1998-02-12,5.839188828985256
1998-02-13,5.835842330824688
1998-02-16,5.8171144402062565
1998-02-17,5.802270115610331
1998-02-18,5.840528218171492
1998-02-19,5.845203013074446
1998-02-20,5.861847658882438
1998-02-23,5.89779606539948
1998-02-24,5.9246938160543845
1998-02-25,5.929895401729838
1998-02-26,5.931072387282681
1998-02-27,5.979147574485931
1998-03-02,5.9141935954788805
1998-03-03,5.987146752517491
1998-03-04,5.999214762541493
1998-03-05,5.97196272177859
1998-03-06,5.937440996834245
1998-03-09,5.881922884459115
1998-03-10,5.875965414909113
1998-03-11,5.872276895664951
1998-03-12,5.82660308838116
1998-03-13,5.841556978394505
1998-03-16,5.79686514478122
1998-03-17,5.799135750483144
1998-03-18,5.801641262141439
1998-03-19,5.84762252114546
1998-03-20,5.780813864444676
1998-03-23,5.802516694543483
1998-03-24,5.781202749472429
1998-03-25,5.779992577355063
1998-03-26,5.7934238798000015
1998-03-27,5.814864254135532
1998-03-30,5.824570215623811
1998-03-31,5.776567580799286
1998-04-01,5.792871155113555
1998-04-02,5.707048171709756
1998-04-03,5.6449061521591615
1998-04-06,5.643419180340238
1998-04-07,5.658078707447508
1998-04-08,5.6346018698839275
1998-04-09,5.634408340719374
1998-04-14,5.618806741955444
1998-04-15,5.625806019511232
1998-04-16,5.646273835812552
1998-04-17,5.640744144395619
1998-04-20,5.640431424522322
1998-04-21,5.65145315495207
1998-04-22,5.727665636356581
1998-04-23,5.732648785208673
1998-04-24,5.696775871364769
1998-04-27,5.804822916845031
1998-04-28,5.787820699975532
1998-04-29,5.768955302258427
1998-04-30,5.723038705291033
1998-05-01,5.637542336820788
1998-05-05,5.698325037918993
1998-05-06,5.700838466458132
1998-05-07,5.76566332546103
1998-05-08,5.739940288710768
1998-05-11,5.741929813787545
1998-05-12,5.7785381928196955
1998-05-13,5.7871095851814465
1998-05-14,5.7958834639406
1998-05-15,5.844897087276464
1998-05-18,5.8281223842070435
1998-05-19,5.811978622415356
1998-05-20,5.76594187572872
1998-05-21,5.7324741635327685
1998-05-22,5.713080350727462
1998-05-26,5.6496202573631615
1998-05-27,5.654742089882874
1998-05-28,5.658674318183267
1998-05-29,5.5868452813972125
1998-06-01,5.543926546956816
1998-06-02,5.564218901055457
1998-06-03,5.571509257237841
1998-06-04,5.621242314645774
1998-06-05,5.6114241448112105
1998-06-08,5.610697832838591
1998-06-09,5.6199565087835435
1998-06-10,5.537976887948362
1998-06-11,5.459706979286925
1998-06-12,5.452202051187205
1998-06-15,5.447850692887906
1998-06-16,5.546493612880702
1998-06-17,5.658644939605493
1998-06-18,5.662575512223462
1998-06-19,5.724467273499758
1998-06-22,5.674448519064788
1998-06-23,5.662972013732668
1998-06-24,5.627461170456293
1998-06-25,5.65622405215503
1998-06-26,5.6730464454348155
1998-06-29,5.680518804744384
1998-06-30,5.654791988250351
1998-07-01,5.642683128652694
1998-07-02,5.623057811773172
1998-07-03,5.631670107535372
1998-07-06,5.592955430082236
1998-07-07,5.625475152037309
1998-07-08,5.658735325508852
1998-07-09,5.595099928919055
1998-07-10,5.595947947724675
1998-07-13,5.628397721648831
1998-07-14,5.621239108743998
1998-07-15,5.679579110941118
1998-07-16,5.670608593460318
1998-07-17,5.665769033848033
1998-07-20,5.68306967042991
1998-07-21,5.680093704306663
1998-07-22,5.722793461028181
1998-07-23,5.719029872490888
1998-07-24,5.75713702273181
1998-07-27,5.751887419999413
1998-07-28,5.660703642233923
1998-07-29,5.591593557441836
1998-07-30,5.627384877322415
1998-07-31,5.578391900257409
1998-08-03,5.523694232479169
1998-08-04,5.515715486377128
1998-08-05,5.54663981889244
1998-08-06,5.512141035139469
1998-08-07,5.4980603400698635
1998-08-10,5.459503356841685
1998-08-11,5.423483266781993
1998-08-12,5.413956646309591
1998-08-13,5.487940440793888
1998-08-14,5.451903793903492
1998-08-17,5.440733754973289
1998-08-18,5.442631113654647
1998-08-19,5.462203189657928
1998-08-20,5.395573039394983
1998-08-21,5.309431819703006
1998-08-24,5.334946561749436
1998-08-25,5.3121357455188924
1998-08-26,5.332027076127714
1998-08-27,5.206944197851837
1998-08-28,5.197621750266184
1998-09-01,5.283404361676945
1998-09-02,5.281384652955929
1998-09-03,5.225054087730731
1998-09-04,5.2301171678030185
1998-09-07,5.193254709381899
1998-09-08,5.228914004296226
1998-09-09,5.174281829609271
1998-09-10,5.035289108972354
1998-09-11,5.0629660858287595
1998-09-14,5.077886758335564
1998-09-15,5.02494072511857
1998-09-16,5.0040585428672495
1998-09-17,4.889102191057104
1998-09-18,4.892397444814118
1998-09-21,4.825700854587544
1998-09-22,4.8667698218338735
1998-09-23,4.936275827691408
1998-09-24,4.951497011699855
1998-09-25,4.908596011775113
1998-09-28,4.836883107000723
1998-09-29,4.85456824500647
1998-09-30,4.792033844613989
1998-10-01,4.619844304973253
1998-10-02,4.53624461125123
1998-10-05,4.494343958937399
1998-10-06,4.596346038923331
1998-10-07,4.619389054048511
1998-10-08,4.798333340388337
1998-10-09,5.142657293330076
1998-10-12,5.223153502919345
1998-10-13,5.108824638875218
1998-10-14,5.024853874192631
1998-10-15,5.0088735342324915
1998-10-16,5.039574862282942
1998-10-19,4.9739628545954915
1998-10-20,5.037292505930251
1998-10-21,5.047161721892678
1998-10-22,5.09375049216168
1998-10-23,5.157464403251173
1998-10-26,5.067594795534644
1998-10-27,4.98144952193081
1998-10-28,5.029265183078975
1998-10-29,4.964576560368295
1998-10-30,4.995095462473162
1998-11-02,5.063293515064955
1998-11-03,4.941745479536458
1998-11-04,4.9952303900630035
1998-11-05,4.987987340898374
1998-11-06,5.061509944927534
1998-11-09,5.002094503016101
1998-11-10,4.929505143426664
1998-11-11,4.9752510519823705
1998-11-12,4.9093578657441705
1998-11-13,4.872818553381444
1998-11-16,4.857558801633755
1998-11-17,4.811515618825796
1998-11-18,4.7144949649744365
1998-11-19,4.724550448645892
1998-11-20,4.768183983482601
1998-11-23,4.752341456211994
1998-11-24,4.773585214209647
1998-11-25,4.747627039150617
1998-11-26,4.653934234595935
1998-11-27,4.6753797710742955
1998-11-30,4.599176501581152
1998-12-01,4.566187187049054
1998-12-02,4.5649667595814725
1998-12-03,4.567095987327021
1998-12-04,4.578712692123334
1998-12-07,4.574074380184797
1998-12-08,4.525696163007933
1998-12-09,4.453940259199309
1998-12-10,4.414930849443399
1998-12-11,4.40687278687799
1998-12-14,4.440980811039956
1998-12-15,4.4292112106738095
1998-12-16,4.4398552970676395
1998-12-17,4.404191053566782
1998-12-18,4.388374367201939
1998-12-21,4.424144598269896
1998-12-22,4.470597306440039
1998-12-23,4.391790300568591
1998-12-24,4.4109827784959
1998-12-29,4.380600484132581
1998-12-30,4.332857869501471
1998-12-31,4.320396978128343
1999-01-04,4.246942136095198
1999-01-05,4.283375026005367
1999-01-06,4.288263327791475
1999-01-07,4.2492807189846795
1999-01-08,4.233167810780646
1999-01-11,4.2840191282924085
1999-01-12,4.348529068467073
1999-01-13,4.263317261118449
1999-01-14,4.2411580538532405
1999-01-15,4.267184358261312
1999-01-18,4.273873722966588
1999-01-19,4.267822643644193
1999-01-20,4.239076595996325
1999-01-21,4.172637345733606
1999-01-22,4.122026953926007
1999-01-25,4.174801800785174
1999-01-26,4.142331947308471
1999-01-27,4.152373783286853
1999-01-28,4.154315154025808
1999-01-29,4.126419149986382
1999-02-01,4.154892913815843
1999-02-02,4.172248032406566
1999-02-03,4.21385274004802
1999-02-04,4.305973104006501
1999-02-05,4.272690184677678
1999-02-08,4.348236651353121
1999-02-09,4.297086850178113
1999-02-10,4.314531814800335
1999-02-11,4.31481607687146
1999-02-12,4.4619511962372105
1999-02-15,4.494467850332763
1999-02-16,4.4588357334071915
1999-02-17,4.451766469215331
1999-02-18,4.4539525967573095
1999-02-19,4.429685113084817
1999-02-22,4.3972120656641325
1999-02-23,4.362374033577934
1999-02-24,4.386977451536604
1999-02-25,4.5282398335529015
1999-02-26,4.562447210685379
1999-03-01,4.64221931661614
1999-03-02,4.638606328881771
1999-03-03,4.720543343121708
1999-03-04,4.7333418032708074
1999-03-05,4.605592277712043
1999-03-08,4.632571297058185
1999-03-09,4.697640070067868
1999-03-10,4.649521971944739
1999-03-11,4.607094583041825
1999-03-12,4.592132159024086
1999-03-15,4.591030937623919
1999-03-16,4.519055993674695
1999-03-17,4.462542693815873
1999-03-18,4.473207521517868
1999-03-19,4.492106702477145
1999-03-22,4.5132819448172015
1999-03-23,4.543126373944864
1999-03-24,4.56078707665708
1999-03-25,4.541764492686934
1999-03-26,4.596487293896847
1999-03-29,4.599930285534468
1999-03-30,4.566064880701588
1999-03-31,4.53230682235492
1999-04-01,4.569160796698805
1999-04-06,4.4574761613511855
1999-04-07,4.44971371422149
1999-04-08,4.456762538852727
1999-04-09,4.405528369608087
1999-04-12,4.412164554900312
1999-04-13,4.436728506383247
1999-04-14,4.44266260888732
1999-04-15,4.533364595769534
1999-04-16,4.552275824044728
1999-04-19,4.541184282080927
1999-04-20,4.48742035958823
1999-04-21,4.497546640207493
1999-04-22,4.547205769468687
1999-04-23,4.545927066161111
1999-04-26,4.596652833093138
1999-04-27,4.592103160020805
1999-04-28,4.638352389163822
1999-04-29,4.5750756833663395
1999-04-30,4.629124221041785
1999-05-04,4.745467421054036
1999-05-05,4.756364365047547
1999-05-06,4.8059640260012575
1999-05-07,4.821362780265807
1999-05-10,4.812191441483164
1999-05-11,4.811766253867946
1999-05-12,4.764003085570563
1999-05-13,4.708808242481007
1999-05-14,4.871420979260181
1999-05-17,4.878016515589887
1999-05-18,4.8948865567321
1999-05-19,4.91540381693621
1999-05-20,4.857703186962253
1999-05-21,4.853213472559736
1999-05-24,4.823926036609761
1999-05-25,4.808885702259834
1999-05-26,4.824256661879595
1999-05-27,4.8882142522366605
1999-05-28,4.918340985249321
1999-06-01,5.006293711964263
1999-06-02,5.014085381180351
1999-06-03,4.99964805541458
1999-06-04,5.01579554975618
1999-06-07,4.979177628244484
1999-06-08,5.01198085456429
1999-06-09,5.039812633045187
1999-06-10,5.1533395364542045
1999-06-11,5.137823505239227
1999-06-14,5.118645009329699
1999-06-15,5.020827729526798
1999-06-16,5.010592515966548
1999-06-17,4.950000822164247
1999-06-18,4.953330410320193
1999-06-21,5.04767011678148
1999-06-22,5.133249528175932
1999-06-23,5.165809327745103
1999-06-24,5.303817052110823
1999-06-25,5.1892980185414865
1999-06-28,5.169558615104132
1999-06-29,5.151826479107755
1999-06-30,5.101204158950024
1999-07-01,5.190300835098658
1999-07-02,5.1277823481684335
1999-07-05,5.176524972356504
1999-07-06,5.252808519790495
1999-07-07,5.291518091558684
1999-07-08,5.355170705992498
1999-07-09,5.331303752971156
1999-07-12,5.262841629260671
1999-07-13,5.219832106234812
1999-07-14,5.2291903447101165
1999-07-15,5.308619688120763
1999-07-16,5.26626166555084
1999-07-19,5.264986475915654
1999-07-20,5.276262064679171
1999-07-21,5.228788837198659
1999-07-22,5.215696834865147
1999-07-23,5.293929791089364
1999-07-26,5.30069641784299
1999-07-27,5.282838868207835
1999-07-28,5.298300658965866
1999-07-29,5.38382408324367
1999-07-30,5.364934513393957
1999-08-02,5.295833767094709
1999-08-03,5.3111733922542985
1999-08-04,5.266205085494548
1999-08-05,5.322796439938503
1999-08-06,5.487894744731735
1999-08-09,5.44383698849423
1999-08-10,5.43770445534162
1999-08-11,5.4240256789906685
1999-08-12,5.370897191857885
1999-08-13,5.352830721350104
1999-08-16,5.349648873359252
1999-08-17,5.3390953650110795
1999-08-18,5.2539896895406475
1999-08-19,5.198030556043776
1999-08-20,5.220164480101646
1999-08-23,5.203343228762877
1999-08-24,5.199537179826099
1999-08-25,5.095127727900923
1999-08-26,5.111785700797006
1999-08-27,5.1458688051189325
1999-08-31,5.167977870554433
1999-09-01,5.242634853045756
1999-09-02,5.389628787923102
1999-09-03,5.306567125009498
1999-09-06,5.309050164316483
1999-09-07,5.420009876833177
1999-09-08,5.497993989665234
1999-09-09,5.504199493185056
1999-09-10,5.560613289794028
1999-09-13,5.597103399898346
1999-09-14,5.60280840717992
1999-09-15,5.635345097514154
1999-09-16,5.567722462240812
1999-09-17,5.483333704687834
1999-09-20,5.539480077373589
1999-09-21,5.583994948904715
1999-09-22,5.636297641428884
1999-09-23,5.633220520548957
1999-09-24,5.570708993112559
1999-09-27,5.6597288647292086
1999-09-28,5.679903587745873
1999-09-29,5.7072071376008315
1999-09-30,5.626915419541816
1999-10-01,5.743423808193252
1999-10-04,5.695435290807572
1999-10-05,5.690873295615033
1999-10-06,5.68652456343848
1999-10-07,5.660768173695933
1999-10-08,5.681738350788349
1999-10-11,5.678641364931748
1999-10-12,5.75333923284084
1999-10-13,5.719224134213302
1999-10-14,5.8698737961111
1999-10-15,5.798864106095479
1999-10-18,5.772538368993518
1999-10-19,5.738007546222546
1999-10-20,5.768864036129893
1999-10-21,5.701897397498046
1999-10-22,5.718758828285103
1999-10-25,5.813121199508012
1999-10-26,5.746775532383181
1999-10-27,5.62050340342237
1999-10-28,5.486684950505195
1999-10-29,5.378969962830142
1999-11-01,5.351417290327232
1999-11-02,5.250005878365038
1999-11-03,5.245478890054658
1999-11-04,5.075456044213064
1999-11-05,5.037836344159816
1999-11-08,5.060530512661896
1999-11-09,5.099427652103794
1999-11-10,5.119518684639035
1999-11-11,5.107929302147676
1999-11-12,4.986278404573577
1999-11-15,5.003382399980372
1999-11-16,4.9276598351357395
1999-11-17,5.00455284215108
1999-11-18,5.064474713822844
1999-11-19,5.0881613100668295
1999-11-22,5.1406981357523875
1999-11-23,5.136171427531306
1999-11-24,5.203000476244631
1999-11-25,5.266626301089621
1999-11-26,5.254889705066154
1999-11-29,5.217148061295267
1999-11-30,5.1531615063710525
1999-12-01,5.161028296530409
1999-12-02,5.24989463733656
1999-12-03,5.324727056011454
1999-12-06,5.270762987266126
1999-12-07,5.18013835388189
1999-12-08,5.18801780250177
1999-12-09,5.112302223172187
1999-12-10,5.015411395669625
1999-12-13,5.031383119856203
1999-12-14,5.076529750032398
1999-12-15,5.038582595239398
1999-12-16,5.206661076061611
1999-12-17,5.207244000233874
1999-12-20,5.219507427095347
1999-12-21,5.227579329459214
1999-12-22,5.312354435955985
1999-12-23,5.300944014187992
1999-12-24,5.304158224201148
1999-12-29,5.3092510640611525
1999-12-30,5.375622351237639
2000-01-04,5.522984925270779
2000-01-05,5.6031735719844615
2000-01-06,5.606709280792432
2000-01-07,5.557121604645137
2000-01-10,5.488781102909567
2000-01-11,5.568884092033139
2000-01-12,5.625988772981495
2000-01-13,5.539763515080038
2000-01-14,5.584793650564354
2000-01-17,5.63714511692448
2000-01-18,5.729878386955468
2000-01-19,5.672246414331196
2000-01-20,5.714674146533852
2000-01-21,5.689829564362445
2000-01-24,5.672131319148094
2000-01-25,5.597113236762075
2000-01-26,5.600820081021018
2000-01-27,5.696329476578368
2000-01-28,5.719562726981404
2000-01-31,5.613887411230072
2000-02-01,5.475193705279092
2000-02-02,5.492262664383363
2000-02-03,5.430570388532006
2000-02-04,5.514572912202155
2000-02-07,5.526137777590145
2000-02-08,5.488357069460982
2000-02-09,5.521615385304871
2000-02-10,5.562907179347928
2000-02-11,5.532671347212975
2000-02-14,5.473826074005066
2000-02-15,5.481512344031522
2000-02-16,5.5744899548915425
2000-02-17,5.539572826137075
2000-02-18,5.484112554692246
2000-02-21,5.403327411877148
2000-02-22,5.313703083351053
2000-02-23,5.3366006783418936
2000-02-24,5.238139311646593
2000-02-25,5.227153080554048
2000-02-28,5.243640157646726
2000-02-29,5.334981696535275
2000-03-01,5.306656761151456
2000-03-02,5.331935433357102
2000-03-03,5.2528444634803915
2000-03-06,5.198225457306349
2000-03-07,5.169121293016888
2000-03-08,5.188249821007447
2000-03-09,5.154293685843223
2000-03-10,5.203081499724467
2000-03-13,5.193129758965625
2000-03-14,5.217447179796258
2000-03-15,5.188620472855451
2000-03-16,5.078571184656293
2000-03-17,5.031562784319939
2000-03-20,5.073174932313367
2000-03-21,5.099795757221533
2000-03-22,5.1891269570811875
2000-03-23,5.133483309249131
2000-03-24,5.149770372862778
2000-03-27,5.263207540860512
2000-03-28,5.2228477924709855
2000-03-29,5.224374022064067
2000-03-30,5.158697029761278
2000-03-31,5.147788590901799
2000-04-03,5.103070765998293
2000-04-04,5.133569676480296
2000-04-05,5.048801995308518
2000-04-06,5.1293715693317115
2000-04-07,5.068278653393956
2000-04-10,5.1031722604009175
2000-04-11,5.079953877958019
2000-04-12,5.106754103239236
2000-04-13,5.160259818784473
2000-04-14,5.172274215132059
2000-04-17,5.195414172719709
2000-04-18,5.176913893163599
2000-04-19,5.184161874796821
2000-04-20,5.192161830880365
2000-04-25,5.235516769675168
2000-04-26,5.193161104941656
2000-04-27,5.155629326680267
2000-04-28,5.097727079486093
2000-05-02,5.125016644117926
2000-05-03,5.13908807709998
2000-05-04,5.247620062370479
2000-05-05,5.283813277171474
2000-05-08,5.234789993357031
2000-05-09,5.1861443766105
2000-05-10,5.181877272937805
2000-05-11,5.287147181514291
2000-05-12,5.28324919537798
2000-05-15,5.2218495287031885
2000-05-16,5.189624120122089
2000-05-17,5.305367645302157
2000-05-18,5.372185700313303
2000-05-19,5.387292564851436
2000-05-22,5.307148689661199
2000-05-23,5.327817035561646
2000-05-24,5.285088553437497
2000-05-25,5.196705301287247
2000-05-26,5.106170546945372
2000-05-30,5.123742512703946
2000-05-31,5.051331542337303
2000-06-01,5.015369929118704
2000-06-02,4.935290899464908
2000-06-05,4.96861570532444
2000-06-06,5.0034881067496055
2000-06-07,5.0053392688942955
2000-06-08,5.048290310046604
2000-06-09,5.0036225262803615
2000-06-12,4.9945488291382505
2000-06-13,4.991943379438217
2000-06-14,5.031506962605123
2000-06-15,5.075651580755432
2000-06-16,4.9774297401395335
2000-06-19,5.000785808198836
2000-06-20,5.0480509938851315
2000-06-21,5.151514921853993
2000-06-22,5.12842278412669
2000-06-23,5.169115375317812
2000-06-26,5.129712350737463
2000-06-27,5.134986771147196
2000-06-28,5.11858656138145
2000-06-29,5.068420853158039
2000-06-30,5.0730534590235665
2000-07-03,5.113672692206271
2000-07-04,5.080737914292843
2000-07-05,5.040911096617089
2000-07-06,5.105282139623179
2000-07-07,5.0404513574987995
2000-07-10,5.096591302105669
2000-07-11,5.066966532205552
2000-07-12,5.067489545596184
2000-07-13,5.078706274099076
2000-07-14,5.15946430449033
2000-07-17,5.171301013992441
2000-07-18,5.1496847731287465
2000-07-19,5.109396513334139
2000-07-20,5.082150937944672
2000-07-21,5.035981623108492
2000-07-24,5.048186899617844
2000-07-25,5.040740681203453
2000-07-26,5.032684520304625
2000-07-27,5.0528581928686815
2000-07-28,5.136316152287919
2000-07-31,5.135726990091003
2000-08-01,5.114727980295435
2000-08-02,5.140773613896174
2000-08-03,5.1344980188098805
2000-08-04,5.169616897685829
2000-08-07,5.148022277610744
2000-08-08,5.132765960922471
2000-08-09,5.139678005647678
2000-08-10,5.150945072136973
2000-08-11,5.103359855651159
2000-08-14,5.158061246015788
2000-08-15,5.198659146903939
2000-08-16,5.195865301644237
2000-08-17,5.211844173439677
2000-08-18,5.1983735692450965
2000-08-21,5.243059737494531
2000-08-22,5.236047339959877
2000-08-23,5.208340792989083
2000-08-24,5.167782353826377
2000-08-25,5.182600214706929
2000-08-29,5.238242815024721
2000-08-30,5.245646015795811
2000-08-31,5.249072592896915
2000-09-01,5.157370453389194
2000-09-04,5.156716541394913
2000-09-05,5.191690247533237
2000-09-06,5.202435977877921
2000-09-07,5.190230817706172
2000-09-08,5.2488429619053045
2000-09-11,5.256114626396145
2000-09-12,5.3253342725978765
2000-09-13,5.334692124999978
2000-09-14,5.272547689403508
2000-09-15,5.312781816805883
2000-09-18,5.313591508132229
2000-09-19,5.282518437397626
2000-09-20,5.28754156937997
2000-09-21,5.260984680003565
2000-09-22,5.217713392281447
2000-09-25,5.274166340146392
2000-09-26,5.267691160671646
2000-09-27,5.254927727971656
2000-09-28,5.236586221846023
2000-09-29,5.136670812644608
2000-10-02,5.137884763291707
2000-10-03,5.147324451547105
2000-10-04,5.1595727240308324
2000-10-05,5.156672903675541
2000-10-06,5.140098249311183
2000-10-09,5.058839835538018
2000-10-10,5.062914512418419
2000-10-11,5.040508583755914
2000-10-12,5.023661445996057
2000-10-13,5.047060539792789
2000-10-16,5.046626479440626
2000-10-17,5.058169876050611
2000-10-18,5.046340213430738
2000-10-19,5.070410667284834
2000-10-20,5.068734023032355
2000-10-23,5.0835625018101425
2000-10-24,5.088511989089734
2000-10-25,5.08840325594365
2000-10-26,5.085986761319206
2000-10-27,5.126123086167698
2000-10-30,5.107947546015542
2000-10-31,5.087404511080363
2000-11-01,5.087403325139203
2000-11-02,5.0822103849926865
2000-11-03,5.065519342119688
2000-11-06,5.064916499798318
2000-11-07,5.091419881278537
2000-11-08,5.093031825275743
2000-11-09,5.069895620652275
2000-11-10,5.0476797013868095
2000-11-13,5.018506720822871
2000-11-14,5.043087271938647
2000-11-15,5.035550885900757
2000-11-16,4.993151376935071
2000-11-17,5.014858298922286
2000-11-20,5.017772587285664
2000-11-21,4.988910120500471
2000-11-22,4.892080465938606
2000-11-23,4.843970768015032
2000-11-24,4.844272294103915
2000-11-27,4.79692513276002
2000-11-28,4.784664741561231
2000-11-29,4.818709553247908
2000-11-30,4.78913927496488
2000-12-01,4.77767674868498
2000-12-04,4.754687118972299
2000-12-05,4.769918981009023
2000-12-06,4.7680435854861205
2000-12-07,4.78252667910563
2000-12-08,4.828471966123791
2000-12-11,4.825438391370896
2000-12-12,4.843313736048609
2000-12-13,4.786383679674467
2000-12-14,4.812897686490436
2000-12-15,4.774290833684654
2000-12-18,4.7742251579319355
2000-12-19,4.815676643268383
2000-12-20,4.813684830951968
2000-12-21,4.845861529119075
2000-12-22,4.832375751243273
2000-12-27,4.8001899320319295
2000-12-28,4.802440913327677
2000-12-29,4.780946478345161
2001-01-02,4.6947034580625395
2001-01-03,4.603941362659849
2001-01-04,4.667981203741161
2001-01-05,4.676101149644755
2001-01-08,4.687893219871279
2001-01-09,4.740912396209816
2001-01-10,4.726110993117505
2001-01-11,4.7270616078432335
2001-01-12,4.794003438527499
2001-01-15,4.769807995049183
2001-01-16,4.806751415636038
2001-01-17,4.805664175590479
2001-01-18,4.792402563250093
2001-01-19,4.78791699870419
2001-01-22,4.830590435716315
2001-01-23,4.818959208945122
2001-01-24,4.792286595661219
2001-01-25,4.774381003094814
2001-01-26,4.7118833820580175
2001-01-29,4.722198916751383
2001-01-30,4.727527546263111
2001-01-31,4.67176509700724
2001-02-01,4.678577428244364
2001-02-02,4.683090246469513
2001-02-05,4.681883818196855
2001-02-06,4.676596194283806
2001-02-07,4.639365428089208
2001-02-08,4.697095192593785
2001-02-09,4.670091652799963
2001-02-12,4.681431609979969
2001-02-13,4.685408454265244
2001-02-14,4.739372606645433
2001-02-15,4.76024162530962
2001-02-16,4.757352942427022
2001-02-19,4.751451958194915
2001-02-20,4.759046818341328
2001-02-21,4.780208601905504
2001-02-22,4.8095443829985705
2001-02-23,4.794307540087408
2001-02-26,4.794767122708923
2001-02-27,4.732110426339
2001-02-28,4.7079241144928
2001-03-01,4.651995799785371
2001-03-02,4.652745148905857
2001-03-05,4.67366061209115
2001-03-06,4.672716499934561
2001-03-07,4.68945431459106
2001-03-08,4.680373365814264
2001-03-09,4.688227139055789
2001-03-12,4.682475327116811
2001-03-13,4.68479350695384
2001-03-14,4.6026636697984795
2001-03-15,4.554814527753787
2001-03-16,4.49633977568099
2001-03-19,4.495158242413758
2001-03-20,4.5266552233958794
2001-03-21,4.537410150183463
2001-03-22,4.485429307439839
2001-03-23,4.529052635277429
2001-03-26,4.5693596710365565
2001-03-27,4.61878423829887
2001-03-28,4.625330466754679
2001-03-29,4.692732130035282
2001-03-30,4.721793996902942
2001-04-02,4.733948332257635
2001-04-03,4.713268704826521
2001-04-04,4.758002813622411
2001-04-05,4.760302370627092
2001-04-06,4.703974156084775
2001-04-09,4.706935789266276
2001-04-10,4.735478089675851
2001-04-11,4.819351721917332
2001-04-12,4.875516971418209
2001-04-17,4.909671803587499
2001-04-18,4.987652960142469
2001-04-19,5.026648750066121
2001-04-20,5.004002810698551
2001-04-23,4.964002892112885
2001-04-24,4.960949024917198
2001-04-25,4.9909829028237755
2001-04-26,4.948172401731695
2001-04-27,5.002831954338044
2001-04-30,5.065021829916046
2001-05-01,5.036240226264198
2001-05-02,5.0041415583047115
2001-05-03,4.982550368772793
2001-05-04,4.939105613154088
2001-05-08,4.936138690468807
2001-05-09,4.90533662217509
2001-05-10,4.929854312020032
2001-05-11,4.979011580816838
2001-05-14,5.0398673527080735
2001-05-15,5.0399611383193825
2001-05-16,4.999629786926281
2001-05-17,5.006894712854966
2001-05-18,5.041719893246858
2001-05-21,5.047341872960733
2001-05-22,5.058624509390884
2001-05-23,5.1153942076450285
2001-05-24,5.128453579141199
2001-05-25,5.167411349872169
2001-05-29,5.145960515496414
2001-05-30,5.148042874487421
2001-05-31,5.16269102010875
2001-06-01,5.0788754912635925
2001-06-04,5.093176462253199
2001-06-05,5.033699162675434
2001-06-06,5.035527622735526
2001-06-07,5.082590784238472
2001-06-08,5.111327231659044
2001-06-11,5.077273956178108
2001-06-12,5.1549990968957005
2001-06-13,5.166511386939893
2001-06-14,5.1020864421072805
2001-06-15,5.0896732035750185
2001-06-18,5.087669834474388
2001-06-19,5.097519618955093
2001-06-20,5.1126594817592785
2001-06-21,5.144871450951234
2001-06-22,5.069757414605031
2001-06-25,5.044645707342985
2001-06-26,5.084501102522035
2001-06-27,5.114784949371754
2001-06-28,5.195464291203274
2001-06-29,5.232899118385839
2001-07-02,5.252624758896498
2001-07-03,5.281317260174538
2001-07-04,5.255693071707196
2001-07-05,5.25377343099848
2001-07-06,5.129766132213594
2001-07-09,5.173388341008558
2001-07-10,5.15058023822822
2001-07-11,5.066219523346172
2001-07-12,5.092712383632458
2001-07-13,5.127285637535405
2001-07-16,5.106369469699761
2001-07-17,5.10392897099869
2001-07-18,5.07215138275855
2001-07-19,5.094514067540992
2001-07-20,5.035327680884065
2001-07-23,5.033975520328758
2001-07-24,5.037597871172965
2001-07-25,5.048451017189753
2001-07-26,5.0630013319251885
2001-07-27,5.035952495422521
2001-07-30,5.019054420569474
2001-07-31,5.000247339409385
2001-08-01,5.032508223238034
2001-08-02,5.083924706486251
2001-08-03,5.058842426447095
2001-08-06,5.01993021309237
2001-08-07,4.9994659630328275
2001-08-08,4.934888490508308
2001-08-09,4.874434215775841
2001-08-10,4.8454743480644415
2001-08-13,4.841805044401864
2001-08-14,4.894071735481694
2001-08-15,4.922447010971611
2001-08-16,4.892464372228659
2001-08-17,4.820662219623804
2001-08-20,4.847220172875735
2001-08-21,4.86108463246548
2001-08-22,4.884939235053489
2001-08-23,4.87724984606395
2001-08-24,4.913844261726486
2001-08-28,4.827891282703442
2001-08-29,4.828921258084433
2001-08-30,4.8108581790867015
2001-08-31,4.8651844299257485
2001-09-03,4.871148555334966
2001-09-04,5.013683788420257
2001-09-05,5.040761778048773
2001-09-06,5.011754828093557
2001-09-07,4.937576892865531
2001-09-10,4.93941967114394
2001-09-11,4.900811617589188
2001-09-12,4.905665725124391
2001-09-13,4.939982144069583
2001-09-14,4.863071742935651
2001-09-17,4.899542069108877
2001-09-18,4.906782801839463
2001-09-19,4.936112106493232
2001-09-20,4.948853417561098
2001-09-21,4.945808762152423
2001-09-24,4.979528646797765
2001-09-25,4.974549066739657
2001-09-26,4.918883121841686
2001-09-27,4.897567773610843
2001-09-28,4.9171919093478484
2001-10-01,4.925859531292813
2001-10-02,4.890602122112417
2001-10-03,4.826760302851445
2001-10-04,4.82149645199146
2001-10-05,4.813581355260433
2001-10-08,4.758326822262928
2001-10-09,4.819650442239199
2001-10-10,4.821509817562455
2001-10-11,4.873067658914289
2001-10-12,4.860187205787605
2001-10-15,4.797943805763596
2001-10-16,4.793505144829615
2001-10-17,4.814771877975099
2001-10-18,4.807922364334385
2001-10-19,4.801888222889912
2001-10-22,4.796859842292333
2001-10-23,4.814284259921431
2001-10-24,4.749877563969031
2001-10-25,4.698723856510787
2001-10-26,4.70553449711169
2001-10-29,4.650599072803278
2001-10-30,4.576374836488102
2001-10-31,4.536766216963986
2001-11-01,4.45290849045317
2001-11-02,4.50910299382923
2001-11-05,4.449973258092871
2001-11-06,4.446049215304074
2001-11-07,4.417967358486116
2001-11-08,4.439355270999327
2001-11-09,4.419498326632033
2001-11-12,4.40976278147631
2001-11-13,4.521320139578997
2001-11-14,4.584429809984372
2001-11-15,4.664792227638157
2001-11-16,4.6698014326461585
2001-11-19,4.664049947093568
2001-11-20,4.6650494603479284
2001-11-21,4.724544838580892
2001-11-22,4.725894806050457
2001-11-23,4.708679425839269
2001-11-26,4.673647183446852
2001-11-27,4.758668406129842
2001-11-28,4.702305650951286
2001-11-29,4.6719109019032725
2001-11-30,4.647876107865514
2001-12-03,4.624707957046582
2001-12-04,4.617799445453059
2001-12-05,4.748089884047001
2001-12-06,4.8214910029276155
2001-12-07,4.951580122569977
2001-12-10,4.922742605465926
2001-12-11,4.88702966734033
2001-12-12,4.77735083619618
2001-12-13,4.786695423875072
2001-12-14,4.7867152388585925
2001-12-17,4.851910779373405
2001-12-18,4.846149052189782
2001-12-19,4.8048404784729115
2001-12-20,4.823938669222081
2001-12-21,4.869635439498439
2001-12-24,4.827930920084194
2001-12-27,4.9618396809882945
2001-12-28,5.001426201983426
2001-12-31,5.032639018916309
2002-01-02,4.968989324338418
2002-01-03,4.924122821894665
2002-01-04,4.957360310348962
2002-01-07,4.875384761980172
2002-01-08,4.876257404270163
2002-01-09,4.917420159133572
2002-01-10,4.867130022482652
2002-01-11,4.84992169806351
2002-01-14,4.802473096510283
2002-01-15,4.799378392524229
2002-01-16,4.7607000539517355
2002-01-17,4.780584227904422
2002-01-18,4.809994112393964
2002-01-21,4.7679397805412576
2002-01-22,4.807925637357561
2002-01-23,4.795348659768671
2002-01-24,4.871590901318103
2002-01-25,4.956798665687329
2002-01-28,4.934970412679158
2002-01-29,4.910882555900607
2002-01-30,4.8636700198475005
2002-01-31,4.8138372897946615
2002-02-01,4.795922477026783
2002-02-04,4.752683300511627
2002-02-05,4.726177840916467
2002-02-06,4.76076147237774
2002-02-07,4.890488876261378
2002-02-08,4.8772782055614865
2002-02-11,4.884683381740403
2002-02-12,4.9514382911161015
2002-02-13,4.952287737586579
2002-02-14,4.908388984673144
2002-02-15,4.83803313073573
2002-02-18,4.832649739425573
2002-02-19,4.856217006079309
2002-02-20,4.87876302490765
2002-02-21,4.906355835955269
2002-02-22,4.859124440487065
2002-02-25,4.886028509681173
2002-02-26,4.931273310214184
2002-02-27,4.919801526727719
2002-02-28,4.9230353438143455
2002-03-01,4.975971384653478
2002-03-04,4.97296083112982
2002-03-05,5.036957023724265
2002-03-06,5.089014114692139
2002-03-07,5.138300212383719
2002-03-08,5.134113132392718
2002-03-11,5.113127706686562
2002-03-12,5.122466680629335
2002-03-13,5.155931596044545
2002-03-14,5.1960176502184945
2002-03-15,5.180986752116509
2002-03-18,5.174565115005842
2002-03-19,5.187274833687962
2002-03-20,5.220075946149194
2002-03-21,5.239415408503236
2002-03-22,5.246012315145692
2002-03-25,5.266669636614224
2002-03-26,5.238581163463923
2002-03-27,5.17824251882786
2002-03-28,5.245557590511242
2002-04-02,5.241984685840577
2002-04-03,5.181188834457979
2002-04-04,5.129993940653566
2002-04-05,5.14705295120446
2002-04-08,5.167883184292097
2002-04-09,5.18044032380513
2002-04-10,5.2013236310967965
2002-04-11,5.134427283219173
2002-04-12,5.133029008599998
2002-04-15,5.110278771575138
2002-04-16,5.189129532894446
2002-04-17,5.189592419287519
2002-04-18,5.223491556308501
2002-04-19,5.228832238024877
2002-04-22,5.190704042059712
2002-04-23,5.227111369016503
2002-04-24,5.194763438482817
2002-04-25,5.138100232686611
2002-04-26,5.102240205216078
2002-04-29,5.160790364519778
2002-04-30,5.155331152372096
2002-05-01,5.11608784814412
2002-05-02,5.179673536782959
2002-05-03,5.126007457474785
2002-05-07,5.119416308177507
2002-05-08,5.16864264616215
2002-05-09,5.203973663322587
2002-05-10,5.217969341132763
2002-05-13,5.226758905682889
2002-05-14,5.259368158681104
2002-05-15,5.25574611043222
2002-05-16,5.255998884965079
2002-05-17,5.295342155237233
2002-05-20,5.224404641183633
2002-05-21,5.219402566735531
2002-05-22,5.215678601561948
2002-05-23,5.204809038359799
2002-05-24,5.200261023183695
2002-05-27,5.269729243516104
2002-05-28,5.234565354426475
2002-05-29,5.222560898166626
2002-05-30,5.21095472881552
2002-05-31,5.228151520579974
2002-06-05,5.1927419116493585
2002-06-06,5.189244937711086
2002-06-07,5.197193333376182
2002-06-10,5.1726654229047675
2002-06-11,5.189816006615654
2002-06-12,5.170194337955074
2002-06-13,5.05387665849563
2002-06-14,4.989185539528085
2002-06-17,4.994396812102243
2002-06-18,4.971805418759052
2002-06-19,4.943954425306402
2002-06-20,4.9834183196525155
2002-06-21,4.995814889602331
2002-06-24,4.925559241702224
2002-06-25,4.998642555429404
2002-06-26,4.911450197522448
2002-06-27,4.911761290434652
2002-06-28,4.971465038793058
2002-07-01,4.979485480508094
2002-07-02,4.974730337677072
2002-07-03,5.002135565442444
2002-07-04,5.032721970142929
2002-07-05,5.084407486935541
2002-07-08,5.096195462601176
2002-07-09,5.095539640582795
2002-07-10,5.036024925537637
2002-07-11,4.964938268855041
2002-07-12,4.929914739862207
2002-07-15,4.898234003942318
2002-07-16,4.9135440539811865
2002-07-17,4.974888736844917
2002-07-18,4.956536025597475
2002-07-19,4.915108288146109
2002-07-22,4.892092865191737
2002-07-23,4.910766625791019
2002-07-24,4.835495077522849
2002-07-25,4.877915156491476
2002-07-26,4.897611721862028
2002-07-29,4.954771834082999
2002-07-30,4.948961687534578
2002-07-31,4.920054026322227
2002-08-01,4.867383023627006
2002-08-02,4.829351666772401
2002-08-05,4.742344241786921
2002-08-06,4.780537971092091
2002-08-07,4.701979808374201
2002-08-08,4.733874319282753
2002-08-09,4.701311876032644
2002-08-12,4.669207643949429
2002-08-13,4.656197790391523
2002-08-14,4.590311931014048
2002-08-15,4.719240529287296
2002-08-16,4.7302836201297405
2002-08-19,4.733882122023541
2002-08-20,4.69719046762134
2002-08-21,4.757344537055344
2002-08-22,4.811215223641627
2002-08-23,4.772200396008162
2002-08-27,4.766975047883273
2002-08-28,4.683926990139386
2002-08-29,4.625437004583925
2002-08-30,4.63938909362632
2002-09-02,4.578022078417396
2002-09-03,4.502236325661189
2002-09-04,4.499372876331987
2002-09-05,4.495750828196369
2002-09-06,4.478935060337234
2002-09-09,4.488020245349066
2002-09-10,4.545747207337507
2002-09-11,4.592274976862191
2002-09-12,4.53754230443508
2002-09-13,4.521275218779638
2002-09-16,4.458827336067232
2002-09-17,4.487567975737689
2002-09-18,4.435142860353851
2002-09-19,4.389738879595366
2002-09-20,4.447678262262918
2002-09-23,4.4193968442203495
2002-09-24,4.407907780776276
2002-09-25,4.451701192336305
2002-09-26,4.4785197462638235
2002-09-27,4.478484483051952
2002-09-30,4.411979103367663
2002-10-01,4.443397101652727
2002-10-02,4.49228669465499
2002-10-03,4.519830297045717
2002-10-04,4.531405876335802
2002-10-07,4.464665997999262
2002-10-08,4.458635701745086
2002-10-09,4.44740521024744
2002-10-10,4.521761053976207
2002-10-11,4.555218695475916
2002-10-14,4.580956725520811
2002-10-15,4.67772963228864
2002-10-16,4.711421898161506
2002-10-17,4.684834840741944
2002-10-18,4.6969950283374775
2002-10-21,4.70733336378858
2002-10-22,4.763597676643625
2002-10-23,4.700910434568715
2002-10-24,4.7368068084404165
2002-10-25,4.70130843338009
2002-10-28,4.664610653955924
2002-10-29,4.621758860982419
2002-10-30,4.644207391791705
2002-10-31,4.5992089993751675
2002-11-01,4.639930885025428
2002-11-04,4.671389888883338
2002-11-05,4.7219156197941
2002-11-06,4.7263169617361465
2002-11-07,4.637787831140184
2002-11-08,4.584560985363716
2002-11-11,4.5461443801603165
2002-11-12,4.5160699907087025
2002-11-13,4.532938866695117
2002-11-14,4.575832703865631
2002-11-15,4.577153218745758
2002-11-18,4.586937674376406
2002-11-19,4.570044095982556
2002-11-20,4.558170802431867
2002-11-21,4.654303245135035
2002-11-22,4.660112795311816
2002-11-25,4.669941711840945
2002-11-26,4.6329034890947955
2002-11-27,4.702075923913711
2002-11-28,4.697321475621587
2002-11-29,4.689801758756109
2002-12-02,4.728754615887132
2002-12-03,4.69923492687407
2002-12-04,4.6792308272141145
2002-12-05,4.63043754926665
2002-12-06,4.5904571280354745
2002-12-09,4.572830964633551
2002-12-10,4.587514200336064
2002-12-11,4.577097567727974
2002-12-12,4.548907312723159
2002-12-13,4.541643260616275
2002-12-16,4.548118700362572
2002-12-17,4.558443932750117
2002-12-18,4.502741177117858
2002-12-19,4.492995689066851
2002-12-20,4.508719358741361
2002-12-23,4.494466807429783
2002-12-24,4.500360686685353
2002-12-27,4.425637325363435
2002-12-30,4.427535834313737
2002-12-31,4.396748765397435
2003-01-02,4.47630777305018
2003-01-03,4.499304191488198
2003-01-06,4.494252518608112
2003-01-07,4.483701175343468
2003-01-08,4.438664919020836
2003-01-09,4.4529106765471
2003-01-10,4.442425789100796
2003-01-13,4.479702716119448
2003-01-14,4.474502838454854
2003-01-15,4.473601546856477
2003-01-16,4.459001469295799
2003-01-17,4.359066121616363
2003-01-20,4.3475766638763735
2003-01-21,4.342808288249122
2003-01-22,4.34617304535243
2003-01-23,4.3311285467836145
2003-01-24,4.243894806904878
2003-01-27,4.229717356674375
2003-01-28,4.234576515588123
2003-01-29,4.231083123867862
2003-01-30,4.288046182404497
2003-01-31,4.280682597798609
2003-02-03,4.304553267260944
2003-02-04,4.232135820336742
2003-02-05,4.2410578105977494
2003-02-06,4.238084662259324
2003-02-07,4.224466107744709
2003-02-10,4.239352382004347
2003-02-11,4.225498521271218
2003-02-12,4.175618025675318
2003-02-13,4.17309624199789
2003-02-14,4.217899026634206
2003-02-17,4.225600540768282
2003-02-18,4.2306604394614205
2003-02-19,4.181060936020535
2003-02-20,4.162117659214145
2003-02-21,4.207740674816954
2003-02-24,4.189188950582295
2003-02-25,4.192407864864537
2003-02-26,4.237866933256761
2003-02-27,4.293313122423766
2003-02-28,4.22701335037476
2003-03-03,4.16814493516425
2003-03-04,4.173637711950223
2003-03-05,4.179411354655902
2003-03-06,4.174716686614024
2003-03-07,4.127328289250369
2003-03-10,4.1002104484571875
2003-03-11,4.097822420761522
2003-03-12,4.112902594310543
2003-03-13,4.2487905724451265
2003-03-14,4.316560572669877
2003-03-17,4.453868993583979
2003-03-18,4.445458873542398
2003-03-19,4.550326302402352
2003-03-20,4.540364435377972
2003-03-21,4.607618519647508
2003-03-24,4.53425617789939
2003-03-25,4.508176726739121
2003-03-26,4.512748347992788
2003-03-27,4.465050569252795
2003-03-28,4.438500778038138
2003-03-31,4.354893922073453
2003-04-01,4.382379590217005
2003-04-02,4.451586233250604
2003-04-03,4.491491158747395
2003-04-04,4.503792793834558
2003-04-07,4.571237806597539
2003-04-08,4.532421882028771
2003-04-09,4.529235867922869
2003-04-10,4.468586404843088
2003-04-11,4.5307936168766165
2003-04-14,4.538889983768613
2003-04-15,4.518516475087461
2003-04-16,4.489798290755553
2003-04-17,4.468836889621251
2003-04-22,4.456923619320913
2003-04-23,4.499419749105918
2003-04-24,4.434756396993145
2003-04-25,4.4227521893849735
2003-04-28,4.430108771884602
2003-04-29,4.44237986534101
2003-04-30,4.420163571605515
2003-05-01,4.354238385048729
2003-05-02,4.42636820507753
2003-05-06,4.426025433668639
2003-05-07,4.344796865837359
2003-05-08,4.308124844971077
2003-05-09,4.29835467527192
2003-05-12,4.281017694791542
2003-05-13,4.270658448766129
2003-05-14,4.281505863985572
2003-05-15,4.253579294955443
2003-05-16,4.207910221059853
2003-05-19,4.171970012090922
2003-05-20,4.141410003205889
2003-05-21,4.115331959055876
2003-05-22,4.109289877267919
2003-05-23,4.060347342673035
2003-05-27,4.091849464030056
2003-05-28,4.187676360911922
2003-05-29,4.13182062812557
2003-05-30,4.157879535284745
2003-06-02,4.203092326666587
2003-06-03,4.111143241158807
2003-06-04,4.154884287942573
2003-06-05,4.09028005002068
2003-06-06,4.159534067766032
2003-06-09,4.055276985243581
2003-06-10,4.039263795471649
2003-06-11,4.014916614181574
2003-06-12,4.027399206780933
2003-06-13,3.9663506607678594
2003-06-16,3.9806949352504484
2003-06-17,4.048476669167435
2003-06-18,4.141118058978124
2003-06-19,4.166465682071072
2003-06-20,4.169466415204719
2003-06-23,4.150251231536685
2003-06-24,4.17918916507575
2003-06-25,4.149182503269424
2003-06-26,4.268097059489153
2003-06-27,4.317516405234147
2003-06-30,4.269754441290532
2003-07-01,4.263185736832764
2003-07-02,4.343139428866307
2003-07-03,4.406064937256715
2003-07-04,4.363268410740305
2003-07-07,4.387822441657848
2003-07-08,4.38936359815955
2003-07-09,4.390541598483439
2003-07-10,4.328534676885034
2003-07-11,4.311710341393309
2003-07-14,4.296827677595353
2003-07-15,4.397271492546425
2003-07-16,4.434748873627921
2003-07-17,4.47810963186886
2003-07-18,4.458821126934974
2003-07-21,4.50502135896423
2003-07-22,4.483067245016601
2003-07-23,4.446046886277457
2003-07-24,4.518838607656787
2003-07-25,4.438231681713833
2003-07-28,4.572208201431887
2003-07-29,4.503021708473015
2003-07-30,4.5290651321057815
2003-07-31,4.607493284379589
2003-08-01,4.6070520680800655
2003-08-04,4.560070011756084
2003-08-05,4.590013295725968
2003-08-06,4.5214599534054
2003-08-07,4.488262911148025
2003-08-08,4.410472299121695
2003-08-11,4.48075580711328
2003-08-12,4.492164166630068
2003-08-13,4.600985999196938
2003-08-14,4.665942583207342
2003-08-15,4.631186600550329
2003-08-18,4.619211405771944
2003-08-19,4.610061818588017
2003-08-20,4.639880906910804
2003-08-21,4.662609442394621
2003-08-22,4.654206378124237
2003-08-26,4.6588124730019915
2003-08-27,4.686918542062911
2003-08-28,4.6351990360329935
2003-08-29,4.65624239008754
2003-09-01,4.6621456358198525
2003-09-02,4.7848725829098075
2003-09-03,4.80735895392378
2003-09-04,4.787664668239587
2003-09-05,4.7449933699686095
2003-09-08,4.701604083199547
2003-09-09,4.763124794155452
2003-09-10,4.70861695266016
2003-09-11,4.72858752035542
2003-09-12,4.615633057596531
2003-09-15,4.643901766576144
2003-09-16,4.6934724977798545
2003-09-17,4.708245880348384
2003-09-18,4.67191463621784
2003-09-19,4.655731768928373
2003-09-22,4.65352258551019
2003-09-23,4.638346070766593
2003-09-24,4.658036912282342
2003-09-25,4.6430759228705
2003-09-26,4.573762743943857
2003-09-29,4.606440486322645
2003-09-30,4.584362097859985
2003-10-01,4.5856711592484025
2003-10-02,4.693429206129264
2003-10-03,4.77601247846997
2003-10-06,4.7369291990589035
2003-10-07,4.767072184559497
2003-10-08,4.781751123875741
2003-10-09,4.831459210343319
2003-10-10,4.7654287406492575
2003-10-13,4.849875004021307
2003-10-14,4.882164300260866
2003-10-15,4.932894905067331
2003-10-16,4.913553779941674
2003-10-17,4.917938614406158
2003-10-20,4.90969284498527
2003-10-21,4.88288241575287
2003-10-22,4.931909379081208
2003-10-23,4.95584975573915
2003-10-24,4.97620772403726
2003-10-27,5.02185920650601
2003-10-28,4.9922626389132745
2003-10-29,5.039844928582445
2003-10-30,5.050379731055787
2003-10-31,5.009304709018594
2003-11-03,5.107461026477924
2003-11-04,5.049546488106579
2003-11-05,4.999538148257343
2003-11-06,5.06919578053386
2003-11-07,5.0775345839587045
2003-11-10,5.0621426487052705
2003-11-11,5.07589933395487
2003-11-12,5.053976041284704
2003-11-13,5.00154010709605
2003-11-14,4.9806292514179615
2003-11-17,4.949999887120977
2003-11-18,4.93575330266058
2003-11-19,5.00720369149644
2003-11-20,5.000443075860404
2003-11-21,4.997734845315826
2003-11-24,5.068596239007878
2003-11-25,5.083554964462564
2003-11-26,4.99200988135939
2003-11-27,5.031863248505546
2003-11-28,5.047253025742235
2003-12-01,5.054402835790464
2003-12-02,5.067364470755897
2003-12-03,5.0426002301597865
2003-12-04,5.029247525100972
2003-12-05,4.910007446947604
2003-12-08,4.953034411539039
2003-12-09,4.9474540426034395
2003-12-10,4.90367201233982
2003-12-11,4.93627734647243
2003-12-12,4.839712180573704
2003-12-15,4.832410758101764
2003-12-16,4.768510802296975
2003-12-17,4.74418572908789
2003-12-18,4.749691096853282
2003-12-19,4.78960378546844
2003-12-22,4.77143339909046
2003-12-23,4.762020387087285
2003-12-24,4.760721400668833
2003-12-29,4.76848901737997
2003-12-30,4.813091221305777
2003-12-31,4.77332459399135
2004-01-02,4.83208151745236
2004-01-05,4.854125898122417
2004-01-06,4.828309967951631
2004-01-07,4.799839784866865
2004-01-08,4.792537388034086
2004-01-09,4.6782356006963095
2004-01-12,4.653692762674095
2004-01-13,4.6578979707567685
2004-01-14,4.6737982079906875
2004-01-15,4.688674516780213
2004-01-16,4.718785995435974
2004-01-19,4.714236649325727
2004-01-20,4.702278927683678
2004-01-21,4.743875399487753
2004-01-22,4.7646935589710235
2004-01-23,4.727072251214389
2004-01-26,4.806246114781963
2004-01-27,4.7719759459611435
2004-01-28,4.785829802149137
2004-01-29,4.881438773512825
2004-01-30,4.857201065207978
2004-02-02,4.858578911140155
2004-02-03,4.858758610383357
2004-02-04,4.825086743019233
2004-02-05,4.823550778565347
2004-02-06,4.791217656677176
2004-02-09,4.7796180989428105
2004-02-10,4.759505852971604
2004-02-11,4.730663485171456
2004-02-12,4.7363727041668024
2004-02-13,4.725115520546074
2004-02-16,4.725705961202528
2004-02-17,4.712454415686886
2004-02-18,4.7606628516015395
2004-02-19,4.808381384535041
2004-02-20,4.802249990855398
2004-02-23,4.830361996566419
2004-02-24,4.75096510867833
2004-02-25,4.743292942332525
2004-02-26,4.772182931826664
2004-02-27,4.734972825801295
2004-03-01,4.759406354069233
2004-03-02,4.754301897603446
2004-03-03,4.842623421704586
2004-03-04,4.806490966528567
2004-03-05,4.705469470708289
2004-03-08,4.633048737396907
2004-03-09,4.601054489275324
2004-03-10,4.617347144565363
2004-03-11,4.612513068986573
2004-03-12,4.606918429081605
2004-03-15,4.5945663207784
2004-03-16,4.6418018190531765
2004-03-17,4.6339569448730735
2004-03-18,4.638295514428042
2004-03-19,4.655147146227197
2004-03-22,4.6367654919264165
2004-03-23,4.638082810435286
2004-03-24,4.625396638039047
2004-03-25,4.630124368585743
2004-03-26,4.644481679134168
2004-03-29,4.752168685908892
2004-03-30,4.752690944322959
2004-03-31,4.7183691556029155
2004-04-01,4.7398519074898555
2004-04-02,4.854369388679926
2004-04-05,4.897716704886099
2004-04-06,4.88577818676916
2004-04-07,4.852628700276104
2004-04-08,4.8549156627303
2004-04-13,4.94269707966774
2004-04-14,4.962256944711916
2004-04-15,4.9336650130443385
2004-04-16,4.89372547329696
2004-04-19,4.922088603807161
2004-04-20,4.949706014355579
2004-04-21,4.956572723596674
2004-04-22,4.934219345535297
2004-04-23,4.940816838064239
2004-04-26,4.965908829813855
2004-04-27,4.963232676613634
2004-04-28,4.977361363327624
2004-04-29,4.976605651282844
2004-04-30,4.95644545458465
2004-05-04,4.923544767201466
2004-05-05,4.92710178423318
2004-05-06,4.997659880803568
2004-05-07,5.078170022939577
2004-05-10,5.071964276520882
2004-05-11,5.048086072370403
2004-05-12,5.073331590571309
2004-05-13,5.1047304605326875
2004-05-14,5.05061831960339
2004-05-17,5.0047987829417115
2004-05-18,5.056888073176909
2004-05-19,5.113663349954538
2004-05-20,5.11024126444326
2004-05-21,5.10216482307013
2004-05-24,5.134573809556504
2004-05-25,5.10828983074211
2004-05-26,5.069814062777612
2004-05-27,5.051300395412077
2004-05-28,5.106180584719904
2004-06-01,5.155539267340803
2004-06-02,5.16036224964717
2004-06-03,5.157970974365127
2004-06-04,5.166565169690547
2004-06-07,5.1532321356727255
2004-06-08,5.132582688639706
2004-06-09,5.189837977059526
2004-06-10,5.157140934182296
2004-06-11,5.182303914261801
2004-06-14,5.190224791442583
2004-06-15,5.097677527866822
2004-06-16,5.149232817358032
2004-06-17,5.167201194153375
2004-06-18,5.116426413938806
2004-06-21,5.111608445996138
2004-06-22,5.127551464556943
2004-06-23,5.1103853634248235
2004-06-24,5.050286761611809
2004-06-25,5.078126725603225
2004-06-28,5.121768230146961
2004-06-29,5.118295870123552
2004-06-30,5.058658615355333
2004-07-01,5.0528445246445175
2004-07-02,4.999871320635088
2004-07-05,5.0132180318828174
2004-07-06,5.013078945308626
2004-07-07,4.989300142483242
2004-07-08,4.989878441323253
2004-07-09,5.009456611406384
2004-07-12,4.996690546032048
2004-07-13,5.06320938129833
2004-07-14,5.042368241443236
2004-07-15,5.053079680995921
2004-07-16,4.985257028270341
2004-07-19,4.991880074897796
2004-07-20,4.999159626847239
2004-07-21,5.086648711116107
2004-07-22,5.05694952379306
2004-07-23,5.0739716189287005
2004-07-26,5.097156109714758
2004-07-27,5.1173088999122704
2004-07-28,5.1401733508494845
2004-07-29,5.1329028373396195
2004-07-30,5.0517677992383145
2004-08-02,5.053255284248243
2004-08-03,5.047801949528752
2004-08-04,5.037871209226959
2004-08-05,4.960292793317232
2004-08-06,4.889929031415187
2004-08-09,4.9251973327646015
2004-08-10,4.901017826907106
2004-08-11,4.946168648115851
2004-08-12,4.907256565561339
2004-08-13,4.901478908151384
2004-08-16,4.9513050449795335
2004-08-17,4.939120875276235
2004-08-18,4.933019794062156
2004-08-19,4.9291077980210565
2004-08-20,4.9077618002185845
2004-08-23,4.994358143853722
2004-08-24,4.981788256809702
2004-08-25,4.939212907503295
2004-08-26,4.907334894705228
2004-08-27,4.915773242773901
2004-08-31,4.881019340498369
2004-09-01,4.893628914482712
2004-09-02,4.926696877808784
2004-09-03,4.986080587354946
2004-09-06,4.93624141957629
2004-09-07,4.945115567589566
2004-09-08,4.932101385150974
2004-09-09,4.890191839844882
2004-09-10,4.872028777102039
2004-09-13,4.891438835688791
2004-09-14,4.875141063925197
2004-09-15,4.879597394755502
2004-09-16,4.88102871908001
2004-09-17,4.861736442148082
2004-09-20,4.841459207107158
2004-09-21,4.831489843865769
2004-09-22,4.7809252305919205
2004-09-23,4.757654859359059
2004-09-24,4.777220698533406
2004-09-27,4.744961377523433
2004-09-28,4.760498491085839
2004-09-29,4.783149896931411
2004-09-30,4.7877530261699395
2004-10-01,4.822513858764413
2004-10-04,4.847354230251338
2004-10-05,4.799257174917378
2004-10-06,4.796670633824899
2004-10-07,4.822675441972541
2004-10-08,4.753536920118611
2004-10-11,4.76332096307854
2004-10-12,4.714213201673895
2004-10-13,4.7177350384868975
2004-10-14,4.691523661683077
2004-10-15,4.694616918293144
2004-10-18,4.683282336802021
2004-10-19,4.715211955939454
2004-10-20,4.650774102826382
2004-10-21,4.662855543386162
2004-10-22,4.66259305377976
2004-10-25,4.645538424122948
2004-10-26,4.65602836033035
2004-10-27,4.67852528369981
2004-10-28,4.713669995369253
2004-10-29,4.700229070714833
2004-11-01,4.705929464087092
2004-11-02,4.772283410410246
2004-11-03,4.754086402260086
2004-11-04,4.69953003766717
2004-11-05,4.751425198551873
2004-11-08,4.741148827275777
2004-11-09,4.714279739599365
2004-11-10,4.710685597062923
2004-11-11,4.657013034924532
2004-11-12,4.620422893029006
2004-11-15,4.601118769561604
2004-11-16,4.5833553520943315
2004-11-17,4.615950758800544
2004-11-18,4.666877094908938
2004-11-19,4.641356904449139
2004-11-22,4.597795847663297
2004-11-23,4.582611360099758
2004-11-24,4.577604825015323
2004-11-25,4.540661567262913
2004-11-26,4.540721872044937
2004-11-29,4.566071168378075
2004-11-30,4.5605614219701085
2004-12-01,4.585425360701747
2004-12-02,4.639700036332954
2004-12-03,4.6060659907519375
2004-12-06,4.560289111170099
2004-12-07,4.536603310874664
2004-12-08,4.512437058136998
2004-12-09,4.4875809714718695
2004-12-10,4.483296247803922
2004-12-13,4.468191045013772
2004-12-14,4.467031386291391
2004-12-15,4.414663349558211
2004-12-16,4.423458647245699
2004-12-17,4.440274456659885
2004-12-20,4.411328996473647
2004-12-21,4.437988099045788
2004-12-22,4.41433398886378
2004-12-23,4.405826238546677
2004-12-24,4.410577984972215
2004-12-29,4.534556358105425
2004-12-30,4.530995649861682
2004-12-31,4.487160753719023
