date,open,high,low,close
1990-11-23,82.94,82.94,82.94,82.94
1990-11-26,82.84,82.84,82.84,82.84
1990-11-27,82.74,82.88,82.74,82.88
1990-11-28,82.75,82.75,82.2,82.75
1990-11-29,82.68,82.77,82.52,82.68
1990-11-30,82.71,82.72,82.7,82.72
1990-12-06,83.1,83.19,83.03,83.03
1990-12-07,83.4,83.42,82.3,83.4
1990-12-10,83.32,83.55,83.32,83.32
1990-12-12,83.98,83.98,83.89,83.89
1990-12-13,84.15,84.38,84.15,84.38
1990-12-14,84.11,84.11,84.02,84.02
1990-12-19,83.8,83.8,83.8,83.8
1990-12-20,83.3,83.3,83.03,83.03
1990-12-21,82.72,82.72,82.35,82.35
1990-12-27,82.4,82.4,82.37,82.37
1990-12-28,82.25,82.26,82.25,82.26
1991-01-02,82.02,82.02,81.88,81.88
1991-01-03,82.55,82.55,82.55,82.55
1991-01-04,82.67,82.67,82.5,82.5
1991-01-07,82.1,82.1,82.0,82.1
1991-01-08,82.22,82.22,82.2,82.22
1991-01-09,82.76,82.76,82.76,82.76
1991-01-10,82.41,82.41,82.41,82.41
1991-01-11,82.5,82.5,82.5,82.5
1991-01-14,82.0,82.17,82.0,82.17
1991-01-15,82.28,82.28,82.28,82.28
1991-01-16,82.1,82.1,82.1,82.1
1991-01-17,83.05,83.05,83.05,83.05
1991-01-18,83.07,83.07,81.0,83.07
1991-01-21,82.86,82.88,82.84,82.85
1991-01-22,82.86,82.86,81.0,82.86
1991-01-23,82.96,82.96,81.0,82.96
1991-01-24,83.47,83.68,83.47,83.68
1991-01-25,83.61,83.61,83.61,83.61
1991-01-28,83.51,83.54,83.51,83.54
1991-01-29,83.86,83.86,81.0,83.86
1991-01-30,84.0,84.18,83.76,84.18
1991-01-31,83.95,84.21,83.95,84.21
1991-02-01,84.1,84.36,84.1,84.36
1991-02-04,84.5,84.5,84.3,84.45
1991-02-05,84.8,85.23,84.78,85.23
1991-02-06,85.1,85.17,84.88,85.17
1991-02-07,85.28,85.49,85.25,85.28
1991-02-08,84.97,85.25,84.9,85.21
1991-02-11,85.4,85.54,85.37,85.37
1991-02-12,85.16,85.16,84.88,84.97
1991-02-13,85.21,85.25,85.17,85.22
1991-02-14,85.17,86.13,85.17,86.11
1991-02-15,86.06,86.5,86.0,86.0
1991-02-18,86.45,86.47,86.17,86.33
1991-02-19,86.41,86.72,85.45,86.15
1991-02-20,85.98,85.98,85.44,85.78
1991-02-21,85.45,85.73,84.5,85.6
1991-02-22,85.7,85.72,85.6,85.66
1991-02-25,86.04,86.04,85.75,85.75
1991-02-26,86.04,86.06,85.45,85.46
1991-02-27,85.25,85.48,85.05,85.42
1991-02-28,85.6,85.85,85.53,85.75
1991-03-01,85.1,85.46,85.1,85.36
1991-03-04,85.22,85.47,85.15,85.31
1991-03-05,85.23,85.85,85.19,85.65
1991-03-06,85.83,85.95,85.64,85.71
1991-03-07,85.69,86.06,85.59,86.06
1991-03-08,86.36,86.4,86.14,86.14
1991-03-11,85.7,85.79,85.55,85.6
1991-03-12,85.85,85.94,85.64,85.72
1991-03-13,85.65,85.67,85.42,85.45
1991-03-14,85.63,85.76,85.54,85.6
1991-03-15,85.58,85.65,85.13,85.2
1991-03-18,85.12,85.22,84.93,84.97
1991-03-19,84.95,84.99,84.45,84.66
1991-03-20,84.66,84.73,84.47,84.7
1991-03-21,84.81,85.04,84.81,84.89
1991-03-22,84.85,84.95,84.74,84.81
1991-03-25,84.85,84.85,84.54,84.58
1991-03-26,84.56,84.56,84.18,84.38
1991-03-27,84.5,84.63,84.33,84.37
1991-03-28,84.4,84.87,84.3,84.81
1991-04-02,84.75,85.16,84.75,84.99
1991-04-03,85.16,85.27,85.05,85.15
1991-04-04,85.12,85.57,85.03,85.57
1991-04-05,85.7,86.0,85.61,85.74
1991-04-08,85.7,86.1,85.52,86.05
1991-04-09,86.05,86.22,85.8,85.9
1991-04-10,85.79,85.88,85.62,85.74
1991-04-11,85.6,86.11,85.54,86.09
1991-04-12,86.1,86.21,85.9,86.21
1991-04-15,86.15,86.25,85.84,85.88
1991-04-16,85.8,85.8,85.45,85.47
1991-04-17,85.55,85.76,85.45,85.75
1991-04-18,85.69,85.8,85.55,85.61
1991-04-19,85.53,85.53,85.21,85.23
1991-04-22,85.2,85.2,84.97,85.13
1991-04-23,85.08,85.44,85.06,85.42
1991-04-24,85.46,85.58,85.28,85.29
1991-04-25,85.45,85.49,85.26,85.35
1991-04-26,85.33,85.37,85.16,85.19
1991-04-29,85.2,85.5,85.19,85.42
1991-04-30,85.4,85.72,85.37,85.7
1991-05-02,85.85,85.97,85.68,85.7
1991-05-03,85.69,85.79,85.43,85.46
1991-05-06,85.5,85.57,85.42,85.5
1991-05-07,85.56,85.57,85.34,85.38
1991-05-08,85.34,85.34,85.06,85.18
1991-05-10,85.39,85.43,85.27,85.39
1991-05-13,85.09,85.29,85.09,85.23
1991-05-14,85.34,85.35,84.78,84.81
1991-05-15,84.85,85.12,84.85,85.11
1991-05-16,85.07,85.35,85.06,85.2
1991-05-17,85.19,85.32,85.1,85.13
1991-05-21,85.27,85.36,85.26,85.35
1991-05-22,85.4,85.63,85.4,85.46
1991-05-23,85.43,85.54,85.39,85.48
1991-05-24,85.4,85.64,85.37,85.47
1991-05-27,85.56,85.7,85.53,85.67
1991-05-28,85.67,85.85,85.62,85.83
1991-05-29,85.87,85.94,85.82,85.89
1991-05-31,85.9,86.07,85.86,85.88
1991-06-03,85.79,85.85,85.62,85.62
1991-06-04,85.6,85.69,85.54,85.65
1991-06-05,85.67,85.67,85.45,85.49
1991-06-06,85.45,85.6,85.45,85.58
1991-06-07,85.58,85.58,85.58,85.58
1991-06-10,85.45,85.5,85.37,85.44
1991-06-11,85.43,85.58,85.43,85.57
1991-06-12,85.57,85.61,85.43,85.44
1991-06-13,85.32,85.6,85.25,85.59
1991-06-14,85.62,85.75,85.62,85.68
1991-06-17,85.77,85.91,85.57,85.58
1991-06-18,85.52,85.84,85.45,85.76
1991-06-19,85.62,85.81,85.58,85.73
1991-06-20,85.82,85.93,85.72,85.72
1991-06-21,85.68,85.8,85.65,85.75
1991-06-24,85.72,85.72,85.56,85.6
1991-06-25,85.6,85.61,85.49,85.51
1991-06-26,85.55,85.59,85.33,85.44
1991-06-27,85.43,85.45,84.94,85.15
1991-06-28,85.11,85.11,84.65,84.75
1991-07-01,84.95,84.95,84.6,84.64
1991-07-02,84.56,84.61,84.45,84.56
1991-07-03,84.63,84.69,84.53,84.67
1991-07-04,84.7,84.75,84.45,84.52
1991-07-05,84.5,84.53,84.28,84.33
1991-07-08,84.18,84.38,84.08,84.37
1991-07-09,84.4,84.48,84.31,84.38
1991-07-10,84.3,84.62,84.26,84.6
1991-07-11,84.6,84.64,84.38,84.45
1991-07-12,84.5,84.7,84.45,84.65
1991-07-15,84.65,84.72,84.53,84.53
1991-07-16,84.56,84.56,84.23,84.23
1991-07-17,84.2,84.31,84.16,84.29
1991-07-18,84.22,84.22,84.02,84.12
1991-07-19,84.14,84.26,83.89,83.91
1991-07-22,83.92,83.99,83.77,83.98
1991-07-23,84.02,84.06,83.7,83.7
1991-07-24,83.68,83.8,83.63,83.79
1991-07-25,83.83,83.92,83.59,83.64
1991-07-26,83.62,83.72,83.54,83.57
1991-07-29,83.52,83.69,83.5,83.61
1991-07-30,83.63,83.8,83.62,83.63
1991-07-31,83.68,83.89,83.59,83.88
1991-08-01,83.87,84.08,83.87,83.9
1991-08-02,83.92,84.24,83.85,84.22
1991-08-05,84.26,84.31,84.11,84.18
1991-08-06,84.19,84.39,84.18,84.31
1991-08-07,84.48,84.51,84.35,84.37
1991-08-08,84.4,84.4,84.29,84.35
1991-08-09,84.24,84.29,84.16,84.22
1991-08-12,84.15,84.26,84.13,84.25
1991-08-13,84.31,84.69,84.29,84.61
1991-08-14,84.74,84.83,84.62,84.78
1991-08-15,84.9,85.11,84.63,85.05
1991-08-16,85.02,85.12,84.84,84.89
1991-08-19,84.15,84.2,83.6,83.87
1991-08-20,83.9,84.15,83.89,84.07
1991-08-21,84.09,84.58,84.09,84.58
1991-08-22,84.82,84.87,84.68,84.73
1991-08-23,84.72,84.77,84.55,84.67
1991-08-26,84.61,84.65,84.55,84.64
1991-08-27,84.61,84.74,84.59,84.72
1991-08-28,84.75,85.02,84.75,84.99
1991-08-29,85.1,85.27,85.04,85.16
1991-08-30,85.13,85.15,84.87,84.87
1991-09-02,84.8,85.18,84.8,85.17
1991-09-03,85.19,85.34,85.09,85.18
1991-09-04,85.2,85.32,85.08,85.09
1991-09-05,85.06,85.11,84.9,84.92
1991-09-06,84.85,84.94,84.82,84.82
1991-09-09,85.45,85.57,85.4,85.52
1991-09-10,85.51,85.53,85.29,85.3
1991-09-11,85.3,85.43,85.24,85.27
1991-09-12,85.32,85.44,85.31,85.4
1991-09-13,85.51,85.64,85.39,85.4
1991-09-16,85.38,85.54,85.38,85.44
1991-09-17,85.44,85.51,85.4,85.46
1991-09-18,85.5,85.58,85.35,85.42
1991-09-19,85.4,85.42,85.25,85.28
1991-09-20,85.33,85.41,85.22,85.24
1991-09-23,85.23,85.26,85.14,85.16
1991-09-24,85.19,85.41,85.18,85.32
1991-09-25,85.3,85.44,85.3,85.34
1991-09-26,85.3,85.38,85.27,85.33
1991-09-27,85.36,85.47,85.35,85.42
1991-09-30,85.52,85.61,85.5,85.56
1991-10-01,85.75,85.91,85.74,85.87
1991-10-02,86.04,86.05,85.87,85.91
1991-10-04,85.8,86.22,85.74,86.21
1991-10-07,86.27,86.33,86.18,86.19
1991-10-08,86.19,86.19,85.98,86.0
1991-10-09,85.96,86.19,85.92,86.12
1991-10-10,85.93,86.37,85.87,86.25
1991-10-11,86.44,86.49,86.32,86.41
1991-10-14,86.45,86.46,86.31,86.33
1991-10-15,86.43,86.45,86.2,86.25
1991-10-16,86.4,86.42,86.18,86.27
1991-10-17,86.28,86.34,86.21,86.3
1991-10-18,86.24,86.36,86.23,86.35
1991-10-21,86.37,86.38,85.93,85.96
1991-10-22,85.91,85.95,85.72,85.78
1991-10-23,85.85,85.89,85.69,85.72
1991-10-24,85.68,85.88,85.66,85.8
1991-10-25,85.78,85.78,85.56,85.61
1991-10-28,85.6,85.6,85.36,85.39
1991-10-29,85.47,85.72,85.46,85.71
1991-10-30,85.79,85.83,85.64,85.65
1991-10-31,85.6,85.6,85.47,85.54
1991-11-01,85.5,85.67,85.41,85.58
1991-11-04,85.48,85.53,85.4,85.4
1991-11-05,85.43,85.49,85.32,85.47
1991-11-06,85.37,85.68,85.32,85.68
1991-11-07,85.67,85.88,85.61,85.83
1991-11-08,85.95,86.25,85.95,86.21
1991-11-11,86.19,86.36,85.95,86.1
1991-11-12,86.21,86.42,86.12,86.15
1991-11-13,86.23,86.26,86.02,86.19
1991-11-14,86.23,86.34,86.14,86.31
1991-11-15,86.35,86.43,86.21,86.23
1991-11-18,86.17,86.43,86.04,86.1
1991-11-19,86.06,86.26,86.01,86.23
1991-11-21,86.22,86.25,86.11,86.16
1991-11-22,86.02,86.07,85.83,85.9
1991-11-25,85.86,85.87,85.72,85.78
1991-11-26,85.79,86.01,85.76,85.93
1991-11-27,85.96,85.98,85.62,85.63
1991-11-28,85.64,85.76,85.6,85.76
1991-11-29,85.69,85.76,85.57,85.61
1991-12-02,85.65,85.67,85.51,85.51
1991-12-03,85.56,85.76,85.54,85.76
1991-12-04,85.79,85.83,85.61,85.63
1991-12-05,85.7,85.95,85.66,85.91
1991-12-06,86.05,86.97,85.94,86.05
1991-12-09,86.55,86.55,86.43,86.48
1991-12-10,86.53,86.59,86.37,86.44
1991-12-11,86.42,86.43,86.28,86.38
1991-12-12,86.4,86.65,86.37,86.63
1991-12-13,86.68,86.79,86.49,86.5
1991-12-16,86.49,86.76,86.4,86.72
1991-12-17,86.73,87.02,86.73,87.0
1991-12-18,87.07,87.11,86.96,87.0
1991-12-19,86.96,87.32,86.86,87.26
1991-12-20,87.35,87.47,87.08,87.26
1991-12-23,87.35,87.39,87.12,87.22
1991-12-27,87.23,87.44,87.21,87.43
1991-12-30,87.4,87.83,87.39,87.82
1992-01-02,87.8,87.92,87.51,87.6
1992-01-03,87.59,87.64,87.46,87.59
1992-01-06,87.65,87.87,87.65,87.82
1992-01-07,87.89,88.01,87.8,87.87
1992-01-08,87.95,88.03,87.68,87.74
1992-01-09,87.71,88.28,87.62,88.27
1992-01-10,88.18,88.38,88.02,88.1
1992-01-13,88.04,88.15,87.92,88.01
1992-01-14,87.93,88.2,87.87,88.25
1992-01-15,88.21,88.46,88.17,88.39
1992-01-16,88.35,88.43,88.11,88.16
1992-01-17,88.11,88.4,88.06,88.27
1992-01-20,88.32,88.38,88.13,88.38
1992-01-21,88.41,88.67,88.41,88.61
1992-01-22,88.54,88.76,88.33,88.35
1992-01-23,88.46,88.54,88.2,88.41
1992-01-24,88.29,88.41,88.17,88.26
1992-01-27,88.35,88.35,88.11,88.12
1992-01-28,88.15,88.41,88.04,88.4
1992-01-29,88.45,88.57,88.32,88.38
1992-01-30,88.22,88.37,88.12,88.16
1992-01-31,88.11,88.28,88.05,88.1
1992-02-03,88.12,88.31,87.87,87.88
1992-02-04,87.88,87.94,87.76,87.93
1992-02-05,87.98,88.06,87.76,87.88
1992-02-06,87.91,88.03,87.81,88.02
1992-02-07,87.96,88.24,87.95,88.16
1992-02-10,88.13,88.18,88.04,88.08
1992-02-11,88.11,88.29,88.09,88.21
1992-02-12,88.18,88.26,88.13,88.16
1992-02-13,88.18,88.29,88.13,88.14
1992-02-14,88.12,88.15,87.78,87.81
1992-02-17,87.9,87.92,87.77,87.87
1992-02-18,87.89,87.97,87.84,87.87
1992-02-19,87.75,87.81,87.65,87.73
1992-02-20,87.79,87.87,87.72,87.74
1992-02-21,87.75,87.8,87.64,87.71
1992-02-24,87.69,87.75,87.65,87.74
1992-02-25,87.75,87.99,87.74,87.99
1992-02-26,87.93,88.27,87.92,88.26
1992-02-27,88.39,88.45,88.27,88.34
1992-02-28,88.3,88.35,88.2,88.21
1992-03-02,88.26,88.28,88.13,88.14
1992-03-03,88.1,88.23,88.06,88.19
1992-03-04,88.22,88.31,88.0,88.02
1992-03-05,88.05,88.11,87.89,87.93
1992-03-06,87.85,87.95,87.79,87.84
1992-03-09,88.45,88.51,88.35,88.5
1992-03-10,88.53,88.64,88.49,88.49
1992-03-11,88.43,88.45,88.26,88.28
1992-03-12,88.23,88.33,88.07,88.2
1992-03-13,88.12,88.33,88.01,88.02
1992-03-16,88.04,88.09,87.94,87.99
1992-03-17,88.02,88.25,88.02,88.19
1992-03-18,88.24,88.3,87.93,87.97
1992-03-19,87.99,88.0,87.77,87.86
1992-03-20,87.87,87.91,87.48,87.49
1992-03-23,87.45,87.48,87.01,87.14
1992-03-24,87.16,87.33,86.88,87.27
1992-03-25,87.33,87.46,87.14,87.44
1992-03-26,87.38,87.42,87.21,87.26
1992-03-27,87.24,87.25,86.93,87.13
1992-03-30,87.18,87.38,86.92,87.34
1992-03-31,87.34,87.44,87.24,87.38
1992-04-01,87.39,87.46,87.12,87.21
1992-04-02,87.25,87.29,87.07,87.22
1992-04-03,87.21,87.37,87.14,87.36
1992-04-06,87.31,87.83,87.29,87.82
1992-04-07,87.8,87.94,87.67,87.9
1992-04-08,87.95,88.04,87.78,87.89
1992-04-09,87.85,88.01,87.71,87.94
1992-04-10,88.3,88.31,88.08,88.24
1992-04-13,88.24,88.27,87.96,88.06
1992-04-14,88.03,88.1,87.9,88.08
1992-04-15,88.13,88.19,88.07,88.1
1992-04-16,88.12,88.15,87.9,87.9
1992-04-21,87.88,87.88,87.75,87.83
1992-04-22,87.82,87.92,87.81,87.89
1992-04-23,87.88,87.92,87.34,87.37
1992-04-24,87.41,87.41,87.17,87.21
1992-04-27,87.16,87.45,87.05,87.44
1992-04-28,87.4,87.4,87.17,87.33
1992-04-29,87.37,87.42,87.24,87.25
1992-04-30,87.22,87.28,87.08,87.2
1992-05-04,87.2,87.23,87.04,87.09
1992-05-05,87.09,87.11,86.68,86.85
1992-05-06,86.86,87.19,86.86,87.19
1992-05-07,87.19,87.43,87.03,87.41
1992-05-08,87.46,87.5,87.13,87.18
1992-05-11,87.3,87.31,87.12,87.24
1992-05-12,87.19,87.28,87.1,87.22
1992-05-13,87.16,87.37,87.16,87.27
1992-05-14,87.28,87.43,87.18,87.2
1992-05-15,87.17,87.17,87.05,87.1
1992-05-18,87.22,87.69,87.22,87.62
1992-05-19,87.6,87.62,87.47,87.48
1992-05-20,87.46,87.73,87.46,87.79
1992-05-21,87.76,87.76,87.59,87.65
1992-05-22,87.62,88.03,87.62,87.95
1992-05-25,87.94,87.96,87.88,87.89
1992-05-26,87.88,88.07,87.76,87.77
1992-05-27,87.71,87.75,87.65,87.68
1992-05-29,87.82,87.87,87.74,87.86
1992-06-01,87.9,87.9,87.68,87.68
1992-06-02,87.71,87.73,87.59,87.6
1992-06-03,87.62,87.82,87.36,87.5
1992-06-04,87.53,87.65,87.33,87.61
1992-06-05,87.95,88.07,87.86,88.05
1992-06-09,88.14,88.4,88.14,88.35
1992-06-10,88.32,88.38,88.16,88.33
1992-06-11,88.32,88.4,88.17,88.36
1992-06-12,88.34,88.36,88.2,88.22
1992-06-15,88.17,88.21,88.06,88.08
1992-06-16,88.07,88.16,88.03,88.15
1992-06-17,88.2,88.2,88.1,88.14
1992-06-19,88.1,88.15,88.03,88.09
1992-06-22,88.09,88.09,87.92,88.0
1992-06-23,87.99,88.03,87.64,87.66
1992-06-24,87.64,87.74,87.53,87.69
1992-06-25,87.64,87.76,87.59,87.63
1992-06-26,87.66,87.73,87.58,87.59
1992-06-29,87.58,87.73,87.58,87.71
1992-06-30,87.7,87.81,87.67,87.73
1992-07-01,87.72,87.82,87.67,87.8
1992-07-02,87.83,88.15,87.81,88.13
1992-07-03,88.13,88.26,88.11,88.12
1992-07-06,88.12,88.2,88.07,88.07
1992-07-07,88.12,88.25,88.1,88.13
1992-07-08,88.14,88.17,88.09,88.13
1992-07-09,88.12,88.12,87.93,88.05
1992-07-10,88.05,88.1,87.83,87.87
1992-07-13,87.84,87.85,87.58,87.58
1992-07-14,87.6,87.77,87.58,87.76
1992-07-15,87.74,87.79,87.66,87.71
1992-07-16,87.74,88.08,87.55,87.63
1992-07-17,87.65,87.68,87.24,87.29
1992-07-20,87.24,87.24,86.76,87.08
1992-07-21,87.09,87.21,87.05,87.16
1992-07-22,87.13,87.38,87.06,87.24
1992-07-23,87.29,87.38,87.16,87.34
1992-07-24,87.44,87.53,87.27,87.29
1992-07-27,87.28,87.37,87.22,87.36
1992-07-28,87.44,87.46,87.32,87.34
1992-07-29,87.37,87.4,87.2,87.36
1992-07-30,87.32,87.32,86.96,86.99
1992-07-31,86.95,86.97,86.54,86.57
1992-08-03,86.56,86.94,86.55,86.91
1992-08-04,86.95,87.06,86.79,86.94
1992-08-05,86.97,87.11,86.82,86.97
1992-08-06,86.95,87.15,86.9,87.14
1992-08-07,87.14,87.32,87.12,87.3
1992-08-10,87.36,87.36,87.23,87.25
1992-08-11,87.23,87.29,87.14,87.27
1992-08-12,87.29,87.32,87.11,87.15
1992-08-13,87.16,87.17,87.03,87.17
1992-08-14,87.14,87.74,86.97,87.73
1992-08-17,87.75,87.84,87.62,87.79
1992-08-18,87.79,87.79,87.64,87.71
1992-08-19,87.65,87.68,87.54,87.67
1992-08-20,87.68,87.97,87.64,87.88
1992-08-21,87.97,88.05,87.87,87.9
1992-08-24,87.84,88.16,87.82,88.13
1992-08-25,88.11,88.19,88.02,88.16
1992-08-26,88.13,88.13,87.87,88.04
1992-08-27,88.05,88.12,87.99,88.02
1992-08-28,87.98,88.0,87.79,88.0
1992-08-31,88.05,88.07,87.94,87.98
1992-09-01,88.03,88.06,87.93,87.93
1992-09-02,87.96,87.99,87.87,87.94
1992-09-03,87.95,87.98,87.85,87.9
1992-09-04,87.9,88.32,87.84,88.29
1992-09-07,88.38,88.6,88.38,88.56
1992-09-08,88.63,88.8,88.57,88.63
1992-09-09,89.3,89.35,89.11,89.2
1992-09-10,89.16,89.47,89.08,89.35
1992-09-11,89.41,89.54,89.24,89.28
1992-09-14,90.9,90.9,89.99,90.18
1992-09-15,90.13,90.25,89.95,90.17
1992-09-16,90.13,91.1,90.13,90.85
1992-09-17,91.1,91.1,90.41,90.74
1992-09-18,90.73,91.17,90.7,91.11
1992-09-21,90.91,90.91,90.44,90.67
1992-09-22,90.62,90.88,90.34,90.84
1992-09-23,90.9,91.1,90.79,90.95
1992-09-24,91.01,91.03,90.71,90.87
1992-09-25,90.88,90.88,90.41,90.72
1992-09-28,90.55,90.56,90.25,90.25
1992-09-29,90.23,90.56,90.15,90.54
1992-09-30,90.45,90.96,90.38,90.92
1992-10-01,91.0,91.53,90.95,91.27
1992-10-02,91.31,91.48,91.04,91.42
1992-10-05,91.33,91.8,91.26,91.78
1992-10-06,91.58,91.6,91.31,91.32
1992-10-07,91.29,91.48,91.08,91.08
1992-10-08,91.0,91.27,90.99,91.11
1992-10-09,91.05,91.33,91.01,91.14
1992-10-12,91.11,91.16,90.7,90.72
1992-10-13,90.77,91.28,90.73,91.17
1992-10-14,91.3,91.3,90.9,90.95
1992-10-15,91.01,91.23,90.95,91.19
1992-10-16,91.18,91.58,91.16,91.39
1992-10-19,91.39,91.7,91.37,91.5
1992-10-20,91.47,91.78,91.42,91.56
1992-10-21,91.6,91.68,91.2,91.38
1992-10-22,91.41,91.47,91.25,91.34
1992-10-23,91.38,91.88,91.37,91.78
1992-10-26,91.8,91.92,91.46,91.46
1992-10-27,91.48,91.68,91.36,91.45
1992-10-28,91.49,91.62,91.33,91.6
1992-10-29,91.59,91.63,91.18,91.18
1992-10-30,91.18,91.35,91.15,91.23
1992-11-02,91.32,91.33,91.18,91.3
1992-11-03,91.33,91.46,91.28,91.46
1992-11-04,91.46,91.46,91.23,91.36
1992-11-05,91.36,91.41,91.26,91.32
1992-11-06,91.33,91.51,91.31,91.5
1992-11-09,91.49,91.61,91.46,91.54
1992-11-10,91.54,91.57,91.45,91.53
1992-11-11,91.54,91.55,91.45,91.48
1992-11-12,91.45,91.54,91.4,91.44
1992-11-13,91.43,91.46,91.05,91.06
1992-11-16,91.04,91.21,90.95,90.97
1992-11-17,90.98,91.08,90.93,90.96
1992-11-19,91.25,91.34,91.15,91.34
1992-11-20,91.35,91.57,91.32,91.54
1992-11-23,91.58,91.68,91.45,91.49
1992-11-24,91.47,91.66,91.36,91.66
1992-11-25,91.65,91.65,91.52,91.34
1992-11-26,91.35,91.45,91.28,91.34
1992-11-27,91.35,91.42,91.16,91.19
1992-11-30,91.19,91.19,90.96,91.04
1992-12-01,91.07,91.09,90.92,91.04
1992-12-02,91.03,91.03,90.7,90.7
1992-12-03,90.78,91.21,90.78,91.2
1992-12-04,91.2,91.24,91.06,91.07
1992-12-07,91.12,91.23,90.92,90.93
1992-12-08,90.96,91.1,90.95,91.02
1992-12-09,91.07,91.19,91.03,91.17
1992-12-10,91.15,91.2,90.97,91.04
1992-12-11,91.03,91.21,91.02,91.18
1992-12-14,91.17,91.17,91.04,91.1
1992-12-15,91.1,91.15,91.06,91.14
1992-12-16,91.15,91.15,91.09,91.14
1992-12-17,91.15,91.2,91.08,91.19
1992-12-18,91.2,91.44,91.19,91.41
1992-12-21,91.42,91.54,91.35,91.54
1992-12-22,91.54,92.18,91.54,92.12
1992-12-23,92.16,92.19,91.97,92.08
1992-12-28,92.09,92.18,92.09,92.16
1992-12-29,92.16,92.16,91.95,92.12
1992-12-30,92.11,92.13,91.96,91.99
1993-01-04,92.0,92.13,91.84,92.13
1993-01-05,92.14,92.48,92.14,92.39
1993-01-06,92.42,92.54,92.27,92.52
1993-01-07,92.56,92.6,92.4,92.48
1993-01-08,92.48,92.7,92.41,92.69
1993-01-11,92.66,92.68,92.45,92.49
1993-01-12,92.49,92.69,92.48,92.53
1993-01-13,92.52,92.52,92.38,92.42
1993-01-14,92.44,92.62,92.44,92.6
1993-01-15,92.63,92.83,92.63,92.82
1993-01-18,92.86,92.9,92.77,92.83
1993-01-19,92.81,92.82,92.64,92.8
1993-01-20,92.77,92.77,92.53,92.57
1993-01-21,92.55,92.63,92.48,92.59
1993-01-22,92.58,92.68,92.52,92.59
1993-01-25,92.57,92.58,92.25,92.3
1993-01-26,92.28,92.57,92.28,92.36
1993-01-27,92.31,92.4,92.27,92.41
1993-01-28,92.43,92.56,92.32,92.52
1993-01-29,92.51,92.61,92.45,92.58
1993-02-01,92.61,92.79,92.61,92.71
1993-02-02,92.7,92.8,92.69,92.78
1993-02-03,92.8,92.97,92.8,92.95
1993-02-04,92.98,93.15,92.71,92.78
1993-02-05,92.96,93.05,92.8,92.91
1993-02-08,92.9,92.99,92.84,92.89
1993-02-09,92.85,93.06,92.84,93.02
1993-02-10,93.05,93.1,92.94,93.09
1993-02-11,93.09,93.21,93.04,93.2
1993-02-12,93.21,93.23,93.12,93.18
1993-02-15,93.17,93.2,93.12,93.18
1993-02-16,93.17,93.53,93.14,93.52
1993-02-17,93.55,93.67,93.48,93.61
1993-02-18,93.67,93.85,93.61,93.77
1993-02-19,93.75,94.3,93.71,94.24
1993-02-22,94.2,94.57,94.19,94.57
1993-02-23,94.59,94.78,94.37,94.62
1993-02-24,94.76,94.78,94.35,94.42
1993-02-25,94.38,94.55,94.31,94.53
1993-02-26,94.53,95.27,94.53,95.11
1993-03-01,95.18,95.7,95.18,95.66
1993-03-02,95.66,95.67,95.4,95.49
1993-03-03,95.47,95.8,95.43,95.79
1993-03-04,95.84,96.0,95.56,95.79
1993-03-05,95.93,96.46,95.91,96.29
1993-03-08,96.34,96.41,96.2,96.3
1993-03-09,96.61,96.61,96.36,96.41
1993-03-10,96.61,96.97,96.33,96.87
1993-03-11,96.81,96.9,96.47,96.54
1993-03-12,96.53,96.58,95.95,96.1
1993-03-15,96.28,96.51,95.97,96.25
1993-03-16,96.22,96.24,95.98,96.1
1993-03-17,96.13,96.35,95.8,95.85
1993-03-18,95.89,96.05,95.61,95.74
1993-03-19,95.8,95.92,95.55,95.71
1993-03-22,95.66,95.68,95.33,95.37
1993-03-23,95.36,95.68,95.18,95.19
1993-03-24,95.19,95.4,95.12,95.28
1993-03-25,95.25,95.66,95.25,95.65
1993-03-26,95.73,95.84,95.62,95.81
1993-03-29,95.86,95.91,95.64,95.75
1993-03-30,95.79,95.9,95.57,95.58
1993-03-31,95.58,95.67,95.38,95.38
1993-04-01,95.37,95.48,95.03,95.06
1993-04-02,95.08,95.35,94.91,95.35
1993-04-05,95.25,95.48,95.24,95.34
1993-04-06,95.36,95.87,95.34,95.84
1993-04-07,95.85,96.15,95.69,96.09
1993-04-08,96.05,96.27,96.05,96.06
1993-04-13,96.1,96.57,96.1,96.48
1993-04-14,96.46,96.59,96.2,96.24
1993-04-15,96.26,96.46,96.1,96.24
1993-04-16,96.29,96.44,96.2,96.31
1993-04-19,96.31,96.52,96.26,96.35
1993-04-20,96.4,96.4,96.04,96.06
1993-04-21,96.05,96.12,95.65,95.68
1993-04-22,95.67,96.27,95.6,96.27
1993-04-23,96.25,96.37,95.69,95.71
1993-04-26,95.78,95.9,95.21,95.22
1993-04-27,95.23,95.71,95.23,95.41
1993-04-28,95.48,95.63,94.96,95.09
1993-04-29,95.11,95.2,94.54,94.61
1993-04-30,94.6,94.81,94.43,94.71
1993-05-03,94.7,94.79,94.57,94.79
1993-05-04,94.8,94.89,94.56,94.78
1993-05-05,94.74,95.12,94.74,95.08
1993-05-06,95.13,95.18,94.58,94.63
1993-05-07,94.65,94.8,94.45,94.66
1993-05-10,94.74,94.8,94.51,94.61
1993-05-11,94.63,94.8,94.62,94.78
1993-05-12,94.79,95.17,94.79,95.12
1993-05-13,95.13,95.43,95.04,95.07
1993-05-14,95.02,95.07,94.62,94.75
1993-05-17,94.74,94.77,94.54,94.7
1993-05-18,94.75,94.82,94.27,94.4
1993-05-19,94.41,94.49,94.06,94.21
1993-05-21,94.23,94.29,93.86,93.97
1993-05-24,93.92,93.92,93.68,93.77
1993-05-25,93.83,94.34,93.83,94.33
1993-05-26,94.32,94.38,94.05,94.07
1993-05-27,94.15,94.48,94.05,94.47
1993-05-28,94.48,94.67,93.97,94.12
1993-06-01,94.09,94.23,93.74,93.83
1993-06-02,93.89,94.05,93.6,94.04
1993-06-03,94.06,94.2,93.95,93.99
1993-06-04,94.0,94.1,93.67,93.7
1993-06-07,93.66,93.83,93.39,93.69
1993-06-08,93.72,93.81,93.71,93.79
1993-06-09,94.33,94.67,94.22,94.52
1993-06-11,94.69,94.83,94.61,94.77
1993-06-14,94.83,95.06,94.82,95.02
1993-06-15,95.04,95.09,94.79,94.96
1993-06-16,94.95,95.17,94.83,94.88
1993-06-17,94.89,95.0,94.74,94.82
1993-06-18,94.84,95.33,94.78,95.29
1993-06-21,95.29,95.45,95.11,95.29
1993-06-22,95.31,95.34,95.13,95.18
1993-06-23,95.16,95.18,94.97,95.08
1993-06-24,95.05,95.37,95.05,95.36
1993-06-25,95.35,95.44,95.16,95.29
1993-06-28,95.3,95.7,95.27,95.68
1993-06-29,95.7,95.9,95.69,95.76
1993-06-30,95.77,95.86,95.64,95.85
1993-07-01,95.84,95.95,95.35,95.4
1993-07-02,95.36,95.42,95.15,95.19
1993-07-05,95.15,95.18,94.97,95.13
1993-07-06,95.13,95.4,95.13,95.4
1993-07-07,95.37,95.57,95.27,95.39
1993-07-08,95.38,95.91,95.27,95.87
1993-07-09,95.92,96.33,95.92,96.09
1993-07-12,96.24,96.27,96.05,96.18
1993-07-13,96.25,96.43,96.06,96.1
1993-07-14,96.05,96.33,95.99,96.31
1993-07-15,96.35,96.37,95.97,96.11
1993-07-16,96.11,96.31,96.06,96.3
1993-07-19,96.33,96.37,96.22,96.25
1993-07-20,96.22,96.29,96.1,96.1
1993-07-21,96.07,96.2,95.77,95.86
1993-07-22,95.83,96.17,95.75,96.16
1993-07-23,96.17,96.35,96.14,96.18
1993-07-26,96.13,96.41,96.12,96.25
1993-07-27,96.28,96.3,96.16,96.17
1993-07-28,96.19,96.31,95.84,95.89
1993-07-29,95.91,96.27,95.88,96.26
1993-07-30,96.28,96.51,96.07,96.18
1993-08-02,96.23,96.51,96.07,96.4
1993-08-03,96.42,96.84,96.37,96.83
1993-08-04,96.85,96.96,96.82,96.93
1993-08-05,96.9,97.06,96.71,96.95
1993-08-06,97.0,97.25,96.95,97.24
1993-08-09,97.25,97.36,97.06,97.08
1993-08-10,97.1,97.35,97.01,97.32
1993-08-11,97.29,97.59,97.29,97.44
1993-08-12,97.47,97.63,97.28,97.41
1993-08-13,97.39,97.48,97.18,97.48
1993-08-16,97.5,97.63,97.14,97.17
1993-08-17,97.15,97.38,97.07,97.35
1993-08-18,97.35,97.36,97.09,97.24
1993-08-19,97.28,97.34,97.12,97.24
1993-08-20,97.25,97.25,96.97,97.08
1993-08-23,97.09,97.21,97.06,97.19
1993-08-24,97.2,97.27,97.14,97.16
1993-08-25,97.17,97.55,97.17,97.54
1993-08-26,97.57,97.6,97.33,97.45
1993-08-27,97.52,97.83,97.41,97.73
1993-08-30,97.74,97.94,97.71,97.93
1993-08-31,97.97,98.19,97.94,98.07
1993-09-01,98.06,98.3,97.96,98.14
1993-09-02,98.14,98.3,98.04,98.28
1993-09-03,98.36,98.55,98.34,98.41
1993-09-06,98.53,98.63,98.44,98.6
1993-09-07,98.58,98.65,98.47,98.52
1993-09-08,98.54,98.58,98.5,98.54
1993-09-09,98.54,98.73,98.27,98.37
1993-09-10,98.34,98.49,98.15,98.48
1993-09-13,98.49,98.58,98.37,98.37
1993-09-14,98.35,98.53,98.29,98.42
1993-09-15,98.37,98.49,98.13,98.16
1993-09-16,98.19,98.41,98.18,98.4
1993-09-17,98.44,98.96,98.43,98.96
1993-09-20,98.96,99.11,98.92,98.93
1993-09-21,98.94,99.2,98.88,99.18
1993-09-22,98.84,99.0,98.61,98.71
1993-09-23,98.63,98.86,98.25,98.42
1993-09-24,98.31,98.47,98.13,98.39
1993-09-27,98.73,98.91,98.68,98.78
1993-09-28,98.85,99.17,98.85,99.06
1993-09-29,98.98,99.16,98.86,98.93
1993-09-30,98.86,99.1,98.81,98.82
1993-10-01,98.88,98.95,98.68,98.86
1993-10-04,98.42,99.05,98.35,98.99
1993-10-05,99.09,99.46,99.05,99.45
1993-10-06,99.48,99.76,99.48,99.64
1993-10-07,99.63,99.73,99.51,99.57
1993-10-08,99.55,99.95,99.48,99.86
1993-10-11,99.88,100.0,99.74,99.82
1993-10-12,99.83,100.05,99.8,100.02
1993-10-13,99.97,100.14,99.96,99.97
1993-10-14,100.0,100.16,99.91,99.99
1993-10-15,100.02,100.21,100.02,100.18
1993-10-18,100.23,100.38,100.22,100.23
1993-10-19,100.24,100.44,100.2,100.42
1993-10-20,100.5,100.58,100.4,100.48
1993-10-21,100.44,100.56,100.06,100.15
1993-10-22,100.09,100.5,100.06,100.49
1993-10-25,100.5,100.51,100.04,100.06
1993-10-26,100.02,100.23,99.96,100.14
1993-10-27,100.15,100.21,99.78,99.8
1993-10-28,99.8,99.98,99.65,99.95
1993-10-29,100.02,100.25,100.02,100.11
1993-11-01,100.14,100.25,99.83,99.89
1993-11-02,99.87,100.15,99.78,100.03
1993-11-03,100.05,100.15,99.96,100.03
1993-11-04,100.03,100.1,99.97,99.99
1993-11-05,99.96,99.99,99.31,99.33
1993-11-08,99.33,99.49,99.29,99.34
1993-11-09,99.45,99.84,99.42,99.8
1993-11-10,99.81,99.81,99.42,99.48
1993-11-11,99.51,99.61,99.43,99.44
1993-11-12,99.41,99.73,99.26,99.65
1993-11-15,99.71,100.03,99.71,99.85
1993-11-16,99.95,100.17,99.86,100.0
1993-11-18,100.26,100.44,100.21,100.26
1993-11-19,100.19,100.35,100.1,100.24
1993-11-22,100.2,100.2,99.76,99.77
1993-11-23,99.75,99.75,99.36,99.54
1993-11-24,99.7,99.73,99.52,99.56
1993-11-25,99.53,99.72,99.39,99.7
1993-11-26,99.75,100.03,99.75,99.9
1993-11-29,99.98,100.15,99.91,99.93
1993-11-30,99.93,99.98,99.69,99.77
1993-12-01,99.9,99.96,99.85,99.9
1993-12-02,99.94,100.03,99.71,99.72
1993-12-03,99.71,99.96,99.66,99.96
1993-12-06,99.98,100.13,99.98,100.05
1993-12-07,100.14,100.26,100.08,100.12
1993-12-08,100.16,100.16,100.09,100.13
1993-12-09,100.45,100.85,100.37,100.78
1993-12-10,100.77,100.99,100.68,100.69
1993-12-13,100.67,100.94,100.67,100.86
1993-12-14,100.92,101.05,100.32,100.35
1993-12-15,100.35,100.74,100.34,100.72
1993-12-16,100.75,100.82,100.44,100.46
1993-12-17,100.53,100.65,100.43,100.58
1993-12-20,100.63,100.8,100.62,100.76
1993-12-21,100.75,100.81,100.67,100.67
1993-12-22,100.71,100.79,100.71,100.73
1993-12-23,100.81,101.02,100.81,100.97
1993-12-27,101.03,101.03,100.9,100.91
1993-12-28,100.95,100.96,100.86,100.93
1993-12-29,100.96,101.28,100.91,101.24
1993-12-30,101.24,101.33,101.18,101.29
1994-01-03,101.34,101.46,101.3,101.35
1994-01-04,101.34,101.44,100.9,100.93
1994-01-05,100.98,101.11,100.75,100.84
1994-01-06,100.82,100.91,100.64,100.8
1994-01-07,100.81,101.19,100.71,101.17
1994-01-10,101.25,101.28,101.04,101.09
1994-01-11,101.13,101.25,100.96,101.02
1994-01-12,101.06,101.31,101.04,101.18
1994-01-13,101.18,101.24,100.68,100.74
1994-01-14,100.7,100.76,100.47,100.69
1994-01-17,100.69,100.7,100.53,100.55
1994-01-18,100.52,100.72,100.28,100.71
1994-01-19,100.74,100.89,100.61,100.61
1994-01-20,100.59,100.73,100.34,100.35
1994-01-21,100.4,100.48,100.05,100.06
1994-01-24,100.05,100.16,99.76,100.13
1994-01-25,100.15,100.21,99.72,99.79
1994-01-26,99.76,100.18,99.72,100.18
1994-01-27,100.24,100.32,99.92,99.97
1994-01-28,100.15,100.42,100.0,100.41
1994-01-31,100.34,100.57,100.3,100.51
1994-02-01,100.51,100.61,100.36,100.44
1994-02-02,100.38,100.47,100.29,100.36
1994-02-03,100.34,100.45,99.77,99.78
1994-02-04,99.74,99.76,99.36,99.37
1994-02-07,99.2,99.2,98.83,99.05
1994-02-08,99.17,99.37,98.9,98.94
1994-02-09,98.8,99.26,98.58,99.13
1994-02-10,99.34,99.4,98.85,99.17
1994-02-11,99.15,99.29,98.86,99.22
1994-02-14,99.29,99.54,99.08,99.25
1994-02-15,99.25,99.33,98.85,99.04
1994-02-16,98.95,99.14,98.63,98.66
1994-02-17,98.67,99.28,98.53,98.6
1994-02-18,98.38,98.47,98.11,98.11
1994-02-21,97.8,97.99,97.24,97.24
1994-02-22,97.36,97.84,97.36,97.8
1994-02-23,97.81,98.11,97.68,97.97
1994-02-24,97.7,97.7,96.8,96.89
1994-02-25,96.65,96.73,96.04,96.33
1994-02-28,96.45,97.19,96.45,96.91
1994-03-01,97.0,97.1,96.07,96.1
1994-03-02,95.52,95.72,93.75,95.65
1994-03-03,95.75,96.31,95.21,96.26
1994-03-04,95.96,97.19,95.82,97.12
1994-03-07,97.6,98.15,97.4,98.02
1994-03-08,97.85,98.18,97.28,97.47
1994-03-09,96.45,96.78,96.19,96.41
1994-03-10,96.66,97.02,96.3,96.33
1994-03-11,96.12,96.51,95.9,96.22
1994-03-14,96.95,97.02,96.65,96.87
1994-03-15,96.8,97.94,96.72,97.93
1994-03-16,97.96,98.05,97.52,97.61
1994-03-17,98.02,98.13,97.33,97.35
1994-03-18,97.29,97.38,96.25,96.68
1994-03-21,96.6,96.6,95.7,95.98
1994-03-22,95.89,96.64,95.85,96.52
1994-03-23,97.0,97.1,96.19,96.22
1994-03-24,96.12,96.56,95.5,95.61
1994-03-25,95.56,96.05,95.32,95.76
1994-03-28,95.51,96.39,95.38,96.21
1994-03-29,96.33,96.7,95.96,96.13
1994-03-30,95.85,96.44,95.71,96.29
1994-03-31,96.15,96.92,96.15,96.77
1994-04-05,96.1,96.95,95.9,96.9
1994-04-06,97.17,97.36,96.97,97.02
1994-04-07,97.15,97.3,97.0,97.11
1994-04-08,97.24,97.25,96.88,96.92
1994-04-11,97.01,97.42,96.93,97.39
1994-04-12,97.56,97.69,97.12,97.2
1994-04-13,97.36,97.36,96.87,96.94
1994-04-14,96.76,96.97,96.46,96.8
1994-04-15,96.68,96.87,96.27,96.34
1994-04-18,96.48,96.57,95.4,95.48
1994-04-19,95.39,95.61,94.39,94.85
1994-04-20,95.13,95.18,94.16,94.3
1994-04-21,94.59,94.74,94.17,94.62
1994-04-22,94.95,95.17,94.76,94.78
1994-04-25,94.85,94.86,93.59,93.64
1994-04-26,94.3,94.52,93.79,94.28
1994-04-27,94.61,94.96,94.53,94.95
1994-04-28,95.02,95.46,94.53,94.69
1994-04-29,94.37,95.22,93.99,95.19
1994-05-02,95.3,95.3,94.98,95.05
1994-05-03,95.09,95.21,94.8,94.87
1994-05-04,94.86,94.87,94.06,94.24
1994-05-05,94.4,94.44,93.76,94.37
1994-05-06,94.4,94.71,93.9,94.49
1994-05-09,94.1,94.32,93.95,94.3
1994-05-10,94.3,95.1,94.25,94.98
1994-05-11,95.29,95.56,94.66,95.06
1994-05-13,95.2,95.54,94.98,95.27
1994-05-16,95.49,95.91,95.43,95.9
1994-05-17,95.8,95.92,95.6,95.8
1994-05-18,96.41,96.5,95.97,96.03
1994-05-19,96.1,96.28,95.9,96.12
1994-05-20,96.35,96.37,95.4,95.41
1994-05-24,94.52,94.87,94.24,94.3
1994-05-25,94.39,94.49,93.28,93.54
1994-05-26,93.75,93.85,93.35,93.66
1994-05-27,93.7,94.14,93.34,93.47
1994-05-30,93.55,93.67,93.54,93.6
1994-05-31,93.55,93.58,92.66,92.83
1994-06-01,92.8,93.17,92.19,92.27
1994-06-03,92.59,93.5,92.23,93.39
1994-06-06,93.49,93.95,93.04,93.2
1994-06-07,92.91,93.06,92.68,92.73
1994-06-08,92.81,93.35,92.78,93.35
1994-06-09,92.9,93.06,92.56,92.78
1994-06-10,92.85,93.48,92.85,93.42
1994-06-13,93.43,93.48,92.16,92.18
1994-06-14,92.25,92.39,91.54,92.33
1994-06-15,92.39,92.51,91.64,91.72
1994-06-16,91.5,91.51,90.75,91.3
1994-06-17,91.53,91.74,90.96,91.05
1994-06-20,90.57,90.74,89.91,90.37
1994-06-21,90.6,90.73,90.15,90.36
1994-06-22,90.2,92.15,90.15,92.1
1994-06-23,92.28,92.72,91.91,92.38
1994-06-24,92.25,92.94,91.55,92.07
1994-06-27,91.35,92.42,91.23,92.3
1994-06-28,92.55,92.85,92.34,92.53
1994-06-29,92.33,92.85,92.18,92.63
1994-06-30,92.86,93.23,91.71,91.72
1994-07-01,91.52,92.25,91.45,91.9
1994-07-04,92.11,92.19,91.94,92.11
1994-07-05,92.22,92.42,91.42,91.76
1994-07-06,91.8,91.98,91.5,91.9
1994-07-07,92.08,92.35,91.76,91.98
1994-07-08,91.9,92.52,91.85,92.46
1994-07-11,92.25,93.34,92.22,93.28
1994-07-12,93.3,94.0,93.3,93.58
1994-07-13,93.9,94.0,93.13,93.22
1994-07-14,93.31,94.38,93.1,94.37
1994-07-15,94.44,94.53,93.73,93.8
1994-07-18,93.82,94.35,93.45,94.26
1994-07-19,94.35,94.69,94.23,94.45
1994-07-20,94.63,94.65,93.6,93.68
1994-07-21,93.65,94.22,93.47,93.94
1994-07-22,94.11,94.13,93.43,93.61
1994-07-25,93.46,93.93,93.19,93.91
1994-07-26,94.05,94.05,93.57,93.69
1994-07-27,93.61,93.76,93.25,93.3
1994-07-28,93.25,93.35,92.81,92.82
1994-07-29,93.16,93.65,92.97,93.52
1994-08-01,93.7,93.93,93.45,93.86
1994-08-02,93.85,94.25,93.83,94.11
1994-08-03,94.05,94.17,93.93,94.07
1994-08-04,94.15,94.19,93.45,93.52
1994-08-05,93.5,93.61,93.23,93.38
1994-08-08,93.26,93.39,93.05,93.07
1994-08-09,93.09,93.12,92.55,92.7
1994-08-10,92.68,92.85,92.53,92.75
1994-08-11,92.86,92.99,91.5,91.51
1994-08-12,91.23,91.79,90.84,91.53
1994-08-15,91.68,91.83,91.38,91.55
1994-08-16,91.61,92.09,91.5,91.94
1994-08-17,92.3,92.43,91.48,91.54
1994-08-18,91.41,91.85,91.08,91.62
1994-08-19,91.61,91.74,91.2,91.35
1994-08-22,91.44,91.52,91.0,91.24
1994-08-23,91.19,91.46,90.95,91.42
1994-08-24,91.43,91.6,91.18,91.39
1994-08-25,91.7,91.71,91.45,91.63
1994-08-26,91.43,92.05,91.3,91.99
1994-08-29,91.98,92.13,91.88,91.96
1994-08-30,91.95,92.03,91.82,91.99
1994-08-31,91.71,91.99,91.65,91.76
1994-09-01,91.88,91.88,91.2,91.26
1994-09-02,91.28,91.6,90.85,90.9
1994-09-05,90.9,90.95,90.35,90.65
1994-09-06,90.56,90.59,89.92,90.06
1994-09-07,90.07,90.24,89.75,89.91
1994-09-08,90.11,90.25,90.0,90.24
1994-09-09,89.7,89.7,88.63,88.71
1994-09-12,88.78,89.08,88.55,89.01
1994-09-13,89.06,89.25,88.57,89.2
1994-09-14,89.1,89.23,88.58,88.6
1994-09-15,88.71,89.35,88.71,89.25
1994-09-16,89.34,89.34,88.07,88.2
1994-09-19,88.3,88.65,88.25,88.41
1994-09-20,88.5,88.58,87.75,88.06
1994-09-21,88.13,88.52,88.03,88.15
1994-09-22,88.21,88.75,88.07,88.74
1994-09-23,88.78,89.24,88.64,88.98
1994-09-26,88.8,89.13,88.74,88.85
1994-09-27,88.76,89.04,88.72,89.0
1994-09-28,89.17,89.69,89.08,89.69
1994-09-29,89.44,89.58,89.08,89.22
1994-09-30,89.32,89.34,88.63,88.93
1994-10-04,88.29,88.46,88.08,88.35
1994-10-05,88.0,88.12,87.84,87.9
1994-10-06,88.05,88.34,88.01,88.15
1994-10-07,87.8,88.49,87.65,88.4
1994-10-10,88.55,89.11,88.45,89.08
1994-10-11,89.14,89.58,88.9,89.4
1994-10-12,89.27,89.53,89.17,89.5
1994-10-13,89.43,90.45,89.31,90.33
1994-10-14,90.13,90.45,89.98,90.43
1994-10-17,90.25,91.17,89.94,90.91
1994-10-18,90.88,91.06,90.56,90.77
1994-10-19,90.59,90.64,90.18,90.37
1994-10-20,90.4,90.56,90.12,90.13
1994-10-21,90.18,90.23,89.5,89.74
1994-10-24,89.8,89.86,89.43,89.49
1994-10-25,89.3,89.3,88.45,88.76
1994-10-26,88.7,89.07,88.52,88.58
1994-10-27,88.75,89.22,88.6,89.18
1994-10-28,89.21,89.49,88.81,89.44
1994-10-31,89.55,89.7,89.08,89.1
1994-11-01,89.17,89.39,88.92,89.31
1994-11-02,89.0,89.01,88.56,88.76
1994-11-03,88.88,89.1,88.58,89.07
1994-11-04,88.87,89.5,88.85,89.37
1994-11-07,89.08,89.23,88.91,89.0
1994-11-08,89.08,89.41,88.88,89.4
1994-11-09,89.36,90.13,89.36,89.98
1994-11-10,89.86,90.51,89.78,90.31
1994-11-11,90.05,90.17,89.92,90.09
1994-11-14,90.08,90.41,90.07,90.21
1994-11-15,90.47,90.72,90.36,90.65
1994-11-17,90.2,90.25,89.76,89.81
1994-11-18,89.88,89.93,89.58,89.89
1994-11-21,89.91,90.18,89.75,90.06
1994-11-22,90.05,90.5,90.03,90.42
1994-11-23,90.85,91.06,90.75,90.86
1994-11-24,90.95,91.4,90.8,91.27
1994-11-25,91.35,91.58,91.16,91.45
1994-11-28,91.4,91.63,91.22,91.3
1994-11-29,91.27,91.27,90.8,90.86
1994-11-30,90.89,91.27,90.69,91.23
1994-12-01,91.28,91.42,91.1,91.17
1994-12-02,91.24,91.6,91.13,91.45
1994-12-05,91.48,91.6,91.2,91.27
1994-12-06,91.2,91.26,90.93,91.05
1994-12-07,91.2,91.28,90.69,90.84
1994-12-08,90.78,90.78,90.5,90.6
1994-12-09,90.33,90.51,90.25,90.48
1994-12-12,90.29,90.29,89.8,89.86
1994-12-13,89.91,89.92,89.45,89.67
1994-12-14,89.72,89.84,89.56,89.71
1994-12-15,89.64,89.85,89.58,89.77
1994-12-16,89.8,90.06,89.75,89.91
1994-12-19,89.86,90.07,89.66,89.7
1994-12-20,89.74,89.81,89.58,89.66
1994-12-21,89.59,89.74,89.59,89.65
1994-12-22,89.67,89.9,89.51,89.87
1994-12-23,89.87,89.87,89.74,89.76
1994-12-27,89.83,89.92,89.75,89.86
1994-12-28,89.95,90.06,89.7,89.7
1994-12-29,89.6,89.67,88.75,88.76
1994-12-30,88.8,89.1,88.58,89.03
1995-01-02,88.89,88.97,88.79,88.91
1995-01-03,88.93,89.0,88.66,88.74
1995-01-04,88.79,88.93,88.65,88.71
1995-01-05,88.81,88.92,88.18,88.19
1995-01-06,88.14,88.64,88.04,88.6
1995-01-09,88.53,88.76,88.33,88.41
1995-01-10,88.41,89.15,88.34,89.11
1995-01-11,89.08,89.39,88.96,89.0
1995-01-12,89.03,89.43,89.03,89.28
1995-01-13,89.34,89.82,89.33,89.77
1995-01-16,89.8,89.85,89.54,89.63
1995-01-17,89.68,89.92,89.38,89.4
1995-01-18,89.51,89.85,89.37,89.79
1995-01-19,89.79,89.9,89.57,89.75
1995-01-20,89.6,89.9,89.53,89.73
1995-01-23,89.59,89.68,89.26,89.32
1995-01-24,89.37,89.57,89.27,89.5
1995-01-25,89.48,89.67,89.27,89.61
1995-01-26,89.75,90.26,89.71,90.25
1995-01-27,90.34,90.67,90.3,90.53
1995-01-30,90.65,90.75,90.27,90.27
1995-01-31,90.32,90.47,90.18,90.43
1995-02-01,90.5,90.59,90.34,90.36
1995-02-02,90.22,90.28,90.1,90.17
1995-02-03,90.29,90.56,90.14,90.5
1995-02-06,90.67,90.8,90.51,90.52
1995-02-07,90.48,91.0,90.47,90.84
1995-02-08,90.82,91.09,90.74,90.81
1995-02-09,90.77,91.08,90.66,90.92
1995-02-10,90.84,91.06,90.55,90.58
1995-02-13,90.64,90.69,90.19,90.27
1995-02-14,90.36,90.42,90.29,90.36
1995-02-15,90.55,90.84,90.35,90.83
1995-02-16,90.8,90.89,90.53,90.62
1995-02-17,90.69,90.7,90.43,90.64
1995-02-20,90.63,90.67,90.57,90.65
1995-02-21,90.63,90.64,90.36,90.41
1995-02-22,90.35,90.49,90.13,90.36
1995-02-23,90.69,91.05,90.61,91.0
1995-02-24,90.9,90.9,90.66,90.67
1995-02-27,90.84,91.36,90.73,91.24
1995-02-28,91.42,91.45,90.97,91.01
1995-03-01,91.2,91.42,91.1,91.35
1995-03-02,91.25,91.28,90.97,90.97
1995-03-03,90.93,91.07,90.6,90.72
1995-03-06,90.61,91.24,90.61,90.98
1995-03-07,91.07,91.31,90.4,90.42
1995-03-08,90.33,90.82,90.25,90.74
1995-03-09,90.37,90.5,89.93,90.25
1995-03-10,90.33,90.62,90.11,90.61
1995-03-13,90.7,90.7,90.4,90.57
1995-03-14,90.57,91.34,90.51,91.28
1995-03-15,91.38,91.49,91.02,91.15
1995-03-16,91.28,92.04,91.14,91.95
1995-03-17,91.81,92.4,91.71,91.99
1995-03-20,92.1,92.16,91.83,92.01
1995-03-21,92.05,92.35,92.02,92.17
1995-03-22,91.94,92.12,91.75,91.82
1995-03-23,91.86,92.01,91.56,91.94
1995-03-24,92.0,92.25,91.9,92.14
1995-03-27,92.28,92.33,91.92,91.97
1995-03-28,92.15,92.22,92.01,92.03
1995-03-29,91.94,91.99,91.74,91.97
1995-03-30,91.98,92.5,91.9,92.04
1995-03-31,91.91,91.99,91.52,91.74
1995-04-03,91.83,92.46,91.82,92.44
1995-04-04,92.48,92.85,92.42,92.67
1995-04-05,92.65,92.9,92.63,92.84
1995-04-06,92.78,93.01,92.65,92.67
1995-04-07,92.79,92.92,92.45,92.49
1995-04-10,92.42,92.46,92.08,92.26
1995-04-11,92.28,92.31,91.98,92.04
1995-04-12,92.14,92.39,92.05,92.34
1995-04-13,92.4,92.65,92.4,92.63
1995-04-18,92.49,92.83,92.49,92.82
1995-04-19,92.76,92.99,92.32,92.37
1995-04-20,92.52,92.54,92.3,92.4
1995-04-21,92.55,92.64,92.44,92.51
1995-04-24,92.53,92.68,92.23,92.68
1995-04-25,92.75,92.85,92.46,92.6
1995-04-26,92.61,92.99,92.59,92.86
1995-04-27,92.94,93.17,92.8,92.84
1995-04-28,92.84,93.16,92.76,92.88
1995-05-02,92.9,92.9,92.71,92.76
1995-05-03,92.9,93.19,92.81,93.17
1995-05-04,93.35,93.47,93.26,93.46
1995-05-05,93.56,93.62,93.36,93.6
1995-05-08,93.78,93.96,93.69,93.92
1995-05-09,93.89,94.15,93.65,94.11
1995-05-10,94.11,94.43,94.0,94.14
1995-05-11,93.91,94.22,93.74,93.88
1995-05-12,93.85,93.9,93.59,93.87
1995-05-15,93.87,94.0,93.6,93.7
1995-05-16,93.75,94.31,93.75,94.29
1995-05-17,94.32,94.55,94.2,94.26
1995-05-18,94.3,94.45,94.06,94.17
1995-05-19,94.17,94.29,94.07,94.09
1995-05-22,94.11,94.37,94.06,94.33
1995-05-23,94.4,94.53,94.28,94.44
1995-05-24,94.48,95.04,94.48,94.96
1995-05-26,95.24,95.45,94.9,95.01
1995-05-29,94.95,95.18,94.95,95.17
1995-05-30,95.22,95.49,95.22,95.41
1995-05-31,95.65,95.77,95.08,95.14
1995-06-01,95.27,95.46,95.02,95.42
1995-06-02,95.58,96.15,95.38,95.98
1995-06-06,96.14,96.46,95.83,96.34
1995-06-07,96.24,96.33,95.98,96.0
1995-06-08,95.97,95.97,95.7,95.71
1995-06-09,95.01,95.01,93.93,94.02
1995-06-12,93.85,94.05,93.27,93.52
1995-06-13,93.73,94.34,93.72,94.29
1995-06-14,94.64,94.78,93.78,94.0
1995-06-16,93.85,93.85,93.4,93.73
1995-06-19,93.9,94.36,93.86,94.33
1995-06-20,94.45,94.62,94.25,94.47
1995-06-21,94.6,94.67,94.08,94.29
1995-06-22,94.25,94.88,94.22,94.79
1995-06-23,94.91,94.98,93.69,93.9
1995-06-26,94.08,94.08,93.35,93.55
1995-06-27,93.41,93.85,93.32,93.8
1995-06-28,93.67,93.78,93.44,93.76
1995-06-29,93.89,93.9,93.02,93.09
1995-06-30,92.95,93.1,92.63,92.81
1995-07-03,92.94,92.95,92.74,92.91
1995-07-04,92.92,93.16,92.89,93.14
1995-07-05,93.2,93.85,93.16,93.85
1995-07-06,93.92,93.92,93.3,93.42
1995-07-07,94.15,94.56,94.03,94.36
1995-07-10,94.65,94.86,94.51,94.68
1995-07-11,94.71,94.71,94.25,94.47
1995-07-12,94.3,94.6,94.19,94.54
1995-07-13,94.68,94.73,94.24,94.35
1995-07-14,94.33,94.52,94.21,94.22
1995-07-17,94.21,94.42,94.2,94.29
1995-07-18,94.2,94.2,93.91,94.18
1995-07-19,93.76,94.07,93.63,93.87
1995-07-20,93.4,93.63,93.32,93.56
1995-07-21,93.7,93.81,93.52,93.6
1995-07-24,93.33,94.18,93.32,94.14
1995-07-25,94.33,94.36,93.95,94.28
1995-07-26,94.43,94.47,94.25,94.42
1995-07-27,94.27,94.44,94.21,94.28
1995-07-28,94.42,94.62,94.15,94.2
1995-07-31,94.14,94.4,94.12,94.39
1995-08-01,94.5,94.55,94.28,94.33
1995-08-02,94.46,95.04,94.46,95.03
1995-08-03,94.96,95.13,94.77,95.01
1995-08-04,94.81,95.24,94.81,95.2
1995-08-07,95.2,95.31,95.06,95.24
1995-08-08,95.35,95.38,95.06,95.12
1995-08-09,95.04,95.18,95.0,95.1
1995-08-10,95.08,95.35,95.03,95.29
1995-08-11,95.26,95.33,94.87,94.93
1995-08-14,94.78,94.8,94.51,94.61
1995-08-15,94.65,94.73,94.15,94.28
1995-08-16,94.46,94.55,94.2,94.4
1995-08-17,94.41,94.57,94.29,94.42
1995-08-18,94.46,94.67,94.46,94.65
1995-08-21,94.7,95.09,94.7,95.09
1995-08-22,95.12,95.2,95.02,95.08
1995-08-23,95.05,95.27,95.02,95.06
1995-08-24,95.05,95.24,94.76,94.99
1995-08-25,95.2,95.33,95.15,95.18
1995-08-28,95.4,95.48,95.31,95.37
1995-08-29,95.38,95.41,95.15,95.32
1995-08-30,95.3,95.31,95.21,95.24
1995-08-31,95.25,95.27,94.93,95.07
1995-09-01,95.25,95.64,94.97,95.55
1995-09-04,95.56,95.76,95.51,95.7
1995-09-05,95.7,96.05,95.61,96.04
1995-09-06,96.11,96.2,95.93,96.0
1995-09-07,95.96,96.04,95.84,95.87
1995-09-08,95.1,95.54,95.07,95.27
1995-09-11,95.35,95.39,95.12,95.38
1995-09-12,95.36,95.55,95.29,95.5
1995-09-13,95.61,96.07,95.6,95.99
1995-09-14,95.97,96.25,95.81,96.18
1995-09-15,96.21,96.34,95.98,96.05
1995-09-18,96.08,96.1,95.89,95.98
1995-09-19,95.96,96.26,95.94,96.23
1995-09-20,96.32,96.69,96.29,96.62
1995-09-21,96.75,96.88,96.46,96.5
1995-09-22,96.42,96.58,95.32,95.6
1995-09-25,95.75,95.9,95.37,95.56
1995-09-26,95.71,95.81,95.52,95.71
1995-09-27,95.52,95.52,94.75,94.84
1995-09-28,95.0,95.16,94.62,95.14
1995-09-29,95.05,95.38,94.88,95.21
1995-10-02,95.47,95.64,95.42,95.51
1995-10-04,95.69,95.81,95.6,95.74
1995-10-05,95.79,95.84,95.34,95.48
1995-10-06,95.53,95.67,95.07,95.5
1995-10-09,95.56,95.69,95.34,95.55
1995-10-10,95.62,95.76,95.41,95.57
1995-10-11,95.38,95.59,95.29,95.41
1995-10-12,95.54,95.56,95.23,95.51
1995-10-13,95.61,96.07,95.58,96.06
1995-10-16,95.92,96.06,95.79,95.87
1995-10-17,95.9,96.05,95.7,95.72
1995-10-18,95.85,96.16,95.76,96.04
1995-10-19,95.87,96.24,95.87,96.21
1995-10-20,96.2,96.34,96.03,96.08
1995-10-23,95.97,95.99,95.77,95.92
1995-10-24,95.9,96.04,95.88,95.99
1995-10-25,96.16,96.43,96.08,96.34
1995-10-26,96.29,96.52,96.04,96.32
1995-10-27,96.08,96.3,96.05,96.27
1995-10-30,96.44,96.5,96.31,96.34
1995-10-31,96.41,96.65,96.33,96.63
1995-11-01,96.65,96.95,96.55,96.92
1995-11-02,96.85,97.02,96.78,96.82
1995-11-03,97.02,97.07,96.53,96.64
1995-11-06,96.55,96.96,96.45,96.93
1995-11-07,96.87,97.04,96.8,96.86
1995-11-08,96.87,97.28,96.87,97.22
1995-11-09,97.35,97.41,97.13,97.23
1995-11-10,97.15,97.3,97.02,97.22
1995-11-13,97.2,97.47,97.1,97.44
1995-11-14,97.45,97.65,97.41,97.46
1995-11-15,97.45,97.7,97.43,97.63
1995-11-16,97.63,97.76,97.39,97.51
1995-11-17,97.57,97.58,97.31,97.53
1995-11-20,97.6,97.68,97.23,97.25
1995-11-21,97.25,97.39,97.21,97.39
1995-11-22,97.41,97.72,97.4,97.68
1995-11-23,97.71,97.9,97.62,97.83
1995-11-24,97.85,98.06,97.85,98.02
1995-11-27,98.08,98.44,98.08,98.41
1995-11-28,98.43,98.43,98.13,98.23
1995-11-29,98.31,98.43,98.22,98.26
1995-11-30,98.4,98.8,98.17,98.78
1995-12-01,98.73,99.15,98.73,99.13
1995-12-04,99.17,99.28,99.04,99.26
1995-12-05,99.24,99.55,99.24,99.51
1995-12-06,99.36,99.88,99.35,99.73
1995-12-07,99.66,99.79,99.43,99.45
1995-12-08,98.5,98.99,98.45,98.61
1995-12-11,98.72,98.78,98.63,98.66
1995-12-12,98.7,98.82,98.61,98.61
1995-12-13,98.72,98.8,98.56,98.78
1995-12-14,98.78,99.13,98.78,99.12
1995-12-15,99.03,99.53,99.02,99.26
1995-12-18,99.18,99.28,98.64,98.65
1995-12-19,98.6,98.73,98.12,98.51
1995-12-20,98.92,99.11,98.68,98.77
1995-12-21,98.7,98.7,98.47,98.61
1995-12-22,98.69,98.84,98.69,98.83
1995-12-27,98.86,99.12,98.86,99.1
1995-12-28,99.11,99.28,99.08,99.22
1995-12-29,99.3,99.44,99.25,99.43
1996-01-02,99.45,99.85,99.38,99.7
1996-01-03,99.82,99.86,99.58,99.63
1996-01-04,99.7,99.92,99.54,99.87
1996-01-05,99.64,99.89,99.42,99.53
1996-01-08,99.6,99.75,99.46,99.6
1996-01-09,99.72,100.01,99.71,99.87
1996-01-10,99.76,100.13,99.75,99.97
1996-01-11,99.8,100.18,99.75,100.03
1996-01-12,100.19,100.32,100.15,100.24
1996-01-15,100.27,100.53,100.27,100.49
1996-01-16,100.62,100.97,100.62,100.96
1996-01-17,101.25,101.25,100.58,100.67
1996-01-18,100.85,101.2,100.6,101.1
1996-01-19,101.18,101.27,100.7,100.92
1996-01-22,101.0,101.03,100.72,100.84
1996-01-23,100.64,100.86,100.46,100.84
1996-01-24,100.8,101.19,100.78,101.17
1996-01-25,101.23,101.35,100.75,100.79
1996-01-26,100.74,100.83,100.01,100.46
1996-01-29,100.68,100.73,99.94,99.97
1996-01-30,99.83,100.51,99.83,100.48
1996-01-31,100.55,100.85,100.04,100.33
1996-02-01,100.22,100.47,100.04,100.34
1996-02-02,100.27,100.3,99.44,99.49
1996-02-05,99.22,99.32,98.28,98.34
1996-02-06,98.49,98.86,98.32,98.74
1996-02-07,98.9,99.23,98.83,99.11
1996-02-08,99.2,99.3,98.83,98.84
1996-02-09,99.0,99.1,98.2,98.87
1996-02-12,98.75,98.82,98.51,98.77
1996-02-13,99.03,99.2,98.92,99.06
1996-02-14,98.99,98.99,98.53,98.62
1996-02-15,98.41,98.68,98.26,98.66
1996-02-16,98.4,98.65,98.32,98.5
1996-02-19,98.28,98.31,97.27,97.28
1996-02-20,97.31,97.63,96.63,96.92
1996-02-21,96.35,97.45,96.16,97.44
1996-02-22,97.47,97.6,97.21,97.28
1996-02-23,97.36,98.06,97.32,97.64
1996-02-26,97.27,97.54,96.66,96.69
1996-02-27,96.83,97.0,96.44,96.92
1996-02-28,96.87,97.36,96.75,97.31
1996-02-29,97.19,97.51,96.66,97.01
1996-03-01,97.16,97.84,97.16,97.82
1996-03-04,98.03,98.15,97.87,97.96
1996-03-05,98.19,98.28,97.64,97.7
1996-03-06,97.62,98.0,97.58,97.85
1996-03-07,97.67,97.7,97.33,97.37
1996-03-08,96.65,96.74,95.4,95.49
1996-03-11,94.7,95.64,94.6,95.57
1996-03-12,95.85,95.85,95.0,95.01
1996-03-13,95.19,95.65,95.11,95.25
1996-03-14,95.25,95.74,95.09,95.71
1996-03-15,95.6,95.68,94.97,95.27
1996-03-18,95.25,95.48,95.05,95.4
1996-03-19,95.55,95.58,95.16,95.32
1996-03-20,95.24,95.93,94.82,95.83
1996-03-21,96.0,96.08,95.66,95.85
1996-03-22,95.81,95.99,95.61,95.66
1996-03-25,95.79,96.52,95.76,96.51
1996-03-26,96.62,96.63,96.24,96.44
1996-03-27,96.55,96.74,96.4,96.51
1996-03-28,96.25,96.28,95.76,96.07
1996-03-29,96.01,96.27,95.96,96.2
1996-04-01,96.35,96.66,96.32,96.52
1996-04-02,96.69,97.05,96.61,96.93
1996-04-03,96.9,97.0,96.55,96.76
1996-04-04,96.75,96.76,96.55,96.61
1996-04-09,95.5,96.28,95.47,96.22
1996-04-10,96.41,96.49,96.23,96.42
1996-04-11,96.17,96.2,95.71,95.72
1996-04-12,95.8,96.2,95.76,96.19
1996-04-15,96.44,96.47,96.14,96.22
1996-04-16,96.28,96.67,96.23,96.6
1996-04-17,96.51,96.58,96.19,96.22
1996-04-18,96.18,96.78,95.96,96.4
1996-04-19,96.48,96.94,96.45,96.88
1996-04-22,97.08,97.32,97.03,97.12
1996-04-23,97.09,97.34,96.98,97.09
1996-04-24,97.08,97.31,97.01,97.06
1996-04-25,97.0,97.13,96.88,96.92
1996-04-26,97.14,97.41,97.13,97.24
1996-04-29,97.25,97.35,97.13,97.15
1996-04-30,97.17,97.3,96.96,97.02
1996-05-02,96.95,97.08,96.3,96.31
1996-05-03,95.95,96.19,95.55,95.7
1996-05-06,95.5,95.8,95.38,95.8
1996-05-07,95.89,96.03,95.71,95.72
1996-05-08,95.69,96.14,95.65,96.0
1996-05-09,96.38,96.41,96.02,96.06
1996-05-10,96.0,96.55,95.97,96.52
1996-05-13,96.48,96.53,96.27,96.3
1996-05-14,96.4,96.84,96.37,96.82
1996-05-15,96.83,96.9,96.58,96.62
1996-05-17,96.51,96.98,96.34,96.92
1996-05-20,97.01,97.17,96.87,96.89
1996-05-21,96.84,97.19,96.83,96.9
1996-05-22,96.83,97.01,96.63,96.69
1996-05-23,96.95,97.03,96.74,96.84
1996-05-24,96.75,97.0,96.69,96.99
1996-05-28,97.07,97.14,96.9,96.9
1996-05-29,96.87,96.98,96.83,96.98
1996-05-30,96.75,96.79,96.35,96.44
1996-05-31,96.56,96.61,96.18,96.28
1996-06-03,96.25,96.47,96.11,96.45
1996-06-04,96.49,96.75,96.41,96.68
1996-06-05,96.67,96.71,96.47,96.48
1996-06-07,95.85,95.87,95.03,95.2
1996-06-10,95.34,95.37,95.21,95.22
1996-06-11,95.12,95.45,94.97,95.4
1996-06-12,95.31,95.41,95.17,95.33
1996-06-13,95.15,95.17,94.82,94.83
1996-06-14,95.0,95.08,94.35,94.54
1996-06-17,94.54,94.77,94.41,94.59
1996-06-18,94.72,94.9,94.46,94.88
1996-06-19,94.8,94.99,94.58,94.72
1996-06-20,94.79,94.92,94.45,94.59
1996-06-21,94.72,95.03,94.66,94.93
1996-06-24,95.0,95.16,94.97,95.06
1996-06-25,95.15,95.32,95.09,95.31
1996-06-26,95.37,95.38,95.13,95.35
1996-06-27,95.32,95.38,94.96,95.01
1996-06-28,95.25,95.84,95.2,95.7
1996-07-01,95.75,95.75,95.48,95.68
1996-07-02,95.7,95.78,95.43,95.5
1996-07-03,95.43,95.55,95.3,95.53
1996-07-04,95.64,95.74,95.61,95.7
1996-07-05,95.7,95.7,95.1,95.12
1996-07-08,94.92,95.21,94.85,95.19
1996-07-09,95.25,95.42,95.17,95.4
1996-07-10,95.53,95.67,95.41,95.54
1996-07-11,95.66,95.82,95.46,95.76
1996-07-12,95.74,96.0,95.7,95.94
1996-07-15,95.85,95.96,95.73,95.77
1996-07-16,95.72,96.18,95.52,96.08
1996-07-17,96.2,96.45,96.03,96.39
1996-07-18,96.34,96.91,96.3,96.83
1996-07-19,96.98,97.03,96.61,96.73
1996-07-22,96.7,96.94,96.66,96.82
1996-07-23,96.75,96.82,96.65,96.75
1996-07-24,96.89,97.09,96.83,96.87
1996-07-25,96.65,97.18,96.48,97.17
1996-07-26,97.1,97.31,96.95,96.97
1996-07-29,97.05,97.05,96.78,96.8
1996-07-30,96.73,96.95,96.62,96.88
1996-07-31,96.88,97.12,96.87,97.03
1996-08-01,97.08,97.33,96.8,97.3
1996-08-02,97.32,97.79,97.23,97.77
1996-08-05,97.8,97.8,97.64,97.67
1996-08-06,97.68,97.78,97.57,97.77
1996-08-07,97.8,98.0,97.79,97.85
1996-08-08,97.72,97.79,97.65,97.67
1996-08-09,97.75,97.98,97.71,97.87
1996-08-12,97.93,98.09,97.73,97.75
1996-08-13,97.8,98.05,97.72,97.84
1996-08-14,97.71,97.81,97.65,97.74
1996-08-15,97.85,97.85,97.65,97.8
1996-08-16,97.85,98.22,97.8,98.19
1996-08-19,98.26,98.35,98.05,98.07
1996-08-20,98.13,98.22,97.94,98.06
1996-08-21,98.04,98.04,97.41,97.43
1996-08-22,97.49,98.03,97.36,97.79
1996-08-23,97.89,98.06,97.37,97.42
1996-08-26,97.28,97.32,97.12,97.15
1996-08-27,97.1,97.44,97.08,97.29
1996-08-28,97.48,97.54,97.22,97.33
1996-08-29,97.36,97.54,97.35,97.38
1996-08-30,97.38,97.39,97.14,97.18
1996-09-02,97.17,97.28,96.98,97.27
1996-09-03,97.15,97.26,96.87,97.23
1996-09-04,97.36,97.4,97.23,97.27
1996-09-05,97.19,97.58,97.17,97.57
1996-09-06,97.48,97.56,97.4,97.44
1996-09-09,96.74,96.86,96.69,96.81
1996-09-10,96.92,97.05,96.79,96.81
1996-09-11,96.79,97.11,96.78,97.04
1996-09-12,97.15,97.27,97.03,97.23
1996-09-13,97.25,98.0,97.25,97.99
1996-09-16,98.05,98.19,97.95,97.99
1996-09-17,98.04,98.35,97.92,98.12
1996-09-18,98.04,98.28,97.94,98.08
1996-09-19,98.09,98.16,97.87,98.04
1996-09-20,98.08,98.33,98.08,98.26
1996-09-23,98.32,98.34,97.8,97.86
1996-09-24,98.05,98.22,97.85,98.2
1996-09-25,98.3,98.7,98.27,98.67
1996-09-26,98.8,98.95,98.65,98.88
1996-09-27,98.9,99.02,98.7,98.76
1996-09-30,98.73,98.78,98.61,98.62
1996-10-01,98.7,99.06,98.58,99.05
1996-10-02,99.1,99.3,99.08,99.27
1996-10-04,99.16,99.76,99.09,99.75
1996-10-07,99.69,99.73,99.22,99.26
1996-10-08,99.25,99.69,99.15,99.53
1996-10-09,99.49,99.93,99.47,99.71
1996-10-10,99.6,99.74,99.24,99.43
1996-10-11,99.37,99.65,99.21,99.3
1996-10-14,99.32,99.32,99.1,99.3
1996-10-15,99.36,99.7,99.31,99.55
1996-10-16,99.53,99.7,99.14,99.15
1996-10-17,99.28,99.35,99.05,99.21
1996-10-18,99.35,99.68,99.31,99.59
1996-10-21,99.57,99.67,99.51,99.58
1996-10-22,99.52,99.84,99.42,99.8
1996-10-23,99.67,99.83,99.45,99.47
1996-10-24,99.58,99.59,99.16,99.18
1996-10-25,99.16,99.74,99.01,99.55
1996-10-28,99.48,99.65,99.34,99.35
1996-10-29,99.3,99.59,99.1,99.53
1996-10-30,99.68,99.84,99.41,99.46
1996-10-31,99.46,99.7,99.35,99.63
1996-11-01,99.75,100.01,99.26,99.51
1996-11-04,99.44,99.55,99.33,99.47
1996-11-05,99.53,100.19,99.45,100.18
1996-11-06,100.39,100.47,100.13,100.34
1996-11-07,100.18,100.43,100.06,100.25
1996-11-08,100.56,100.58,100.17,100.2
1996-11-11,100.24,100.55,100.2,100.52
1996-11-12,100.54,100.73,100.54,100.72
1996-11-13,100.78,100.85,100.61,100.64
1996-11-14,100.68,101.01,100.6,100.97
1996-11-15,101.08,101.14,100.85,101.01
1996-11-18,100.97,101.21,100.87,101.06
1996-11-19,101.1,101.27,100.95,101.18
1996-11-20,101.24,101.28,100.69,100.85
1996-11-21,101.02,101.05,100.75,100.92
1996-11-22,100.85,101.18,100.74,101.14
1996-11-25,101.17,101.18,100.91,101.17
1996-11-26,101.16,101.48,101.16,101.33
1996-11-27,101.25,101.55,101.25,101.37
1996-11-28,101.38,101.7,101.32,101.7
1996-11-29,101.73,102.59,101.66,102.53
1996-12-02,102.59,102.64,102.22,102.43
1996-12-03,102.54,102.99,102.35,102.63
1996-12-04,102.45,102.52,102.27,102.3
1996-12-05,102.25,102.56,101.44,101.45
1996-12-06,100.75,101.22,100.56,100.66
1996-12-09,100.4,100.84,100.35,100.79
1996-12-10,100.85,101.05,100.61,100.79
1996-12-11,100.6,100.67,99.88,99.96
1996-12-12,99.88,100.19,99.65,99.66
1996-12-13,99.75,100.19,99.28,100.15
1996-12-16,100.23,100.54,100.0,100.2
1996-12-17,100.0,100.16,99.71,99.81
1996-12-18,99.96,100.18,99.89,100.03
1996-12-19,99.85,100.37,99.8,100.32
1996-12-20,100.41,100.72,100.4,100.43
1996-12-23,100.44,100.68,100.42,100.66
1996-12-27,100.65,100.74,100.63,100.73
1996-12-30,100.76,100.95,100.74,100.84
1997-01-02,100.45,100.45,99.3,99.4
1997-01-03,99.54,99.77,99.35,99.72
1997-01-06,99.76,99.78,99.43,99.56
1997-01-07,99.43,99.75,99.32,99.54
1997-01-08,99.69,99.92,99.64,99.89
1997-01-09,99.66,100.32,99.66,100.31
1997-01-10,100.37,100.46,99.92,100.11
1997-01-13,100.2,100.97,100.2,100.86
1997-01-14,100.85,101.27,100.69,101.24
1997-01-15,101.29,101.59,101.2,101.32
1997-01-16,101.31,101.88,101.23,101.6
1997-01-17,101.51,101.56,101.26,101.33
1997-01-20,101.4,101.74,101.32,101.36
1997-01-21,101.34,101.65,101.05,101.49
1997-01-22,101.75,101.91,101.51,101.54
1997-01-23,101.46,101.76,101.38,101.59
1997-01-24,101.42,101.5,101.1,101.19
1997-01-27,101.26,101.29,101.07,101.14
1997-01-28,101.01,101.5,100.74,101.4
1997-01-29,101.04,101.23,100.84,101.05
1997-01-30,101.23,101.39,101.17,101.18
1997-01-31,101.31,101.75,101.2,101.72
1997-02-03,101.76,101.89,101.68,101.86
1997-02-04,101.87,102.12,101.71,101.8
1997-02-05,101.98,102.3,101.91,102.14
1997-02-06,102.16,102.34,101.94,102.12
1997-02-07,102.12,102.61,102.06,102.52
1997-02-10,102.43,102.72,102.42,102.65
1997-02-11,102.7,103.02,102.7,102.95
1997-02-12,103.0,103.18,102.75,103.14
1997-02-13,103.24,103.25,103.06,103.18
1997-02-14,103.46,103.82,103.35,103.65
1997-02-17,103.64,103.64,103.39,103.63
1997-02-18,103.64,104.04,103.56,103.74
1997-02-19,103.71,103.85,103.44,103.49
1997-02-20,103.35,103.53,103.12,103.47
1997-02-21,103.25,103.44,103.18,103.43
1997-02-24,103.4,103.4,103.18,103.21
1997-02-25,103.26,103.46,103.22,103.34
1997-02-26,103.26,103.29,102.86,103.03
1997-02-27,102.83,103.65,102.83,103.63
1997-02-28,103.49,103.98,103.12,103.27
1997-03-03,103.25,103.45,103.19,103.32
1997-03-04,103.32,103.6,103.27,103.38
1997-03-05,103.25,103.29,102.52,102.6
1997-03-06,102.88,102.88,102.6,102.63
1997-03-07,101.55,101.87,101.32,101.46
1997-03-10,101.61,101.81,101.58,101.72
1997-03-11,101.73,102.18,101.66,101.84
1997-03-12,101.86,101.92,101.62,101.77
1997-03-13,101.57,101.62,101.37,101.41
1997-03-14,101.34,101.55,101.18,101.46
1997-03-17,101.49,101.6,100.36,100.4
1997-03-18,100.35,100.35,99.77,99.99
1997-03-19,100.07,100.34,99.77,99.78
1997-03-20,99.68,99.82,99.51,99.69
1997-03-21,99.98,100.25,99.85,99.95
1997-03-24,100.01,100.19,99.89,100.13
1997-03-25,100.31,100.5,100.28,100.47
1997-03-26,100.19,100.5,99.95,100.26
1997-03-27,100.38,100.47,99.9,99.98
1997-04-01,99.56,99.69,99.25,99.47
1997-04-02,99.62,99.71,99.29,99.45
1997-04-03,99.5,99.54,99.06,99.22
1997-04-04,99.26,99.58,99.08,99.36
1997-04-07,99.4,100.31,99.38,100.24
1997-04-08,100.35,100.48,100.07,100.18
1997-04-09,100.29,100.65,100.16,100.31
1997-04-10,100.28,100.39,100.02,100.11
1997-04-11,100.18,100.35,99.75,99.86
1997-04-14,99.86,100.0,99.7,99.94
1997-04-15,100.0,100.91,99.98,100.81
1997-04-16,100.87,101.01,100.53,100.67
1997-04-17,100.9,101.13,100.8,100.94
1997-04-18,100.94,100.99,100.69,100.82
1997-04-21,100.81,100.81,100.4,100.41
1997-04-22,100.35,100.68,100.31,100.66
1997-04-23,100.86,100.95,100.74,100.86
1997-04-24,100.77,101.05,100.53,100.6
1997-04-25,100.45,100.53,100.25,100.45
1997-04-28,100.5,100.57,100.27,100.42
1997-04-29,100.6,101.04,100.45,101.0
1997-04-30,101.1,101.28,100.83,101.27
1997-05-02,101.71,101.79,101.43,101.6
1997-05-05,101.87,101.88,101.69,101.75
1997-05-06,101.86,101.9,101.61,101.88
1997-05-07,101.79,101.84,101.67,101.71
1997-05-09,101.94,102.11,101.68,101.73
1997-05-12,101.76,102.32,101.76,102.21
1997-05-13,102.23,102.35,102.08,102.16
1997-05-14,102.08,102.58,102.01,102.56
1997-05-15,102.47,102.51,102.1,102.35
1997-05-16,102.49,102.65,101.75,101.84
1997-05-20,101.59,101.7,101.36,101.61
1997-05-21,101.83,101.94,101.12,101.17
1997-05-22,101.02,101.25,100.63,100.73
1997-05-23,100.8,101.04,100.66,100.95
1997-05-26,100.8,100.83,100.7,100.71
1997-05-27,100.72,100.82,100.55,100.81
1997-05-28,100.77,100.99,100.43,100.89
1997-05-30,100.65,100.83,100.48,100.69
1997-06-02,100.47,100.91,100.43,100.8
1997-06-03,100.87,101.49,100.84,101.47
1997-06-04,101.43,101.55,101.27,101.45
1997-06-05,101.41,101.77,101.32,101.61
1997-06-06,101.61,101.72,101.59,101.65
1997-06-09,101.05,101.08,100.64,100.76
1997-06-10,100.63,100.91,100.63,100.88
1997-06-11,100.74,101.05,100.69,100.76
1997-06-12,100.78,101.43,100.7,101.39
1997-06-13,101.36,101.73,101.21,101.54
1997-06-16,101.54,101.85,101.45,101.71
1997-06-17,101.8,101.87,101.23,101.33
1997-06-18,101.32,101.44,101.09,101.33
1997-06-19,101.52,101.58,100.94,101.01
1997-06-20,101.08,101.35,100.85,101.34
1997-06-23,101.35,101.45,101.08,101.32
1997-06-24,101.23,101.66,101.1,101.65
1997-06-25,101.59,101.76,101.54,101.72
1997-06-26,101.6,101.94,101.57,101.88
1997-06-27,101.75,101.99,101.75,101.85
1997-06-30,101.95,101.99,101.44,101.52
1997-07-01,101.57,101.92,101.41,101.9
1997-07-02,101.93,102.16,101.84,102.04
1997-07-03,102.1,102.46,101.97,102.42
1997-07-04,102.34,102.52,102.32,102.42
1997-07-07,102.41,102.92,102.41,102.83
1997-07-08,102.82,102.92,102.58,102.73
1997-07-09,102.73,103.15,102.73,102.86
1997-07-10,102.89,102.93,102.53,102.71
1997-07-11,102.8,103.0,102.66,102.99
1997-07-14,103.05,103.13,102.51,102.67
1997-07-15,102.5,102.51,102.15,102.28
1997-07-16,102.45,102.61,102.34,102.44
1997-07-17,102.62,102.98,102.62,102.84
1997-07-18,102.79,102.89,102.67,102.72
1997-07-21,102.78,102.8,102.53,102.7
1997-07-22,102.72,103.11,102.7,103.01
1997-07-23,103.49,103.58,103.17,103.25
1997-07-24,103.16,103.47,102.97,103.06
1997-07-25,103.03,103.05,102.62,102.9
1997-07-28,102.82,102.92,102.68,102.84
1997-07-29,102.97,103.15,102.9,103.14
1997-07-30,103.25,103.47,103.11,103.36
1997-07-31,103.37,103.51,102.89,103.05
1997-08-01,103.15,103.16,102.27,102.35
1997-08-04,102.27,102.43,102.01,102.16
1997-08-05,102.24,102.31,101.58,101.71
1997-08-06,101.65,102.11,101.51,102.0
1997-08-07,102.04,102.17,101.83,102.1
1997-08-08,101.7,102.11,101.62,101.6
1997-08-11,101.6,102.01,101.52,101.91
1997-08-12,101.97,102.33,101.92,102.24
1997-08-13,102.0,102.22,101.7,101.96
1997-08-14,102.08,102.4,102.07,102.39
1997-08-15,102.4,102.48,101.99,102.15
1997-08-18,102.3,102.68,102.19,102.61
1997-08-19,102.52,102.92,102.4,102.89
1997-08-20,102.85,102.93,102.6,102.64
1997-08-21,102.66,102.8,102.52,102.55
1997-08-22,102.39,102.44,101.82,101.98
1997-08-25,102.07,102.1,101.82,101.96
1997-08-26,101.95,102.19,101.76,102.11
1997-08-27,102.17,102.27,101.88,101.97
1997-08-28,102.08,102.42,102.0,102.4
1997-08-29,102.55,102.55,102.06,102.13
1997-09-01,102.14,102.39,102.11,102.37
1997-09-02,102.41,102.44,102.04,102.38
1997-09-03,102.42,102.45,102.3,102.29
1997-09-04,102.19,102.46,102.15,102.38
1997-09-05,102.43,102.68,102.15,102.28
1997-09-08,102.35,102.35,102.24,102.32
1997-09-09,101.51,101.75,101.47,101.73
1997-09-10,101.72,101.85,101.64,101.75
1997-09-11,101.75,101.84,101.53,101.66
1997-09-12,101.7,101.9,101.58,101.89
1997-09-15,101.9,101.99,101.62,101.89
1997-09-16,101.9,102.4,101.79,102.38
1997-09-17,102.49,102.54,102.34,102.41
1997-09-18,102.42,102.84,102.39,102.73
1997-09-19,102.62,102.66,102.44,102.52
1997-09-22,102.62,102.79,102.47,102.7
1997-09-23,102.71,102.78,102.6,102.74
1997-09-24,102.67,103.08,102.59,103.06
1997-09-25,103.03,103.15,102.7,102.71
1997-09-26,102.72,102.9,102.68,102.8
1997-09-29,102.8,102.87,102.61,102.74
1997-09-30,102.75,103.01,102.71,102.96
1997-10-01,103.0,103.43,102.98,103.35
1997-10-02,103.33,103.45,103.23,103.38
1997-10-06,103.7,103.77,103.52,103.63
1997-10-07,103.64,103.82,103.37,103.57
1997-10-08,103.64,103.73,103.19,103.31
1997-10-09,103.15,103.21,102.31,102.62
1997-10-10,102.62,102.68,102.09,102.22
1997-10-13,102.24,102.58,102.24,102.57
1997-10-14,102.58,102.79,102.57,102.77
1997-10-15,102.78,102.81,102.26,102.28
1997-10-16,102.39,102.4,101.73,101.87
1997-10-17,101.79,101.93,101.53,101.72
1997-10-20,101.71,102.04,101.71,101.99
1997-10-21,101.96,102.05,101.65,101.71
1997-10-22,101.74,101.88,101.28,101.35
1997-10-23,101.5,102.08,101.44,101.74
1997-10-24,101.72,102.27,101.64,102.23
1997-10-27,102.34,102.43,101.78,101.81
1997-10-28,102.54,103.0,101.95,102.1
1997-10-29,102.0,102.45,101.87,102.42
1997-10-30,102.65,102.81,102.46,102.62
1997-10-31,102.52,102.84,102.45,102.81
1997-11-03,102.65,102.66,102.32,102.45
1997-11-04,102.49,102.66,102.26,102.59
1997-11-05,102.49,102.49,102.36,102.46
1997-11-06,102.53,102.55,102.19,102.38
1997-11-07,102.61,102.79,102.48,102.65
1997-11-10,102.47,102.67,102.47,102.67
1997-11-11,102.62,102.66,102.52,102.59
1997-11-12,102.53,102.78,102.16,102.25
1997-11-13,102.31,102.7,102.17,102.67
1997-11-14,102.61,102.95,102.61,102.83
1997-11-17,102.64,102.86,102.59,102.85
1997-11-18,102.94,103.1,102.74,102.9
1997-11-19,102.94,103.36,102.94,103.35
1997-11-20,103.26,103.57,103.22,103.49
1997-11-21,103.4,103.44,103.16,103.34
1997-11-24,103.59,103.65,103.45,103.57
1997-11-25,103.52,103.8,103.4,103.73
1997-11-26,103.68,103.75,103.48,103.64
1997-11-27,103.66,103.67,103.49,103.6
1997-11-28,103.64,103.99,103.61,103.89
1997-12-01,103.94,104.01,103.82,103.96
1997-12-02,103.9,104.33,103.9,104.29
1997-12-03,104.33,104.38,104.07,104.21
1997-12-04,104.19,104.48,104.09,104.42
1997-12-05,104.28,104.34,103.88,104.24
1997-12-08,104.13,104.33,104.1,104.3
1997-12-09,103.75,103.82,103.57,103.75
1997-12-10,103.74,103.82,103.58,103.78
1997-12-11,103.9,104.38,103.86,104.3
1997-12-12,104.29,104.72,104.26,104.65
1997-12-15,104.65,104.81,104.53,104.54
1997-12-16,104.52,104.63,104.41,104.53
1997-12-17,104.35,104.44,104.2,104.32
1997-12-18,104.35,104.78,104.34,104.74
1997-12-19,104.84,105.05,104.83,104.9
1997-12-22,104.98,105.15,104.86,104.91
1997-12-23,105.0,105.17,104.89,105.03
1997-12-29,105.09,105.09,104.83,104.86
1997-12-30,104.88,104.9,104.27,104.33
1998-01-02,104.28,104.56,103.96,104.49
1998-01-05,104.69,105.44,104.6,105.41
1998-01-06,105.58,105.6,105.2,105.31
1998-01-07,105.42,105.63,105.37,105.45
1998-01-08,105.45,106.09,105.41,106.07
1998-01-09,105.95,106.36,105.85,106.26
1998-01-12,106.4,106.78,106.32,106.44
1998-01-13,106.35,106.6,106.13,106.37
1998-01-14,106.2,106.59,106.01,106.47
1998-01-15,106.42,106.71,106.22,106.38
1998-01-16,106.08,106.37,106.06,106.34
1998-01-19,106.2,106.45,106.06,106.41
1998-01-20,106.4,106.62,106.34,106.38
1998-01-21,106.3,106.55,105.81,106.08
1998-01-22,106.28,106.35,105.83,106.09
1998-01-23,105.84,106.04,105.71,105.88
1998-01-26,105.5,106.28,105.46,106.25
1998-01-27,106.21,106.34,106.1,106.12
1998-01-28,106.25,106.44,105.97,106.06
1998-01-29,106.09,106.62,105.93,106.55
1998-01-30,106.61,106.69,106.46,106.58
1998-02-02,106.53,106.67,106.38,106.38
1998-02-03,106.38,106.64,106.38,106.62
1998-02-04,106.6,106.61,106.08,106.23
1998-02-05,106.3,106.31,105.99,106.01
1998-02-06,106.01,106.46,105.96,106.31
1998-02-09,106.37,106.44,106.25,106.28
1998-02-10,106.27,106.63,106.24,106.54
1998-02-11,106.57,107.16,106.53,107.1
1998-02-12,107.2,107.34,107.08,107.33
1998-02-13,107.16,107.51,107.13,107.28
1998-02-16,107.32,107.49,107.31,107.44
1998-02-17,107.53,107.91,107.47,107.82
1998-02-18,107.8,107.97,107.59,107.64
1998-02-19,107.58,107.72,107.51,107.63
1998-02-20,107.6,107.67,107.32,107.42
1998-02-23,107.78,108.01,107.48,107.49
1998-02-24,107.47,107.81,107.38,107.53
1998-02-25,107.47,107.9,107.25,107.84
1998-02-26,107.91,108.0,107.58,107.76
1998-02-27,107.74,107.92,107.45,107.65
1998-03-02,107.8,107.87,107.5,107.76
1998-03-03,107.67,107.81,107.34,107.39
1998-03-04,107.35,107.47,106.67,106.79
1998-03-05,106.97,107.21,106.74,107.01
1998-03-06,107.05,107.05,106.85,106.96
1998-03-09,106.7,107.28,106.64,107.28
1998-03-10,107.24,107.44,107.17,107.34
1998-03-11,107.57,107.69,107.36,107.37
1998-03-12,107.41,107.82,107.34,107.79
1998-03-13,107.79,107.87,107.47,107.53
1998-03-16,107.6,107.79,107.59,107.71
1998-03-17,107.66,107.9,107.61,107.62
1998-03-18,107.6,107.83,107.54,107.72
1998-03-19,107.68,107.79,107.3,107.36
1998-03-20,107.5,107.79,107.37,107.67
1998-03-23,107.6,107.66,107.43,107.54
1998-03-24,107.6,107.83,107.6,107.78
1998-03-25,107.75,108.17,107.56,107.58
1998-03-26,107.57,107.78,107.51,107.72
1998-03-27,107.64,107.7,107.44,107.55
1998-03-30,107.56,107.7,107.13,107.23
1998-03-31,107.26,107.37,106.93,107.37
1998-04-01,107.39,107.42,107.03,107.1
1998-04-02,107.33,107.54,107.23,107.51
1998-04-03,107.7,108.09,107.68,107.97
1998-04-06,107.91,108.07,107.8,107.8
1998-04-07,107.81,107.88,107.66,107.72
1998-04-08,107.69,107.85,107.67,107.73
1998-04-09,107.63,107.95,107.59,107.75
1998-04-14,107.68,107.8,107.61,107.74
1998-04-15,107.79,107.85,107.52,107.64
1998-04-16,107.76,107.81,107.61,107.72
1998-04-17,107.7,107.88,107.69,107.72
1998-04-20,107.76,107.76,107.34,107.37
1998-04-21,107.42,107.46,107.16,107.2
1998-04-22,107.24,107.39,107.0,107.21
1998-04-23,107.15,107.29,106.96,107.23
1998-04-24,107.06,107.28,106.99,107.24
1998-04-27,107.24,107.33,106.35,106.39
1998-04-28,106.57,106.61,106.25,106.55
1998-04-29,106.39,106.5,106.25,106.37
1998-04-30,106.41,107.04,106.12,106.96
1998-05-04,107.1,107.15,106.83,107.07
1998-05-05,107.14,107.25,106.75,106.82
1998-05-06,106.83,106.95,106.62,106.77
1998-05-07,106.9,106.98,106.61,106.69
1998-05-08,106.66,106.95,106.66,106.93
1998-05-11,106.79,106.91,106.7,106.76
1998-05-12,106.68,106.7,106.34,106.59
1998-05-13,106.7,106.91,106.66,106.88
1998-05-14,106.89,106.97,106.79,106.82
1998-05-15,106.83,106.84,106.67,106.72
1998-05-18,106.76,106.86,106.62,106.85
1998-05-19,106.85,106.98,106.83,106.95
1998-05-20,106.9,107.34,106.86,107.25
1998-05-22,107.25,107.47,107.24,107.45
1998-05-25,107.45,107.5,107.42,107.5
1998-05-26,107.56,107.8,107.53,107.8
1998-05-27,107.91,107.95,107.63,107.7
1998-05-28,107.67,107.8,107.61,107.63
1998-05-29,107.7,108.02,107.7,107.94
1998-06-02,108.22,108.34,108.02,108.11
1998-06-03,108.15,108.17,107.96,107.99
1998-06-04,107.98,108.14,107.77,108.02
1998-06-05,108.0,108.26,107.86,108.25
1998-06-08,108.26,108.32,108.14,108.16
1998-06-09,107.75,107.78,107.43,107.56
1998-06-10,107.62,108.16,107.6,108.15
1998-06-12,108.34,108.52,108.22,108.36
1998-06-15,108.44,108.62,108.37,108.54
1998-06-16,108.57,108.57,108.25,108.25
1998-06-17,108.24,108.25,107.78,107.94
1998-06-18,107.97,108.2,107.8,108.19
1998-06-19,108.1,108.16,107.82,108.06
1998-06-22,108.25,108.41,108.23,108.29
1998-06-23,108.25,108.46,108.16,108.44
1998-06-24,108.52,108.57,108.32,108.5
1998-06-25,108.46,108.48,108.29,108.41
1998-06-26,108.41,108.55,108.26,108.54
1998-06-29,108.51,108.56,108.39,108.46
1998-06-30,108.36,108.4,108.27,108.36
1998-07-01,108.47,108.54,108.18,108.52
1998-07-02,108.48,108.77,108.43,108.67
1998-07-03,108.66,108.79,108.61,108.73
1998-07-06,108.74,108.99,108.74,108.98
1998-07-07,108.98,109.06,108.72,108.73
1998-07-08,108.72,108.95,108.66,108.76
1998-07-09,108.73,109.03,108.66,108.98
1998-07-10,109.02,109.13,108.94,109.01
1998-07-13,109.1,109.15,108.5,108.66
1998-07-14,108.68,108.87,108.57,108.67
1998-07-15,108.74,108.82,108.58,108.79
1998-07-16,108.7,108.85,108.52,108.77
1998-07-17,108.68,108.89,108.6,108.83
1998-07-20,108.75,109.12,108.67,109.1
1998-07-21,109.05,109.18,108.98,109.14
1998-07-22,109.22,109.26,108.95,109.08
1998-07-23,109.1,109.19,108.99,109.06
1998-07-24,109.07,109.17,108.98,109.14
1998-07-27,109.08,109.22,109.06,109.14
1998-07-28,109.02,109.37,108.97,109.33
1998-07-29,109.21,109.34,109.19,109.25
1998-07-30,109.2,109.35,109.17,109.33
1998-07-31,109.35,109.42,109.31,109.38
1998-08-03,109.44,109.79,109.42,109.7
1998-08-04,109.7,109.9,109.58,109.86
1998-08-05,109.83,109.9,109.73,109.79
1998-08-06,109.83,109.86,109.74,109.77
1998-08-07,109.79,110.17,109.79,110.11
1998-08-10,110.13,110.36,110.03,110.26
1998-08-11,110.3,110.95,110.3,110.78
1998-08-12,110.59,110.72,110.49,110.57
1998-08-13,110.8,110.84,110.45,110.6
1998-08-14,110.5,111.01,110.34,110.91
1998-08-17,110.9,111.22,110.89,111.12
1998-08-18,111.05,111.2,110.91,111.11
1998-08-19,111.12,111.32,110.92,111.29
1998-08-20,111.23,112.09,111.2,112.0
1998-08-21,111.94,113.13,111.93,112.79
1998-08-24,112.6,112.98,112.46,112.86
1998-08-25,112.75,114.07,112.75,113.49
1998-08-26,113.65,113.93,112.63,112.83
1998-08-27,112.91,113.98,112.85,113.64
1998-08-28,113.83,114.52,113.55,113.64
1998-08-31,113.85,113.85,113.31,113.63
1998-09-01,114.0,114.19,112.47,112.84
1998-09-02,112.75,113.04,112.18,112.65
1998-09-03,112.86,113.38,112.71,113.13
1998-09-04,113.13,113.36,112.56,112.93
1998-09-07,113.05,113.1,112.4,112.67
1998-09-08,112.65,112.84,112.41,112.51
1998-09-09,111.79,112.93,111.78,112.86
1998-09-10,112.9,114.05,112.9,114.02
1998-09-11,114.28,114.46,113.57,113.69
1998-09-14,113.49,113.67,113.2,113.25
1998-09-15,113.44,113.98,113.38,113.7
1998-09-16,113.59,113.67,113.37,113.48
1998-09-17,113.71,114.29,113.71,113.97
1998-09-18,113.97,114.21,113.78,114.02
1998-09-21,114.25,114.9,114.22,114.38
1998-09-22,114.1,114.2,113.84,114.12
1998-09-23,114.05,114.15,113.52,113.71
1998-09-24,113.93,114.12,113.34,113.74
1998-09-25,113.95,114.28,113.47,113.71
1998-09-28,113.7,113.91,113.36,113.61
1998-09-29,113.62,113.75,113.51,113.73
1998-09-30,113.99,114.69,113.77,114.6
1998-10-01,114.8,115.17,114.71,114.86
1998-10-02,115.06,115.38,114.72,114.86
1998-10-05,115.15,115.32,114.65,115.3
1998-10-06,115.23,115.33,114.78,115.0
1998-10-07,114.8,114.98,114.38,114.39
1998-10-08,114.54,114.78,112.16,112.43
1998-10-09,112.18,112.33,110.15,110.9
1998-10-12,110.55,111.28,110.26,110.8
1998-10-13,110.7,112.06,110.64,111.64
1998-10-14,111.88,112.27,111.7,112.25
1998-10-15,112.18,112.72,111.97,112.16
1998-10-16,112.91,113.13,112.22,112.76
1998-10-19,112.69,112.79,112.4,112.48
1998-10-20,112.38,112.78,112.12,112.23
1998-10-21,112.18,112.62,111.79,112.47
1998-10-22,112.38,112.61,112.07,112.28
1998-10-23,112.27,112.45,112.06,112.15
1998-10-26,112.17,112.17,111.37,111.95
1998-10-27,112.1,112.51,112.02,112.39
1998-10-28,112.54,112.73,112.26,112.39
1998-10-29,112.46,112.6,112.34,112.37
1998-10-30,112.53,112.65,112.24,112.29
1998-11-02,112.29,112.39,111.79,111.84
1998-11-03,111.65,112.58,111.65,112.41
1998-11-04,112.36,112.48,112.16,112.18
1998-11-05,112.02,112.44,112.01,112.04
1998-11-06,112.06,112.29,111.47,111.54
1998-11-09,111.65,112.13,111.45,112.1
1998-11-10,112.26,112.43,112.12,112.21
1998-11-11,112.15,112.32,112.11,112.12
1998-11-12,112.21,112.77,112.17,112.46
1998-11-13,112.6,112.68,112.39,112.47
1998-11-16,112.65,112.67,112.23,112.38
1998-11-17,112.42,112.72,112.38,112.59
1998-11-18,112.45,113.33,112.45,113.26
1998-11-19,113.22,113.75,113.21,113.59
1998-11-20,113.74,113.92,113.6,113.72
1998-11-23,113.67,114.05,113.64,113.68
1998-11-24,113.6,113.94,113.48,113.86
1998-11-25,113.89,114.1,113.74,113.88
1998-11-26,113.85,114.26,113.85,114.03
1998-11-27,114.07,114.44,114.05,114.19
1998-11-30,114.33,114.52,114.11,114.47
1998-12-01,114.6,114.83,114.46,114.53
1998-12-02,114.58,114.96,114.46,114.89
1998-12-03,115.02,115.15,114.53,114.62
1998-12-04,114.7,114.96,114.65,114.77
1998-12-07,114.65,115.39,114.6,114.95
1998-12-08,114.9,115.22,114.86,115.19
1998-12-09,116.0,116.4,115.9,116.37
1998-12-10,116.3,116.49,116.1,116.46
1998-12-11,116.43,116.74,116.24,116.28
1998-12-14,116.36,116.48,115.86,116.06
1998-12-15,116.03,116.18,115.72,115.83
1998-12-16,115.77,115.79,115.52,115.71
1998-12-17,115.9,115.99,115.73,115.89
1998-12-18,115.91,116.26,115.82,116.14
1998-12-21,116.29,116.29,115.79,115.92
1998-12-22,115.85,115.85,115.0,115.25
1998-12-23,115.09,115.51,114.92,115.32
1998-12-28,115.1,115.3,115.08,115.24
1998-12-29,115.29,115.75,115.27,115.64
1998-12-30,115.72,115.83,115.63,115.78
1999-01-04,115.95,116.9,115.95,116.6
1999-01-05,116.8,117.01,116.6,116.56
1999-01-06,116.72,116.92,116.72,116.77
1999-01-07,116.83,117.0,116.6,116.63
1999-01-08,116.66,116.91,116.66,116.82
1999-01-11,116.66,116.88,116.0,115.98
1999-01-12,116.13,116.35,115.93,116.75
1999-01-13,116.77,117.56,116.65,117.03
1999-01-14,116.89,117.21,116.89,117.32
1999-01-15,117.48,117.68,117.07,117.19
1999-01-18,117.15,117.32,117.15,117.4
1999-01-19,117.34,117.51,117.17,117.48
1999-01-20,117.38,117.38,117.05,117.07
1999-01-21,117.25,117.49,117.24,117.52
1999-01-22,117.65,117.8,117.61,117.73
1999-01-25,117.9,117.92,117.65,117.7
1999-01-26,117.59,117.94,117.55,117.67
1999-01-27,117.58,117.72,117.4,117.73
1999-01-28,117.8,117.85,117.52,117.7
1999-01-29,117.64,117.7,117.62,117.57
1999-02-01,117.54,117.54,117.05,117.03
1999-02-02,116.76,117.17,116.76,117.19
1999-02-03,117.08,117.08,116.59,116.75
1999-02-04,116.81,116.83,116.03,116.1
1999-02-05,116.06,116.4,115.94,116.29
1999-02-08,116.03,116.04,115.57,115.69
1999-02-09,115.95,116.39,115.95,116.32
1999-02-10,116.56,116.56,116.38,116.36
1999-02-11,116.22,116.61,116.15,116.56
1999-02-12,116.58,116.59,115.85,115.73
1999-02-15,115.66,115.71,115.23,115.19
1999-02-16,115.41,115.7,115.23,115.19
1999-02-17,115.45,115.57,115.0,115.53
1999-02-18,115.62,115.78,115.28,115.34
1999-02-19,115.18,115.65,115.18,115.55
1999-02-22,115.52,115.87,115.42,115.88
1999-02-23,115.77,116.21,115.75,116.1
1999-02-24,115.99,116.15,115.71,115.82
1999-02-25,115.47,115.62,114.5,114.54
1999-02-26,114.71,114.77,114.19,114.48
1999-03-01,114.57,114.73,113.57,113.71
1999-03-02,113.69,114.08,113.48,113.9
1999-03-03,113.96,114.28,113.31,113.45
1999-03-04,113.31,113.52,113.04,113.32
1999-03-05,113.3,114.78,113.28,114.77
1999-03-08,114.56,114.73,114.37,114.68
1999-03-09,113.29,113.64,112.67,113.03
1999-03-10,113.2,113.44,113.0,113.24
1999-03-11,113.16,114.4,113.01,114.04
1999-03-12,114.15,114.37,113.61,113.77
1999-03-15,113.95,114.14,113.66,113.79
1999-03-16,113.84,114.39,113.68,114.38
1999-03-17,114.4,114.69,114.24,114.46
1999-03-18,114.45,114.73,114.34,114.61
1999-03-19,114.6,114.76,114.36,114.44
1999-03-22,114.32,114.32,113.91,114.27
1999-03-23,114.12,114.13,113.75,113.91
1999-03-24,114.06,114.16,113.89,113.99
1999-03-25,114.2,114.34,114.0,114.09
1999-03-26,113.97,113.99,113.32,113.58
1999-03-29,113.38,113.61,113.17,113.49
1999-03-30,113.46,113.82,113.39,113.8
1999-03-31,113.95,114.29,113.77,114.0
1999-04-01,114.02,114.27,113.91,113.94
1999-04-06,114.35,115.1,114.35,115.09
1999-04-07,115.1,115.16,114.83,115.03
1999-04-08,115.1,116.08,114.87,115.95
1999-04-09,116.1,116.14,115.64,115.77
1999-04-12,115.97,116.29,115.9,116.1
1999-04-13,116.0,116.08,115.55,115.68
1999-04-14,115.75,115.86,115.66,115.71
1999-04-15,115.69,115.95,115.28,115.36
1999-04-16,115.34,115.44,115.17,115.39
1999-04-19,115.25,115.55,114.89,115.53
1999-04-20,115.75,115.87,115.56,115.61
1999-04-21,115.7,115.89,115.63,115.73
1999-04-22,115.67,115.89,115.55,115.56
1999-04-23,115.45,115.98,115.4,115.66
1999-04-26,115.64,115.69,115.27,115.43
1999-04-27,115.7,115.85,115.56,115.76
1999-04-28,115.74,115.78,115.45,115.48
1999-04-29,115.5,116.09,115.47,116.02
1999-04-30,115.95,116.36,115.26,115.35
1999-05-03,115.31,115.76,115.26,115.66
1999-05-04,115.64,115.79,114.95,115.11
1999-05-05,115.15,115.25,114.85,115.2
1999-05-06,115.22,115.42,114.47,114.7
1999-05-07,114.55,115.11,114.45,114.82
1999-05-10,114.65,114.8,114.25,114.67
1999-05-11,114.67,114.78,114.47,114.6
1999-05-12,114.35,114.67,114.1,114.66
1999-05-14,115.02,115.08,113.71,113.82
1999-05-17,113.82,114.04,113.74,113.87
1999-05-18,113.86,114.26,113.85,114.24
1999-05-19,114.08,114.2,113.83,114.11
1999-05-20,114.27,114.45,114.19,114.28
1999-05-21,114.29,115.02,114.16,114.81
1999-05-25,114.85,115.06,114.71,114.79
1999-05-26,114.9,114.99,114.6,114.72
1999-05-27,114.59,114.6,114.15,114.17
1999-05-28,114.26,114.38,113.95,114.24
1999-05-31,114.26,114.34,114.05,114.16
1999-06-01,114.18,114.21,113.12,113.15
1999-06-02,113.26,113.38,112.6,112.9
1999-06-04,113.0,113.1,112.51,112.68
1999-06-07,112.64,113.0,112.15,112.95
1999-06-08,112.95,113.15,112.71,112.77
1999-06-09,112.25,112.49,112.05,112.12
1999-06-10,112.02,112.11,110.95,111.05
1999-06-11,111.0,111.49,110.6,110.78
1999-06-14,110.65,111.54,110.62,111.45
1999-06-15,111.36,111.75,111.15,111.68
1999-06-16,111.54,111.96,111.42,111.76
1999-06-17,111.7,112.43,111.52,112.42
1999-06-18,112.41,112.57,112.09,112.24
1999-06-21,112.28,112.52,111.25,111.36
1999-06-22,111.44,111.52,110.77,111.01
1999-06-23,110.88,111.05,110.26,110.42
1999-06-24,110.47,110.75,109.36,109.51
1999-06-25,109.77,110.09,108.84,109.98
1999-06-28,109.98,110.12,108.95,109.92
1999-06-29,110.09,110.45,109.63,110.28
1999-06-30,110.25,110.45,109.81,110.41
1999-07-01,111.0,111.27,109.42,109.83
1999-07-02,110.15,110.15,109.2,109.48
1999-07-05,109.48,109.94,109.41,109.6
1999-07-06,109.49,109.55,108.5,109.0
1999-07-07,109.05,109.14,108.21,108.3
1999-07-08,108.36,108.65,107.62,108.63
1999-07-09,108.74,109.06,108.27,108.52
1999-07-12,108.55,109.4,107.83,109.38
1999-07-13,109.4,109.88,108.92,109.33
1999-07-14,109.17,109.64,109.1,109.47
1999-07-15,109.36,109.78,108.33,108.46
1999-07-16,108.53,108.99,108.01,108.91
1999-07-19,108.88,109.15,108.29,109.12
1999-07-20,109.02,109.72,108.76,109.69
1999-07-21,109.7,110.13,109.53,110.09
1999-07-22,110.1,110.28,109.42,109.66
1999-07-23,109.68,109.75,109.31,109.43
1999-07-26,109.5,109.73,108.97,109.64
1999-07-27,109.75,109.79,109.26,109.49
1999-07-28,109.58,109.58,109.25,109.54
1999-07-29,109.47,109.48,108.56,108.88
1999-07-30,108.98,109.11,108.23,108.38
1999-08-02,108.3,108.34,107.15,107.87
1999-08-03,107.75,107.88,107.26,107.8
1999-08-04,107.66,108.3,107.53,107.89
1999-08-05,107.9,108.08,107.08,107.29
1999-08-06,107.39,107.62,106.61,106.71
1999-08-09,106.56,107.18,106.48,107.12
1999-08-10,106.92,107.38,106.64,107.09
1999-08-11,107.18,107.68,107.14,107.4
1999-08-12,107.58,108.15,107.57,108.04
1999-08-13,107.79,108.23,107.54,108.15
1999-08-16,108.03,108.09,107.66,107.91
1999-08-17,107.88,108.43,107.7,108.19
1999-08-18,108.17,108.66,108.11,108.49
1999-08-19,108.6,108.71,108.22,108.54
1999-08-20,108.49,108.98,108.42,108.94
1999-08-23,108.95,109.17,108.76,108.83
1999-08-24,108.83,108.89,108.62,108.8
1999-08-25,108.99,109.7,108.95,109.67
1999-08-26,109.75,109.77,108.9,109.14
1999-08-27,109.11,109.18,108.74,108.87
1999-08-30,108.64,108.67,108.06,108.2
1999-08-31,108.05,108.38,107.78,107.87
1999-09-01,107.83,108.09,107.76,108.0
1999-09-02,107.9,107.93,107.07,107.14
1999-09-03,107.09,107.95,107.09,107.78
1999-09-06,107.78,108.08,107.76,107.89
1999-09-07,107.82,107.93,106.75,106.83
1999-09-08,106.71,107.0,106.39,106.37
1999-09-09,106.06,106.2,105.58,105.68
1999-09-10,105.75,106.13,105.46,105.91
1999-09-13,105.72,105.76,105.17,105.51
1999-09-14,105.45,105.73,105.07,105.12
1999-09-15,105.11,105.53,104.71,104.94
1999-09-16,105.2,105.7,104.96,105.6
1999-09-17,105.7,106.13,105.56,105.86
1999-09-20,105.93,106.3,105.52,105.65
1999-09-21,105.68,105.78,105.12,105.5
1999-09-22,105.7,105.8,105.38,105.63
1999-09-23,105.69,106.14,105.29,106.1
1999-09-24,106.6,106.7,106.22,106.53
1999-09-27,106.62,106.63,105.67,105.77
1999-09-28,105.68,106.14,105.55,105.85
1999-09-29,105.65,105.71,105.22,105.34
1999-09-30,105.38,106.03,105.21,105.83
1999-10-01,105.73,105.88,104.86,104.88
1999-10-04,104.91,105.15,104.63,105.04
1999-10-05,105.0,105.35,104.85,105.32
1999-10-06,104.82,105.21,104.71,105.14
1999-10-07,105.03,105.17,104.46,104.97
1999-10-08,105.04,105.34,104.66,104.69
1999-10-11,104.7,104.87,104.51,104.75
1999-10-12,104.7,104.75,104.07,104.22
1999-10-13,104.35,104.58,104.01,104.03
1999-10-14,104.0,104.12,103.15,103.38
1999-10-15,103.5,103.96,103.08,103.67
1999-10-18,103.87,104.04,103.53,103.76
1999-10-19,103.54,103.9,103.35,103.54
1999-10-20,103.33,103.54,103.09,103.29
1999-10-21,103.42,103.93,103.31,103.65
1999-10-22,103.55,104.06,103.48,103.66
1999-10-25,103.7,103.77,103.11,103.24
1999-10-26,103.39,103.51,103.05,103.41
1999-10-27,103.39,104.36,103.15,104.29
1999-10-28,104.29,105.03,104.22,104.97
1999-10-29,105.1,105.96,105.04,105.89
1999-11-01,105.75,105.92,105.39,105.85
1999-11-02,105.9,106.35,105.43,106.29
1999-11-03,106.11,106.29,105.63,105.95
1999-11-04,106.07,106.68,105.83,106.55
1999-11-05,106.55,107.22,106.4,107.1
1999-11-08,107.0,107.44,106.68,107.34
1999-11-09,107.34,107.6,106.82,106.92
1999-11-10,107.03,107.25,106.61,106.83
1999-11-11,106.97,107.04,106.75,106.96
1999-11-12,107.09,108.0,107.04,107.93
1999-11-15,108.03,108.08,107.41,107.58
1999-11-16,107.65,108.28,107.65,108.2
1999-11-17,107.78,107.9,107.08,107.2
1999-11-18,107.07,107.14,106.55,106.61
1999-11-19,106.8,107.03,106.45,106.66
1999-11-22,106.68,106.84,106.2,106.45
1999-11-23,106.46,106.67,106.25,106.35
1999-11-24,106.41,106.44,105.71,105.93
1999-11-25,105.99,105.99,105.7,105.89
1999-11-26,105.86,105.86,105.16,105.42
1999-11-29,105.4,105.68,105.14,105.38
1999-11-30,105.32,106.21,105.11,106.19
1999-12-01,105.99,106.5,105.87,106.27
1999-12-02,106.37,106.39,105.61,105.64
1999-12-03,105.56,106.23,105.22,106.19
1999-12-06,106.15,107.01,106.13,106.88
1999-12-07,106.88,107.35,106.77,107.1
1999-12-08,107.27,107.42,107.14,107.16
1999-12-09,106.27,106.74,106.15,106.74
1999-12-10,106.73,107.31,106.53,107.28
1999-12-13,107.35,107.35,106.65,106.81
1999-12-14,106.64,106.92,106.16,106.2
1999-12-15,106.25,106.64,106.13,106.62
1999-12-16,106.43,106.52,105.16,105.18
1999-12-17,105.19,105.49,104.75,104.76
1999-12-20,104.93,104.96,104.41,104.63
1999-12-21,104.5,105.2,104.45,105.15
1999-12-22,104.67,104.99,104.46,104.89
1999-12-23,104.85,105.15,104.85,105.0
1999-12-27,104.92,105.1,104.5,105.07
1999-12-28,105.07,105.1,104.54,104.63
1999-12-29,104.61,104.86,104.46,104.56
1999-12-30,104.63,104.63,104.09,104.14
2000-01-03,103.8,104.0,103.11,103.32
2000-01-04,103.0,103.34,102.47,103.16
2000-01-05,103.3,103.49,102.75,102.89
2000-01-06,103.0,103.1,102.59,102.75
2000-01-07,102.99,103.7,102.81,103.59
2000-01-10,103.69,103.97,103.49,103.65
2000-01-11,103.68,103.72,102.66,102.76
2000-01-12,102.78,102.88,102.26,102.8
2000-01-13,102.65,103.15,102.48,102.92
2000-01-14,103.1,103.47,102.52,102.66
2000-01-17,102.64,102.84,102.42,102.67
2000-01-18,102.63,102.73,101.96,102.06
2000-01-19,102.05,102.49,101.85,102.42
2000-01-20,102.4,102.84,101.91,102.79
2000-01-21,102.54,102.91,102.25,102.54
2000-01-24,102.57,102.88,102.38,102.74
2000-01-25,102.99,103.24,102.87,103.08
2000-01-26,102.92,103.37,102.79,102.95
2000-01-27,103.04,103.15,102.22,102.42
2000-01-28,102.46,102.94,101.97,102.88
2000-01-31,102.6,103.14,102.43,103.03
2000-02-01,102.84,103.76,102.78,103.67
2000-02-02,103.64,103.88,103.39,103.65
2000-02-03,103.75,104.6,103.07,104.24
2000-02-04,104.14,104.49,103.26,103.38
2000-02-07,103.23,103.41,102.97,103.11
2000-02-08,102.98,103.73,102.98,103.56
2000-02-09,103.56,103.69,103.22,103.41
2000-02-10,103.05,103.33,102.69,102.84
2000-02-11,102.58,102.94,102.53,102.8
2000-02-14,102.77,103.35,102.61,103.3
2000-02-15,103.33,103.33,102.83,103.03
2000-02-16,103.15,103.15,102.67,102.86
2000-02-17,102.97,103.28,102.63,102.9
2000-02-18,102.8,103.45,102.68,103.19
2000-02-21,103.33,103.57,103.27,103.47
2000-02-22,103.56,104.39,103.56,104.19
2000-02-23,104.15,104.23,103.86,103.96
2000-02-24,103.96,104.54,103.76,104.41
2000-02-25,104.35,104.52,103.65,103.69
2000-02-28,103.5,103.94,103.31,103.68
2000-02-29,103.6,103.84,103.49,103.72
2000-03-01,103.79,104.03,103.66,103.8
2000-03-02,103.78,103.78,103.38,103.69
2000-03-03,103.77,104.18,103.58,103.98
2000-03-06,103.85,104.23,103.81,104.11
2000-03-07,104.15,104.48,104.07,104.09
2000-03-08,104.23,104.4,104.02,104.1
2000-03-09,103.24,104.33,103.24,104.31
2000-03-10,104.18,104.4,103.91,103.99
2000-03-13,104.08,104.71,104.08,104.21
2000-03-14,104.15,104.34,103.98,104.2
2000-03-15,104.35,104.59,104.16,104.45
2000-03-16,104.37,104.99,104.23,104.78
2000-03-17,104.74,105.27,104.73,105.18
2000-03-20,105.18,105.29,104.89,105.11
2000-03-21,105.06,105.42,105.06,105.16
2000-03-22,105.1,105.29,104.94,105.1
2000-03-23,105.15,105.7,105.05,105.61
2000-03-24,105.44,105.5,105.05,105.15
2000-03-27,105.01,105.02,104.52,104.61
2000-03-28,104.78,105.03,104.71,104.98
2000-03-29,104.96,105.02,104.57,104.64
2000-03-30,104.72,105.22,104.6,105.19
2000-03-31,105.37,105.57,105.24,105.41
2000-04-03,105.35,105.8,105.15,105.63
2000-04-04,105.76,106.32,105.53,106.3
2000-04-05,105.95,106.47,105.83,105.94
2000-04-06,105.83,105.9,105.55,105.57
2000-04-07,105.47,105.88,105.28,105.79
2000-04-10,105.82,106.14,105.69,105.86
2000-04-11,106.1,106.39,105.55,105.58
2000-04-12,105.65,105.92,105.43,105.6
2000-04-13,105.8,105.84,105.35,105.7
2000-04-14,105.9,105.94,105.2,105.43
2000-04-17,105.9,105.96,105.42,105.57
2000-04-18,105.25,105.47,105.22,105.31
2000-04-19,105.23,105.32,105.01,105.16
2000-04-20,105.26,105.28,104.82,104.92
2000-04-25,104.8,104.95,104.63,104.66
2000-04-26,104.55,105.25,104.43,105.16
2000-04-27,105.06,105.42,104.77,104.86
2000-04-28,104.9,105.12,104.69,105.03
2000-05-02,104.85,104.99,104.6,104.69
2000-05-03,104.6,104.67,104.02,104.14
2000-05-04,103.95,103.98,103.41,103.67
2000-05-05,103.55,103.95,103.51,103.76
2000-05-08,103.7,104.12,103.69,103.98
2000-05-09,103.88,104.41,103.84,104.3
2000-05-10,104.39,104.57,104.3,104.35
2000-05-11,104.6,104.64,103.63,103.79
2000-05-12,103.99,104.09,103.67,103.87
2000-05-15,103.98,104.14,103.71,104.0
2000-05-16,104.02,104.38,103.88,104.25
2000-05-17,104.19,104.23,103.46,103.63
2000-05-18,103.63,103.67,103.29,103.41
2000-05-19,103.45,103.69,102.9,103.56
2000-05-22,103.7,104.2,103.55,104.1
2000-05-23,103.99,104.28,103.83,104.23
2000-05-24,104.35,104.62,104.32,104.57
2000-05-25,104.38,105.07,104.29,105.05
2000-05-26,105.21,105.55,104.86,105.44
2000-05-29,105.64,105.65,105.07,105.19
2000-05-30,105.27,105.58,104.98,105.12
2000-05-31,105.12,105.6,104.85,105.51
2000-06-01,105.51,106.22,105.36,106.17
2000-06-02,106.08,106.78,105.82,106.37
2000-06-05,106.2,106.54,106.18,106.39
2000-06-06,106.43,106.48,105.95,106.13
2000-06-07,106.25,106.28,105.92,106.19
2000-06-08,106.1,106.22,105.98,106.13
2000-06-09,105.56,105.77,105.34,105.7
2000-06-12,105.64,105.8,105.55,105.69
2000-06-13,105.75,106.18,105.46,105.9
2000-06-14,105.91,105.97,105.63,105.9
2000-06-15,105.91,106.01,105.62,105.72
2000-06-16,105.78,106.37,105.7,106.19
2000-06-19,106.2,106.43,106.04,106.13
2000-06-20,106.1,106.25,105.92,106.12
2000-06-21,105.97,106.0,105.3,105.44
2000-06-22,105.35,105.35,105.03,105.11
2000-06-23,105.11,105.27,104.86,104.98
2000-06-26,104.95,105.27,104.64,105.25
2000-06-27,105.3,105.33,105.03,105.16
2000-06-28,105.19,105.29,104.91,104.94
2000-06-29,105.05,105.57,104.95,105.43
2000-06-30,105.4,105.56,105.04,105.07
2000-07-03,104.97,105.1,104.73,104.94
2000-07-04,104.9,104.93,104.77,104.82
2000-07-05,104.84,105.26,104.65,105.13
2000-07-06,105.05,105.2,104.31,104.6
2000-07-07,104.55,105.12,104.45,104.96
2000-07-10,104.85,104.99,104.68,104.73
2000-07-11,104.81,105.19,104.74,105.05
2000-07-12,105.02,105.22,104.71,104.82
2000-07-13,104.85,105.05,104.66,105.01
2000-07-14,104.99,105.24,104.49,104.5
2000-07-17,104.52,104.64,104.35,104.47
2000-07-18,104.47,104.68,104.26,104.51
2000-07-19,104.4,104.62,104.15,104.54
2000-07-20,104.51,105.02,104.32,104.95
2000-07-21,105.06,105.16,104.88,104.95
2000-07-24,105.06,105.12,104.94,105.0
2000-07-25,105.01,105.5,104.97,105.25
2000-07-26,105.27,105.74,105.26,105.63
2000-07-27,105.64,105.78,105.37,105.54
2000-07-28,105.54,105.64,105.17,105.36
2000-07-31,105.31,105.48,105.2,105.4
2000-08-01,105.42,105.92,105.39,105.8
2000-08-02,105.71,105.85,105.58,105.66
2000-08-03,105.77,105.77,105.26,105.57
2000-08-04,105.66,105.83,105.44,105.52
2000-08-07,105.5,105.86,105.38,105.67
2000-08-08,105.64,105.67,105.43,105.54
2000-08-09,105.6,105.81,105.42,105.75
2000-08-10,105.87,106.04,105.85,105.92
2000-08-11,106.0,106.26,105.76,105.77
2000-08-14,105.65,105.85,105.59,105.83
2000-08-15,105.95,105.95,105.33,105.37
2000-08-16,105.42,105.51,105.28,105.38
2000-08-17,105.37,105.58,105.22,105.41
2000-08-18,105.4,105.56,105.35,105.53
2000-08-21,105.47,105.61,104.99,105.0
2000-08-22,104.99,105.27,104.98,105.23
2000-08-23,105.2,105.56,104.92,105.44
2000-08-24,105.45,105.59,105.32,105.39
2000-08-25,105.34,105.46,105.2,105.21
2000-08-28,105.18,105.33,105.05,105.05
2000-08-29,105.0,105.11,104.69,104.72
2000-08-30,104.71,104.89,104.58,104.85
2000-08-31,104.85,104.99,104.65,104.86
2000-09-01,104.89,105.78,104.88,105.76
2000-09-04,105.84,105.86,105.55,105.58
2000-09-05,105.6,105.68,105.29,105.49
2000-09-06,105.42,105.5,104.84,104.91
2000-09-07,104.76,105.01,104.7,104.96
2000-09-08,104.78,104.98,104.6,104.62
2000-09-11,104.7,104.84,104.52,104.64
2000-09-12,104.66,104.86,104.55,104.64
2000-09-13,104.7,104.85,104.63,104.84
2000-09-14,104.8,105.2,104.67,104.74
2000-09-15,104.68,105.0,104.45,104.61
2000-09-18,104.5,104.51,104.24,104.31
2000-09-19,104.25,104.63,104.19,104.59
2000-09-20,104.61,104.65,104.4,104.59
2000-09-21,104.46,105.07,104.43,104.94
2000-09-22,105.2,105.45,105.09,105.19
2000-09-25,105.21,105.21,104.83,104.92
2000-09-26,104.91,105.21,104.85,105.1
2000-09-27,105.18,105.25,104.73,104.82
2000-09-28,104.85,105.13,104.84,105.12
2000-09-29,105.04,105.37,104.89,105.3
2000-10-02,105.33,105.41,105.19,105.25
2000-10-03,105.26,105.55,105.09,105.2
2000-10-04,105.21,105.26,105.08,105.1
2000-10-05,105.14,105.23,104.91,105.04
2000-10-06,105.12,105.29,104.96,105.28
2000-10-09,105.35,105.5,105.25,105.48
2000-10-10,105.42,105.65,105.31,105.58
2000-10-11,105.72,105.85,105.57,105.67
2000-10-12,105.58,106.12,105.46,105.97
2000-10-13,106.02,106.12,105.56,105.66
2000-10-16,105.56,105.7,105.49,105.58
2000-10-17,105.51,105.59,105.4,105.5
2000-10-18,105.58,106.19,105.52,105.53
2000-10-19,105.49,105.64,105.33,105.58
2000-10-20,105.55,105.74,105.51,105.72
2000-10-23,105.74,105.78,105.54,105.59
2000-10-24,105.63,105.69,105.53,105.61
2000-10-25,105.65,105.66,105.15,105.25
2000-10-26,105.22,105.55,105.1,105.51
2000-10-27,105.43,105.67,105.35,105.54
2000-10-30,105.48,105.67,105.43,105.43
2000-10-31,105.43,105.58,105.34,105.46
2000-11-01,105.47,105.74,105.47,105.7
2000-11-02,105.73,105.74,105.48,105.49
2000-11-03,105.47,105.89,105.42,105.44
2000-11-06,105.39,105.56,105.32,105.42
2000-11-07,105.47,105.5,105.21,105.24
2000-11-08,105.25,105.29,105.05,105.19
2000-11-09,105.21,105.4,105.16,105.39
2000-11-10,105.4,105.54,105.35,105.53
2000-11-13,105.6,105.86,105.53,105.83
2000-11-14,105.8,105.8,105.65,105.69
2000-11-15,105.8,105.83,105.66,105.72
2000-11-16,105.8,106.01,105.76,105.8
2000-11-17,105.85,105.98,105.69,105.75
2000-11-20,105.75,105.95,105.71,105.94
2000-11-21,105.91,105.98,105.76,105.81
2000-11-22,105.89,106.31,105.83,106.28
2000-11-23,106.28,106.34,106.16,106.23
2000-11-24,106.16,106.45,106.14,106.31
2000-11-27,106.2,106.48,106.12,106.44
2000-11-28,106.48,106.69,106.38,106.6
2000-11-29,106.7,106.88,106.62,106.73
2000-11-30,106.87,107.42,106.84,107.4
2000-12-01,107.35,107.39,107.09,107.34
2000-12-04,107.35,107.78,107.27,107.55
2000-12-05,107.45,107.64,107.22,107.61
2000-12-06,107.68,107.86,107.41,107.66
2000-12-07,107.79,107.83,107.44,107.49
2000-12-08,107.85,107.86,107.54,107.63
2000-12-11,107.59,107.67,107.38,107.63
2000-12-12,107.57,107.58,107.3,107.52
2000-12-13,107.4,108.0,107.36,107.92
2000-12-14,108.0,108.17,107.85,108.03
2000-12-15,108.0,108.46,107.87,108.42
2000-12-18,108.38,108.6,108.26,108.55
2000-12-19,108.36,108.52,108.12,108.24
2000-12-20,108.32,108.74,108.27,108.44
2000-12-21,108.52,108.67,108.15,108.19
2000-12-22,108.25,108.39,108.14,108.33
2000-12-27,108.13,108.43,108.13,108.2
2000-12-28,108.15,108.21,107.87,108.05
2000-12-29,107.96,108.57,107.93,108.45
2001-01-02,108.4,109.37,108.37,109.34
2001-01-03,109.34,109.62,109.14,109.37
2001-01-04,108.79,109.31,108.65,109.22
2001-01-05,109.3,109.78,109.3,109.49
2001-01-08,109.7,109.73,109.28,109.46
2001-01-09,109.26,109.35,108.97,109.08
2001-01-10,109.11,109.16,108.67,108.82
2001-01-11,108.79,109.25,108.74,108.79
2001-01-12,108.76,108.92,108.37,108.5
2001-01-15,108.5,108.61,108.34,108.53
2001-01-16,108.6,108.82,108.25,108.35
2001-01-17,108.34,108.62,108.23,108.61
2001-01-18,108.65,108.76,108.24,108.61
2001-01-19,108.5,108.83,108.3,108.35
2001-01-22,108.25,108.4,108.12,108.22
2001-01-23,108.19,108.54,108.1,108.41
2001-01-24,108.16,108.31,108.01,108.27
2001-01-25,108.25,108.41,108.0,108.31
2001-01-26,108.45,108.65,108.31,108.32
2001-01-29,108.35,108.63,108.34,108.48
2001-01-30,108.42,108.76,108.35,108.74
2001-01-31,108.78,108.97,108.71,108.87
2001-02-01,109.08,109.15,108.89,108.99
2001-02-02,108.92,109.32,108.9,109.0
2001-02-05,108.94,109.27,108.87,109.26
2001-02-06,109.28,109.34,109.09,109.17
2001-02-07,109.24,109.43,109.17,109.32
2001-02-08,109.28,109.32,108.97,109.01
2001-02-09,109.15,109.36,109.06,109.35
2001-02-12,109.44,109.45,109.24,109.3
2001-02-13,109.3,109.47,109.06,109.08
2001-02-14,109.15,109.2,108.96,109.03
2001-02-15,108.9,108.97,108.56,108.61
2001-02-16,108.7,108.82,108.42,108.8
2001-02-19,108.75,108.89,108.71,108.88
2001-02-20,108.87,108.87,108.5,108.72
2001-02-21,108.75,108.85,108.45,108.5
2001-02-22,108.52,108.58,108.23,108.43
2001-02-23,108.3,108.76,108.26,108.68
2001-02-26,108.66,108.74,108.54,108.65
2001-02-27,108.77,109.26,108.76,109.2
2001-02-28,109.25,109.43,109.07,109.19
2001-03-01,109.35,109.47,109.14,109.31
2001-03-02,109.35,109.54,109.23,109.33
2001-03-05,109.21,109.29,109.08,109.22
2001-03-06,109.18,109.29,109.04,109.27
2001-03-07,109.27,109.37,109.11,109.19
2001-03-08,109.3,109.43,109.24,109.33
2001-03-09,109.23,109.44,109.11,109.15
2001-03-12,109.25,109.41,109.2,109.31
2001-03-13,109.37,109.5,109.04,109.18
2001-03-14,109.18,109.7,109.08,109.56
2001-03-15,109.46,109.67,109.4,109.64
2001-03-16,109.6,110.02,109.52,109.83
2001-03-19,109.83,109.85,109.59,109.68
2001-03-20,109.7,109.71,109.52,109.53
2001-03-21,109.81,110.16,109.74,109.83
2001-03-22,109.78,110.39,109.77,110.33
2001-03-23,110.12,110.2,109.96,110.19
2001-03-26,110.06,110.07,109.88,109.91
2001-03-27,109.96,110.15,109.55,109.55
2001-03-28,109.6,109.74,109.53,109.67
2001-03-29,109.75,109.78,109.27,109.38
2001-03-30,109.37,109.6,109.16,109.56
2001-04-02,109.56,109.63,109.04,109.12
2001-04-03,109.12,109.41,109.12,109.35
2001-04-04,109.49,109.52,108.91,109.02
2001-04-05,109.02,109.06,108.85,108.98
2001-04-06,108.85,109.4,108.78,109.36
2001-04-09,109.29,109.36,109.1,109.24
2001-04-10,109.13,109.22,108.62,108.66
2001-04-11,108.68,108.79,108.1,108.19
2001-04-12,108.18,108.41,107.95,108.09
2001-04-17,107.92,108.23,107.75,107.9
2001-04-18,107.79,108.03,107.23,107.75
2001-04-19,107.78,108.02,107.09,107.18
2001-04-20,107.0,107.54,106.91,107.25
2001-04-23,107.23,107.79,107.23,107.71
2001-04-24,107.72,107.81,107.27,107.36
2001-04-25,107.36,107.58,107.36,107.55
2001-04-26,107.38,107.92,107.33,107.82
2001-04-27,107.88,107.95,107.16,107.2
2001-04-30,107.17,107.32,106.64,106.93
2001-05-02,107.09,107.12,106.66,106.84
2001-05-03,106.88,107.28,106.77,107.16
2001-05-04,107.15,107.7,107.15,107.38
2001-05-07,107.34,107.52,107.33,107.41
2001-05-08,107.46,107.67,107.29,107.49
2001-05-09,107.4,107.68,107.37,107.59
2001-05-10,107.65,107.88,107.35,107.57
2001-05-11,107.44,107.54,106.79,106.83
2001-05-14,106.78,106.82,106.27,106.29
2001-05-15,106.33,106.59,106.27,106.42
2001-05-16,106.28,106.87,106.23,106.47
2001-05-17,106.48,106.7,106.27,106.59
2001-05-18,106.75,106.84,106.48,106.63
2001-05-21,106.55,106.64,106.38,106.61
2001-05-22,106.67,106.82,106.11,106.14
2001-05-23,106.15,106.23,105.9,105.92
2001-05-24,105.93,106.12,105.8,105.89
2001-05-25,105.74,105.87,105.61,105.71
2001-05-28,105.63,105.95,105.61,105.9
2001-05-29,105.9,106.18,105.76,106.16
2001-05-30,106.09,106.23,106.01,106.07
2001-05-31,106.12,106.15,105.71,106.05
2001-06-01,106.16,106.75,106.09,106.7
2001-06-04,106.66,106.76,106.57,106.7
2001-06-05,106.66,107.17,106.45,107.1
2001-06-06,107.13,107.17,106.71,106.82
2001-06-07,106.84,106.84,106.51,106.66
2001-06-08,106.48,106.64,106.39,106.58
2001-06-11,106.47,106.82,106.47,106.64
2001-06-12,106.7,106.77,106.3,106.55
2001-06-13,106.61,106.66,106.39,106.5
2001-06-14,106.63,107.04,106.53,106.99
2001-06-15,106.88,107.3,106.88,107.08
2001-06-18,107.01,107.28,107.01,107.25
2001-06-19,107.19,107.26,106.9,107.05
2001-06-20,107.19,107.42,107.16,107.36
2001-06-21,107.28,107.67,107.28,107.55
2001-06-22,107.59,107.87,107.54,107.86
2001-06-25,107.93,107.96,107.57,107.61
2001-06-26,107.7,107.74,107.33,107.34
2001-06-27,107.39,107.55,107.35,107.52
2001-06-28,107.49,107.71,106.93,107.0
2001-06-29,106.95,106.99,106.36,106.51
2001-07-02,106.41,106.69,106.41,106.65
2001-07-03,106.72,106.75,106.2,106.22
2001-07-04,106.2,106.41,106.12,106.4
2001-07-05,106.38,106.64,106.2,106.34
2001-07-06,106.35,106.79,106.33,106.67
2001-07-09,106.74,106.82,106.28,106.4
2001-07-10,106.47,106.65,106.33,106.52
2001-07-11,106.63,107.0,106.6,106.72
2001-07-12,106.58,107.0,106.53,106.95
2001-07-13,106.9,106.93,106.59,106.7
2001-07-16,106.83,107.15,106.77,107.14
2001-07-17,107.06,107.17,106.95,107.07
2001-07-18,107.04,107.43,106.88,107.39
2001-07-19,107.48,107.52,107.27,107.42
2001-07-20,107.5,107.83,107.48,107.64
2001-07-23,107.7,107.79,107.46,107.72
2001-07-24,107.8,107.89,107.66,107.75
2001-07-25,107.79,107.79,107.5,107.68
2001-07-26,107.57,107.91,107.4,107.85
2001-07-27,107.88,108.22,107.76,108.19
2001-07-30,108.2,108.22,108.02,108.16
2001-07-31,108.22,108.47,108.2,108.38
2001-08-01,108.39,108.39,108.11,108.18
2001-08-02,108.16,108.3,107.93,108.06
2001-08-03,108.0,108.29,107.82,108.26
2001-08-06,108.2,108.44,108.15,108.34
2001-08-07,108.36,108.47,108.22,108.26
2001-08-08,108.3,108.35,108.11,108.35
2001-08-09,108.66,108.9,108.62,108.83
2001-08-10,108.73,109.13,108.66,109.08
2001-08-13,109.1,109.2,108.9,109.07
2001-08-14,109.01,109.03,108.68,108.9
2001-08-15,108.92,109.09,108.8,108.88
2001-08-16,109.0,109.17,108.9,109.12
2001-08-17,109.11,109.51,109.03,109.38
2001-08-20,109.45,109.48,109.17,109.29
2001-08-21,109.27,109.31,108.92,108.96
2001-08-22,109.12,109.19,108.54,108.75
2001-08-23,108.76,108.84,108.55,108.77
2001-08-24,108.83,108.85,108.39,108.48
2001-08-27,108.49,108.59,108.34,108.58
2001-08-28,108.55,109.06,108.46,108.99
2001-08-29,109.06,109.15,108.86,109.02
2001-08-30,109.14,109.39,108.92,109.37
2001-08-31,109.36,109.44,108.98,109.13
2001-09-03,109.14,109.22,109.06,109.19
2001-09-04,109.07,109.1,108.12,108.15
2001-09-05,108.25,108.39,108.11,108.24
2001-09-06,108.17,108.31,107.89,108.26
2001-09-07,108.11,108.64,107.99,108.55
2001-09-10,108.55,108.72,108.09,108.25
2001-09-11,108.19,109.25,107.87,108.89
2001-09-12,109.15,109.25,108.35,108.5
2001-09-13,108.47,108.74,108.17,108.51
2001-09-14,108.54,109.14,108.48,108.93
2001-09-17,109.0,109.19,108.58,108.68
2001-09-18,108.69,108.87,108.45,108.48
2001-09-19,108.4,108.52,108.14,108.35
2001-09-20,108.33,108.5,108.04,108.26
2001-09-21,108.16,108.4,107.92,108.0
2001-09-24,107.95,108.01,107.65,107.95
2001-09-25,107.97,108.46,107.92,108.35
2001-09-26,108.35,108.65,108.24,108.64
2001-09-27,108.77,108.92,108.68,108.8
2001-09-28,108.8,109.14,108.59,108.65
2001-10-01,108.6,108.99,108.58,108.95
2001-10-02,109.05,109.5,109.02,109.48
2001-10-03,109.62,109.89,109.55,109.84
2001-10-04,109.7,109.85,109.48,109.62
2001-10-05,109.7,109.95,109.68,109.87
2001-10-08,110.0,110.12,109.62,109.63
2001-10-09,109.73,109.78,109.38,109.45
2001-10-10,109.44,109.6,109.32,109.55
2001-10-11,109.55,109.74,109.12,109.31
2001-10-12,109.28,109.69,109.25,109.6
2001-10-15,109.58,109.85,109.46,109.83
2001-10-16,109.9,109.95,109.68,109.88
2001-10-17,109.93,109.97,109.58,109.93
2001-10-18,110.0,110.17,109.92,110.14
2001-10-19,110.11,110.35,109.95,109.99
2001-10-22,109.94,110.29,109.88,110.24
2001-10-23,110.14,110.19,109.96,110.14
2001-10-24,110.18,110.58,110.18,110.5
2001-10-25,110.61,110.99,110.46,110.98
2001-10-26,110.92,111.17,110.75,111.05
2001-10-29,111.16,111.38,111.1,111.27
2001-10-30,111.29,111.78,111.29,111.73
2001-10-31,111.82,112.04,111.51,112.0
2001-11-01,112.13,112.97,112.05,112.86
2001-11-02,112.59,112.7,112.06,112.12
2001-11-05,112.11,112.5,111.92,112.38
2001-11-06,112.47,112.6,112.2,112.26
2001-11-07,112.46,112.82,112.42,112.71
2001-11-08,112.76,113.11,112.28,112.41
2001-11-09,112.32,112.57,112.12,112.22
2001-11-12,112.2,112.66,111.79,112.36
2001-11-13,112.19,112.19,111.55,111.66
2001-11-14,111.65,111.7,110.85,110.94
2001-11-15,110.35,110.81,110.26,110.38
2001-11-16,109.96,110.64,109.84,109.87
2001-11-19,109.91,110.67,109.91,110.59
2001-11-20,110.67,110.85,110.32,110.43
2001-11-21,110.22,110.68,109.68,109.77
2001-11-22,109.75,110.02,109.65,109.77
2001-11-23,109.76,110.45,109.76,110.0
2001-11-26,110.12,110.41,110.05,110.29
2001-11-27,110.08,110.14,109.06,109.32
2001-11-28,109.69,109.84,109.42,109.7
2001-11-29,109.51,110.14,109.46,110.12
2001-11-30,110.2,110.63,110.17,110.38
2001-12-03,110.4,110.8,110.4,110.58
2001-12-04,110.7,110.96,110.52,110.9
2001-12-05,110.9,110.9,109.12,109.26
2001-12-06,109.29,109.43,108.85,109.0
2001-12-07,108.51,108.85,107.69,107.74
2001-12-10,107.96,108.31,107.76,108.0
2001-12-11,108.19,108.56,108.18,108.27
2001-12-12,108.45,109.04,108.36,109.0
2001-12-13,109.1,109.23,108.29,108.53
2001-12-14,108.54,108.83,108.32,108.62
2001-12-17,108.42,108.45,107.57,107.7
2001-12-18,108.12,108.23,107.81,108.18
2001-12-19,108.41,108.77,108.25,108.49
2001-12-20,108.45,108.75,108.01,108.2
2001-12-21,108.3,108.53,107.49,107.7
2001-12-27,107.4,107.4,107.03,107.11
2001-12-28,107.4,107.52,106.75,106.79
2002-01-02,107.35,107.69,106.94,107.17
2002-01-03,106.99,107.62,106.87,107.58
2002-01-04,107.57,107.63,107.07,107.35
2002-01-07,107.52,108.35,107.25,108.29
2002-01-08,108.28,108.47,108.05,108.07
2002-01-09,107.98,108.07,107.56,107.74
2002-01-10,107.9,108.26,107.81,108.2
2002-01-11,108.3,108.62,107.78,108.59
2002-01-14,108.82,109.07,108.68,108.95
2002-01-15,108.81,109.02,108.65,108.98
2002-01-16,109.05,109.16,108.74,108.8
2002-01-17,108.77,108.91,108.38,108.43
2002-01-18,108.48,108.6,108.18,108.52
2002-01-21,108.56,108.67,108.34,108.66
2002-01-22,108.55,108.59,108.05,108.24
2002-01-23,108.18,108.6,108.03,108.55
2002-01-24,108.3,108.33,107.76,107.92
2002-01-25,107.91,108.07,107.07,107.1
2002-01-28,107.23,107.39,106.83,107.28
2002-01-29,107.28,107.65,106.95,107.55
2002-01-30,107.77,107.78,107.36,107.69
2002-01-31,107.47,107.93,107.29,107.89
2002-02-01,107.65,108.09,107.51,108.05
2002-02-04,107.98,108.5,107.98,108.46
2002-02-05,108.46,108.77,108.33,108.56
2002-02-06,108.68,108.78,108.36,108.41
2002-02-07,108.43,108.47,107.51,107.66
2002-02-08,107.7,107.94,107.41,107.84
2002-02-11,107.75,107.79,107.55,107.73
2002-02-12,107.73,107.92,107.31,107.47
2002-02-13,107.17,107.36,106.98,107.27
2002-02-14,107.35,107.63,107.16,107.56
2002-02-15,107.61,107.98,107.54,107.92
2002-02-18,107.99,108.02,107.8,107.9
2002-02-19,107.84,108.24,107.56,107.62
2002-02-20,107.68,107.78,107.36,107.72
2002-02-21,107.55,107.58,107.23,107.43
2002-02-22,107.65,108.0,107.57,107.95
2002-02-25,107.91,107.92,107.46,107.55
2002-02-26,107.56,107.68,107.29,107.36
2002-02-27,107.28,107.63,107.13,107.52
2002-02-28,107.74,107.82,107.35,107.77
2002-03-01,107.72,107.74,107.15,107.24
2002-03-04,107.05,107.15,106.85,107.05
2002-03-05,107.12,107.13,106.31,106.71
2002-03-06,106.78,106.79,106.07,106.19
2002-03-07,106.08,106.34,106.0,106.28
2002-03-08,105.1,105.45,105.05,105.24
2002-03-11,105.23,105.57,105.23,105.37
2002-03-12,105.35,105.62,105.26,105.34
2002-03-13,105.26,105.47,104.99,105.22
2002-03-14,105.22,105.38,104.89,105.01
2002-03-15,104.79,105.17,104.72,104.99
2002-03-18,105.16,105.24,104.91,105.17
2002-03-19,105.19,105.35,105.13,105.22
2002-03-20,105.31,105.51,104.84,104.92
2002-03-21,104.91,105.16,104.82,105.1
2002-03-22,105.18,105.18,104.57,104.8
2002-03-25,104.8,104.82,104.5,104.62
2002-03-26,104.66,105.05,104.66,105.0
2002-03-27,105.02,105.22,104.93,105.03
2002-03-28,105.08,105.25,104.65,104.78
2002-04-02,104.75,104.93,104.63,104.93
2002-04-03,105.03,105.31,104.95,105.26
2002-04-04,105.32,105.75,105.26,105.72
2002-04-05,105.7,105.84,105.52,105.83
2002-04-08,105.83,105.89,105.45,105.48
2002-04-09,105.42,105.57,105.31,105.56
2002-04-10,105.63,105.76,105.33,105.45
2002-04-11,105.39,105.85,105.26,105.79
2002-04-12,105.7,105.83,105.48,105.74
2002-04-15,105.74,106.12,105.67,106.06
2002-04-16,106.0,106.01,105.34,105.52
2002-04-17,105.55,105.6,105.28,105.35
2002-04-18,105.3,106.05,105.13,105.44
2002-04-19,105.43,105.44,105.18,105.34
2002-04-22,105.29,105.7,105.24,105.66
2002-04-23,105.61,105.74,105.38,105.43
2002-04-24,105.42,105.83,105.35,105.77
2002-04-25,105.9,106.25,105.86,106.14
2002-04-26,106.09,106.32,105.95,106.29
2002-04-29,106.39,106.46,105.87,105.92
2002-04-30,105.91,106.17,105.89,105.98
2002-05-02,106.2,106.22,105.51,105.61
2002-05-03,105.65,106.29,105.56,106.28
2002-05-06,106.21,106.26,106.07,106.11
2002-05-07,106.18,106.48,106.13,106.21
2002-05-08,106.17,106.18,105.7,105.74
2002-05-09,105.6,105.64,105.36,105.51
2002-05-10,105.63,105.67,105.36,105.62
2002-05-13,105.72,105.77,105.39,105.42
2002-05-14,105.35,105.37,104.97,105.08
2002-05-15,105.16,105.23,104.93,105.09
2002-05-16,105.17,105.35,105.12,105.27
2002-05-17,105.22,105.25,104.98,105.12
2002-05-20,105.16,105.69,105.12,105.63
2002-05-21,105.63,105.78,105.4,105.69
2002-05-22,105.76,105.96,105.72,105.8
2002-05-23,105.75,106.19,105.62,106.17
2002-05-24,105.95,106.04,105.77,105.84
2002-05-27,105.88,105.9,105.54,105.69
2002-05-28,105.67,105.92,105.5,105.85
2002-05-29,105.93,106.15,105.81,105.99
2002-05-30,106.15,106.36,106.02,106.17
2002-05-31,106.25,106.33,105.71,105.76
2002-06-03,105.78,106.23,105.66,106.17
2002-06-04,106.32,106.41,106.09,106.38
2002-06-05,106.2,106.33,106.03,106.24
2002-06-06,106.17,106.18,105.99,106.02
2002-06-07,106.15,106.29,105.81,105.9
2002-06-10,105.82,106.2,105.79,106.06
2002-06-11,106.12,106.13,105.76,106.08
2002-06-12,106.2,106.39,106.08,106.35
2002-06-13,106.26,106.88,106.11,106.74
2002-06-14,106.87,107.35,106.75,107.15
2002-06-17,107.15,107.15,106.83,106.87
2002-06-18,106.93,107.36,106.88,107.14
2002-06-19,107.37,107.46,107.26,107.4
2002-06-20,107.56,107.68,106.97,107.13
2002-06-21,107.18,107.43,107.01,107.38
2002-06-24,107.38,107.75,107.15,107.59
2002-06-25,107.38,107.45,107.12,107.27
2002-06-26,107.88,108.23,107.65,107.89
2002-06-27,107.74,107.87,107.43,107.61
2002-06-28,107.46,107.69,107.37,107.42
2002-07-01,107.5,107.59,107.15,107.33
2002-07-02,107.47,107.8,107.36,107.79
2002-07-03,107.74,107.75,107.38,107.53
2002-07-04,107.37,107.39,107.2,107.22
2002-07-05,107.12,107.15,106.89,106.9
2002-07-08,107.02,107.21,106.94,107.14
2002-07-09,107.22,107.23,106.99,107.12
2002-07-10,107.35,107.74,107.34,107.63
2002-07-11,107.9,108.17,107.81,107.94
2002-07-12,107.79,108.37,107.65,108.21
2002-07-15,108.35,108.65,108.14,108.46
2002-07-16,108.3,108.7,108.03,108.05
2002-07-17,108.25,108.29,107.73,108.13
2002-07-18,108.14,108.25,107.83,108.11
2002-07-19,108.32,108.56,108.26,108.44
2002-07-22,108.68,108.84,108.46,108.81
2002-07-23,108.65,108.83,108.38,108.6
2002-07-24,108.9,109.9,108.76,109.41
2002-07-25,109.0,109.52,108.95,109.2
2002-07-26,109.44,109.72,109.24,109.41
2002-07-29,109.28,109.34,108.8,108.84
2002-07-30,108.76,108.98,108.59,108.75
2002-07-31,108.73,109.36,108.66,109.24
2002-08-01,109.4,109.78,109.26,109.68
2002-08-02,109.78,110.41,109.7,110.36
2002-08-05,110.31,110.87,110.22,110.78
2002-08-06,110.86,111.08,110.18,110.36
2002-08-07,110.35,110.96,110.14,110.75
2002-08-08,110.63,110.7,110.24,110.53
2002-08-09,110.36,110.87,110.25,110.73
2002-08-12,110.8,111.03,110.72,110.98
2002-08-13,110.92,111.38,110.86,111.23
2002-08-14,111.69,111.89,111.43,111.53
2002-08-15,111.33,111.38,110.37,110.77
2002-08-16,110.68,111.1,110.32,110.7
2002-08-19,110.55,110.77,110.19,110.3
2002-08-20,110.46,110.83,110.38,110.81
2002-08-21,110.84,110.87,109.82,109.89
2002-08-22,110.0,110.09,109.63,109.74
2002-08-23,109.65,110.13,109.59,110.06
2002-08-26,109.97,110.14,109.74,110.09
2002-08-27,110.03,110.28,109.73,110.07
2002-08-28,110.12,110.74,110.12,110.67
2002-08-29,110.71,111.04,110.6,110.72
2002-08-30,110.8,111.05,110.56,110.88
2002-09-02,110.92,111.35,110.89,111.29
2002-09-03,111.38,112.07,111.23,111.99
2002-09-04,112.15,112.25,111.72,111.89
2002-09-05,111.83,112.47,111.58,112.23
2002-09-06,112.14,112.53,112.14,112.46
2002-09-09,111.25,111.58,111.05,111.44
2002-09-10,111.27,111.29,110.8,111.11
2002-09-11,111.04,111.1,110.47,110.55
2002-09-12,110.56,111.23,110.56,111.18
2002-09-13,111.31,111.61,111.25,111.33
2002-09-16,111.39,112.0,111.21,111.9
2002-09-17,111.5,111.97,111.26,111.9
2002-09-18,112.18,112.38,112.01,112.09
2002-09-19,112.07,112.52,112.05,112.13
2002-09-20,112.35,112.57,111.74,111.91
2002-09-23,112.25,112.44,111.85,112.34
2002-09-24,112.24,112.82,112.12,112.64
2002-09-25,112.76,112.87,112.05,112.25
2002-09-26,112.02,112.37,111.87,112.12
2002-09-27,112.18,112.36,112.01,112.25
2002-09-30,112.55,112.94,112.37,112.75
2002-10-01,112.75,112.81,112.27,112.42
2002-10-02,112.26,112.26,111.63,111.76
2002-10-03,112.06,112.27,111.59,111.91
2002-10-04,111.86,112.23,111.62,112.2
2002-10-07,112.46,112.57,112.28,112.38
2002-10-08,112.3,112.77,112.11,112.57
2002-10-09,112.45,112.83,112.38,112.7
2002-10-10,112.86,112.97,112.06,112.18
2002-10-11,112.28,112.28,111.19,111.2
2002-10-14,111.3,111.5,111.16,111.35
2002-10-15,111.35,111.35,110.25,110.31
2002-10-16,110.38,110.64,110.09,110.24
2002-10-17,110.02,110.5,109.67,110.31
2002-10-18,110.12,110.62,109.81,110.31
2002-10-21,110.42,110.57,109.79,109.93
2002-10-22,109.9,110.2,109.8,109.88
2002-10-23,109.79,110.58,109.73,110.39
2002-10-24,110.27,110.33,109.84,110.05
2002-10-25,110.4,110.53,110.1,110.48
2002-10-28,110.75,110.86,110.57,110.72
2002-10-29,110.87,111.29,110.77,111.23
2002-10-30,111.16,111.26,110.67,110.88
2002-10-31,110.96,111.49,110.77,111.43
2002-11-01,111.35,111.45,110.66,110.79
2002-11-04,110.75,110.92,110.56,110.71
2002-11-05,110.77,110.86,110.23,110.33
2002-11-06,110.24,110.43,109.96,110.41
2002-11-07,110.72,111.14,110.45,111.09
2002-11-08,111.23,111.87,111.16,111.85
2002-11-11,111.85,112.04,111.64,111.89
2002-11-12,111.98,112.24,111.87,112.2
2002-11-13,112.19,112.31,111.9,112.15
2002-11-14,112.2,112.39,111.5,111.51
2002-11-15,111.36,111.73,111.26,111.65
2002-11-18,111.6,111.63,111.31,111.59
2002-11-19,111.75,111.87,111.62,111.64
2002-11-20,111.61,112.14,111.53,111.84
2002-11-21,111.6,111.66,111.21,111.26
2002-11-22,111.29,111.45,111.14,111.16
2002-11-25,111.06,111.11,110.74,111.02
2002-11-26,111.07,111.52,110.95,111.51
2002-11-27,111.52,111.57,110.92,111.0
2002-11-28,110.88,111.17,110.85,111.09
2002-11-29,111.09,111.5,110.94,111.45
2002-12-02,111.37,111.39,110.86,111.09
2002-12-03,111.15,111.66,111.03,111.54
2002-12-04,111.6,111.75,111.32,111.57
2002-12-05,111.63,111.82,111.21,111.81
2002-12-06,111.78,111.97,111.72,111.92
2002-12-09,111.73,111.95,111.57,111.81
2002-12-10,111.92,112.04,111.72,111.87
2002-12-11,112.01,112.17,111.65,112.09
2002-12-12,112.06,112.7,112.02,112.65
2002-12-13,112.65,112.8,112.26,112.39
2002-12-16,112.7,112.7,112.07,112.09
2002-12-17,112.17,112.47,112.07,112.36
2002-12-18,112.45,112.89,112.43,112.72
2002-12-19,112.71,112.97,112.58,112.85
2002-12-20,113.01,113.01,112.6,112.8
2002-12-23,112.89,113.01,112.77,112.82
2002-12-27,113.05,113.65,113.05,113.55
2002-12-30,113.7,113.7,113.28,113.54
2003-01-02,113.75,113.75,112.44,112.56
2003-01-03,112.57,112.81,112.23,112.54
2003-01-06,112.5,112.92,112.18,112.65
2003-01-07,112.82,113.01,112.52,112.94
2003-01-08,112.92,113.54,112.84,113.52
2003-01-09,113.4,113.53,113.0,113.18
2003-01-10,113.15,113.49,112.89,113.25
2003-01-13,113.05,113.19,112.72,113.03
2003-01-14,113.17,113.28,112.83,113.24
2003-01-15,113.28,113.45,112.97,113.36
2003-01-16,113.3,113.52,113.16,113.42
2003-01-17,113.62,114.11,113.5,114.04
2003-01-20,114.02,114.35,113.85,114.29
2003-01-21,114.22,114.58,114.09,114.49
2003-01-22,114.54,114.72,114.36,114.51
2003-01-23,114.43,114.95,114.25,114.85
2003-01-24,114.86,115.52,114.76,115.42
2003-01-27,115.27,115.66,115.04,115.11
2003-01-28,115.04,115.25,114.82,115.04
2003-01-29,115.17,115.5,114.93,114.97
2003-01-30,114.87,114.98,114.61,114.68
2003-01-31,114.89,115.24,114.7,114.9
2003-02-03,114.8,115.01,114.55,114.86
2003-02-04,114.9,115.49,114.9,115.4
2003-02-05,115.47,115.71,114.8,114.81
2003-02-06,115.05,115.46,114.95,115.39
2003-02-07,115.29,115.67,115.05,115.56
2003-02-10,115.43,115.66,115.09,115.23
2003-02-11,115.17,115.8,114.98,115.54
2003-02-12,115.6,116.06,115.53,115.95
2003-02-13,116.18,116.46,116.05,116.39
2003-02-14,116.29,116.34,115.64,115.81
2003-02-17,115.7,115.85,115.46,115.68
2003-02-18,115.72,115.91,115.56,115.71
2003-02-19,115.9,116.36,115.83,116.29
2003-02-20,116.29,116.56,116.23,116.47
2003-02-21,116.47,116.66,115.98,116.16
2003-02-24,116.29,116.71,116.26,116.5
2003-02-25,116.7,117.0,116.5,116.65
2003-02-26,116.51,116.74,116.35,116.65
2003-02-27,116.8,116.85,115.93,116.17
2003-02-28,116.25,116.73,116.06,116.67
2003-03-03,116.48,116.83,116.37,116.71
2003-03-04,116.83,116.98,116.61,116.65
2003-03-05,116.89,117.03,116.68,116.75
2003-03-06,116.73,117.1,116.64,116.71
2003-03-07,116.17,116.6,116.17,116.42
2003-03-10,116.58,116.83,116.53,116.79
2003-03-11,116.85,116.86,116.43,116.56
2003-03-12,116.47,116.68,116.35,116.4
2003-03-13,116.15,116.22,115.11,115.25
2003-03-14,115.1,115.34,114.62,114.76
2003-03-17,115.22,115.37,113.57,113.67
2003-03-18,113.67,114.17,113.42,113.75
2003-03-19,113.65,114.08,112.87,113.01
2003-03-20,112.87,113.74,112.78,113.4
2003-03-21,113.3,113.39,112.41,112.63
2003-03-24,113.0,113.38,112.98,113.27
2003-03-25,113.4,113.78,113.05,113.24
2003-03-26,113.35,113.43,112.94,113.33
2003-03-27,113.49,113.96,113.39,113.46
2003-03-28,113.64,114.08,113.48,113.95
2003-03-31,114.21,114.78,114.21,114.72
2003-04-01,114.72,114.98,114.52,114.87
2003-04-02,114.6,114.6,113.8,113.88
2003-04-03,114.04,114.15,113.06,113.64
2003-04-04,113.58,113.75,113.2,113.54
2003-04-07,112.87,113.04,112.65,112.98
2003-04-08,113.12,113.34,112.82,113.24
2003-04-09,113.5,113.89,113.13,113.84
2003-04-10,113.93,114.1,113.76,113.95
2003-04-11,113.87,113.87,113.05,113.51
2003-04-14,113.51,113.51,113.09,113.13
2003-04-15,113.04,113.65,112.87,113.48
2003-04-16,113.29,114.01,113.25,113.98
2003-04-17,114.07,114.27,113.55,113.68
2003-04-22,113.68,114.37,113.66,114.08
2003-04-23,114.02,114.03,113.7,113.76
2003-04-24,113.99,114.53,113.92,114.47
2003-04-25,114.46,114.57,114.22,114.44
2003-04-28,114.68,114.74,114.26,114.36
2003-04-29,114.34,114.4,113.95,114.18
2003-04-30,114.28,114.86,114.04,114.8
2003-05-02,114.98,115.06,114.48,114.64
2003-05-05,114.55,114.92,114.5,114.76
2003-05-06,114.93,114.95,114.64,114.8
2003-05-07,115.4,115.73,115.22,115.66
2003-05-08,115.85,116.17,115.67,116.09
2003-05-09,115.96,116.16,115.79,116.0
2003-05-12,116.3,116.46,116.03,116.07
2003-05-13,116.24,116.37,115.83,116.33
2003-05-14,116.33,116.4,115.9,116.26
2003-05-15,116.45,116.7,116.25,116.66
2003-05-16,116.51,117.09,116.46,116.88
2003-05-19,117.35,117.7,117.25,117.61
2003-05-20,117.48,117.78,117.15,117.74
2003-05-21,117.86,117.96,117.49,117.76
2003-05-22,117.57,118.05,117.54,117.95
2003-05-23,118.04,118.51,117.98,118.46
2003-05-26,118.45,118.72,118.29,118.7
2003-05-27,118.65,119.0,118.06,118.18
2003-05-28,118.1,118.16,117.16,117.46
2003-05-29,117.66,118.13,117.19,118.1
2003-05-30,118.08,118.51,117.53,118.01
2003-06-02,117.8,117.89,117.37,117.58
2003-06-03,117.76,118.8,117.66,118.76
2003-06-04,118.68,118.77,118.17,118.41
2003-06-05,118.32,118.98,117.96,118.65
2003-06-06,118.55,118.91,118.51,118.75
2003-06-09,118.07,118.68,117.95,118.59
2003-06-10,118.61,119.22,118.31,119.14
2003-06-11,119.05,119.36,118.73,119.18
2003-06-12,119.02,119.29,118.79,119.2
2003-06-13,119.11,119.77,119.04,119.69
2003-06-16,119.64,120.0,119.12,119.23
2003-06-17,119.29,119.37,118.29,118.51
2003-06-18,118.45,118.54,117.5,117.66
2003-06-19,117.77,118.07,117.25,117.93
2003-06-20,117.75,118.28,117.33,117.36
2003-06-23,117.47,117.9,117.37,117.83
2003-06-24,118.06,118.07,117.48,117.91
2003-06-25,118.12,118.56,117.97,118.24
2003-06-26,117.36,117.62,116.55,116.65
2003-06-27,116.44,116.91,116.08,116.11
2003-06-30,116.25,116.89,116.22,116.83
2003-07-01,116.89,117.14,116.63,116.7
2003-07-02,116.53,116.54,115.89,116.3
2003-07-03,116.25,116.4,115.53,115.7
2003-07-04,115.6,116.24,115.59,116.23
2003-07-07,115.92,116.0,115.46,115.61
2003-07-08,115.46,116.08,115.27,115.65
2003-07-09,115.89,116.19,115.76,115.95
2003-07-10,116.22,116.5,116.09,116.49
2003-07-11,116.48,116.48,116.09,116.44
2003-07-14,116.62,116.84,116.54,116.63
2003-07-15,116.33,116.37,115.06,115.1
2003-07-16,114.73,115.49,114.57,115.22
2003-07-17,115.49,115.57,114.63,115.33
2003-07-18,115.44,115.47,115.11,115.37
2003-07-21,115.26,115.37,114.8,114.99
2003-07-22,114.52,115.23,114.46,114.84
2003-07-23,115.2,115.83,114.99,115.79
2003-07-24,115.64,115.82,114.94,115.15
2003-07-25,115.2,115.87,115.18,115.53
2003-07-28,115.33,115.41,114.6,114.74
2003-07-29,114.55,115.37,114.5,114.72
2003-07-30,114.47,114.97,114.21,114.75
2003-07-31,114.93,115.15,113.93,114.0
2003-08-01,113.88,114.4,113.57,113.9
2003-08-04,114.2,114.48,113.96,114.45
2003-08-05,114.62,114.67,114.08,114.14
2003-08-06,114.12,114.51,113.86,114.45
2003-08-07,114.62,114.95,114.48,114.76
2003-08-08,114.99,115.7,114.93,115.67
2003-08-11,115.3,115.39,114.8,114.9
2003-08-12,114.96,115.31,114.85,115.05
2003-08-13,114.8,114.85,113.99,114.15
2003-08-14,114.06,114.17,113.53,113.66
2003-08-15,113.93,114.34,113.87,114.21
2003-08-18,114.05,114.36,113.74,114.32
2003-08-19,114.2,114.61,113.67,114.57
2003-08-20,114.42,114.74,113.84,114.13
2003-08-21,114.04,114.22,113.63,113.77
2003-08-22,113.75,114.14,113.72,114.03
2003-08-25,114.0,114.42,113.9,114.01
2003-08-26,114.0,114.2,113.8,114.19
2003-08-27,114.23,114.3,113.83,113.9
2003-08-28,113.91,114.34,113.65,114.27
2003-08-29,114.27,114.31,113.85,114.28
2003-09-01,114.12,114.14,113.67,113.72
2003-09-02,113.61,113.61,112.58,112.59
2003-09-03,112.57,112.92,112.53,112.59
2003-09-04,112.64,113.07,112.58,113.03
2003-09-05,113.08,113.46,113.01,113.31
2003-09-08,113.47,113.5,113.27,113.33
2003-09-09,112.35,112.78,112.29,112.45
2003-09-10,112.65,113.03,112.5,112.91
2003-09-11,113.05,113.23,112.54,112.74
2003-09-12,112.75,113.91,112.66,113.76
2003-09-15,113.62,113.71,113.35,113.58
2003-09-16,113.6,113.65,113.31,113.39
2003-09-17,113.44,113.78,113.23,113.68
2003-09-18,113.74,114.02,113.35,113.56
2003-09-19,113.72,113.9,113.6,113.75
2003-09-22,113.59,114.32,113.56,114.24
2003-09-23,114.32,114.37,113.99,114.29
2003-09-24,114.28,114.48,114.03,114.4
2003-09-25,114.48,114.63,114.23,114.37
2003-09-26,114.37,115.02,114.34,114.87
2003-09-29,114.95,114.98,114.44,114.81
2003-09-30,114.8,115.42,114.8,115.16
2003-10-01,115.25,115.45,115.09,115.2
2003-10-02,115.18,115.18,114.19,114.31
2003-10-03,114.34,114.44,113.3,113.31
2003-10-06,113.31,113.88,113.25,113.76
2003-10-07,113.76,113.84,113.43,113.59
2003-10-08,113.53,113.77,113.08,113.65
2003-10-09,113.64,113.76,112.93,113.1
2003-10-10,113.16,113.69,112.99,113.54
2003-10-13,113.41,113.43,112.81,112.97
2003-10-14,112.79,113.1,112.63,112.94
2003-10-15,112.84,112.88,112.35,112.4
2003-10-16,112.47,112.9,112.22,112.31
2003-10-17,112.2,112.7,111.75,112.53
2003-10-20,112.3,112.75,112.16,112.69
2003-10-21,112.55,113.12,112.45,113.07
2003-10-22,113.03,113.33,112.7,113.25
2003-10-23,113.57,113.68,112.71,112.78
2003-10-24,112.96,113.23,112.75,113.2
2003-10-27,112.96,113.06,112.51,112.94
2003-10-28,112.75,112.9,112.56,112.64
2003-10-29,113.12,113.2,112.57,112.71
2003-10-30,112.47,112.76,112.18,112.29
2003-10-31,112.45,112.99,112.38,112.75
2003-11-03,112.53,112.68,111.99,112.18
2003-11-04,112.32,112.58,112.21,112.48
2003-11-05,112.35,112.53,112.14,112.42
2003-11-06,112.24,112.27,111.55,111.64
2003-11-07,111.66,111.87,111.24,111.38
2003-11-10,111.45,111.68,111.43,111.47
2003-11-11,111.55,111.72,111.52,111.57
2003-11-12,111.56,111.79,111.28,111.77
2003-11-13,111.68,112.2,111.54,112.09
2003-11-14,112.27,112.7,112.22,112.56
2003-11-17,112.75,112.99,112.61,112.82
2003-11-18,112.72,113.12,112.51,112.97
2003-11-19,113.15,113.3,112.46,112.66
2003-11-20,112.6,113.22,112.54,112.74
2003-11-21,112.84,113.07,112.72,113.01
2003-11-24,112.85,112.92,112.27,112.32
2003-11-25,112.26,112.41,112.05,112.26
2003-11-26,112.26,112.53,112.1,112.12
2003-11-27,112.06,112.15,111.82,111.83
2003-11-28,111.89,112.31,111.75,111.88
2003-12-01,111.8,111.93,111.56,111.69
2003-12-02,111.81,111.92,111.51,111.84
2003-12-03,111.94,112.08,111.7,111.79
2003-12-04,111.75,112.22,111.67,112.18
2003-12-05,112.25,113.08,112.1,113.02
2003-12-08,113.06,113.1,112.83,112.89
2003-12-09,112.28,112.57,112.06,112.36
2003-12-10,111.9,112.5,111.83,112.33
2003-12-11,112.33,112.34,111.99,112.28
2003-12-12,112.58,112.95,112.4,112.79
2003-12-15,112.47,113.09,112.39,113.08
2003-12-16,113.11,113.12,112.72,112.92
2003-12-17,113.18,113.41,112.98,113.38
2003-12-18,113.35,113.69,113.11,113.31
2003-12-19,113.42,113.5,112.96,113.16
2003-12-22,113.47,113.52,113.21,113.29
2003-12-23,113.35,113.54,113.27,113.42
2003-12-29,113.7,113.71,113.27,113.31
2003-12-30,113.18,113.24,112.74,113.12
2004-01-02,112.95,113.73,112.53,112.74
2004-01-05,112.88,112.9,112.58,112.85
2004-01-06,113.0,113.54,112.93,113.51
2004-01-07,113.36,113.77,113.21,113.56
2004-01-08,113.51,113.92,113.27,113.78
2004-01-09,113.7,114.63,113.62,114.49
2004-01-12,114.6,114.76,114.32,114.65
2004-01-13,114.6,114.6,114.37,114.51
2004-01-14,114.72,114.75,114.14,114.59
2004-01-15,114.58,114.69,114.33,114.47
2004-01-16,114.47,115.03,114.24,114.34
2004-01-19,114.22,114.5,114.19,114.31
2004-01-20,114.16,114.73,114.14,114.65
2004-01-21,114.6,114.83,114.37,114.51
2004-01-22,114.73,114.77,114.4,114.7
2004-01-23,114.8,115.17,114.56,114.67
2004-01-26,114.57,114.69,114.32,114.46
2004-01-27,114.29,114.63,114.2,114.52
2004-01-28,114.51,114.75,114.34,114.73
2004-01-29,114.07,114.09,113.46,113.53
2004-01-30,113.7,113.97,113.6,113.85
2004-02-02,113.83,114.06,113.75,113.96
2004-02-03,114.08,114.3,114.02,114.28
2004-02-04,114.3,114.45,114.15,114.26
2004-02-05,114.25,114.48,114.12,114.34
2004-02-06,114.17,114.85,113.98,114.78
2004-02-09,114.83,114.93,114.68,114.8
2004-02-10,114.91,115.02,114.72,114.76
2004-02-11,114.71,115.15,114.52,115.06
2004-02-12,115.07,115.13,114.87,115.0
2004-02-13,114.93,115.45,114.89,115.12
2004-02-16,115.17,115.17,114.96,115.07
2004-02-17,115.0,115.42,114.99,115.31
2004-02-18,115.44,115.59,115.27,115.33
2004-02-19,115.15,115.23,114.84,115.22
2004-02-20,115.21,115.23,114.85,114.9
2004-02-23,114.7,115.1,114.66,115.04
2004-02-24,115.18,115.47,115.1,115.4
2004-02-25,115.34,115.58,115.27,115.52
2004-02-26,115.49,115.52,115.13,115.44
2004-02-27,115.46,115.84,115.44,115.8
2004-03-01,115.83,115.93,115.53,115.79
2004-03-02,115.72,115.75,115.34,115.38
2004-03-03,115.35,115.37,114.98,115.17
2004-03-04,115.25,115.46,114.93,115.44
2004-03-05,115.38,116.49,115.31,116.44
2004-03-08,116.42,116.69,116.31,116.67
2004-03-09,115.92,116.19,115.67,115.99
2004-03-10,115.89,115.99,115.76,115.96
2004-03-11,115.83,116.48,115.79,115.96
2004-03-12,116.25,116.36,115.96,116.02
2004-03-15,116.03,116.38,116.0,116.13
2004-03-16,116.14,116.3,115.69,115.86
2004-03-17,116.38,116.44,116.12,116.15
2004-03-18,116.22,116.39,115.95,116.24
2004-03-19,116.12,116.32,116.08,116.19
2004-03-22,116.3,116.54,116.19,116.37
2004-03-23,116.46,116.51,116.16,116.34
2004-03-24,116.39,116.67,116.35,116.57
2004-03-25,116.59,116.75,116.47,116.74
2004-03-26,116.65,116.81,116.31,116.33
2004-03-29,116.25,116.28,115.57,115.79
2004-03-30,115.89,115.94,115.75,115.87
2004-03-31,115.85,116.13,115.56,116.07
2004-04-01,116.06,116.21,115.48,115.89
2004-04-02,115.87,115.88,114.1,114.6
2004-04-05,114.47,114.78,114.33,114.46
2004-04-06,114.52,114.8,114.49,114.75
2004-04-07,114.84,115.02,114.78,114.94
2004-04-08,114.87,114.92,114.59,114.83
2004-04-13,114.64,114.64,114.06,114.15
2004-04-14,114.05,114.3,113.83,114.06
2004-04-15,114.13,114.26,113.93,114.25
2004-04-16,114.26,114.57,114.18,114.38
2004-04-19,114.42,114.6,114.39,114.45
2004-04-20,114.34,114.35,114.04,114.29
2004-04-21,113.93,114.18,113.75,113.98
2004-04-22,114.02,114.22,113.94,114.13
2004-04-23,114.22,114.37,113.83,113.86
2004-04-26,113.83,113.93,113.63,113.84
2004-04-27,113.87,114.06,113.76,113.88
2004-04-28,113.98,114.05,113.75,113.78
2004-04-29,113.56,114.15,113.49,113.71
2004-04-30,113.65,114.11,113.59,114.09
2004-05-03,113.87,114.32,113.87,114.27
2004-05-04,114.2,114.29,114.11,114.22
2004-05-05,114.09,114.44,114.02,114.04
2004-05-06,113.97,114.03,113.55,113.62
2004-05-07,113.62,114.15,112.91,112.98
2004-05-10,113.0,113.19,112.94,113.12
2004-05-11,113.1,113.17,112.93,113.09
2004-05-12,113.13,113.2,112.76,112.83
2004-05-13,112.71,112.79,112.55,112.69
2004-05-14,112.61,113.12,112.46,113.03
2004-05-17,113.12,113.39,113.12,113.28
2004-05-18,113.25,113.31,113.06,113.15
2004-05-19,113.09,113.09,112.64,112.76
2004-05-20,112.84,113.03,112.71,112.94
2004-05-21,113.0,113.32,112.82,112.87
2004-05-24,112.8,112.99,112.72,112.98
2004-05-25,113.03,113.16,112.93,113.02
2004-05-26,113.02,113.37,112.92,113.34
2004-05-27,113.41,113.73,113.34,113.7
2004-05-28,113.6,113.66,113.2,113.33
2004-05-31,113.38,113.43,112.83,112.91
2004-06-01,113.0,113.12,112.88,112.98
2004-06-02,113.1,113.15,112.79,112.87
2004-06-03,112.77,112.93,112.59,112.91
2004-06-04,112.93,113.07,112.34,112.76
2004-06-07,112.63,113.07,112.59,113.04
2004-06-08,113.01,113.03,112.9,112.96
2004-06-09,112.71,112.73,112.16,112.27
2004-06-10,112.28,112.32,112.02,112.21
2004-06-11,112.15,112.17,111.89,111.94
2004-06-14,111.89,112.13,111.81,112.04
2004-06-15,111.84,112.99,111.84,112.97
2004-06-16,112.86,112.89,112.41,112.55
2004-06-17,112.5,112.55,112.25,112.46
2004-06-18,112.6,112.86,112.52,112.71
2004-06-21,112.65,112.92,112.5,112.86
2004-06-22,112.83,112.85,112.6,112.67
2004-06-23,112.62,112.78,112.56,112.74
2004-06-24,112.72,113.34,112.71,113.2
2004-06-25,113.17,113.32,112.95,112.96
2004-06-28,113.02,113.11,112.56,112.6
2004-06-29,112.6,112.76,112.45,112.74
2004-06-30,112.75,113.2,112.7,113.15
2004-07-01,113.27,113.28,112.93,113.2
2004-07-02,113.31,113.86,113.24,113.57
2004-07-05,113.72,113.72,113.53,113.66
2004-07-06,113.7,113.86,113.58,113.67
2004-07-07,113.64,113.97,113.57,113.9
2004-07-08,113.87,114.04,113.75,113.94
2004-07-09,113.91,114.05,113.84,114.03
2004-07-12,114.08,114.14,113.96,114.14
2004-07-13,114.05,114.05,113.63,113.72
2004-07-14,113.83,113.95,113.73,113.81
2004-07-15,113.8,113.94,113.66,113.81
2004-07-16,113.79,114.38,113.75,114.32
2004-07-19,114.36,114.42,114.2,114.36
2004-07-20,114.41,114.42,114.08,114.21
2004-07-21,113.9,113.92,113.51,113.56
2004-07-22,113.68,113.96,113.62,113.93
2004-07-23,113.9,113.99,113.76,113.95
2004-07-26,113.93,114.0,113.67,113.73
2004-07-27,113.72,113.77,113.48,113.52
2004-07-28,113.36,113.61,113.3,113.58
2004-07-29,113.53,113.75,113.44,113.73
2004-07-30,113.7,114.28,113.68,114.25
2004-08-02,114.4,114.61,114.25,114.34
2004-08-03,114.34,114.55,114.19,114.52
2004-08-04,114.54,114.72,114.41,114.66
2004-08-05,114.59,114.94,114.56,114.86
2004-08-06,114.9,115.78,114.8,115.58
2004-08-09,115.58,115.59,115.44,115.56
2004-08-10,115.51,115.73,115.46,115.58
2004-08-11,115.46,115.54,115.27,115.44
2004-08-12,115.51,115.86,115.42,115.68
2004-08-13,115.8,115.96,115.69,115.87
2004-08-16,115.9,115.9,115.36,115.44
2004-08-17,115.51,115.7,115.43,115.64
2004-08-18,115.71,115.89,115.45,115.53
2004-08-19,115.54,115.69,115.41,115.64
2004-08-20,115.67,115.82,115.58,115.77
2004-08-23,115.7,115.7,115.18,115.36
2004-08-24,115.28,115.41,115.13,115.31
2004-08-25,115.39,115.71,115.22,115.6
2004-08-26,115.53,115.79,115.47,115.75
2004-08-27,115.82,115.93,115.58,115.75
2004-08-30,115.6,115.86,115.5,115.7
2004-08-31,115.75,116.21,115.66,116.18
2004-09-01,116.09,116.23,115.94,116.03
2004-09-02,116.04,116.1,115.64,115.7
2004-09-03,115.64,116.14,114.61,115.03
2004-09-06,114.92,115.21,114.91,115.13
2004-09-07,115.07,115.23,114.93,115.15
2004-09-08,115.2,115.22,115.02,115.06
2004-09-09,114.57,114.89,114.46,114.71
2004-09-10,114.71,115.11,114.69,114.86
2004-09-13,114.74,114.89,114.61,114.89
2004-09-14,114.83,115.22,114.8,115.0
2004-09-15,115.02,115.11,114.83,114.94
2004-09-16,114.87,115.16,114.7,115.12
2004-09-17,115.18,115.4,115.15,115.31
2004-09-20,115.28,115.47,115.21,115.41
2004-09-21,115.45,115.47,115.21,115.39
2004-09-22,115.5,115.86,115.41,115.86
2004-09-23,115.91,116.12,115.83,116.0
2004-09-24,115.92,115.96,115.65,115.85
2004-09-27,115.82,116.11,115.72,115.97
2004-09-28,116.07,116.18,115.8,115.93
2004-09-29,115.91,115.91,115.53,115.63
2004-09-30,115.62,115.79,115.42,115.65
2004-10-01,115.68,115.75,115.23,115.36
2004-10-04,115.26,115.35,115.12,115.32
2004-10-05,115.34,115.7,115.32,115.59
2004-10-06,115.56,115.74,115.51,115.64
2004-10-07,115.56,115.58,115.32,115.46
2004-10-08,115.52,116.15,115.5,116.08
2004-10-11,116.1,116.1,115.95,116.05
2004-10-12,116.13,116.49,116.07,116.44
2004-10-13,116.31,116.46,116.17,116.42
2004-10-14,116.53,116.7,116.43,116.68
2004-10-15,116.68,116.82,116.32,116.37
2004-10-18,116.51,116.73,116.46,116.65
2004-10-19,116.65,116.65,116.29,116.53
2004-10-20,116.64,116.98,116.61,116.83
2004-10-21,116.93,117.03,116.73,116.87
2004-10-22,116.72,116.97,116.68,116.9
2004-10-25,117.14,117.29,117.12,117.22
2004-10-26,117.1,117.34,117.09,117.15
2004-10-27,117.1,117.34,116.84,116.84
2004-10-28,116.75,116.89,116.4,116.87
2004-10-29,116.82,116.94,116.59,116.94
2004-11-01,116.94,117.09,116.82,116.86
2004-11-02,116.9,116.9,116.47,116.68
2004-11-03,116.44,116.86,116.35,116.8
2004-11-04,116.8,117.25,116.77,117.17
2004-11-05,117.12,117.18,116.46,116.6
2004-11-08,116.68,116.77,116.54,116.72
2004-11-09,116.73,117.15,116.7,117.15
2004-11-10,117.04,117.17,116.92,116.93
2004-11-11,116.98,117.51,116.94,117.39
2004-11-12,117.35,117.9,117.33,117.85
2004-11-15,117.76,117.97,117.73,117.8
2004-11-16,117.85,118.18,117.71,117.96
2004-11-17,117.95,118.1,117.65,117.94
2004-11-18,118.01,118.21,117.39,117.56
2004-11-19,117.64,118.1,117.52,117.79
2004-11-22,117.73,118.04,117.73,117.98
2004-11-23,117.89,118.18,117.8,118.17
2004-11-24,118.13,118.28,118.03,118.18
2004-11-25,118.2,118.48,118.1,118.35
2004-11-26,118.35,118.45,118.11,118.42
2004-11-29,118.32,118.41,117.84,117.96
2004-11-30,117.97,118.28,117.82,118.23
2004-12-01,118.3,118.46,118.22,118.43
2004-12-02,118.43,118.54,117.73,117.93
2004-12-03,117.93,118.7,117.71,118.65
2004-12-06,118.55,119.0,118.55,118.99
2004-12-07,118.98,119.28,118.85,119.28
2004-12-08,119.16,119.23,119.05,119.16
2004-12-09,118.97,119.24,118.74,119.02
2004-12-10,118.91,119.29,118.74,119.2
2004-12-13,119.12,119.37,119.07,119.29
2004-12-14,119.32,119.37,119.09,119.31
2004-12-15,119.45,119.94,119.36,119.84
2004-12-16,119.86,119.97,119.42,119.51
2004-12-17,119.51,119.59,118.85,119.12
2004-12-20,119.16,119.42,119.13,119.33
2004-12-21,119.33,119.49,118.93,119.11
2004-12-22,119.16,119.22,118.95,119.04
2004-12-23,119.13,119.37,119.08,119.28
2004-12-27,119.27,119.48,119.03,119.03
2004-12-28,119.09,119.24,118.47,118.47
2004-12-29,118.51,118.73,118.15,118.15
2004-12-30,118.12,118.6,118.11,118.59
2005-01-03,118.42,119.02,118.4,118.94
2005-01-04,118.9,119.03,118.71,118.85
2005-01-05,118.66,118.96,118.45,118.9
2005-01-06,118.83,119.19,118.59,119.03
2005-01-07,119.04,119.69,118.75,119.19
2005-01-10,119.13,119.48,119.07,119.33
2005-01-11,119.36,119.54,119.24,119.33
2005-01-12,119.33,119.43,119.07,119.26
2005-01-13,119.29,119.78,119.11,119.7
2005-01-14,119.62,119.87,119.58,119.76
2005-01-17,119.76,120.01,119.74,119.89
2005-01-18,119.84,119.99,119.64,119.9
2005-01-19,120.01,120.31,120.01,120.11
2005-01-20,120.16,120.22,119.47,119.71
2005-01-21,119.7,119.78,119.45,119.75
2005-01-24,119.78,119.97,119.78,119.88
2005-01-25,119.9,120.2,119.7,119.8
2005-01-26,119.76,119.85,119.56,119.76
2005-01-27,119.7,119.7,119.26,119.46
2005-01-28,119.48,119.96,119.44,119.92
2005-01-31,119.84,119.98,119.76,119.93
2005-02-01,120.0,120.19,119.9,120.01
2005-02-02,119.97,120.08,119.81,119.83
2005-02-03,119.81,119.84,119.58,119.78
2005-02-04,119.78,120.4,119.72,120.33
2005-02-07,120.2,120.47,120.17,120.46
2005-02-08,120.41,120.77,120.23,120.75
2005-02-09,120.69,120.87,120.56,120.83
2005-02-10,120.92,120.98,120.67,120.71
2005-02-11,120.71,120.75,120.57,120.65
2005-02-14,120.58,120.6,120.32,120.48
2005-02-15,120.47,120.47,120.1,120.14
2005-02-16,120.13,120.47,119.81,119.87
2005-02-17,119.87,119.94,119.51,119.69
2005-02-18,119.63,119.68,118.75,118.75
2005-02-21,118.74,118.94,118.49,118.6
2005-02-22,118.66,118.91,118.54,118.65
2005-02-23,118.61,119.02,118.46,118.49
2005-02-24,118.47,118.76,118.22,118.43
2005-02-25,118.25,118.7,118.23,118.61
2005-02-28,118.59,118.88,118.29,118.43
2005-03-01,118.33,118.6,118.27,118.43
2005-03-02,118.42,118.48,117.89,118.08
2005-03-03,118.08,118.27,118.02,118.25
2005-03-04,118.21,118.85,117.95,118.79
2005-03-07,118.75,119.12,118.73,119.04
2005-03-08,119.02,119.2,119.01,119.04
2005-03-09,117.73,117.85,117.13,117.35
2005-03-10,117.05,117.34,116.89,117.25
2005-03-11,117.13,117.45,117.07,117.23
2005-03-14,117.16,117.3,116.92,117.24
2005-03-15,117.29,117.82,117.29,117.79
2005-03-16,117.7,118.18,117.33,118.16
2005-03-17,118.1,118.22,117.85,118.02
2005-03-18,117.93,117.99,117.63,117.9
2005-03-21,117.75,117.77,117.49,117.64
2005-03-22,117.6,118.05,117.56,118.04
2005-03-23,117.47,117.7,117.34,117.55
2005-03-24,117.69,117.96,117.64,117.75
2005-03-29,117.6,117.93,117.6,117.85
2005-03-30,117.9,118.21,117.85,118.17
2005-03-31,118.25,118.65,118.24,118.61
2005-04-01,118.71,119.02,118.51,118.68
2005-04-04,118.75,118.99,118.59,118.96
2005-04-05,118.88,118.95,118.67,118.84
2005-04-06,118.87,119.09,118.72,118.84
2005-04-07,118.89,119.37,118.78,119.2
2005-04-08,119.08,119.17,118.91,119.17
2005-04-11,119.21,119.34,119.12,119.24
2005-04-12,119.26,119.41,119.18,119.38
2005-04-13,119.56,119.69,119.45,119.65
2005-04-14,119.6,119.64,119.37,119.53
2005-04-15,119.71,119.99,119.7,119.93
2005-04-18,120.1,120.32,120.05,120.06
2005-04-19,119.99,120.38,119.82,120.32
2005-04-20,120.24,120.31,119.83,120.26
2005-04-21,120.4,120.42,119.74,119.88
2005-04-22,119.85,120.19,119.84,120.12
2005-04-25,120.18,120.35,120.13,120.34
2005-04-26,120.4,120.55,120.23,120.3
2005-04-27,120.34,120.72,120.15,120.58
2005-04-28,120.59,120.84,120.53,120.83
2005-04-29,120.9,120.91,120.37,120.69
2005-05-02,120.65,120.86,120.6,120.73
2005-05-03,120.81,120.98,120.64,120.95
2005-05-04,121.04,121.06,120.46,120.73
2005-05-05,120.76,120.95,120.68,120.95
2005-05-06,120.89,120.97,120.24,120.38
2005-05-09,120.32,120.67,120.27,120.67
2005-05-10,120.69,121.23,120.65,121.11
2005-05-11,121.19,121.58,121.11,121.51
2005-05-12,121.34,121.47,121.19,121.38
2005-05-13,121.56,121.72,121.26,121.55
2005-05-16,121.51,121.66,121.34,121.57
2005-05-17,121.47,121.69,121.35,121.61
2005-05-18,121.53,121.91,121.49,121.8
2005-05-19,121.76,121.77,121.5,121.59
2005-05-20,121.5,121.58,121.27,121.4
2005-05-23,121.37,121.79,121.15,121.78
2005-05-24,121.88,122.15,121.83,122.03
2005-05-25,122.12,122.3,121.79,121.95
2005-05-26,121.87,122.07,121.63,121.88
2005-05-27,121.82,122.08,121.67,121.83
2005-05-30,121.74,121.81,121.61,121.74
2005-05-31,121.73,122.4,121.5,122.31
2005-06-01,122.15,122.79,122.15,122.69
2005-06-02,122.63,122.93,122.55,122.88
2005-06-03,122.82,123.29,122.58,122.67
2005-06-06,122.57,122.93,122.57,122.91
2005-06-07,123.0,123.44,123.0,123.38
2005-06-08,123.32,123.67,123.32,123.58
2005-06-09,123.48,123.6,123.08,123.52
2005-06-10,123.55,123.62,123.13,123.4
2005-06-13,123.28,123.55,122.81,123.0
2005-06-14,123.04,123.11,122.7,122.82
2005-06-15,122.86,122.88,121.78,121.78
2005-06-16,121.89,121.98,121.28,121.92
2005-06-17,121.95,122.15,121.63,122.0
2005-06-20,121.93,122.16,121.64,121.99
2005-06-21,121.88,122.74,121.76,122.73
2005-06-22,122.7,123.46,122.61,123.37
2005-06-23,123.46,123.53,123.09,123.2
2005-06-24,123.3,123.73,123.23,123.43
2005-06-27,123.47,123.78,123.35,123.59
2005-06-28,123.44,123.55,123.04,123.19
2005-06-29,123.21,123.54,122.79,123.04
2005-06-30,123.0,123.62,122.85,123.5
2005-07-01,123.63,123.71,123.14,123.31
2005-07-04,123.12,123.24,122.84,123.15
2005-07-05,123.13,123.15,122.49,122.73
2005-07-06,122.79,122.91,122.63,122.66
2005-07-07,122.64,124.06,122.6,123.08
2005-07-08,123.02,123.29,122.82,123.06
2005-07-11,122.95,123.03,122.39,122.59
2005-07-12,122.68,122.78,122.36,122.58
2005-07-13,122.45,122.55,122.26,122.42
2005-07-14,122.4,122.48,122.0,122.04
2005-07-15,122.06,122.2,121.85,122.13
2005-07-18,122.06,122.47,122.01,122.3
2005-07-19,122.2,122.23,121.77,122.19
2005-07-20,122.1,122.24,121.83,122.04
2005-07-21,122.26,122.45,121.85,122.03
2005-07-22,121.97,122.65,121.92,122.54
2005-07-25,122.48,122.78,122.42,122.66
2005-07-26,122.62,122.64,122.31,122.54
2005-07-27,122.55,122.76,122.46,122.61
2005-07-28,122.6,122.66,122.32,122.58
2005-07-29,122.63,122.74,122.35,122.45
2005-08-01,122.32,122.32,121.84,122.0
2005-08-02,121.97,122.09,121.57,121.66
2005-08-03,121.63,121.84,121.42,121.79
2005-08-04,121.78,121.88,121.53,121.59
2005-08-05,121.62,121.76,121.16,121.26
2005-08-08,121.23,121.41,121.21,121.35
2005-08-09,121.23,121.49,121.2,121.28
2005-08-10,121.42,121.73,121.34,121.56
2005-08-11,121.4,121.78,121.3,121.78
2005-08-12,121.87,122.22,121.8,122.17
2005-08-15,122.2,122.34,122.09,122.23
2005-08-16,122.21,122.69,122.08,122.66
2005-08-17,122.64,122.75,122.45,122.68
2005-08-18,122.65,123.05,122.59,123.05
2005-08-19,123.13,123.22,122.86,123.04
2005-08-22,123.1,123.25,122.84,123.25
2005-08-23,123.24,123.29,122.89,123.24
2005-08-24,123.25,123.45,123.13,123.27
2005-08-25,123.29,123.59,123.26,123.58
2005-08-26,123.6,123.64,123.35,123.42
2005-08-29,123.68,123.76,123.36,123.48
2005-08-30,123.46,123.53,123.14,123.43
2005-08-31,123.55,124.0,123.55,123.95
2005-09-01,123.9,124.35,123.8,124.34
2005-09-02,124.38,124.6,124.13,124.33
2005-09-05,124.37,124.5,124.33,124.43
2005-09-06,124.3,124.36,123.97,124.21
2005-09-07,124.14,124.3,123.96,124.02
2005-09-08,123.98,124.2,123.97,124.03
2005-09-09,123.33,123.63,123.2,123.56
2005-09-12,123.5,123.53,122.83,122.87
2005-09-13,122.89,123.21,122.64,123.12
2005-09-14,123.06,123.39,123.05,123.16
2005-09-15,123.03,123.23,122.85,122.86
2005-09-16,122.91,122.96,122.66,122.74
2005-09-19,122.62,123.3,122.55,123.17
2005-09-20,123.13,123.37,123.13,123.28
2005-09-21,123.43,123.85,123.4,123.82
2005-09-22,123.88,124.01,123.57,123.8
2005-09-23,123.76,123.78,123.38,123.4
2005-09-26,123.27,123.27,122.75,122.77
2005-09-27,122.75,122.99,122.57,122.77
2005-09-28,122.69,122.88,122.43,122.84
2005-09-29,122.83,123.06,122.38,122.5
2005-09-30,122.51,122.76,122.5,122.53
2005-10-03,122.55,122.71,122.08,122.24
2005-10-04,122.06,122.39,121.99,122.21
2005-10-05,122.28,122.53,122.27,122.27
2005-10-06,122.4,122.46,122.13,122.22
2005-10-07,122.14,122.43,121.93,122.4
2005-10-10,122.32,122.56,122.31,122.43
2005-10-11,122.39,122.45,122.14,122.18
2005-10-12,122.12,122.2,121.8,121.85
2005-10-13,121.7,121.79,121.29,121.35
2005-10-14,121.4,121.68,121.13,121.13
2005-10-17,121.23,121.45,121.19,121.29
2005-10-18,121.3,121.42,121.06,121.41
2005-10-19,121.54,121.67,121.46,121.58
2005-10-20,121.53,121.53,121.12,121.41
2005-10-21,121.5,121.95,121.46,121.87
2005-10-24,121.79,122.0,121.68,121.7
2005-10-25,121.65,121.77,120.93,121.01
2005-10-26,120.79,120.87,120.44,120.62
2005-10-27,120.66,120.77,120.22,120.31
2005-10-28,120.43,120.63,120.17,120.28
2005-10-31,120.25,120.6,120.2,120.42
2005-11-01,120.44,120.68,120.13,120.35
2005-11-02,120.33,120.4,119.77,119.91
2005-11-03,119.75,120.19,119.67,119.82
2005-11-04,119.63,120.02,119.43,119.54
2005-11-07,119.47,119.72,119.43,119.46
2005-11-08,119.55,119.93,119.32,119.85
2005-11-09,119.89,119.97,119.22,119.33
2005-11-10,119.25,119.48,119.21,119.37
2005-11-11,119.47,119.55,119.35,119.35
2005-11-14,119.44,119.7,119.03,119.11
2005-11-15,119.1,119.6,119.06,119.59
2005-11-16,119.51,120.34,119.51,120.26
2005-11-17,120.27,120.33,119.73,120.2
2005-11-18,120.14,120.31,119.09,119.38
2005-11-21,119.37,119.85,119.14,119.79
2005-11-22,119.63,119.89,119.47,119.68
2005-11-23,119.83,119.94,119.72,119.85
2005-11-24,119.83,120.65,119.78,120.59
2005-11-25,120.5,120.85,120.42,120.5
2005-11-28,120.46,120.68,120.21,120.53
2005-11-29,120.67,120.83,120.0,120.13
2005-11-30,120.15,120.33,120.05,120.27
2005-12-01,120.26,120.89,120.14,120.63
2005-12-02,120.58,120.81,120.4,120.76
2005-12-05,120.64,120.69,120.32,120.57
2005-12-06,120.53,121.06,120.52,121.0
2005-12-07,120.97,121.08,120.68,120.74
2005-12-08,120.78,121.05,120.78,120.94
2005-12-09,121.2,121.25,120.51,120.54
2005-12-12,120.58,120.89,120.55,120.85
2005-12-13,120.86,121.23,120.6,120.96
2005-12-14,121.2,121.41,121.09,121.19
2005-12-15,121.3,121.48,121.13,121.21
2005-12-16,121.44,121.6,121.21,121.43
2005-12-19,121.44,121.65,121.34,121.56
2005-12-20,121.56,121.59,121.25,121.45
2005-12-21,121.48,121.48,120.99,121.08
2005-12-22,121.15,121.48,120.89,121.24
2005-12-23,121.4,121.75,121.28,121.7
2005-12-27,121.68,121.74,121.41,121.59
2005-12-28,121.65,121.97,121.5,121.87
2005-12-29,121.82,121.82,121.62,121.69
2005-12-30,121.77,122.09,121.74,121.84
2006-01-02,121.85,121.87,121.37,121.54
2006-01-03,121.43,121.74,121.24,121.63
2006-01-04,121.7,122.23,121.65,122.17
2006-01-05,122.16,122.26,121.91,122.22
2006-01-06,122.2,122.6,122.12,122.34
2006-01-09,122.28,122.46,122.23,122.35
2006-01-10,122.42,122.44,122.05,122.08
2006-01-11,122.01,122.09,121.79,121.92
2006-01-12,121.9,122.31,121.85,122.25
2006-01-13,122.22,122.37,122.0,122.26
2006-01-16,122.3,122.31,122.13,122.18
2006-01-17,122.23,122.49,122.2,122.33
2006-01-18,122.5,122.65,122.04,122.23
2006-01-19,122.1,122.1,121.41,121.56
2006-01-20,121.55,121.75,121.28,121.31
2006-01-23,121.53,121.59,121.09,121.17
2006-01-24,121.26,121.4,121.12,121.27
2006-01-25,121.15,121.19,120.58,120.73
2006-01-26,120.68,120.78,120.15,120.26
2006-01-27,120.18,120.58,120.08,120.22
2006-01-30,120.2,120.4,120.06,120.37
2006-01-31,120.37,120.48,120.14,120.43
2006-02-01,120.38,120.63,119.85,119.95
2006-02-02,119.94,120.12,119.77,119.92
2006-02-03,119.9,120.37,119.81,120.28
2006-02-06,120.28,120.48,120.2,120.26
2006-02-07,120.21,120.53,119.96,119.99
2006-02-08,120.13,120.28,120.03,120.18
2006-02-09,120.13,120.47,119.83,120.39
2006-02-10,120.32,120.83,120.19,120.56
2006-02-13,120.3,120.37,120.04,120.15
2006-02-14,120.29,120.39,120.0,120.33
2006-02-15,120.2,120.56,120.09,120.26
2006-02-16,120.25,120.28,119.95,120.19
2006-02-17,120.28,120.74,120.25,120.62
2006-02-20,120.67,120.87,120.65,120.76
2006-02-21,120.77,120.96,120.58,120.73
2006-02-22,120.67,121.05,120.54,120.95
2006-02-23,121.05,121.05,120.39,120.47
2006-02-24,120.44,120.59,120.26,120.36
2006-02-27,120.2,120.27,119.93,120.01
2006-02-28,120.04,120.43,119.98,120.39
2006-03-01,120.3,120.4,120.06,120.13
2006-03-02,120.12,120.21,119.48,119.55
2006-03-03,119.57,119.64,119.33,119.37
2006-03-06,119.41,119.57,119.32,119.55
2006-03-07,119.34,119.41,119.13,119.35
2006-03-08,119.39,119.53,119.18,119.22
2006-03-09,118.18,118.34,117.97,118.13
2006-03-10,118.14,118.22,117.72,117.75
2006-03-13,117.79,117.81,117.52,117.72
2006-03-14,117.72,118.14,117.68,118.07
2006-03-15,118.05,118.12,117.74,117.92
2006-03-16,117.8,118.23,117.59,118.09
2006-03-17,118.13,118.4,117.74,117.77
2006-03-20,117.77,118.12,117.69,118.06
2006-03-21,117.94,118.22,117.83,117.9
2006-03-22,118.03,118.32,117.94,118.18
2006-03-23,118.18,118.45,117.87,117.97
2006-03-24,117.98,118.33,117.92,118.23
2006-03-27,118.3,118.43,118.19,118.28
2006-03-28,118.26,118.27,117.29,117.42
2006-03-29,117.3,117.38,117.11,117.24
2006-03-30,117.15,117.29,116.85,117.16
2006-03-31,117.01,117.24,116.92,117.17
2006-04-03,116.96,117.04,116.46,116.69
2006-04-04,116.68,116.84,116.34,116.53
2006-04-05,116.48,116.63,116.32,116.43
2006-04-06,116.38,116.81,116.07,116.2
2006-04-07,116.11,116.46,115.98,116.16
2006-04-10,115.97,116.27,115.97,116.09
2006-04-11,116.05,116.43,116.05,116.29
2006-04-12,116.4,116.53,116.11,116.22
2006-04-13,116.19,116.21,115.51,115.59
2006-04-18,115.76,115.89,115.52,115.58
2006-04-19,115.8,116.18,115.55,115.63
2006-04-20,115.7,115.91,115.59,115.82
2006-04-21,115.82,116.08,115.58,115.7
2006-04-24,115.77,116.02,115.63,115.74
2006-04-25,115.87,115.93,115.18,115.25
2006-04-26,115.35,115.44,115.1,115.29
2006-04-27,115.26,115.58,114.91,115.35
2006-04-28,115.59,115.74,115.24,115.58
2006-05-02,115.31,115.56,115.16,115.43
2006-05-03,115.35,115.45,115.16,115.23
2006-05-04,115.28,115.29,114.82,114.98
2006-05-05,115.06,115.39,114.9,115.29
2006-05-08,115.27,115.5,115.12,115.18
2006-05-09,115.19,115.2,114.99,115.11
2006-05-10,115.06,115.48,114.86,115.35
2006-05-11,115.15,115.22,114.76,114.83
2006-05-12,114.83,115.14,114.55,114.81
2006-05-15,114.66,115.37,114.65,115.28
2006-05-16,115.26,115.69,115.23,115.64
2006-05-17,115.61,115.63,114.85,114.93
2006-05-18,115.12,115.67,115.0,115.63
2006-05-19,115.74,115.89,115.42,115.87
2006-05-22,115.79,116.49,115.78,116.39
2006-05-23,116.37,116.43,116.11,116.26
2006-05-24,116.5,116.95,116.28,116.66
2006-05-25,116.75,116.9,116.61,116.82
2006-05-26,116.65,116.82,116.46,116.73
2006-05-29,116.65,116.7,116.52,116.69
2006-05-30,116.71,116.89,116.21,116.29
2006-05-31,116.39,116.46,115.8,116.05
2006-06-01,115.78,115.88,115.57,115.81
2006-06-02,115.8,116.43,115.64,116.31
2006-06-05,116.36,116.44,115.94,116.06
2006-06-06,115.94,116.02,115.61,115.69
2006-06-07,115.83,115.86,115.53,115.72
2006-06-08,115.88,116.16,115.85,116.1
2006-06-09,116.38,116.68,116.31,116.5
2006-06-12,116.47,116.77,116.42,116.69
2006-06-13,116.8,117.26,116.8,117.17
2006-06-14,117.02,117.16,116.69,116.88
2006-06-15,116.74,116.78,116.29,116.36
2006-06-16,116.32,116.65,116.23,116.5
2006-06-19,116.33,116.36,116.1,116.2
2006-06-20,116.19,116.44,115.89,115.94
2006-06-21,115.99,115.99,115.7,115.82
2006-06-22,115.69,115.7,115.3,115.38
2006-06-23,115.33,115.6,115.11,115.15
2006-06-26,115.28,115.37,114.98,115.03
2006-06-27,115.15,115.25,114.86,115.11
2006-06-28,115.06,115.16,114.92,115.05
2006-06-29,114.96,115.5,114.94,115.39
2006-06-30,115.56,115.59,114.96,115.32
2006-07-03,115.38,115.52,115.1,115.17
2006-07-04,115.21,115.38,115.13,115.29
2006-07-05,115.36,115.36,114.65,114.77
2006-07-06,114.8,115.09,114.67,114.91
2006-07-07,114.97,115.53,114.96,115.41
2006-07-10,115.31,115.41,115.13,115.16
2006-07-11,115.28,115.6,115.21,115.56
2006-07-12,115.49,115.54,115.03,115.17
2006-07-13,115.3,115.78,115.3,115.65
2006-07-14,115.79,116.26,115.79,116.15
2006-07-17,116.2,116.3,115.95,116.05
2006-07-18,116.15,116.21,115.82,115.91
2006-07-19,115.91,116.27,115.58,116.14
2006-07-20,116.21,116.38,116.01,116.17
2006-07-21,116.27,116.53,116.24,116.51
2006-07-24,116.37,116.5,116.29,116.44
2006-07-25,116.34,116.69,116.33,116.38
2006-07-26,116.38,116.52,116.03,116.2
2006-07-27,116.37,116.71,116.33,116.49
2006-07-28,116.47,116.87,116.38,116.78
2006-07-31,116.73,116.84,116.55,116.8
2006-08-01,116.78,116.85,116.44,116.69
2006-08-02,116.79,116.94,116.55,116.67
2006-08-03,116.8,116.82,116.21,116.3
2006-08-04,116.33,116.99,116.15,116.93
2006-08-07,116.87,117.02,116.83,116.92
2006-08-08,116.87,117.1,116.82,116.97
2006-08-09,116.99,116.99,116.61,116.7
2006-08-10,116.75,117.08,116.66,116.73
2006-08-11,116.77,116.78,116.23,116.32
2006-08-14,116.18,116.18,115.95,116.09
2006-08-15,116.01,116.45,115.91,116.37
2006-08-16,116.33,116.78,116.26,116.71
2006-08-17,116.78,117.04,116.73,116.83
2006-08-18,116.84,117.04,116.65,116.99
2006-08-21,117.04,117.44,116.99,117.3
2006-08-22,117.39,117.9,117.31,117.85
2006-08-23,117.78,117.83,117.55,117.71
2006-08-24,117.8,117.99,117.48,117.86
2006-08-25,117.99,118.11,117.82,118.01
2006-08-28,117.99,118.04,117.84,117.97
2006-08-29,117.85,117.94,117.62,117.64
2006-08-30,117.93,117.98,117.71,117.95
2006-08-31,117.97,118.35,117.74,118.27
2006-09-01,118.31,118.49,118.18,118.47
2006-09-04,118.36,118.4,118.29,118.37
2006-09-05,118.32,118.33,117.95,118.01
2006-09-06,117.97,118.05,117.59,117.65
2006-09-07,117.77,117.77,117.62,117.67
2006-09-08,117.15,117.47,117.1,117.37
2006-09-11,117.31,117.42,117.11,117.22
2006-09-12,117.15,117.19,116.84,116.94
2006-09-13,117.14,117.4,117.1,117.27
2006-09-14,117.28,117.39,117.14,117.33
2006-09-15,117.12,117.59,117.07,117.5
2006-09-18,117.16,117.16,116.85,116.94
2006-09-19,117.03,117.5,116.93,117.38
2006-09-20,117.47,117.62,117.37,117.49
2006-09-21,117.38,118.02,117.28,117.54
2006-09-22,117.98,118.28,117.84,118.24
2006-09-25,118.19,118.59,118.16,118.51
2006-09-26,118.52,118.63,118.31,118.56
2006-09-27,118.4,118.7,118.24,118.4
2006-09-28,118.35,118.48,118.2,118.26
2006-09-29,118.47,118.57,118.02,118.1
2006-10-02,118.01,118.38,117.83,118.32
2006-10-03,118.23,118.35,117.82,117.92
2006-10-04,117.88,118.35,117.76,118.27
2006-10-05,118.25,118.37,118.04,118.12
2006-10-06,118.13,118.6,117.67,117.85
2006-10-09,117.78,117.8,117.63,117.73
2006-10-10,117.67,117.71,117.2,117.27
2006-10-11,117.28,117.46,117.03,117.31
2006-10-12,117.06,117.47,117.03,117.35
2006-10-13,117.27,117.5,116.98,117.1
2006-10-16,116.96,117.19,116.95,117.08
2006-10-17,117.08,117.4,117.07,117.33
2006-10-18,117.22,117.37,117.04,117.18
2006-10-19,117.14,117.25,116.86,116.92
2006-10-20,116.96,117.23,116.91,116.99
2006-10-23,116.95,116.95,116.58,116.66
2006-10-24,116.58,116.79,116.53,116.67
2006-10-25,116.6,116.73,116.43,116.58
2006-10-26,116.72,116.84,116.59,116.76
2006-10-27,116.78,117.31,116.7,117.17
2006-10-30,117.24,117.45,117.18,117.32
2006-10-31,117.44,117.86,117.33,117.82
2006-11-01,117.82,118.2,117.72,118.16
2006-11-02,118.07,118.13,117.77,117.82
2006-11-03,117.9,118.19,117.43,117.58
2006-11-06,117.44,117.52,117.3,117.36
2006-11-07,117.49,117.87,117.43,117.83
2006-11-08,117.81,118.0,117.59,117.64
2006-11-09,117.82,117.87,117.61,117.82
2006-11-10,117.91,118.16,117.89,118.09
2006-11-13,118.03,118.31,117.79,117.9
2006-11-14,117.77,118.26,117.66,118.06
2006-11-15,118.01,118.27,117.81,117.86
2006-11-16,117.81,118.17,117.56,117.84
2006-11-17,117.68,118.16,117.47,118.02
2006-11-20,118.13,118.29,118.07,118.2
2006-11-21,118.3,118.4,118.08,118.2
2006-11-22,118.27,118.32,118.1,118.23
2006-11-23,118.21,118.32,117.9,117.97
2006-11-24,118.09,118.49,117.98,118.46
2006-11-27,118.31,118.43,118.04,118.18
2006-11-28,118.39,118.55,118.25,118.44
2006-11-29,118.42,118.47,118.12,118.21
2006-11-30,118.16,118.53,118.1,118.48
2006-12-01,118.52,118.88,118.34,118.73
2006-12-04,118.68,118.73,118.59,118.69
2006-12-05,118.69,118.8,118.43,118.54
2006-12-06,118.61,118.7,118.36,118.5
2006-12-07,118.43,118.61,118.38,118.57
2006-12-08,118.4,118.67,118.05,118.32
2006-12-11,118.11,118.24,117.99,118.1
2006-12-12,118.11,118.2,117.97,118.1
2006-12-13,118.22,118.53,117.79,118.06
2006-12-14,117.9,117.98,117.53,117.6
2006-12-15,117.51,117.87,117.27,117.49
2006-12-18,117.34,117.46,117.06,117.22
2006-12-19,117.21,117.36,116.81,116.89
2006-12-20,116.87,117.03,116.73,116.92
2006-12-21,116.88,116.96,116.66,116.75
2006-12-22,116.87,116.98,116.49,116.62
2006-12-27,116.47,116.73,116.21,116.33
2006-12-28,116.2,116.35,115.96,116.08
2006-12-29,116.15,116.37,116.01,116.03
2007-01-02,116.01,116.44,116.01,116.35
2007-01-03,116.24,116.46,116.13,116.19
2007-01-04,116.25,116.42,116.15,116.35
2007-01-05,116.38,116.55,115.75,115.9
2007-01-08,116.01,116.05,115.84,115.96
2007-01-09,115.94,115.98,115.63,115.7
2007-01-10,115.65,115.84,115.52,115.62
2007-01-11,115.58,115.77,115.34,115.65
2007-01-12,115.56,115.65,115.15,115.16
2007-01-15,115.21,115.34,115.19,115.29
2007-01-16,115.3,115.61,115.21,115.43
2007-01-17,115.47,115.72,115.27,115.43
2007-01-18,115.32,115.39,114.84,115.16
2007-01-19,115.38,115.58,115.23,115.25
2007-01-22,115.23,115.61,115.18,115.57
2007-01-23,115.48,115.75,115.38,115.57
2007-01-24,115.44,115.55,115.29,115.37
2007-01-25,115.37,115.55,114.95,115.1
2007-01-26,115.0,115.07,114.72,115.0
2007-01-29,114.93,115.02,114.65,114.74
2007-01-30,114.67,114.94,114.67,114.82
2007-01-31,114.85,115.08,114.62,114.97
2007-02-01,114.97,115.34,114.91,115.01
2007-02-02,114.95,115.34,114.85,115.26
2007-02-05,115.25,115.58,115.25,115.53
2007-02-06,115.46,115.65,115.38,115.52
2007-02-07,115.62,115.68,115.41,115.55
2007-02-08,115.55,115.62,115.31,115.43
2007-02-09,115.41,115.45,114.94,115.06
2007-02-12,115.01,115.07,114.76,114.89
2007-02-13,114.77,114.9,114.68,114.76
2007-02-14,114.79,115.13,114.7,114.97
2007-02-15,114.98,115.55,114.95,115.44
2007-02-16,115.51,115.63,115.35,115.39
2007-02-19,115.41,115.41,115.23,115.26
2007-02-20,115.29,115.41,114.96,115.27
2007-02-21,115.4,115.55,115.21,115.44
2007-02-22,115.41,115.47,115.05,115.09
2007-02-23,115.05,115.52,114.97,115.45
2007-02-26,115.44,115.98,115.44,115.89
2007-02-27,115.95,116.66,115.91,116.15
2007-02-28,116.35,116.44,116.06,116.21
2007-03-01,116.34,116.64,116.08,116.34
2007-03-02,116.38,116.56,116.23,116.42
2007-03-05,116.72,116.89,116.6,116.64
2007-03-06,116.59,116.72,116.47,116.66
2007-03-07,116.62,116.79,116.51,116.7
2007-03-08,116.66,116.72,116.44,116.46
2007-03-09,116.06,116.19,115.74,115.87
2007-03-12,115.84,116.18,115.66,116.01
2007-03-13,116.14,116.46,116.04,116.28
2007-03-14,116.55,116.63,116.33,116.57
2007-03-15,116.33,116.42,116.19,116.3
2007-03-16,116.35,116.45,116.12,116.33
2007-03-19,116.19,116.22,116.06,116.13
2007-03-20,116.13,116.33,116.02,116.28
2007-03-21,116.25,116.43,115.9,116.14
2007-03-22,116.32,116.45,115.8,115.96
2007-03-23,115.84,115.97,115.45,115.56
2007-03-26,115.49,115.64,115.25,115.56
2007-03-27,115.35,115.46,115.22,115.34
2007-03-28,115.34,115.42,115.02,115.3
2007-03-29,115.12,115.17,114.94,115.06
2007-03-30,114.99,115.39,114.79,114.92
2007-04-02,114.88,115.14,114.78,114.9
2007-04-03,114.85,114.9,114.59,114.63
2007-04-04,114.57,114.95,114.57,114.88
2007-04-05,114.8,114.83,114.56,114.66
2007-04-10,114.24,114.43,114.14,114.38
2007-04-11,114.41,114.44,114.07,114.25
2007-04-12,114.15,114.25,113.79,113.91
2007-04-13,113.87,113.9,113.42,113.45
2007-04-16,113.43,113.84,113.43,113.71
2007-04-17,113.76,113.98,113.36,113.92
2007-04-18,113.9,114.23,113.85,114.16
2007-04-19,114.23,114.39,113.69,113.82
2007-04-20,113.73,113.94,113.58,113.72
2007-04-23,113.82,114.09,113.74,113.94
2007-04-24,114.07,114.2,113.93,114.07
2007-04-25,114.08,114.11,113.75,113.9
2007-04-26,113.77,113.9,113.46,113.65
2007-04-27,113.49,113.79,113.41,113.61
2007-04-30,113.65,114.27,113.62,114.15
2007-05-02,114.1,114.1,113.61,113.66
2007-05-03,113.66,113.87,113.45,113.49
2007-05-04,113.53,113.92,113.43,113.79
2007-05-07,113.83,113.84,113.49,113.68
2007-05-08,113.73,113.89,113.61,113.8
2007-05-09,113.66,113.77,113.52,113.7
2007-05-10,113.5,113.78,113.46,113.61
2007-05-11,113.8,114.17,113.52,113.74
2007-05-14,113.53,113.54,113.12,113.24
2007-05-15,113.18,113.28,112.83,112.94
2007-05-16,113.03,113.08,112.84,112.97
2007-05-17,112.97,113.07,112.71,112.85
2007-05-18,112.87,113.06,112.77,112.92
2007-05-21,112.82,112.9,112.72,112.77
2007-05-22,112.87,112.9,112.55,112.69
2007-05-23,112.53,112.67,112.32,112.43
2007-05-24,112.5,112.64,112.32,112.51
2007-05-25,112.64,112.66,112.23,112.32
2007-05-29,112.23,112.35,112.15,112.17
2007-05-30,112.3,112.42,112.17,112.27
2007-05-31,112.22,112.28,111.88,112.05
2007-06-01,112.0,112.1,111.65,111.71
2007-06-04,111.69,111.85,111.69,111.78
2007-06-05,111.68,111.77,111.41,111.47
2007-06-06,111.44,111.83,111.39,111.79
2007-06-07,111.6,111.65,111.28,111.34
2007-06-08,110.82,110.97,110.27,110.74
2007-06-11,110.77,111.05,110.7,110.8
2007-06-12,110.75,110.8,110.26,110.44
2007-06-13,110.27,110.36,109.66,110.22
2007-06-14,110.21,110.46,110.02,110.17
2007-06-15,110.09,110.26,109.86,110.17
2007-06-18,110.15,110.37,109.9,110.05
2007-06-19,110.1,110.61,110.06,110.38
2007-06-20,110.53,110.82,110.09,110.24
2007-06-21,110.14,110.47,109.92,110.19
2007-06-22,110.06,110.38,109.93,110.09
2007-06-25,110.39,110.58,110.25,110.39
2007-06-26,110.5,110.7,110.43,110.59
2007-06-27,110.73,111.18,110.67,111.02
2007-06-28,110.81,111.0,110.6,110.94
2007-06-29,110.84,111.14,110.66,110.75
2007-07-02,111.05,111.52,110.97,111.32
2007-07-03,111.4,111.44,110.79,110.85
2007-07-04,110.82,110.84,110.33,110.56
2007-07-05,110.44,110.5,110.07,110.23
2007-07-06,110.21,110.21,109.77,109.92
2007-07-09,109.81,110.06,109.75,109.99
2007-07-10,109.98,110.82,109.97,110.66
2007-07-11,111.09,111.31,110.61,110.74
2007-07-12,110.7,110.82,110.14,110.44
2007-07-13,110.24,110.74,110.07,110.34
2007-07-16,110.66,110.97,110.39,110.71
2007-07-17,110.92,111.1,110.41,110.54
2007-07-18,110.99,111.2,110.71,110.98
2007-07-19,110.85,111.14,110.76,111.09
2007-07-20,111.09,112.02,111.06,111.92
2007-07-23,112.04,112.26,111.78,111.95
2007-07-24,112.05,112.24,111.83,112.01
2007-07-25,112.19,112.34,111.98,112.23
2007-07-26,112.17,113.1,112.05,112.76
2007-07-27,113.05,113.11,112.71,112.89
2007-07-30,112.8,113.34,112.8,113.13
2007-07-31,112.9,113.14,112.53,112.75
2007-08-01,113.35,113.38,112.63,112.78
2007-08-02,112.74,112.82,112.37,112.54
2007-08-03,112.53,113.15,112.51,112.96
2007-08-06,113.13,113.22,112.63,112.95
2007-08-07,112.71,112.98,112.52,112.76
2007-08-08,112.49,112.58,111.92,112.1
2007-08-09,112.08,112.79,112.08,112.39
2007-08-10,112.55,113.04,112.46,112.71
2007-08-13,112.55,112.8,112.38,112.55
2007-08-14,112.75,112.84,112.19,112.74
2007-08-15,112.9,113.24,112.82,112.89
2007-08-16,113.24,114.11,113.12,113.52
2007-08-17,113.77,113.9,113.05,113.33
2007-08-20,113.15,113.61,113.1,113.46
2007-08-21,113.55,114.05,113.47,113.75
2007-08-22,113.68,113.71,113.1,113.29
2007-08-23,113.1,113.7,112.89,113.46
2007-08-24,113.59,113.84,113.46,113.58
2007-08-27,113.51,113.8,113.17,113.72
2007-08-28,113.84,114.06,113.56,113.85
2007-08-29,114.1,114.25,113.62,113.9
2007-08-30,113.77,113.98,113.62,113.79
2007-08-31,113.61,113.89,113.24,113.77
2007-09-03,113.57,113.84,113.47,113.54
2007-09-04,113.66,113.86,113.35,113.43
2007-09-05,113.57,114.08,113.42,113.98
2007-09-06,113.88,113.99,113.81,113.99
2007-09-07,113.72,114.53,113.61,114.46
2007-09-10,114.49,114.98,114.34,114.95
2007-09-11,114.69,114.79,114.52,114.71
2007-09-12,114.66,114.75,114.34,114.41
2007-09-13,114.5,114.62,113.94,114.08
2007-09-14,114.19,114.46,113.93,114.06
2007-09-17,113.99,114.37,113.91,114.11
2007-09-18,114.3,114.32,113.47,113.64
2007-09-19,113.71,113.71,113.0,113.06
2007-09-20,112.98,113.24,112.28,112.69
2007-09-21,112.41,112.64,112.24,112.5
2007-09-24,112.41,112.62,112.19,112.36
2007-09-25,112.49,112.88,112.43,112.71
2007-09-26,112.54,112.61,112.14,112.22
2007-09-27,112.23,112.47,112.03,112.27
2007-09-28,112.38,112.75,112.31,112.68
2007-10-01,112.56,112.81,112.39,112.74
2007-10-02,112.58,112.93,112.36,112.73
2007-10-03,112.77,113.01,112.49,112.57
2007-10-04,112.57,113.06,112.48,112.88
2007-10-05,112.93,113.09,112.26,112.41
2007-10-08,112.39,112.48,112.2,112.34
2007-10-09,112.43,112.74,112.3,112.68
2007-10-10,112.48,112.57,112.19,112.35
2007-10-11,112.37,112.39,111.92,112.07
2007-10-12,112.25,112.35,111.59,111.76
2007-10-15,111.63,111.85,111.54,111.75
2007-10-16,111.78,111.91,111.61,111.7
2007-10-17,111.8,112.23,111.64,112.06
2007-10-18,112.05,112.71,112.01,112.59
2007-10-19,112.79,113.66,112.71,113.39
2007-10-22,113.62,114.05,113.48,113.79
2007-10-23,113.66,113.79,113.47,113.7
2007-10-24,113.8,114.23,113.73,114.15
2007-10-25,114.05,114.13,113.84,113.97
2007-10-26,113.85,114.06,113.59,113.76
2007-10-29,113.82,113.95,113.65,113.91
2007-10-30,113.85,113.89,113.61,113.79
2007-10-31,113.78,113.95,112.86,113.33
2007-11-01,112.77,113.77,112.58,113.57
2007-11-02,113.71,114.12,113.18,113.87
2007-11-05,113.85,114.17,113.76,113.89
2007-11-06,113.78,113.94,113.62,113.79
2007-11-07,113.9,114.37,113.77,114.1
2007-11-08,114.5,114.56,113.92,114.27
2007-11-09,114.25,114.74,114.15,114.7
2007-11-12,114.75,114.82,114.43,114.55
2007-11-13,114.55,114.63,114.15,114.35
2007-11-14,114.02,114.27,113.8,114.15
2007-11-15,114.21,114.61,114.01,114.33
2007-11-16,114.58,114.76,114.29,114.52
2007-11-19,114.42,115.22,114.31,115.0
2007-11-20,114.94,115.13,114.67,114.72
2007-11-21,115.18,115.39,114.95,115.17
2007-11-22,115.27,115.43,115.08,115.33
2007-11-23,115.32,115.5,114.99,115.18
2007-11-26,115.04,115.83,114.88,115.23
2007-11-27,115.44,115.58,114.85,115.08
2007-11-28,115.06,115.07,114.3,114.46
2007-11-29,114.32,114.96,114.29,114.81
2007-11-30,114.81,114.89,114.1,114.38
2007-12-03,114.45,115.01,114.3,114.78
2007-12-04,114.93,115.22,114.74,115.18
2007-12-05,114.97,115.23,114.9,114.97
2007-12-06,114.81,114.94,114.71,114.89
2007-12-07,115.12,115.15,114.03,114.1
2007-12-10,114.32,114.36,113.42,113.52
2007-12-11,113.59,114.16,113.38,113.74
2007-12-12,113.88,113.97,112.92,113.1
2007-12-13,113.29,113.4,112.85,113.24
2007-12-14,113.13,113.34,112.9,112.98
2007-12-17,113.13,113.29,113.0,113.13
2007-12-18,113.2,113.4,112.91,113.18
2007-12-19,113.17,113.6,112.97,113.1
2007-12-20,113.33,113.65,113.19,113.5
2007-12-21,113.39,113.47,112.87,112.95
2007-12-27,112.9,112.93,112.6,112.71
2007-12-28,112.74,113.19,112.67,113.11
2008-01-02,113.14,114.41,112.85,114.13
2008-01-03,114.08,114.56,114.05,114.37
2008-01-04,114.41,115.08,114.36,114.9
2008-01-07,114.85,115.14,114.73,115.03
2008-01-08,114.94,114.95,114.58,114.68
2008-01-09,114.92,115.41,114.82,115.32
2008-01-10,115.21,115.49,115.08,115.28
2008-01-11,115.32,115.5,114.85,115.25
2008-01-14,115.43,115.73,115.4,115.51
2008-01-15,115.61,116.02,115.49,115.81
2008-01-16,116.13,116.37,115.75,116.23
2008-01-17,116.09,116.55,115.79,116.17
2008-01-18,116.31,116.46,116.04,116.31
2008-01-21,116.44,116.96,116.39,116.86
2008-01-22,117.04,118.08,116.03,116.07
2008-01-23,116.5,117.55,116.39,117.07
2008-01-24,116.43,116.78,115.86,116.03
2008-01-25,115.7,116.64,115.58,116.33
2008-01-28,116.64,116.73,116.39,116.55
2008-01-29,116.5,116.54,116.04,116.09
2008-01-30,116.24,116.37,115.6,115.88
2008-01-31,116.18,116.81,116.03,116.69
2008-02-01,116.74,116.87,116.23,116.78
2008-02-04,116.47,116.66,116.33,116.53
2008-02-05,116.56,117.46,116.43,117.38
2008-02-06,117.49,117.5,116.86,116.91
2008-02-07,117.12,117.39,116.58,117.22
2008-02-08,116.8,117.49,116.54,117.23
2008-02-11,117.47,117.7,117.05,117.45
2008-02-12,117.18,117.42,116.43,116.46
2008-02-13,116.93,116.94,116.16,116.53
2008-02-14,116.14,116.32,115.81,116.13
2008-02-15,116.0,116.62,115.79,116.43
2008-02-18,116.3,116.32,115.84,115.92
2008-02-19,115.91,116.39,115.71,116.21
2008-02-20,116.0,116.12,115.63,115.93
2008-02-21,115.73,116.09,115.32,115.93
2008-02-22,115.97,116.26,115.76,116.05
2008-02-25,115.69,115.95,115.54,115.62
2008-02-26,115.66,115.75,115.16,115.41
2008-02-27,115.38,115.69,115.13,115.26
2008-02-28,115.43,116.22,115.34,116.05
2008-02-29,116.27,117.27,116.21,117.06
2008-03-03,117.25,117.53,117.04,117.45
2008-03-04,117.28,117.89,117.16,117.75
2008-03-05,117.62,117.67,117.16,117.24
2008-03-06,117.35,117.53,117.24,117.4
2008-03-07,117.45,117.99,117.04,117.41
2008-03-10,117.67,118.23,117.59,118.05
2008-03-11,117.89,118.0,117.21,117.47
2008-03-12,117.55,117.83,117.09,117.63
2008-03-13,117.9,118.12,117.5,117.71
2008-03-14,117.74,118.2,117.25,117.83
2008-03-17,118.24,118.48,118.0,118.23
2008-03-18,118.15,118.18,117.35,117.59
2008-03-19,117.59,118.06,117.26,117.56
2008-03-20,117.86,117.9,117.35,117.55
2008-03-25,117.01,117.02,116.12,116.25
2008-03-26,116.24,116.47,115.92,116.04
2008-03-27,116.04,116.06,115.58,115.77
2008-03-28,115.61,115.93,113.93,115.73
2008-03-31,115.81,116.12,115.68,115.98
2008-04-01,115.94,116.03,115.13,115.34
2008-04-02,115.22,115.51,115.04,115.18
2008-04-03,115.23,115.47,115.09,115.29
2008-04-04,115.19,115.77,115.17,115.54
2008-04-07,115.28,115.34,114.84,115.04
2008-04-08,115.07,115.28,114.88,114.96
2008-04-09,114.96,115.39,114.67,114.91
2008-04-10,115.3,115.72,115.14,115.33
2008-04-11,115.14,116.04,115.08,115.87
2008-04-14,115.96,116.13,115.74,115.97
2008-04-15,115.86,116.06,115.32,115.53
2008-04-16,115.32,115.43,114.77,114.87
2008-04-17,114.86,114.92,114.24,114.48
2008-04-18,114.42,114.5,113.63,113.93
2008-04-21,114.01,114.32,113.9,114.07
2008-04-22,114.24,114.24,113.58,113.76
2008-04-23,113.96,114.09,113.8,113.9
2008-04-24,113.84,114.46,113.48,113.55
2008-04-25,113.45,113.84,113.1,113.68
2008-04-28,113.49,113.75,113.34,113.53
2008-04-29,113.49,114.1,113.42,114.05
2008-04-30,113.83,114.17,113.83,114.07
2008-05-02,114.03,114.32,113.28,113.42
2008-05-05,113.55,113.88,113.51,113.77
2008-05-06,113.66,114.18,113.56,113.98
2008-05-07,113.6,113.85,113.45,113.57
2008-05-08,113.88,114.73,113.78,114.53
2008-05-09,114.69,115.29,114.51,115.14
2008-05-12,115.09,115.2,114.78,115.02
2008-05-13,114.84,115.21,114.1,114.35
2008-05-14,114.12,114.18,113.48,113.72
2008-05-15,113.63,113.68,112.81,113.18
2008-05-16,113.4,113.68,113.14,113.63
2008-05-19,113.5,113.78,113.13,113.25
2008-05-20,113.36,113.69,113.26,113.58
2008-05-21,113.66,113.71,112.86,112.97
2008-05-22,112.98,113.13,112.64,112.67
2008-05-23,112.66,113.29,112.53,113.06
2008-05-26,113.01,113.02,112.7,112.83
2008-05-27,112.68,113.01,112.53,112.7
2008-05-28,112.63,112.66,112.22,112.33
2008-05-29,112.15,112.24,111.49,111.59
2008-05-30,111.78,112.15,111.68,111.92
2008-06-02,111.76,112.48,111.71,112.33
2008-06-03,112.45,112.67,111.57,111.61
2008-06-04,112.05,112.33,111.86,112.05
2008-06-05,111.84,111.93,111.19,111.37
2008-06-06,111.23,111.72,111.23,111.66
2008-06-09,112.0,113.29,111.2,111.33
2008-06-10,111.18,111.42,110.78,111.17
2008-06-11,110.76,111.32,110.52,110.88
2008-06-12,110.72,110.85,110.22,110.42
2008-06-13,110.3,110.48,109.8,109.87
2008-06-16,110.0,110.37,109.8,110.09
2008-06-17,110.26,110.47,110.09,110.2
2008-06-18,110.28,110.5,110.19,110.3
2008-06-19,110.33,110.74,109.65,109.8
2008-06-20,109.93,110.42,109.85,110.26
2008-06-23,110.11,110.7,110.1,110.48
2008-06-24,110.3,110.76,110.11,110.58
2008-06-25,110.48,110.6,110.23,110.45
2008-06-26,110.57,111.45,110.43,111.23
2008-06-27,111.4,111.54,111.06,111.37
2008-06-30,111.33,111.35,110.04,110.57
2008-07-01,110.45,111.32,110.29,110.4
2008-07-02,110.53,110.53,109.86,110.13
2008-07-03,110.17,111.2,109.87,110.82
2008-07-04,111.19,112.32,110.9,111.41
2008-07-07,111.45,112.36,111.42,112.03
2008-07-08,112.2,112.44,111.84,112.14
2008-07-09,112.06,112.47,111.66,112.2
2008-07-10,112.43,112.43,111.94,112.32
2008-07-11,112.02,112.57,111.56,112.06
2008-07-14,111.62,112.4,111.57,112.28
2008-07-15,112.39,112.88,112.24,112.42
2008-07-16,112.36,112.76,112.12,112.3
2008-07-17,112.15,112.18,111.58,111.92
2008-07-18,111.81,111.91,110.6,110.85
2008-07-21,110.75,110.95,110.14,110.2
2008-07-22,110.32,110.64,110.04,110.21
2008-07-23,110.0,110.2,109.7,109.97
2008-07-24,110.16,111.02,110.1,110.76
2008-07-25,110.98,111.53,110.25,110.61
2008-07-28,110.54,111.24,110.41,111.14
2008-07-29,111.18,111.73,110.99,111.64
2008-07-30,111.63,112.36,111.54,112.05
2008-07-31,112.15,112.67,111.77,112.51
2008-08-01,112.6,112.83,112.29,112.53
2008-08-04,112.61,112.95,112.48,112.8
2008-08-05,112.7,113.02,112.57,112.9
2008-08-06,112.94,113.29,112.55,112.85
2008-08-07,112.82,113.6,112.77,113.48
2008-08-08,113.5,113.8,113.4,113.58
2008-08-11,113.57,113.68,113.32,113.46
2008-08-12,113.55,113.97,113.52,113.8
2008-08-13,113.8,114.17,113.63,114.03
2008-08-14,113.89,114.08,113.65,113.95
2008-08-15,113.98,114.5,113.95,114.2
2008-08-18,114.3,114.59,114.23,114.41
2008-08-19,114.48,114.91,114.17,114.33
2008-08-20,114.31,114.94,113.96,114.54
2008-08-21,114.69,114.82,114.03,114.15
2008-08-22,114.1,114.28,113.5,113.86
2008-08-25,114.02,114.74,113.92,114.64
2008-08-26,114.6,114.96,114.46,114.65
2008-08-27,114.77,114.87,113.93,114.11
2008-08-28,114.35,114.59,113.8,114.15
2008-08-29,114.42,114.54,113.9,114.16
2008-09-01,114.17,114.64,114.11,114.52
2008-09-02,114.54,114.57,113.56,114.21
2008-09-03,114.52,114.82,114.17,114.41
2008-09-04,114.28,115.23,113.92,114.97
2008-09-05,115.27,115.85,115.03,115.66
2008-09-08,114.66,114.9,114.29,114.78
2008-09-09,115.05,115.2,114.25,115.08
2008-09-10,115.04,115.22,114.56,114.94
2008-09-11,114.79,115.26,114.6,114.79
2008-09-12,114.49,114.71,113.7,113.95
2008-09-15,115.01,115.65,114.76,114.89
2008-09-16,115.62,116.13,114.9,115.43
2008-09-17,115.05,115.84,114.73,115.32
2008-09-18,115.45,115.58,114.83,115.28
2008-09-19,114.54,114.72,113.35,113.73
2008-09-22,113.51,113.8,112.91,113.23
2008-09-23,113.25,113.67,113.21,113.3
2008-09-24,113.3,114.08,113.23,113.99
2008-09-25,113.78,113.99,113.25,113.33
2008-09-26,113.58,114.06,113.5,113.81
2008-09-29,113.9,116.07,113.82,115.49
2008-09-30,115.79,115.94,114.76,115.07
2008-10-01,115.04,115.62,114.8,115.37
2008-10-02,115.13,115.93,114.83,115.72
2008-10-03,115.73,116.71,115.37,115.65
2008-10-06,116.55,117.35,116.31,117.17
2008-10-07,116.92,117.4,116.58,117.05
2008-10-08,117.5,117.82,116.13,116.85
2008-10-09,116.4,116.6,115.46,116.11
2008-10-10,116.3,116.79,114.44,115.38
2008-10-13,114.69,114.75,114.05,114.44
2008-10-14,114.05,114.73,113.78,113.99
2008-10-15,114.06,114.45,113.79,113.98
2008-10-16,114.19,114.55,113.67,114.53
2008-10-17,114.0,115.33,113.87,114.76
2008-10-20,114.5,114.96,114.25,114.78
2008-10-21,114.91,115.67,114.73,115.24
2008-10-22,115.72,116.97,115.63,116.63
2008-10-23,116.76,117.33,116.38,116.64
2008-10-24,117.3,117.72,116.85,117.08
2008-10-27,117.22,117.53,116.82,117.11
2008-10-28,116.7,117.53,116.28,117.22
2008-10-29,117.01,117.31,116.78,116.96
2008-10-30,116.78,117.32,116.21,117.22
2008-10-31,117.31,117.46,115.88,115.93
2008-11-03,116.04,116.94,115.96,116.57
2008-11-04,116.6,117.06,116.43,116.68
2008-11-05,116.84,117.12,116.01,117.07
2008-11-06,117.05,118.01,116.76,117.52
2008-11-07,117.55,117.93,117.3,117.74
2008-11-10,117.54,117.96,117.18,117.87
2008-11-11,117.93,118.11,117.56,118.04
2008-11-12,117.84,118.62,117.66,118.46
2008-11-13,118.5,118.7,118.01,118.33
2008-11-14,118.15,118.82,117.78,118.76
2008-11-17,118.61,118.84,118.39,118.74
2008-11-18,118.85,119.23,118.7,118.76
2008-11-19,119.27,119.99,119.06,119.7
2008-11-20,120.12,121.45,120.07,120.83
2008-11-21,121.01,121.48,120.31,120.7
2008-11-24,120.71,120.96,119.77,120.27
2008-11-25,120.07,121.06,120.0,120.83
2008-11-26,120.84,121.58,120.7,121.34
2008-11-27,121.23,121.54,121.04,121.27
2008-11-28,121.52,121.79,121.4,121.47
2008-12-01,121.69,123.15,121.53,122.49
2008-12-02,122.96,123.87,122.71,123.47
2008-12-03,123.45,124.49,123.15,123.93
2008-12-04,124.27,124.91,123.11,123.34
2008-12-05,123.63,124.34,123.15,123.75
2008-12-08,123.12,123.2,122.4,122.47
2008-12-09,123.12,123.45,121.96,122.17
2008-12-10,122.44,122.63,121.82,122.48
2008-12-11,122.31,122.8,122.05,122.42
2008-12-12,122.97,123.43,121.33,121.56
2008-12-15,121.77,122.72,121.57,122.4
2008-12-16,122.6,124.19,122.47,122.99
2008-12-17,124.05,124.9,124.05,124.75
2008-12-18,124.45,124.85,124.02,124.53
2008-12-19,124.6,124.91,123.89,124.35
2008-12-22,123.89,125.2,123.75,125.02
2008-12-23,124.83,125.21,124.83,124.92
2008-12-29,125.1,125.55,124.82,125.35
2008-12-30,125.55,125.56,124.83,124.84
2009-01-02,124.65,125.51,124.05,125.28
2009-01-05,124.78,124.89,124.01,124.65
2009-01-06,124.54,124.67,123.03,123.43
2009-01-07,123.43,123.69,122.69,122.86
2009-01-08,123.23,123.9,122.54,123.57
2009-01-09,123.64,124.93,123.47,124.72
2009-01-12,124.65,125.21,124.41,125.13
2009-01-13,125.19,125.47,125.03,125.12
2009-01-14,125.09,126.04,124.69,125.83
2009-01-15,126.09,126.53,125.68,126.17
2009-01-16,125.62,126.14,125.38,125.59
2009-01-19,125.61,125.66,124.44,125.18
2009-01-20,125.38,125.62,124.57,124.98
2009-01-21,125.27,125.55,124.86,125.29
2009-01-22,124.75,125.34,124.09,124.27
2009-01-23,124.34,124.54,122.92,123.29
2009-01-26,123.28,123.35,122.12,122.36
2009-01-27,122.39,123.24,121.97,122.72
2009-01-28,122.89,123.39,122.54,123.06
2009-01-29,122.45,123.25,122.24,122.89
2009-01-30,122.47,122.95,122.14,122.37
2009-02-02,122.36,123.21,122.31,122.69
2009-02-03,122.64,122.83,121.83,122.18
2009-02-04,121.99,122.18,121.56,121.92
2009-02-05,121.8,122.61,121.57,122.26
2009-02-06,122.4,122.75,121.78,122.02
2009-02-09,122.18,122.22,121.55,121.72
2009-02-10,121.85,122.73,121.7,122.35
2009-02-11,122.66,124.0,122.63,123.77
2009-02-12,123.79,124.9,123.72,124.75
2009-02-13,124.67,124.71,124.13,124.52
2009-02-16,124.51,125.25,124.36,125.19
2009-02-17,125.23,125.97,125.18,125.76
2009-02-18,125.8,126.05,125.28,125.72
2009-02-19,125.38,125.45,124.37,124.71
2009-02-20,124.94,125.72,124.9,125.49
2009-02-23,125.07,125.63,124.8,125.41
2009-02-24,125.43,126.01,125.37,125.69
2009-02-25,125.36,125.95,125.22,125.82
2009-02-26,125.47,125.47,124.36,124.45
2009-02-27,124.67,125.57,124.52,124.7
2009-03-02,125.03,125.58,124.99,125.36
2009-03-03,125.22,125.4,124.92,125.35
2009-03-04,125.17,125.17,124.23,124.53
2009-03-05,124.47,125.92,124.29,125.42
2009-03-06,125.7,126.52,125.67,126.42
2009-03-09,125.2,125.63,125.0,125.1
2009-03-10,125.09,125.11,124.35,124.49
2009-03-11,124.49,124.52,123.57,123.79
2009-03-12,124.2,124.7,124.1,124.45
2009-03-13,124.02,124.13,123.13,124.0
2009-03-16,123.55,123.57,123.02,123.2
2009-03-17,122.97,123.35,122.41,122.61
2009-03-18,122.55,124.47,122.11,122.25
2009-03-19,124.25,124.4,123.39,123.94
2009-03-20,123.92,124.71,123.87,124.6
2009-03-23,124.55,124.64,123.95,124.1
2009-03-24,123.92,123.99,122.81,123.04
2009-03-25,123.0,123.34,122.63,123.02
2009-03-26,122.7,123.3,122.53,123.08
2009-03-27,123.12,123.72,122.94,123.59
2009-03-30,123.23,124.27,123.23,124.2
2009-03-31,124.06,124.55,123.92,124.43
2009-04-01,124.45,124.66,124.22,124.38
2009-04-02,124.25,124.41,122.66,122.94
2009-04-03,122.53,122.94,121.77,122.28
2009-04-06,121.78,122.39,121.76,122.23
2009-04-07,122.24,122.46,122.02,122.14
2009-04-08,122.36,122.69,121.9,122.29
2009-04-09,121.96,122.28,121.61,121.81
2009-04-14,122.36,122.58,122.13,122.3
2009-04-15,122.66,123.14,122.56,122.94
2009-04-16,122.83,122.83,122.25,122.65
2009-04-17,122.55,122.59,121.64,121.8
2009-04-20,121.78,123.04,121.72,122.89
2009-04-21,122.97,123.47,122.66,123.19
2009-04-22,123.0,123.28,122.23,122.34
2009-04-23,122.3,122.46,121.94,122.17
2009-04-24,122.29,122.74,122.13,122.46
2009-04-27,122.73,123.37,122.67,122.78
2009-04-28,123.19,123.33,122.64,122.96
2009-04-29,122.79,123.17,122.29,123.08
2009-04-30,122.68,122.82,122.2,122.53
2009-05-04,122.6,122.68,121.84,122.02
2009-05-05,122.03,122.45,121.83,122.35
2009-05-06,122.55,122.65,121.7,122.09
2009-05-07,122.03,122.03,120.58,120.93
2009-05-08,120.56,120.77,120.11,120.31
2009-05-11,120.31,121.0,120.3,120.87
2009-05-12,121.0,121.0,120.52,120.62
2009-05-13,120.52,121.51,120.47,121.32
2009-05-14,121.36,121.94,121.16,121.7
2009-05-15,121.64,122.07,121.07,121.14
2009-05-18,121.3,121.55,120.97,121.33
2009-05-19,120.96,120.96,120.34,120.51
2009-05-20,120.51,120.84,120.26,120.53
2009-05-21,120.68,121.52,120.32,121.18
2009-05-22,120.32,120.53,119.77,120.25
2009-05-25,119.88,119.91,119.49,119.63
2009-05-26,119.65,120.05,119.21,119.63
2009-05-27,119.31,119.52,118.77,119.4
2009-05-28,118.83,119.33,118.82,119.18
2009-05-29,119.25,119.84,119.15,119.53
2009-06-01,119.6,119.75,118.63,118.99
2009-06-02,118.89,119.27,118.76,119.01
2009-06-03,119.1,119.99,118.86,119.83
2009-06-04,119.72,119.97,119.04,119.24
2009-06-05,119.09,119.32,118.21,118.34
2009-06-08,118.16,118.6,118.13,118.5
2009-06-09,118.2,118.69,118.05,118.59
2009-06-10,118.3,118.41,117.78,118.2
2009-06-11,118.02,118.38,117.52,117.93
2009-06-12,118.34,118.8,118.32,118.52
2009-06-15,118.65,119.6,118.61,119.48
2009-06-16,119.56,119.68,119.26,119.38
2009-06-17,119.54,120.0,119.47,119.86
2009-06-18,119.67,119.87,119.05,119.28
2009-06-19,119.24,119.85,118.78,119.69
2009-06-22,119.82,120.3,119.63,120.18
2009-06-23,120.3,120.32,119.85,120.23
2009-06-24,120.15,120.48,120.06,120.33
2009-06-25,120.01,120.81,119.95,120.63
2009-06-26,120.73,121.09,120.45,120.96
2009-06-29,121.06,121.29,120.9,121.15
2009-06-30,121.22,121.24,120.77,121.08
2009-07-01,121.11,121.15,120.76,120.92
2009-07-02,120.94,121.74,120.88,121.65
2009-07-03,121.64,121.66,121.44,121.57
2009-07-06,121.69,122.0,121.61,121.96
2009-07-07,121.88,122.05,121.53,121.75
2009-07-08,122.1,122.49,121.89,122.16
2009-07-09,122.25,122.32,121.73,121.98
2009-07-10,122.04,122.41,121.81,122.32
2009-07-13,122.33,122.47,122.06,122.29
2009-07-14,122.04,122.05,121.49,121.9
2009-07-15,121.74,121.85,121.05,121.36
2009-07-16,121.28,121.88,120.97,121.48
2009-07-17,121.69,121.8,120.82,121.15
2009-07-20,120.82,121.34,120.39,120.94
2009-07-21,121.22,121.51,120.62,121.26
2009-07-22,121.3,121.7,121.04,121.31
2009-07-23,121.1,121.33,120.4,120.55
2009-07-24,120.52,120.61,120.15,120.33
2009-07-27,120.15,120.36,119.92,120.3
2009-07-28,120.12,120.97,119.98,120.77
2009-07-29,120.69,121.05,120.57,120.83
2009-07-30,120.65,121.4,120.37,120.82
2009-07-31,121.19,122.28,121.14,122.04
2009-08-03,122.07,122.18,121.44,121.62
2009-08-04,121.63,122.01,121.46,121.59
2009-08-05,121.59,121.86,121.09,121.67
2009-08-06,121.31,122.04,121.06,121.43
2009-08-07,121.2,121.5,120.0,120.26
2009-08-10,120.0,120.59,119.96,120.35
2009-08-11,120.37,120.77,120.22,120.49
2009-08-12,120.58,120.99,120.32,120.65
2009-08-13,120.46,121.14,120.13,120.86
2009-08-14,121.0,121.94,121.0,121.89
2009-08-17,122.15,122.34,121.92,122.24
2009-08-18,122.1,122.22,121.8,122.17
2009-08-19,122.25,122.74,122.22,122.67
2009-08-20,122.4,122.7,122.13,122.52
2009-08-21,122.74,122.85,121.86,122.03
2009-08-24,121.9,122.4,121.76,122.01
2009-08-25,122.43,122.63,122.17,122.44
2009-08-26,122.49,122.89,122.27,122.81
2009-08-27,122.84,122.94,122.4,122.7
2009-08-28,122.57,122.84,122.18,122.63
2009-08-31,122.92,123.02,122.37,122.63
2009-09-01,122.72,122.94,122.32,122.61
2009-09-02,122.86,123.12,122.72,122.9
2009-09-03,122.86,122.91,122.52,122.76
2009-09-04,122.74,123.04,122.42,122.92
2009-09-07,122.66,123.02,122.31,122.91
2009-09-08,122.97,123.0,122.67,122.75
2009-09-09,121.08,121.34,120.22,120.48
2009-09-10,120.42,121.27,120.17,120.9
2009-09-11,121.1,121.74,121.02,121.61
2009-09-14,121.59,121.62,121.31,121.38
2009-09-15,121.28,121.38,120.78,121.07
2009-09-16,121.04,121.32,120.54,120.76
2009-09-17,120.64,120.72,120.25,120.46
2009-09-18,120.67,120.97,120.08,120.44
2009-09-21,120.18,120.54,120.04,120.35
2009-09-22,120.13,120.39,119.85,120.24
2009-09-23,120.15,120.81,119.97,120.48
2009-09-24,120.8,121.22,120.66,121.12
2009-09-25,120.99,121.7,120.94,121.48
2009-09-28,121.8,121.91,121.4,121.56
2009-09-29,121.58,121.84,121.25,121.74
2009-09-30,121.71,122.0,121.58,121.88
2009-10-01,121.72,122.55,121.51,122.32
2009-10-02,122.62,122.97,122.49,122.67
2009-10-05,122.7,122.81,122.54,122.7
2009-10-06,122.54,122.59,122.35,122.43
2009-10-07,122.41,122.91,122.31,122.79
2009-10-08,122.73,123.04,122.43,122.87
2009-10-09,122.5,122.85,121.92,122.09
2009-10-12,122.0,122.42,121.76,122.3
2009-10-13,122.26,122.6,122.19,122.55
2009-10-14,122.34,122.35,121.75,122.0
2009-10-15,121.7,121.75,121.13,121.43
2009-10-16,121.25,121.58,121.06,121.46
2009-10-19,121.34,121.46,121.1,121.3
2009-10-20,121.28,122.04,121.25,121.82
2009-10-21,121.75,121.84,120.95,121.16
2009-10-22,121.16,121.43,121.01,121.19
2009-10-23,120.97,121.15,120.74,120.84
2009-10-26,120.69,120.94,120.51,120.83
2009-10-27,120.78,121.66,120.72,121.52
2009-10-28,121.5,121.8,121.36,121.67
2009-10-29,121.81,121.82,120.98,121.21
2009-10-30,121.2,122.14,121.2,121.9
2009-11-02,121.98,122.12,121.77,121.91
2009-11-03,121.94,122.44,121.45,121.75
2009-11-04,121.6,121.62,120.91,121.25
2009-11-05,121.12,121.45,120.66,121.01
2009-11-06,121.13,121.36,120.72,120.95
2009-11-09,120.73,121.39,120.71,121.33
2009-11-10,121.29,121.81,121.18,121.72
2009-11-11,121.58,121.76,121.24,121.71
2009-11-12,121.7,121.96,121.2,121.56
2009-11-13,121.54,121.79,121.16,121.32
2009-11-16,121.38,122.12,121.33,121.81
2009-11-17,122.04,122.34,121.82,122.24
2009-11-18,122.31,122.34,121.92,122.24
2009-11-19,122.24,122.5,122.06,122.48
2009-11-20,122.49,122.7,122.21,122.56
2009-11-23,122.56,122.59,122.27,122.45
2009-11-24,122.68,122.82,122.48,122.72
2009-11-25,122.8,122.89,122.53,122.65
2009-11-26,122.88,123.75,122.84,123.54
2009-11-27,123.76,124.06,123.3,123.48
2009-11-30,123.56,123.77,123.44,123.63
2009-12-01,123.75,123.8,123.34,123.66
2009-12-02,123.32,123.61,123.25,123.56
2009-12-03,123.23,123.44,122.92,123.36
2009-12-04,123.37,123.47,122.58,122.74
2009-12-07,122.84,123.24,122.81,123.15
2009-12-08,123.22,123.64,123.1,123.57
2009-12-09,123.32,123.72,123.22,123.51
2009-12-10,123.41,123.45,122.93,123.11
2009-12-11,122.98,123.0,122.55,122.69
2009-12-14,122.72,123.13,122.61,122.97
2009-12-15,122.94,123.09,122.37,122.48
2009-12-16,122.55,122.99,122.11,122.78
2009-12-17,122.7,123.54,122.69,123.4
2009-12-18,123.41,123.66,123.3,123.54
2009-12-21,123.43,123.53,122.85,123.04
2009-12-22,122.66,122.71,122.22,122.36
2009-12-23,122.13,122.34,121.68,121.89
2009-12-28,121.4,121.7,121.28,121.42
2009-12-29,121.28,121.63,121.26,121.49
2009-12-30,121.5,121.57,121.02,121.19
2010-01-04,120.99,121.42,120.84,121.34
2010-01-05,121.29,121.6,121.1,121.44
2010-01-06,121.36,121.48,121.15,121.23
2010-01-07,121.16,121.49,121.11,121.44
2010-01-08,121.28,121.84,121.19,121.4
2010-01-11,121.32,121.79,121.18,121.71
2010-01-12,121.8,122.24,121.74,122.14
2010-01-13,122.0,122.25,121.86,122.2
2010-01-14,121.95,122.39,121.88,122.24
2010-01-15,122.39,122.66,122.24,122.57
2010-01-18,122.69,122.78,122.55,122.72
2010-01-19,122.73,122.85,122.29,122.48
2010-01-20,122.63,123.12,122.58,123.04
2010-01-21,122.87,123.34,122.62,123.15
2010-01-22,123.39,123.49,123.03,123.15
2010-01-25,123.24,123.29,122.92,123.15
2010-01-26,123.44,123.51,123.16,123.28
2010-01-27,123.3,123.61,122.97,123.38
2010-01-28,123.0,123.47,122.81,123.3
2010-01-29,123.47,123.7,122.95,123.38
2010-02-01,123.58,123.63,123.35,123.51
2010-02-02,123.48,123.58,123.18,123.47
2010-02-03,123.38,123.39,122.96,123.21
2010-02-04,123.02,123.95,123.0,123.7
2010-02-05,123.84,124.53,123.78,124.2
2010-02-08,124.3,124.3,123.88,123.91
2010-02-09,123.94,124.06,123.22,123.98
2010-02-10,123.34,123.71,122.98,123.47
2010-02-11,123.16,123.37,122.92,123.15
2010-02-12,123.15,123.63,123.1,123.55
2010-02-15,123.37,123.57,123.32,123.37
2010-02-16,123.48,123.7,123.21,123.38
2010-02-17,123.51,123.61,123.32,123.51
2010-02-18,123.33,123.42,122.87,123.0
2010-02-19,122.95,123.05,122.56,122.66
2010-02-22,122.7,122.9,122.54,122.82
2010-02-23,122.88,123.87,122.68,123.67
2010-02-24,123.7,124.16,123.64,124.01
2010-02-25,124.25,124.44,124.09,124.3
2010-02-26,124.29,124.5,124.09,124.45
2010-03-01,124.3,124.45,124.06,124.33
2010-03-02,124.32,124.4,123.94,124.2
2010-03-03,124.3,124.34,123.97,124.08
2010-03-04,124.25,124.44,123.87,124.29
2010-03-05,124.27,124.38,123.93,124.01
2010-03-08,124.03,124.13,123.96,124.0
2010-03-09,122.49,123.02,122.49,122.83
2010-03-10,122.82,122.88,122.59,122.61
2010-03-11,122.65,122.69,122.19,122.4
2010-03-12,122.4,122.68,122.07,122.56
2010-03-15,122.55,122.77,122.52,122.71
2010-03-16,122.71,123.24,122.45,122.86
2010-03-17,123.04,123.36,122.94,123.16
2010-03-18,123.26,123.39,122.98,123.08
2010-03-19,123.06,123.27,122.87,123.19
2010-03-22,123.17,123.69,123.13,123.58
2010-03-23,123.56,123.78,123.53,123.67
2010-03-24,123.66,123.77,123.24,123.53
2010-03-25,123.28,123.36,122.53,122.87
2010-03-26,122.76,122.88,122.6,122.74
2010-03-29,122.74,123.13,122.62,122.97
2010-03-30,122.92,123.32,122.77,123.18
2010-03-31,123.25,123.52,123.18,123.35
2010-04-01,123.38,123.5,123.13,123.44
2010-04-06,122.98,123.18,122.54,122.88
2010-04-07,122.88,123.41,122.83,123.11
2010-04-08,123.28,123.6,123.27,123.47
2010-04-09,123.32,123.36,122.71,122.84
2010-04-12,122.53,122.78,122.11,122.67
2010-04-13,122.7,123.13,122.62,122.98
2010-04-14,122.89,123.26,122.78,123.14
2010-04-15,122.93,123.39,122.87,123.19
2010-04-16,123.28,123.74,123.25,123.65
2010-04-19,123.71,123.88,123.59,123.74
2010-04-20,123.66,123.74,123.39,123.5
2010-04-21,123.42,123.87,123.37,123.76
2010-04-22,123.77,124.31,123.64,124.01
2010-04-23,123.95,124.12,123.57,123.97
2010-04-26,123.89,124.34,123.77,124.06
2010-04-27,124.09,125.34,124.05,124.64
2010-04-28,125.2,125.51,124.3,124.6
2010-04-29,124.75,124.76,124.23,124.43
2010-04-30,124.59,124.91,124.31,124.85
2010-05-03,124.61,124.66,124.27,124.5
2010-05-04,124.47,125.82,124.43,125.51
2010-05-05,125.61,126.59,125.44,126.35
2010-05-06,126.37,127.99,125.74,127.01
2010-05-07,127.2,127.65,126.41,126.97
2010-05-10,125.81,125.87,124.94,125.49
2010-05-11,125.69,126.29,125.56,125.63
2010-05-12,125.88,125.95,125.43,125.67
2010-05-13,125.55,126.1,125.37,125.86
2010-05-14,126.12,126.85,125.98,126.53
2010-05-17,126.95,126.97,126.21,126.6
2010-05-18,126.41,127.81,126.26,126.86
2010-05-19,127.72,127.84,127.04,127.47
2010-05-20,127.55,128.58,127.19,128.31
2010-05-21,128.17,128.97,128.1,128.54
2010-05-24,128.41,128.9,128.31,128.61
2010-05-25,128.85,129.55,128.82,129.38
2010-05-26,129.13,129.23,128.6,128.72
2010-05-27,128.62,128.76,128.11,128.33
2010-05-28,128.11,128.87,128.11,128.5
2010-05-31,128.61,128.85,128.52,128.8
2010-06-01,128.65,129.43,128.34,128.66
2010-06-02,128.71,129.17,128.62,128.8
2010-06-03,128.5,128.8,128.13,128.5
2010-06-04,128.79,129.63,128.54,129.39
2010-06-07,129.6,129.99,129.41,129.74
2010-06-08,129.64,130.37,129.64,130.16
2010-06-09,129.62,129.72,129.08,129.2
2010-06-10,129.27,129.39,128.38,128.68
2010-06-11,128.57,129.3,128.4,129.25
2010-06-14,128.98,129.02,128.41,128.53
2010-06-15,128.91,129.14,128.03,128.3
2010-06-16,128.15,128.7,127.92,128.33
2010-06-17,128.4,128.54,127.89,128.36
2010-06-18,128.27,128.41,127.54,127.67
2010-06-21,127.37,127.63,127.12,127.4
2010-06-22,127.64,128.46,127.47,128.1
2010-06-23,128.35,128.67,128.19,128.62
2010-06-24,128.42,129.16,128.4,129.14
2010-06-25,128.9,129.15,128.78,128.98
2010-06-28,128.96,129.39,128.67,129.2
2010-06-29,129.56,129.86,129.36,129.43
2010-06-30,129.61,129.68,129.22,129.39
2010-07-01,129.54,129.65,128.98,129.56
2010-07-02,129.42,129.61,129.05,129.31
2010-07-05,129.41,129.82,129.34,129.7
2010-07-06,129.65,129.7,129.05,129.3
2010-07-07,129.4,129.57,129.08,129.22
2010-07-08,129.1,129.36,128.66,128.93
2010-07-09,128.78,129.07,128.49,128.89
2010-07-12,128.84,129.53,128.76,129.34
2010-07-13,129.26,129.47,128.66,128.88
2010-07-14,128.65,129.09,128.57,128.72
2010-07-15,128.92,129.02,128.18,128.8
2010-07-16,128.84,129.39,128.42,129.16
2010-07-19,129.16,129.54,128.58,128.73
2010-07-20,128.65,129.14,128.61,128.9
2010-07-21,128.78,129.3,128.59,128.91
2010-07-22,129.21,129.43,128.53,128.69
2010-07-23,128.8,128.91,127.85,128.33
2010-07-26,128.03,128.27,127.58,127.73
2010-07-27,127.82,127.84,127.37,127.69
2010-07-28,127.63,128.05,127.45,127.81
2010-07-29,128.0,128.28,127.78,128.06
2010-07-30,128.3,128.66,128.21,128.55
2010-08-02,128.46,128.5,128.09,128.34
2010-08-03,128.36,129.29,128.34,129.06
2010-08-04,129.24,129.47,129.08,129.2
2010-08-05,129.23,129.76,129.05,129.63
2010-08-06,129.64,130.15,129.44,130.1
2010-08-09,130.06,130.14,129.97,130.03
2010-08-10,130.0,130.59,129.81,129.95
2010-08-11,130.58,131.24,130.41,131.14
2010-08-12,130.98,131.4,130.9,131.22
2010-08-13,130.98,131.54,130.94,131.48
2010-08-16,131.53,132.3,131.38,132.05
2010-08-17,132.05,132.17,131.64,131.69
2010-08-18,131.69,132.31,131.68,132.16
2010-08-19,132.07,132.62,131.78,132.45
2010-08-20,132.5,133.02,132.38,132.89
2010-08-23,132.72,132.89,132.6,132.76
2010-08-24,132.9,134.26,132.83,133.9
2010-08-25,133.75,134.73,133.51,134.19
2010-08-26,133.94,134.35,133.67,133.94
2010-08-27,134.05,134.54,133.25,133.66
2010-08-30,133.48,134.44,133.48,134.19
2010-08-31,134.45,134.77,134.35,134.43
2010-09-01,134.12,134.37,133.02,133.23
2010-09-02,133.31,133.43,132.44,132.72
2010-09-03,132.72,132.82,131.73,132.0
2010-09-06,131.9,132.4,131.86,132.16
2010-09-07,132.26,133.25,132.26,133.2
2010-09-08,133.25,133.65,133.04,133.44
2010-09-09,131.42,131.69,130.46,130.78
2010-09-10,130.77,130.89,129.97,130.05
2010-09-13,130.0,130.21,129.53,129.92
2010-09-14,130.15,130.79,130.05,130.51
2010-09-15,130.45,130.56,129.84,130.11
2010-09-16,130.0,130.07,129.22,129.38
2010-09-17,129.37,130.21,129.08,129.77
2010-09-20,129.84,129.87,129.27,129.39
2010-09-21,129.58,130.25,129.24,129.65
2010-09-22,130.33,130.99,130.29,130.75
2010-09-23,130.6,131.58,130.47,131.39
2010-09-24,131.29,131.67,130.68,130.85
2010-09-27,130.83,131.67,130.8,131.51
2010-09-28,131.52,131.99,131.32,131.79
2010-09-29,131.79,132.03,131.46,131.81
2010-09-30,131.9,132.2,130.97,131.43
2010-10-01,131.54,131.57,130.63,131.31
2010-10-04,131.44,131.88,131.36,131.71
2010-10-05,131.81,132.17,131.31,131.45
2010-10-06,131.45,132.1,131.34,132.02
2010-10-07,131.81,131.89,131.39,131.64
2010-10-08,131.69,131.89,131.13,131.85
2010-10-11,131.73,131.85,131.42,131.63
2010-10-12,131.75,132.36,131.38,132.01
2010-10-13,131.36,131.7,131.21,131.57
2010-10-14,131.66,131.84,130.98,131.44
2010-10-15,131.11,131.29,130.34,130.72
2010-10-18,130.69,130.75,130.37,130.56
2010-10-19,130.43,130.72,129.92,130.23
2010-10-20,130.39,130.45,129.81,129.95
2010-10-21,129.87,130.04,129.39,129.62
2010-10-22,129.5,129.84,129.4,129.65
2010-10-25,129.72,129.99,129.56,129.84
2010-10-26,129.74,129.79,129.19,129.36
2010-10-27,129.23,129.33,128.52,128.8
2010-10-28,128.87,129.14,128.6,128.79
2010-10-29,128.92,129.48,128.85,129.23
2010-11-01,129.23,130.03,129.16,129.68
2010-11-02,129.7,130.09,129.57,129.78
2010-11-03,129.69,130.32,129.68,130.24
2010-11-04,130.16,130.75,129.33,130.43
2010-11-05,130.59,130.87,129.95,130.25
2010-11-08,130.42,130.75,130.27,130.51
2010-11-09,130.61,130.95,129.87,130.36
2010-11-10,130.02,130.53,129.56,130.2
2010-11-11,130.33,130.68,129.95,130.18
2010-11-12,130.44,130.64,129.08,129.41
2010-11-15,128.8,129.17,128.35,128.87
2010-11-16,128.56,128.89,127.98,128.14
2010-11-17,128.34,128.71,128.11,128.45
2010-11-18,128.07,128.17,127.31,127.5
2010-11-19,127.65,127.79,127.32,127.41
2010-11-22,127.25,128.18,127.13,127.94
2010-11-23,128.23,128.94,128.08,128.88
2010-11-24,128.61,129.2,127.47,127.72
2010-11-25,127.58,127.9,127.21,127.29
2010-11-26,127.48,128.07,127.16,127.35
2010-11-29,127.23,127.46,126.69,127.07
2010-11-30,127.28,128.05,127.18,128.02
2010-12-01,127.85,127.94,126.63,127.02
2010-12-02,126.91,127.02,126.27,126.47
2010-12-03,126.54,126.56,125.83,126.19
2010-12-06,126.36,126.68,126.26,126.57
2010-12-07,126.45,126.58,125.27,125.59
2010-12-08,124.86,125.38,124.86,125.22
2010-12-09,124.55,125.34,124.44,124.95
2010-12-10,125.3,125.33,124.7,124.98
2010-12-13,124.55,125.0,124.36,124.57
2010-12-14,124.97,124.98,123.76,124.12
2010-12-15,124.07,124.36,123.76,124.23
2010-12-16,124.0,124.35,123.78,123.87
2010-12-17,124.48,124.99,124.2,124.38
2010-12-20,124.91,125.34,124.67,125.3
2010-12-21,124.77,125.3,124.76,125.17
2010-12-22,125.1,125.61,125.0,125.47
2010-12-23,125.41,125.68,125.07,125.15
2010-12-27,125.2,125.22,124.36,124.67
2010-12-28,125.06,125.46,124.42,125.19
2010-12-29,124.58,125.39,124.52,124.77
2010-12-30,125.35,125.6,125.11,125.31
2011-01-03,125.34,125.99,125.26,125.73
2011-01-04,125.89,126.18,125.49,126.11
2011-01-05,126.06,126.52,125.2,125.49
2011-01-06,125.39,125.94,125.07,125.73
2011-01-07,125.91,126.38,125.31,126.13
2011-01-10,126.3,126.46,125.98,126.28
2011-01-11,126.07,126.47,125.7,125.79
2011-01-12,125.94,125.94,124.57,124.69
2011-01-13,124.73,124.98,124.27,124.64
2011-01-14,124.85,125.17,124.49,124.91
2011-01-17,124.58,124.99,124.47,124.76
2011-01-18,124.75,124.75,123.97,124.06
2011-01-19,124.04,124.39,123.86,124.34
2011-01-20,124.47,124.5,123.48,123.67
2011-01-21,123.7,123.86,123.37,123.76
2011-01-24,123.55,124.04,123.5,123.92
2011-01-25,123.77,124.34,123.71,123.97
2011-01-26,123.96,124.13,123.47,123.61
2011-01-27,123.57,123.79,123.23,123.34
2011-01-28,123.53,123.88,123.17,123.73
2011-01-31,123.71,123.94,123.45,123.74
2011-02-01,123.44,123.51,122.88,123.01
2011-02-02,123.1,123.29,122.68,122.87
2011-02-03,122.78,123.33,122.63,123.22
2011-02-04,123.03,123.16,122.58,122.65
2011-02-07,122.45,122.92,122.42,122.86
2011-02-08,122.76,123.12,122.55,122.82
2011-02-09,122.5,122.88,122.3,122.33
2011-02-10,122.61,122.98,122.29,122.42
2011-02-11,122.47,123.01,122.46,122.78
2011-02-14,122.5,122.88,122.42,122.67
2011-02-15,122.51,122.8,122.34,122.68
2011-02-16,122.65,123.44,122.64,123.07
2011-02-17,123.24,123.84,123.13,123.75
2011-02-18,123.73,123.89,123.0,123.09
2011-02-21,123.32,123.85,123.27,123.75
2011-02-22,123.95,124.36,123.89,124.13
2011-02-23,124.15,124.45,123.99,124.28
2011-02-24,124.28,124.6,124.16,124.41
2011-02-25,124.3,124.39,123.98,124.32
2011-02-28,124.4,124.52,123.96,124.12
2011-03-01,124.05,124.32,123.79,124.06
2011-03-02,124.37,124.49,123.68,123.87
2011-03-03,123.64,123.67,122.66,122.87
2011-03-04,122.65,123.33,122.56,123.15
2011-03-07,123.31,123.32,122.72,123.03
2011-03-08,123.06,123.15,122.92,123.05
2011-03-09,121.45,121.76,121.42,121.59
2011-03-10,121.81,122.26,121.73,122.03
2011-03-11,122.23,122.63,122.18,122.36
2011-03-14,122.39,122.53,121.7,122.19
2011-03-15,122.88,123.69,122.82,123.02
2011-03-16,122.83,123.92,122.66,123.65
2011-03-17,123.57,123.6,122.72,122.83
2011-03-18,122.78,123.21,122.53,122.63
2011-03-21,122.5,122.55,122.09,122.17
2011-03-22,122.18,122.24,121.79,122.02
2011-03-23,122.14,122.56,122.05,122.3
2011-03-24,122.48,122.74,122.01,122.2
2011-03-25,121.96,122.17,121.72,122.03
2011-03-28,121.67,121.89,121.46,121.69
2011-03-29,121.8,121.86,121.21,121.5
2011-03-30,121.17,121.49,121.16,121.43
2011-03-31,121.5,121.61,121.06,121.28
2011-04-01,121.1,121.16,120.73,121.0
2011-04-04,121.11,121.2,120.84,121.17
2011-04-05,120.98,121.23,120.82,120.93
2011-04-06,120.8,120.96,120.51,120.62
2011-04-07,120.55,120.82,120.3,120.71
2011-04-08,120.47,120.56,119.95,120.04
2011-04-11,120.0,120.17,119.86,119.9
2011-04-12,120.1,120.57,120.08,120.46
2011-04-13,120.35,120.8,120.2,120.47
2011-04-14,120.68,121.11,120.57,120.69
2011-04-15,120.69,121.25,120.59,121.2
2011-04-18,121.24,122.6,121.13,122.45
2011-04-19,122.65,122.65,121.85,122.17
2011-04-20,122.0,122.07,121.67,121.94
2011-04-21,121.74,122.4,121.67,122.31
2011-04-26,122.43,122.58,122.24,122.51
2011-04-27,122.52,122.55,121.89,121.99
2011-04-28,122.27,122.79,122.12,122.67
2011-04-29,122.59,122.98,122.48,122.92
2011-05-02,122.84,122.94,122.51,122.82
2011-05-03,122.96,122.96,122.55,122.64
2011-05-04,122.8,122.82,122.15,122.48
2011-05-05,122.3,123.39,122.07,123.07
2011-05-06,123.16,123.95,123.0,123.44
2011-05-09,123.68,124.44,123.55,124.28
2011-05-10,124.18,124.23,123.86,124.01
2011-05-11,123.85,124.32,123.58,123.93
2011-05-12,124.21,124.49,123.9,124.3
2011-05-13,123.99,124.63,123.82,124.42
2011-05-16,124.57,124.62,124.03,124.13
2011-05-17,124.2,124.48,123.87,124.42
2011-05-18,124.26,124.5,124.05,124.31
2011-05-19,124.05,124.23,123.73,124.13
2011-05-20,124.21,124.83,124.12,124.76
2011-05-23,124.93,125.33,124.87,125.18
2011-05-24,125.11,125.17,124.71,124.73
2011-05-25,125.12,125.23,124.86,125.01
2011-05-26,124.8,125.59,124.74,125.51
2011-05-27,125.59,125.79,125.33,125.64
2011-05-30,125.68,125.77,125.51,125.69
2011-05-31,125.41,125.5,125.02,125.35
2011-06-01,125.15,125.89,124.96,125.67
2011-06-02,125.76,125.98,125.31,125.72
2011-06-03,125.48,126.04,125.03,125.22
2011-06-06,125.22,125.7,125.2,125.44
2011-06-07,125.52,125.57,124.77,124.87
2011-06-08,125.04,125.31,125.0,125.3
2011-06-09,124.93,125.44,124.7,125.18
2011-06-10,125.16,126.0,125.15,125.88
2011-06-13,125.88,126.11,125.76,125.94
2011-06-14,125.8,125.94,125.32,125.41
2011-06-15,125.61,126.35,125.47,125.95
2011-06-16,126.44,126.62,126.13,126.48
2011-06-17,126.49,126.56,125.93,126.07
2011-06-20,126.3,126.59,125.98,126.15
2011-06-21,126.06,126.24,125.73,125.89
2011-06-22,125.78,126.38,125.7,126.21
2011-06-23,126.2,127.22,126.18,127.19
2011-06-24,126.88,127.54,126.73,127.45
2011-06-27,127.55,127.57,126.78,126.9
2011-06-28,126.97,127.07,126.16,126.56
2011-06-29,126.27,126.33,125.6,125.9
2011-06-30,125.81,126.08,125.26,125.48
2011-07-01,125.6,125.82,125.22,125.42
2011-07-04,125.58,125.77,125.42,125.48
2011-07-05,125.62,125.98,125.41,125.62
2011-07-06,125.71,126.64,125.64,126.52
2011-07-07,126.17,126.53,125.79,125.96
2011-07-08,126.03,127.5,125.85,127.45
2011-07-11,127.5,129.36,127.36,129.14
2011-07-12,129.27,130.91,128.59,128.89
2011-07-13,129.09,129.31,128.21,128.35
2011-07-14,128.59,128.87,128.19,128.42
2011-07-15,128.5,129.29,128.43,128.99
2011-07-18,129.02,129.74,129.01,129.44
2011-07-19,129.4,129.53,128.62,129.05
2011-07-20,129.05,129.07,128.08,128.14
2011-07-21,127.97,128.24,126.88,127.01
2011-07-22,127.0,127.82,126.39,127.69
2011-07-25,127.62,128.45,127.56,128.26
2011-07-26,128.0,128.55,127.76,128.34
2011-07-27,128.38,129.48,128.31,129.37
2011-07-28,129.35,129.87,129.13,129.43
2011-07-29,129.86,130.7,129.66,130.36
2011-08-01,130.05,131.37,129.89,131.17
2011-08-02,131.27,132.24,131.18,131.82
2011-08-03,132.18,132.63,131.43,131.81
2011-08-04,131.55,133.28,131.27,132.79
2011-08-05,133.16,133.77,130.52,132.36
2011-08-08,131.6,133.7,130.57,133.08
2011-08-09,133.25,133.96,132.22,132.41
2011-08-10,133.1,134.54,132.64,134.1
2011-08-11,133.75,134.54,132.78,133.3
2011-08-12,133.5,133.81,132.51,132.96
2011-08-15,132.8,133.14,132.47,132.93
2011-08-16,132.87,133.79,132.52,133.11
2011-08-17,133.53,134.37,133.36,133.92
2011-08-18,134.32,136.26,134.29,135.75
2011-08-19,135.88,136.18,135.02,135.31
2011-08-22,135.37,135.84,134.74,135.18
2011-08-23,135.13,135.47,134.63,135.28
2011-08-24,135.16,135.33,134.25,134.54
2011-08-25,134.45,135.01,133.88,134.84
2011-08-26,134.77,135.84,134.67,135.21
2011-08-29,134.81,135.16,134.18,134.39
2011-08-30,134.52,135.61,134.31,135.28
2011-08-31,135.14,135.29,134.3,134.56
2011-09-01,134.25,135.54,134.22,135.3
2011-09-02,135.53,136.97,135.51,136.64
2011-09-05,137.0,138.74,136.9,138.32
2011-09-06,138.57,138.86,137.65,138.61
2011-09-07,137.94,138.27,137.53,137.8
2011-09-08,138.06,138.21,137.88,138.16
2011-09-09,136.7,138.23,136.56,137.77
2011-09-12,138.05,138.61,137.95,138.24
2011-09-13,138.1,138.91,137.46,137.73
2011-09-14,137.99,138.26,136.53,136.87
2011-09-15,136.81,136.94,135.12,135.99
2011-09-16,136.13,136.83,135.69,136.65
2011-09-19,137.16,137.73,137.05,137.43
2011-09-20,137.77,138.14,137.2,137.44
2011-09-21,137.55,137.94,137.17,137.8
2011-09-22,138.25,139.07,138.22,138.56
2011-09-23,138.77,139.19,137.48,138.12
2011-09-26,137.95,138.39,136.85,137.27
2011-09-27,136.75,136.75,135.53,135.88
2011-09-28,136.13,136.29,135.01,135.66
2011-09-29,135.56,136.04,135.17,135.25
2011-09-30,135.65,136.8,135.48,136.49
2011-10-03,136.88,138.1,136.83,137.44
2011-10-04,137.91,138.8,137.85,138.24
2011-10-05,138.0,138.28,136.81,137.06
2011-10-06,136.99,137.33,135.81,135.88
2011-10-07,135.87,136.25,135.08,135.41
2011-10-10,135.68,135.8,134.4,134.62
2011-10-11,134.75,134.99,134.4,134.55
2011-10-12,134.73,134.86,133.15,133.56
2011-10-13,133.57,134.75,133.21,134.39
2011-10-14,134.14,134.55,133.29,133.4
2011-10-17,133.29,134.97,132.94,134.62
2011-10-18,134.8,135.85,134.8,135.58
2011-10-19,135.12,135.45,134.32,135.09
2011-10-20,135.48,135.94,134.62,135.43
2011-10-21,135.28,135.8,134.52,134.67
2011-10-24,134.44,135.53,134.42,134.77
2011-10-25,134.8,135.39,134.14,135.26
2011-10-26,135.33,136.04,134.72,135.62
2011-10-27,134.55,134.78,133.15,133.71
2011-10-28,133.4,134.04,132.89,133.67
2011-10-31,134.09,136.68,133.98,135.47
2011-11-01,137.0,138.54,136.81,138.15
2011-11-02,137.9,138.0,137.16,137.57
2011-11-03,138.09,138.36,136.44,136.87
2011-11-04,136.52,137.96,136.35,137.6
2011-11-07,137.69,138.5,137.52,137.91
2011-11-08,137.99,138.24,137.06,138.03
2011-11-09,137.19,139.32,137.08,138.81
2011-11-10,139.5,139.58,137.9,138.55
2011-11-11,138.35,138.43,136.92,137.26
2011-11-14,137.28,138.7,137.03,138.26
2011-11-15,138.6,139.07,138.23,138.71
2011-11-16,138.91,139.0,137.92,138.15
2011-11-17,138.23,138.79,137.19,137.32
2011-11-18,138.0,138.03,136.19,136.5
2011-11-21,136.84,137.7,136.68,137.15
2011-11-22,137.15,137.48,136.73,137.25
2011-11-23,137.5,137.79,135.27,135.81
2011-11-24,135.42,135.46,134.36,135.05
2011-11-25,134.8,135.4,134.06,134.12
2011-11-28,134.03,134.52,133.36,133.88
2011-11-29,133.94,134.37,132.99,133.39
2011-11-30,133.89,134.5,133.36,133.82
2011-12-01,133.67,135.21,133.56,134.88
2011-12-02,134.9,135.62,134.53,135.51
2011-12-05,135.35,135.4,134.06,134.82
2011-12-06,134.37,134.98,134.04,134.78
2011-12-07,134.65,135.92,134.32,135.51
2011-12-08,135.52,135.73,135.23,135.56
2011-12-09,137.1,137.12,135.3,135.37
2011-12-12,135.22,136.83,135.22,136.54
2011-12-13,136.62,136.91,135.97,136.61
2011-12-14,136.76,138.08,136.61,137.86
2011-12-15,138.18,138.21,137.43,137.63
2011-12-16,137.77,138.86,137.6,138.58
2011-12-19,138.65,138.69,138.08,138.39
2011-12-20,138.23,138.36,137.39,137.5
2011-12-21,137.51,138.08,136.69,137.83
2011-12-22,137.77,137.9,137.15,137.83
2011-12-23,137.58,137.94,137.45,137.55
2011-12-27,137.97,138.62,137.5,137.98
2011-12-28,138.19,138.5,137.74,138.21
2011-12-29,138.45,138.96,138.13,138.92
2011-12-30,138.86,139.13,138.6,139.04
2012-01-02,139.3,139.32,138.09,138.19
2012-01-03,138.34,138.48,137.79,138.29
2012-01-04,138.2,138.48,137.77,138.09
2012-01-05,137.94,138.98,137.7,138.79
2012-01-06,138.62,139.0,138.28,138.84
2012-01-09,139.03,139.12,138.49,139.1
2012-01-10,138.81,139.05,138.43,138.72
2012-01-11,138.73,139.44,138.5,139.35
2012-01-12,139.23,139.44,138.95,139.16
2012-01-13,139.01,140.23,138.73,139.94
2012-01-16,140.14,140.16,139.7,139.86
2012-01-17,139.72,139.88,139.24,139.68
2012-01-18,139.73,140.01,139.38,139.87
2012-01-19,139.62,139.75,138.84,138.96
2012-01-20,138.89,138.99,137.86,138.12
2012-01-23,138.19,138.45,137.25,137.44
2012-01-24,137.52,137.9,137.18,137.3
2012-01-25,137.32,138.41,137.18,137.82
2012-01-26,138.07,138.92,137.88,138.69
2012-01-27,138.8,139.26,138.52,138.89
2012-01-30,139.25,139.77,139.11,139.67
2012-01-31,139.59,139.89,139.08,139.72
2012-02-01,139.75,139.77,138.99,139.24
2012-02-02,139.04,139.79,138.88,139.08
2012-02-03,139.34,139.59,138.13,138.32
2012-02-06,138.47,139.14,138.44,138.63
2012-02-07,138.83,139.13,137.83,137.95
2012-02-08,137.78,137.96,137.5,137.84
2012-02-09,137.65,137.96,136.93,137.1
2012-02-10,137.46,138.78,137.36,138.23
2012-02-13,138.09,138.42,137.64,138.23
2012-02-14,138.49,138.75,137.89,138.52
2012-02-15,138.31,139.3,138.15,139.09
2012-02-16,139.42,139.59,138.63,139.03
2012-02-17,138.79,138.86,138.18,138.42
2012-02-20,138.18,138.38,137.85,137.97
2012-02-21,137.88,138.3,137.7,137.96
2012-02-22,137.85,139.02,137.72,138.53
2012-02-23,138.76,139.18,138.51,139.02
2012-02-24,138.99,139.17,138.81,139.03
2012-02-27,139.12,139.95,138.81,139.74
2012-02-28,139.61,140.2,139.52,140.06
2012-02-29,139.93,140.28,139.48,139.89
2012-03-01,139.85,140.03,139.13,139.3
2012-03-02,139.5,140.16,139.39,140.06
2012-03-05,139.91,140.39,139.71,139.83
2012-03-06,139.98,140.48,139.92,140.27
2012-03-07,140.22,140.52,140.1,140.27
2012-03-08,140.22,140.29,139.84,140.0
2012-03-09,138.28,138.58,138.14,138.48
2012-03-12,138.6,139.06,138.5,138.87
2012-03-13,138.68,138.77,137.75,138.23
2012-03-14,137.61,137.67,136.53,136.8
2012-03-15,136.35,136.86,136.26,136.48
2012-03-16,136.39,136.56,135.27,135.46
2012-03-19,135.56,136.04,135.27,135.6
2012-03-20,135.51,135.89,135.45,135.64
2012-03-21,135.56,136.51,135.3,136.33
2012-03-22,136.43,137.26,136.32,137.09
2012-03-23,137.0,137.7,136.87,137.39
2012-03-26,137.46,137.59,136.59,136.74
2012-03-27,136.85,137.55,136.63,137.31
2012-03-28,137.45,138.06,137.12,137.86
2012-03-29,137.88,138.43,137.73,138.31
2012-03-30,138.44,138.58,138.02,138.49
2012-04-02,137.89,138.55,137.72,138.42
2012-04-03,138.26,138.5,137.6,138.29
2012-04-04,137.84,138.74,137.8,138.42
2012-04-05,138.56,139.38,138.37,139.15
2012-04-10,139.9,140.44,139.45,140.32
2012-04-11,140.27,140.28,139.52,139.82
2012-04-12,139.83,140.05,139.49,139.67
2012-04-13,139.91,140.42,139.79,140.36
2012-04-16,140.39,140.56,140.09,140.39
2012-04-17,140.3,140.41,139.82,139.96
2012-04-18,139.98,140.49,139.82,140.36
2012-04-19,140.31,140.78,140.06,140.62
2012-04-20,140.58,140.86,140.21,140.38
2012-04-23,140.61,141.37,140.58,141.29
2012-04-24,141.14,141.19,140.49,140.62
2012-04-25,140.52,140.61,140.04,140.2
2012-04-26,140.39,141.07,140.2,140.92
2012-04-27,141.22,141.38,140.63,140.7
2012-04-30,140.7,141.21,140.59,141.09
2012-05-02,140.87,141.83,140.71,141.73
2012-05-03,141.7,141.82,141.26,141.71
2012-05-04,141.73,142.13,141.47,142.05
2012-05-07,142.32,142.44,141.77,141.82
2012-05-08,141.95,142.64,141.92,142.55
2012-05-09,142.49,143.03,142.41,142.8
2012-05-10,142.64,143.0,142.26,142.61
2012-05-11,142.87,143.09,142.49,142.77
2012-05-14,143.04,143.69,142.95,143.4
2012-05-15,143.39,143.53,142.89,143.45
2012-05-16,143.45,143.69,142.83,143.18
2012-05-17,143.18,144.03,143.1,143.67
2012-05-18,144.01,144.06,143.54,143.64
2012-05-21,143.41,143.69,143.17,143.57
2012-05-22,143.35,143.55,143.03,143.09
2012-05-23,143.57,144.28,143.35,144.06
2012-05-24,143.83,144.55,143.83,143.97
2012-05-25,144.02,144.39,143.63,144.23
2012-05-28,144.07,144.47,143.89,144.37
2012-05-29,144.22,144.58,144.02,144.3
2012-05-30,144.25,145.47,144.24,145.33
2012-05-31,145.34,146.08,144.97,146.03
2012-06-01,145.89,146.89,145.84,146.34
2012-06-04,146.31,146.33,145.63,145.78
2012-06-05,145.69,146.34,145.59,145.76
2012-06-06,145.5,145.72,144.31,144.66
2012-06-07,144.58,144.68,143.9,144.22
2012-06-08,143.41,144.18,143.26,143.53
2012-06-11,142.67,144.08,142.48,143.89
2012-06-12,143.92,143.97,141.75,142.48
2012-06-13,142.17,142.34,141.44,141.71
2012-06-14,141.99,142.43,141.53,141.83
2012-06-15,141.75,142.63,141.69,142.29
2012-06-18,141.59,143.09,141.14,142.64
2012-06-19,142.64,142.95,141.19,141.36
2012-06-20,141.42,141.46,140.17,140.49
2012-06-21,140.56,141.57,140.35,141.52
2012-06-22,141.4,141.73,140.52,140.88
2012-06-25,140.99,142.26,140.95,142.15
2012-06-26,142.0,142.11,141.24,141.7
2012-06-27,141.57,141.72,140.98,141.11
2012-06-28,141.28,142.01,141.11,141.71
2012-06-29,140.65,141.03,139.72,140.9
2012-07-02,140.9,141.78,140.68,141.68
2012-07-03,141.57,141.73,141.25,141.46
2012-07-04,141.43,142.44,141.38,142.32
2012-07-05,142.4,143.29,142.14,143.12
2012-07-06,143.2,144.02,143.15,143.94
2012-07-09,143.94,144.28,143.85,143.99
2012-07-10,144.13,144.24,143.66,144.11
2012-07-11,144.18,144.71,143.95,144.64
2012-07-12,144.62,145.01,144.57,144.84
2012-07-13,144.94,145.16,144.52,144.72
2012-07-16,144.88,145.3,144.67,145.04
2012-07-17,144.83,145.27,144.62,145.12
2012-07-18,145.06,145.5,144.83,145.34
2012-07-19,145.21,145.34,144.83,145.14
2012-07-20,145.2,145.88,145.12,145.77
2012-07-23,146.1,146.26,145.52,145.55
2012-07-24,145.45,145.49,144.51,145.03
2012-07-25,145.11,145.2,144.02,144.69
2012-07-26,144.66,145.11,143.77,144.01
2012-07-27,143.86,144.29,142.64,143.21
2012-07-30,143.08,143.66,142.99,143.39
2012-07-31,143.33,144.62,143.29,144.57
2012-08-01,144.5,144.5,143.23,143.5
2012-08-02,143.45,145.17,142.83,144.88
2012-08-03,144.85,144.96,142.68,142.95
2012-08-06,142.95,143.64,142.81,143.2
2012-08-07,143.08,143.36,142.17,142.33
2012-08-08,142.36,143.18,142.35,142.75
2012-08-09,142.63,143.16,142.36,142.56
2012-08-10,143.04,143.66,142.94,143.4
2012-08-13,143.33,143.58,142.61,143.18
2012-08-14,143.0,143.08,142.28,142.43
2012-08-15,142.38,142.45,141.33,141.41
2012-08-16,141.05,141.89,140.78,141.78
2012-08-17,141.73,142.22,141.45,142.12
2012-08-20,141.85,142.17,141.14,142.0
2012-08-21,141.95,141.99,141.27,141.38
2012-08-22,142.02,142.88,141.63,142.61
2012-08-23,142.74,143.72,142.7,143.5
2012-08-24,143.51,144.13,143.42,144.0
2012-08-27,143.89,143.99,143.55,143.8
2012-08-28,143.9,144.06,143.62,143.96
2012-08-29,143.87,144.37,143.39,143.58
2012-08-30,143.68,144.26,143.63,144.15
2012-08-31,144.2,144.31,143.17,144.02
2012-09-03,144.0,144.16,143.46,143.55
2012-09-04,143.56,143.69,143.02,143.5
2012-09-05,143.51,143.9,142.82,143.13
2012-09-06,143.0,143.01,142.31,142.66
2012-09-07,140.17,140.77,139.43,140.65
2012-09-10,140.52,140.93,140.13,140.32
2012-09-11,140.81,140.98,140.33,140.38
2012-09-12,140.32,140.5,139.24,139.55
2012-09-13,139.63,140.47,139.48,140.29
2012-09-14,140.08,140.09,138.6,138.74
2012-09-17,138.82,139.15,138.41,139.0
2012-09-18,139.23,139.67,139.01,139.46
2012-09-19,139.08,139.95,139.03,139.71
2012-09-20,139.91,140.35,139.78,140.21
2012-09-21,139.82,140.21,139.6,140.0
2012-09-24,140.18,140.49,139.95,140.4
2012-09-25,140.41,140.95,139.96,140.06
2012-09-26,140.69,141.73,140.62,141.63
2012-09-27,141.5,141.72,141.29,141.57
2012-09-28,141.46,141.95,141.36,141.77
2012-10-01,141.69,141.75,141.12,141.4
2012-10-02,141.65,141.69,141.1,141.43
2012-10-03,141.74,141.91,141.44,141.59
2012-10-04,141.57,141.8,141.13,141.67
2012-10-05,141.32,141.54,140.71,140.87
2012-10-08,141.07,141.45,141.06,141.39
2012-10-09,141.29,141.57,141.05,141.38
2012-10-10,141.4,141.53,141.02,141.23
2012-10-11,141.68,141.9,140.98,141.15
2012-10-12,141.41,141.91,141.21,141.7
2012-10-15,141.75,141.83,141.39,141.55
2012-10-16,141.38,141.46,140.63,140.77
2012-10-17,140.55,140.59,139.57,139.75
2012-10-18,139.49,140.13,139.45,139.82
2012-10-19,139.74,140.48,139.71,140.11
2012-10-22,140.22,140.3,139.67,139.87
2012-10-23,139.87,140.5,139.87,140.35
2012-10-24,140.19,140.65,140.13,140.47
2012-10-25,140.2,140.46,139.88,140.39
2012-10-26,140.56,141.16,140.52,140.85
2012-10-29,141.06,141.88,141.03,141.7
2012-10-30,141.82,142.0,141.35,141.54
2012-10-31,141.57,141.86,141.18,141.68
2012-11-01,141.62,141.83,141.46,141.71
2012-11-02,141.68,142.04,141.39,141.87
2012-11-05,142.07,142.28,141.95,142.13
2012-11-06,142.05,142.3,141.65,142.09
2012-11-07,142.08,142.88,141.77,142.75
2012-11-08,142.71,143.18,142.57,142.98
2012-11-09,143.05,143.47,142.94,143.14
2012-11-12,143.2,143.27,143.03,143.17
2012-11-13,143.33,143.48,142.98,143.14
2012-11-14,143.2,143.41,142.83,143.14
2012-11-15,143.34,143.37,142.91,143.13
2012-11-16,143.32,143.45,143.0,143.31
2012-11-19,143.11,143.19,142.87,143.0
2012-11-20,143.06,143.22,142.33,142.38
2012-11-21,142.57,142.64,142.13,142.17
2012-11-22,142.19,142.27,142.03,142.16
2012-11-23,142.15,142.48,142.01,142.12
2012-11-26,142.23,142.5,142.15,142.43
2012-11-27,142.12,142.36,141.84,142.23
2012-11-28,142.4,143.15,142.32,142.95
2012-11-29,142.8,143.02,142.63,142.84
2012-11-30,142.88,143.12,142.72,142.79
2012-12-03,142.89,143.05,142.07,142.51
2012-12-04,142.48,142.79,142.33,142.74
2012-12-05,142.6,143.37,142.54,143.28
2012-12-06,143.24,143.39,143.14,143.38
2012-12-07,145.59,145.88,145.42,145.72
2012-12-10,145.81,146.17,145.54,145.6
2012-12-11,145.69,145.78,145.24,145.41
2012-12-12,145.24,145.41,145.02,145.26
2012-12-13,144.9,145.54,144.83,145.06
2012-12-14,144.98,145.24,144.73,144.93
2012-12-17,144.71,145.02,144.61,144.86
2012-12-18,144.57,144.84,144.11,144.41
2012-12-19,144.26,144.41,143.8,144.15
2012-12-20,144.19,144.5,144.16,144.32
2012-12-21,144.6,144.85,144.44,144.77
2012-12-27,144.78,145.63,144.62,145.54
2012-12-28,145.55,145.82,145.42,145.64
2013-01-02,144.85,144.9,143.94,144.07
2013-01-03,143.91,144.17,143.19,143.57
2013-01-04,143.17,143.43,142.52,142.75
2013-01-07,142.95,143.18,142.79,143.06
2013-01-08,143.22,143.52,143.01,143.43
2013-01-09,143.26,143.77,143.19,143.58
2013-01-10,143.53,143.66,142.43,142.7
2013-01-11,142.55,142.78,142.05,142.31
2013-01-14,142.48,142.94,142.44,142.77
2013-01-15,142.86,143.39,142.79,143.29
2013-01-16,143.14,143.64,143.14,143.37
2013-01-17,143.5,143.62,142.51,142.76
2013-01-18,142.5,143.38,142.38,143.32
2013-01-21,143.25,143.34,142.85,142.9
2013-01-22,142.96,143.23,142.54,143.12
2013-01-23,143.17,143.68,143.07,143.59
2013-01-24,143.55,144.07,143.18,143.2
2013-01-25,143.27,143.49,142.2,142.5
2013-01-28,142.21,142.53,141.61,141.79
2013-01-29,141.87,142.27,141.7,141.82
2013-01-30,141.75,141.98,141.28,141.43
2013-01-31,141.88,142.17,141.55,141.9
2013-02-01,141.67,142.45,141.54,142.01
2013-02-04,141.48,142.82,141.47,142.64
2013-02-05,142.65,142.93,141.94,142.2
2013-02-06,142.29,142.78,142.22,142.54
2013-02-07,142.54,143.01,142.14,142.82
2013-02-08,142.73,143.11,142.62,142.83
2013-02-11,142.94,143.11,142.63,142.85
2013-02-12,142.92,143.03,142.41,142.55
2013-02-13,142.61,142.69,141.84,142.05
2013-02-14,142.03,142.68,141.87,142.59
2013-02-15,142.7,143.01,142.29,142.34
2013-02-18,142.51,142.92,142.48,142.76
2013-02-19,142.83,142.98,142.61,142.82
2013-02-20,142.72,142.72,142.23,142.42
2013-02-21,142.71,143.6,142.71,143.38
2013-02-22,143.4,143.74,143.17,143.62
2013-02-25,143.52,144.47,142.85,143.52
2013-02-26,144.51,145.13,144.43,144.9
2013-02-27,145.11,145.4,144.8,145.09
2013-02-28,145.0,145.23,144.81,144.99
2013-03-01,145.19,145.64,144.86,145.51
2013-03-04,145.77,145.8,145.35,145.51
2013-03-05,145.36,145.43,145.01,145.03
2013-03-06,145.1,145.25,144.86,145.12
2013-03-07,145.14,145.29,144.92,145.27
2013-03-08,142.78,142.95,142.27,142.46
2013-03-11,142.72,142.87,142.51,142.72
2013-03-12,142.6,143.21,142.52,143.04
2013-03-13,143.0,143.37,142.92,143.14
2013-03-14,143.12,143.24,142.82,143.14
2013-03-15,143.1,143.54,143.0,143.39
2013-03-18,144.41,144.69,143.87,143.94
2013-03-19,144.05,144.82,143.98,144.62
2013-03-20,144.64,144.64,143.95,144.3
2013-03-21,144.2,144.66,144.04,144.46
2013-03-22,144.71,144.83,144.21,144.37
2013-03-25,144.01,144.93,143.91,144.72
2013-03-26,144.65,144.9,144.49,144.82
2013-03-27,144.93,145.67,144.83,145.52
2013-03-28,145.67,145.87,145.34,145.49
2013-04-02,145.58,145.63,145.1,145.24
2013-04-03,145.25,145.65,145.13,145.52
2013-04-04,145.59,146.08,145.45,145.96
2013-04-05,145.97,146.54,145.82,146.34
2013-04-08,146.31,146.34,145.85,146.08
2013-04-09,145.87,146.06,145.51,145.8
2013-04-10,145.65,145.68,145.15,145.35
2013-04-11,145.24,145.5,144.93,145.25
2013-04-12,145.29,145.98,145.27,145.88
2013-04-15,145.9,146.22,145.63,146.04
2013-04-16,146.01,146.11,145.55,145.73
2013-04-17,145.76,146.36,145.35,146.24
2013-04-18,146.2,146.39,145.86,146.27
2013-04-19,146.15,146.21,145.85,146.03
2013-04-22,145.95,146.43,145.72,146.35
2013-04-23,146.35,146.77,145.91,146.09
2013-04-24,145.92,146.29,145.62,146.19
2013-04-25,146.16,146.37,146.04,146.2
2013-04-26,146.37,146.63,146.29,146.54
2013-04-29,146.59,146.74,146.27,146.66
2013-04-30,146.55,146.87,146.39,146.58
2013-05-02,146.73,147.2,146.17,147.16
2013-05-03,146.95,147.11,146.0,146.15
2013-05-06,146.15,146.36,145.97,146.16
2013-05-07,146.18,146.27,145.37,145.43
2013-05-08,145.47,145.9,145.42,145.85
2013-05-09,145.82,146.23,145.77,145.89
2013-05-10,145.65,145.66,144.43,144.66
2013-05-13,144.43,145.07,144.43,144.89
2013-05-14,144.84,144.99,144.22,144.74
2013-05-15,144.53,145.01,144.33,144.64
2013-05-16,144.84,145.36,144.53,145.31
2013-05-17,145.25,145.74,145.13,145.45
2013-05-20,145.09,145.33,144.65,144.86
2013-05-21,144.86,144.92,144.25,144.33
2013-05-22,144.65,145.2,144.26,144.6
2013-05-23,144.61,145.15,144.31,144.39
2013-05-24,144.54,144.83,144.12,144.58
2013-05-27,144.49,144.65,144.25,144.26
2013-05-28,144.15,144.38,143.58,143.82
2013-05-29,143.3,143.73,143.25,143.41
2013-05-30,143.6,143.86,143.47,143.73
2013-05-31,143.79,144.38,143.43,143.71
2013-06-03,143.83,143.84,142.98,143.56
2013-06-04,143.38,143.55,143.13,143.36
2013-06-05,143.56,143.91,143.32,143.79
2013-06-06,143.8,144.02,143.78,143.84
2013-06-07,143.88,144.15,143.19,143.39
2013-06-10,143.24,143.69,142.6,142.85
2013-06-11,142.73,142.87,142.02,142.74
2013-06-12,142.65,142.95,142.46,142.79
2013-06-13,143.0,143.44,142.91,143.19
2013-06-14,143.46,143.94,143.38,143.86
2013-06-17,143.62,143.99,143.48,143.78
2013-06-18,143.56,143.68,143.13,143.21
2013-06-19,143.35,143.74,142.35,143.44
2013-06-20,142.03,142.6,141.84,142.13
2013-06-21,141.94,142.09,141.07,141.39
2013-06-24,140.85,141.01,139.9,140.31
2013-06-25,140.76,141.01,140.17,140.54
2013-06-26,140.45,141.34,140.45,141.03
2013-06-27,140.95,141.9,140.82,141.46
2013-06-28,141.65,141.85,140.97,141.52
2013-07-01,141.3,141.67,141.0,141.59
2013-07-02,141.57,142.18,141.43,141.69
2013-07-03,142.1,142.64,142.05,142.26
2013-07-04,142.07,143.01,142.0,142.29
2013-07-05,142.27,142.42,141.39,141.66
2013-07-08,141.68,142.0,141.54,141.94
2013-07-09,141.93,142.69,141.85,142.56
2013-07-10,142.78,142.87,142.35,142.58
2013-07-11,143.11,143.24,142.69,142.93
2013-07-12,143.1,143.84,143.09,143.64
2013-07-15,143.66,143.68,143.23,143.39
2013-07-16,143.42,143.8,143.24,143.69
2013-07-17,143.81,143.98,143.27,143.94
2013-07-18,143.95,144.35,143.93,144.23
2013-07-19,144.24,144.37,143.99,144.22
2013-07-22,144.28,144.35,144.06,144.2
2013-07-23,144.25,144.31,143.56,143.82
2013-07-24,143.86,143.94,142.31,142.72
2013-07-25,142.47,142.8,142.16,142.28
2013-07-26,142.61,142.75,142.17,142.48
2013-07-29,142.57,142.73,142.23,142.46
2013-07-30,142.46,142.57,142.25,142.45
2013-07-31,142.47,142.96,141.82,142.37
2013-08-01,142.67,143.29,142.25,142.39
2013-08-02,142.3,142.82,141.67,142.6
2013-08-05,142.73,142.96,142.11,142.22
2013-08-06,142.15,142.27,141.86,142.07
2013-08-07,142.13,142.55,141.83,142.26
2013-08-08,142.46,142.71,142.04,142.29
2013-08-09,142.1,142.52,142.01,142.28
2013-08-12,142.44,142.44,141.91,142.23
2013-08-13,141.9,141.93,140.63,140.86
2013-08-14,140.76,141.11,140.56,140.95
2013-08-15,140.95,141.01,139.83,140.11
2013-08-16,140.08,140.38,139.72,140.22
2013-08-19,139.77,140.24,139.71,139.93
2013-08-20,140.25,140.68,140.14,140.61
2013-08-21,140.52,140.71,139.96,140.14
2013-08-22,139.8,139.98,139.46,139.73
2013-08-23,139.77,139.85,139.06,139.58
2013-08-26,139.65,140.15,139.57,140.05
2013-08-27,140.0,140.95,139.93,140.54
2013-08-28,140.79,140.92,140.14,140.3
2013-08-29,140.28,140.83,140.06,140.6
2013-08-30,140.6,140.94,140.4,140.66
2013-09-02,140.32,140.34,139.79,140.1
2013-09-03,140.16,140.27,139.55,139.61
2013-09-04,139.74,139.96,139.51,139.73
2013-09-05,139.43,139.48,138.42,138.59
2013-09-06,138.35,138.99,138.35,138.98
2013-09-09,137.53,137.75,137.36,137.62
2013-09-10,137.2,137.29,136.6,136.73
2013-09-11,136.71,137.35,136.71,137.1
2013-09-12,137.46,137.94,137.4,137.78
2013-09-13,137.29,138.16,137.17,137.99
2013-09-16,138.48,138.66,138.13,138.5
2013-09-17,138.3,138.47,138.0,138.07
2013-09-18,138.1,139.19,137.59,137.72
2013-09-19,139.45,139.5,138.44,138.56
2013-09-20,138.6,138.88,138.13,138.32
2013-09-23,138.55,138.8,138.02,138.78
2013-09-24,138.79,139.75,138.7,139.54
2013-09-25,139.65,139.99,139.55,139.94
2013-09-26,139.85,140.09,139.71,139.87
2013-09-27,139.82,140.54,139.74,140.45
2013-09-30,140.78,140.87,140.22,140.5
2013-10-01,140.43,140.61,140.07,140.26
2013-10-02,140.19,140.46,139.91,140.32
2013-10-03,140.17,140.47,139.75,140.23
2013-10-04,140.2,140.35,139.81,139.96
2013-10-07,140.09,140.45,140.04,140.31
2013-10-08,140.24,140.34,139.96,140.22
2013-10-09,140.26,140.65,140.11,140.24
2013-10-10,139.94,140.12,139.51,139.65
2013-10-11,139.8,139.87,139.47,139.79
2013-10-14,139.77,139.91,139.29,139.75
2013-10-15,139.41,139.55,139.07,139.24
2013-10-16,139.17,139.35,138.79,138.91
2013-10-17,139.5,139.77,139.26,139.68
2013-10-18,139.7,140.24,139.58,140.05
2013-10-21,140.07,140.12,139.82,139.91
2013-10-22,139.9,140.64,139.78,140.54
2013-10-23,140.69,140.91,140.55,140.86
2013-10-24,140.71,141.22,140.7,140.87
2013-10-25,140.86,141.12,140.84,141.06
2013-10-28,140.94,141.23,140.92,141.15
2013-10-29,141.1,141.45,140.94,141.27
2013-10-30,141.52,141.9,141.42,141.85
2013-10-31,141.57,142.32,141.52,142.0
2013-11-01,142.06,142.19,141.69,141.85
2013-11-04,141.85,142.08,141.83,141.89
2013-11-05,141.88,141.97,141.11,141.16
2013-11-06,141.37,141.44,141.06,141.15
2013-11-07,141.2,142.1,141.05,141.83
2013-11-08,141.92,141.95,140.87,141.02
2013-11-11,141.08,141.26,140.93,141.01
2013-11-12,140.96,140.99,140.53,140.7
2013-11-13,140.7,141.4,140.66,141.33
2013-11-14,141.49,141.78,141.39,141.7
2013-11-15,141.67,141.74,141.35,141.63
2013-11-18,141.7,141.95,141.45,141.85
2013-11-19,141.85,141.91,141.33,141.41
2013-11-20,141.31,141.6,140.81,141.44
2013-11-21,140.77,141.04,140.56,140.98
2013-11-22,141.0,141.11,140.69,140.95
2013-11-24,141.04,141.04,141.04,141.04
2013-11-25,140.86,141.38,140.84,141.32
2013-11-26,141.39,141.78,141.28,141.7
2013-11-27,141.65,141.75,141.37,141.63
2013-11-28,141.57,141.7,141.14,141.65
2013-11-29,141.69,141.88,141.51,141.71
2013-12-01,141.64,141.64,141.64,141.64
2013-12-02,141.57,141.64,141.05,141.12
2013-12-03,141.17,141.42,140.94,141.28
2013-12-04,141.23,141.24,140.26,140.38
2013-12-05,140.39,140.59,139.75,139.96
2013-12-06,139.76,140.17,139.76,140.0
2013-12-09,140.12,140.24,139.94,140.09
2013-12-10,140.08,140.4,140.03,140.17
2013-12-11,140.2,140.47,140.11,140.3
2013-12-12,140.17,140.42,139.97,140.1
2013-12-13,140.19,140.38,140.01,140.25
2013-12-14,140.33,140.33,140.33,140.33
2013-12-16,140.47,140.59,140.14,140.25
2013-12-17,140.23,140.43,140.12,140.29
2013-12-18,140.39,140.49,139.69,140.14
2013-12-19,140.15,140.25,139.63,139.8
2013-12-20,139.81,139.96,139.43,139.92
2013-12-23,139.77,139.93,139.62,139.75
2013-12-25,139.75,139.75,139.75,139.75
2013-12-26,139.75,139.75,139.75,139.75
2013-12-27,139.58,139.63,138.83,138.96
2013-12-29,138.89,138.89,138.89,138.89
2013-12-30,138.74,139.25,138.69,139.17
2014-01-02,138.69,139.22,138.68,139.12
2014-01-03,139.1,139.25,138.94,139.09
2014-01-06,139.08,139.63,139.08,139.54
2014-01-07,139.64,139.85,139.5,139.76
2014-01-08,139.76,139.92,139.43,139.54
2014-01-09,139.55,139.83,139.25,139.56
2014-01-10,139.62,140.37,139.58,140.25
2014-01-13,140.34,140.91,140.19,140.65
2014-01-14,140.77,140.83,140.5,140.68
2014-01-15,140.55,140.8,140.38,140.54
2014-01-16,140.59,141.23,140.57,141.16
2014-01-17,141.16,141.57,141.15,141.4
2014-01-20,141.49,141.76,141.41,141.57
2014-01-21,141.47,141.78,141.3,141.65
2014-01-22,141.57,141.73,141.36,141.51
2014-01-23,141.53,142.45,141.37,142.04
2014-01-24,142.33,142.9,142.21,142.66
2014-01-27,142.63,142.69,142.4,142.55
2014-01-28,142.43,142.63,142.26,142.46
2014-01-29,142.37,143.3,142.25,142.9
2014-01-30,143.09,143.42,142.93,143.23
2014-01-31,143.43,144.06,143.36,143.88
2014-02-03,143.99,144.32,143.59,144.02
2014-02-04,144.12,144.23,143.85,143.98
2014-02-05,143.96,144.57,143.88,144.07
2014-02-06,144.02,144.06,143.27,143.33
2014-02-07,143.33,144.14,143.32,143.83
2014-02-10,143.91,143.94,143.56,143.65
2014-02-11,143.59,143.69,143.39,143.64
2014-02-12,143.56,143.66,143.09,143.17
2014-02-13,143.39,143.98,143.36,143.78
2014-02-14,143.84,143.84,143.49,143.6
2014-02-17,143.67,143.68,143.33,143.6
2014-02-18,143.5,143.96,143.43,143.72
2014-02-19,143.81,144.29,143.72,143.91
2014-02-20,143.87,144.24,143.41,143.45
2014-02-21,143.45,143.95,143.45,143.87
2014-02-24,143.97,144.02,143.52,143.68
2014-02-25,143.66,144.12,143.49,143.97
2014-02-26,143.97,144.8,143.9,144.46
2014-02-27,144.64,145.33,144.58,145.07
2014-02-28,145.1,145.2,144.18,144.38
2014-03-03,144.95,145.42,144.83,145.14
2014-03-04,145.0,145.0,144.6,144.76
2014-03-05,144.67,144.75,144.38,144.7
2014-03-06,144.59,144.61,144.39,144.47
2014-03-07,142.23,142.46,141.81,142.24
2014-03-09,142.25,142.25,142.25,142.25
2014-03-10,142.34,142.6,142.12,142.48
2014-03-11,142.38,142.68,142.07,142.32
2014-03-12,142.45,143.11,142.42,142.83
2014-03-13,142.82,143.79,142.79,143.44
2014-03-14,143.75,143.97,143.36,143.46
2014-03-17,143.37,143.55,143.13,143.24
2014-03-18,143.26,143.46,143.08,143.26
2014-03-19,143.26,143.28,142.32,142.96
2014-03-20,142.61,142.65,142.1,142.4
2014-03-21,142.37,142.59,142.32,142.51
2014-03-22,142.57,142.57,142.57,142.57
2014-03-24,142.37,143.18,142.22,143.03
2014-03-25,143.09,143.32,143.04,143.24
2014-03-26,143.18,143.6,143.16,143.41
2014-03-27,143.5,143.92,143.46,143.84
2014-03-28,143.68,144.08,143.42,143.58
2014-03-31,143.55,143.68,143.02,143.38
2014-04-01,143.4,143.41,143.12,143.21
2014-04-02,143.23,143.24,142.72,142.78
2014-04-03,142.84,142.99,142.49,142.92
2014-04-04,142.87,143.7,142.62,143.5
2014-04-05,143.62,143.62,143.62,143.62
2014-04-07,143.67,143.79,143.34,143.67
2014-04-08,143.5,143.69,143.36,143.42
2014-04-09,143.5,143.54,143.15,143.26
2014-04-10,143.57,144.05,143.51,143.89
2014-04-11,143.79,144.32,143.72,144.08
2014-04-14,144.28,144.3,143.82,143.88
2014-04-15,143.88,144.64,143.83,144.55
2014-04-16,144.38,144.48,144.22,144.36
2014-04-17,144.43,144.48,143.65,144.09
2014-04-22,143.84,143.99,143.62,143.7
2014-04-23,143.85,144.08,143.65,144.0
2014-04-24,143.84,144.17,143.55,143.92
2014-04-25,143.98,144.51,143.97,144.47
2014-04-28,144.29,144.43,144.1,144.27
2014-04-29,144.18,144.3,143.8,144.25
2014-04-30,144.32,144.73,144.0,144.54
2014-05-01,144.64,144.64,144.64,144.64
2014-05-02,144.75,144.97,144.11,144.8
2014-05-05,144.83,144.92,144.62,144.66
2014-05-06,144.63,144.78,144.41,144.67
2014-05-07,144.78,144.89,144.29,144.55
2014-05-08,144.55,144.96,144.34,144.89
2014-05-09,144.92,145.03,144.71,144.86
2014-05-12,144.72,144.84,144.62,144.77
2014-05-13,144.68,145.33,144.65,145.31
2014-05-14,145.28,145.97,145.25,145.84
2014-05-15,145.78,146.75,145.73,146.65
2014-05-16,146.63,146.76,146.25,146.33
2014-05-19,146.34,146.58,146.07,146.27
2014-05-20,146.09,146.34,145.95,146.09
2014-05-21,146.28,146.32,145.75,145.85
2014-05-22,145.75,146.24,145.67,146.1
2014-05-23,145.99,146.2,145.95,146.09
2014-05-26,146.06,146.21,145.85,146.09
2014-05-27,146.02,146.54,145.9,146.4
2014-05-28,146.5,147.09,146.41,147.04
2014-05-29,147.08,147.12,146.65,146.93
2014-05-30,146.63,146.84,146.52,146.81
2014-06-02,146.72,147.04,146.52,146.72
2014-06-03,146.72,146.72,145.95,146.12
2014-06-04,146.06,146.26,145.81,145.93
2014-06-05,145.99,146.43,145.25,146.19
2014-06-06,146.49,146.86,146.4,146.77
2014-06-09,145.52,145.76,145.33,145.39
2014-06-10,145.56,145.57,144.94,145.0
2014-06-11,144.89,145.3,144.58,145.18
2014-06-12,144.97,145.63,144.9,145.25
2014-06-13,145.35,145.65,144.91,145.45
2014-06-16,145.65,145.81,145.51,145.7
2014-06-17,145.66,145.72,145.02,145.05
2014-06-18,145.14,145.68,144.91,145.46
2014-06-19,145.77,146.33,145.71,146.14
2014-06-20,146.05,146.08,145.66,145.83
2014-06-22,145.9,145.9,145.9,145.9
2014-06-23,145.81,146.26,145.72,146.14
2014-06-24,146.02,146.3,145.99,146.11
2014-06-25,146.35,146.92,146.21,146.84
2014-06-26,146.78,147.18,146.73,147.13
2014-06-27,147.19,147.19,146.81,146.92
2014-06-30,146.9,147.13,146.77,147.01
2014-07-01,146.98,147.19,146.85,147.11
2014-07-02,147.01,147.25,146.55,146.65
2014-07-03,146.62,146.62,145.85,146.53
2014-07-04,146.55,147.01,146.52,146.84
2014-07-07,146.8,146.98,146.71,146.96
2014-07-08,146.88,147.47,146.81,147.38
2014-07-09,147.4,147.54,147.23,147.33
2014-07-10,147.54,148.06,147.47,147.61
2014-07-11,147.64,147.72,147.39,147.64
2014-07-12,147.53,147.53,147.53,147.53
2014-07-13,147.53,147.53,147.53,147.53
2014-07-14,147.5,147.66,147.46,147.58
2014-07-15,147.62,147.9,147.43,147.5
2014-07-16,147.63,147.86,147.6,147.76
2014-07-17,147.95,148.48,147.87,148.2
2014-07-18,148.35,148.49,148.12,148.25
2014-07-20,148.25,148.25,148.25,148.25
2014-07-21,148.3,148.45,148.2,148.41
2014-07-22,148.29,148.33,147.91,148.0
2014-07-23,148.14,148.44,148.01,148.32
2014-07-24,148.32,148.39,147.78,147.88
2014-07-25,147.95,148.4,147.81,148.29
2014-07-27,148.37,148.37,148.37,148.37
2014-07-28,148.35,148.46,148.06,148.27
2014-07-29,148.24,148.78,148.18,148.69
2014-07-30,148.64,148.71,147.75,148.1
2014-07-31,147.94,148.27,147.65,147.99
2014-08-01,147.98,148.62,147.74,148.42
2014-08-04,148.4,148.57,148.33,148.46
2014-08-05,148.4,148.48,147.84,148.01
2014-08-06,148.21,148.99,148.19,148.82
2014-08-07,148.9,149.49,148.86,149.24
2014-08-08,149.68,149.84,149.16,149.48
2014-08-10,149.18,149.18,149.18,149.18
2014-08-11,149.22,149.51,149.16,149.34
2014-08-12,149.31,149.54,149.25,149.37
2014-08-13,149.24,149.87,149.07,149.73
2014-08-14,149.88,150.16,149.79,149.92
2014-08-15,149.88,150.7,149.86,150.41
2014-08-18,150.2,150.27,149.81,149.91
2014-08-19,149.85,150.25,149.82,150.11
2014-08-20,150.07,150.37,149.94,150.32
2014-08-21,150.13,150.4,149.95,150.21
2014-08-22,150.28,150.62,150.1,150.27
2014-08-25,150.41,151.09,150.4,150.73
2014-08-26,150.9,151.03,150.76,150.82
2014-08-27,151.0,151.47,150.94,151.3
2014-08-28,151.39,151.83,151.24,151.58
2014-08-29,151.67,151.71,151.26,151.54
2014-08-31,149.58,149.58,149.58,149.58
2014-09-01,151.52,151.63,151.42,151.57
2014-09-02,151.52,151.53,150.86,151.09
2014-09-03,151.03,151.09,150.54,150.84
2014-09-04,150.95,151.49,150.49,150.65
2014-09-05,150.63,151.28,150.6,151.11
2014-09-08,151.13,151.38,151.05,151.3
2014-09-09,148.62,148.69,148.16,148.4
2014-09-10,148.34,148.45,148.02,148.38
2014-09-11,148.36,148.72,148.28,148.39
2014-09-12,148.31,148.33,147.77,147.9
2014-09-13,147.83,147.83,147.83,147.83
2014-09-15,147.92,148.38,147.81,148.17
2014-09-16,148.32,148.62,148.1,148.2
2014-09-17,148.15,148.6,148.04,148.4
2014-09-18,147.99,148.47,147.72,147.88
2014-09-19,147.8,148.71,147.63,148.49
2014-09-22,148.77,148.97,148.57,148.76
2014-09-23,148.9,149.25,148.82,148.93
2014-09-24,148.95,149.17,148.78,149.01
2014-09-25,148.9,149.48,148.9,149.37
2014-09-26,149.51,149.72,149.26,149.44
2014-09-27,149.43,149.43,149.43,149.43
2014-09-29,149.46,149.68,149.21,149.52
2014-09-30,149.47,149.8,149.3,149.7
2014-10-01,149.72,150.42,149.65,150.21
2014-10-02,150.33,150.35,149.85,150.12
2014-10-03,149.99,150.07,149.45,149.82
2014-10-05,149.94,149.94,149.94,149.94
2014-10-06,149.94,150.23,149.93,150.12
2014-10-07,150.16,150.35,149.83,150.11
2014-10-08,150.18,150.43,149.95,150.2
2014-10-09,150.32,150.78,150.14,150.21
2014-10-10,150.3,150.58,150.02,150.4
2014-10-13,150.75,150.76,150.22,150.37
2014-10-14,150.38,151.19,150.24,150.91
2014-10-15,150.92,152.49,150.92,151.81
2014-10-16,151.65,152.47,150.87,151.12
2014-10-17,151.21,151.26,150.49,150.64
2014-10-20,150.68,151.12,150.64,150.78
2014-10-21,151.01,151.12,150.26,150.58
2014-10-22,150.59,150.83,150.29,150.64
2014-10-23,150.79,150.93,150.08,150.26
2014-10-24,150.4,150.74,150.27,150.35
2014-10-27,150.29,150.72,150.07,150.61
2014-10-28,150.55,150.71,150.23,150.53
2014-10-29,150.56,150.66,150.06,150.33
2014-10-30,150.26,151.1,150.23,150.88
2014-10-31,150.76,151.15,150.55,150.91
2014-11-03,151.17,151.35,150.68,150.76
2014-11-04,150.98,151.45,150.83,151.36
2014-11-05,151.19,151.31,151.07,151.16
2014-11-06,151.26,151.35,150.77,151.13
2014-11-07,151.11,151.4,150.78,151.27
2014-11-10,151.37,151.59,151.08,151.3
2014-11-11,151.11,151.35,150.97,151.26
2014-11-12,151.33,151.71,151.31,151.49
2014-11-13,151.34,151.8,151.29,151.62
2014-11-14,151.68,151.93,151.62,151.74
2014-11-16,151.89,151.89,151.89,151.89
2014-11-17,152.02,152.08,151.51,151.66
2014-11-18,151.68,151.85,151.55,151.59
2014-11-19,151.65,151.75,150.94,151.13
2014-11-20,151.15,151.77,151.09,151.64
2014-11-21,151.59,152.05,151.54,151.97
2014-11-24,151.98,152.06,151.8,151.88
2014-11-25,151.99,152.43,151.95,152.32
2014-11-26,152.42,152.57,152.25,152.55
2014-11-27,152.49,152.97,152.48,152.88
2014-11-28,152.9,153.0,152.75,152.85
2014-12-01,152.96,153.01,152.16,152.53
2014-12-02,152.2,152.54,152.15,152.29
2014-12-03,152.25,152.45,152.1,152.29
2014-12-04,152.35,152.57,151.89,152.1
2014-12-05,152.3,152.42,151.8,151.93
2014-12-07,152.81,152.81,152.81,152.81
2014-12-08,151.99,152.47,151.9,152.45
2014-12-09,153.56,153.98,153.45,153.91
2014-12-10,153.83,154.23,153.82,153.97
2014-12-11,154.13,154.33,153.96,154.06
2014-12-12,154.29,154.8,154.23,154.73
2014-12-15,154.7,154.73,154.35,154.65
2014-12-16,154.62,155.44,154.53,155.03
2014-12-17,155.02,155.45,154.92,155.12
2014-12-18,155.05,155.39,154.59,154.83
2014-12-19,154.9,155.21,154.58,155.11
2014-12-22,155.23,155.23,154.9,155.05
2014-12-23,155.13,155.31,154.92,155.17
2014-12-29,155.14,155.88,155.06,155.82
2014-12-30,155.69,155.96,155.56,155.87
2015-01-02,155.84,156.57,155.74,156.48
2015-01-05,156.51,156.58,156.2,156.22
2015-01-06,156.4,157.2,156.29,156.92
2015-01-07,156.85,157.26,156.51,156.73
2015-01-08,156.61,156.75,156.27,156.33
2015-01-09,156.37,156.77,156.1,156.74
2015-01-12,156.52,156.9,156.3,156.71
2015-01-13,156.71,157.04,156.56,156.68
2015-01-14,156.95,157.41,156.84,157.26
2015-01-15,157.02,157.7,157.0,157.44
2015-01-16,157.65,157.97,157.37,157.44
2015-01-17,157.42,157.42,157.42,157.42
2015-01-19,157.58,157.88,157.4,157.77
2015-01-20,157.63,157.85,157.53,157.69
2015-01-21,157.7,157.76,156.61,156.81
2015-01-22,156.62,158.08,156.0,157.74
2015-01-23,157.82,158.94,157.69,158.73
2015-01-25,158.86,158.86,158.86,158.86
2015-01-26,158.88,159.05,158.13,158.15
2015-01-27,158.31,158.48,158.15,158.42
2015-01-28,158.17,159.19,157.83,158.74
2015-01-29,158.95,159.11,158.47,158.72
2015-01-30,158.7,159.54,158.62,159.39
2015-02-02,159.37,159.5,159.16,159.35
2015-02-03,159.34,159.37,158.66,158.91
2015-02-04,158.66,159.04,158.52,158.62
2015-02-05,159.13,159.18,158.32,158.58
2015-02-06,158.57,158.96,158.32,158.42
2015-02-09,158.58,159.11,158.45,158.84
2015-02-10,158.62,158.8,158.18,158.46
2015-02-11,158.56,158.88,158.52,158.61
2015-02-12,158.78,159.24,158.45,159.1
2015-02-13,159.09,159.13,158.72,158.99
2015-02-16,158.81,159.37,158.77,158.93
2015-02-17,159.36,159.36,158.29,158.61
2015-02-18,158.55,158.72,158.23,158.53
2015-02-19,158.7,158.88,158.33,158.63
2015-02-20,158.48,159.2,158.2,158.82
2015-02-21,158.37,158.37,158.37,158.37
2015-02-23,158.53,158.95,158.41,158.86
2015-02-24,158.95,158.95,158.51,158.86
2015-02-25,158.95,159.58,158.9,159.45
2015-02-26,159.54,160.0,159.47,159.8
2015-02-27,159.8,159.8,159.22,159.46
2015-03-01,157.32,157.32,157.32,157.32
2015-03-02,159.44,159.64,159.01,159.13
2015-03-03,159.08,159.26,158.74,159.0
2015-03-04,158.78,159.04,158.6,158.77
2015-03-05,158.72,159.55,158.06,158.99
2015-03-06,159.27,159.35,159.0,159.06
2015-03-09,156.23,157.37,156.2,157.28
2015-03-10,157.29,158.49,157.26,158.33
2015-03-11,158.4,158.79,158.14,158.64
2015-03-12,158.61,158.83,157.9,157.96
2015-03-13,157.93,158.18,157.58,157.99
2015-03-14,157.92,157.92,157.92,157.92
2015-03-16,158.02,158.06,157.46,157.7
2015-03-17,157.78,157.83,157.5,157.59
2015-03-18,157.67,159.13,157.62,158.65
2015-03-19,158.93,159.0,158.45,158.69
2015-03-20,158.79,158.98,158.59,158.76
2015-03-23,158.88,158.95,158.24,158.37
2015-03-24,158.39,158.67,158.1,158.13
2015-03-25,158.33,158.56,158.13,158.33
2015-03-26,158.29,158.56,158.17,158.41
2015-03-27,158.44,158.6,158.05,158.54
2015-03-30,158.52,158.89,158.39,158.48
2015-03-31,158.54,158.88,158.35,158.76
2015-04-01,158.72,159.21,158.56,158.94
2015-04-02,158.92,159.07,158.62,158.75
2015-04-07,158.86,158.9,158.63,158.77
2015-04-08,158.95,159.19,158.93,159.08
2015-04-09,159.15,159.44,159.0,159.12
2015-04-10,159.04,159.37,159.01,159.19
2015-04-13,159.21,159.4,159.03,159.2
2015-04-14,159.35,159.62,159.24,159.54
2015-04-15,159.47,160.05,159.44,159.96
2015-04-16,159.92,160.4,159.9,160.18
2015-04-17,160.32,160.69,160.21,160.29
2015-04-20,160.34,160.51,160.24,160.36
2015-04-21,160.36,160.44,159.82,160.0
2015-04-22,159.98,160.18,159.11,159.19
2015-04-23,159.24,159.58,159.02,159.17
2015-04-24,159.17,159.38,158.93,159.29
2015-04-27,159.4,159.55,159.03,159.19
2015-04-28,159.2,159.47,159.05,159.27
2015-04-29,159.19,159.21,157.6,157.73
2015-04-30,157.74,157.89,156.42,156.7
2015-05-04,156.68,156.75,155.46,155.67
2015-05-05,155.53,156.22,154.6,154.85
2015-05-06,154.74,154.97,153.7,153.93
2015-05-07,153.73,154.44,151.44,154.0
2015-05-08,154.36,154.96,153.56,154.76
2015-05-11,154.77,155.03,153.39,154.13
2015-05-12,153.3,153.51,152.27,153.04
2015-05-13,152.95,154.16,151.97,152.72
2015-05-14,152.15,153.21,152.01,152.7
2015-05-15,153.1,153.9,153.01,153.56
2015-05-18,153.46,153.84,153.24,153.51
2015-05-19,153.54,154.77,153.48,153.89
2015-05-20,153.88,154.46,153.55,153.67
2015-05-21,153.68,153.99,153.0,153.6
2015-05-22,153.58,154.19,153.55,154.0
2015-05-26,154.26,154.95,154.04,154.77
2015-05-27,154.71,155.15,154.36,154.71
2015-05-28,154.9,155.24,154.79,154.9
2015-05-29,155.27,155.7,155.06,155.43
2015-06-01,155.47,155.79,154.58,155.25
2015-06-02,154.85,154.97,152.73,153.13
2015-06-03,152.9,153.19,150.61,151.18
2015-06-04,150.71,151.9,149.6,151.54
2015-06-05,151.54,151.75,150.49,151.65
2015-06-08,151.45,151.82,150.89,151.5
2015-06-09,150.67,150.83,149.34,149.41
2015-06-10,149.41,149.64,148.23,148.98
2015-06-11,149.04,150.76,148.66,150.39
2015-06-12,150.91,151.3,149.93,151.04
2015-06-15,151.38,151.83,151.0,151.27
2015-06-16,151.44,152.21,151.28,151.43
2015-06-17,151.73,151.94,151.26,151.43
2015-06-18,152.06,152.47,150.6,151.47
2015-06-19,151.43,152.22,151.38,152.04
2015-06-22,151.75,151.79,150.29,150.36
2015-06-23,150.36,150.85,150.02,150.69
2015-06-24,150.67,151.57,150.62,151.08
2015-06-25,151.32,151.45,150.45,150.87
2015-06-26,151.03,151.1,149.86,150.19
2015-06-29,152.53,152.91,151.13,151.77
2015-06-30,152.4,152.56,151.48,152.0
2015-07-01,152.01,152.22,151.1,151.56
2015-07-02,151.28,151.29,150.46,151.04
2015-07-03,151.01,151.98,150.97,151.8
2015-07-06,153.18,153.35,152.03,152.17
2015-07-07,152.5,154.05,152.27,153.9
2015-07-08,153.45,154.24,153.1,153.22
2015-07-09,153.19,153.4,152.29,152.65
2015-07-10,152.09,152.09,150.34,150.7
2015-07-13,151.2,151.34,149.49,151.12
2015-07-14,151.1,151.75,150.94,151.38
2015-07-15,151.47,152.69,151.3,152.2
2015-07-16,152.3,152.54,151.61,152.07
2015-07-17,152.22,152.88,152.22,152.65
2015-07-20,152.64,153.33,152.42,152.9
2015-07-21,153.0,153.32,152.5,152.75
2015-07-22,153.0,153.3,152.67,153.21
2015-07-23,153.14,153.46,153.02,153.13
2015-07-24,153.45,153.94,153.35,153.85
2015-07-27,153.95,154.21,153.69,153.9
2015-07-28,153.88,153.93,153.28,153.84
2015-07-29,153.83,153.92,153.35,153.61
2015-07-30,153.45,154.5,153.4,154.37
2015-07-31,154.42,154.49,153.67,154.4
2015-08-03,154.39,154.95,154.09,154.57
2015-08-04,154.62,155.09,154.16,154.56
2015-08-05,154.2,154.37,152.91,153.34
2015-08-06,153.31,153.95,153.22,153.71
2015-08-07,153.77,154.55,153.57,154.43
2015-08-10,154.43,154.45,153.86,153.94
2015-08-11,154.23,154.99,154.14,154.94
2015-08-12,155.24,155.48,154.81,155.29
2015-08-13,154.78,155.13,154.54,154.92
2015-08-14,154.97,155.15,154.54,154.66
2015-08-17,154.78,155.09,154.52,154.98
2015-08-18,154.99,155.28,154.57,154.82
2015-08-19,154.84,155.54,154.55,154.92
2015-08-20,155.45,155.76,155.25,155.58
2015-08-21,155.87,155.95,155.4,155.61
2015-08-24,155.99,156.49,155.17,155.68
2015-08-25,155.36,155.45,153.38,153.58
2015-08-26,153.63,154.52,153.52,154.21
2015-08-27,153.95,154.13,153.6,153.74
2015-08-28,153.86,154.37,153.5,153.84
2015-08-31,153.76,154.0,152.66,153.09
2015-09-01,153.03,153.38,152.65,152.94
2015-09-02,153.07,153.36,152.75,153.14
2015-09-03,153.16,154.08,153.05,153.86
2015-09-04,154.25,154.96,154.11,154.63
2015-09-07,154.78,154.89,154.42,154.63
2015-09-08,154.73,154.77,154.42,154.66
2015-09-09,154.48,154.95,154.31,154.49
2015-09-10,154.86,155.07,154.54,154.73
2015-09-11,154.81,155.31,154.7,155.25
2015-09-14,155.2,155.51,155.0,155.28
2015-09-15,155.29,155.34,153.77,154.11
2015-09-16,153.92,154.22,153.5,153.76
2015-09-17,153.72,154.7,153.59,153.7
2015-09-18,154.76,155.44,154.65,155.1
2015-09-21,155.27,155.32,154.75,154.85
2015-09-22,154.97,156.19,154.89,156.06
2015-09-23,156.2,156.26,155.71,155.92
2015-09-24,156.05,156.45,155.75,156.19
2015-09-25,155.75,155.82,155.13,155.43
2015-09-28,155.71,156.29,155.42,156.04
2015-09-29,156.36,156.53,155.86,156.17
2015-09-30,156.12,156.29,155.85,156.19
2015-10-01,156.11,156.96,155.94,156.77
2015-10-02,156.62,157.67,156.44,157.24
2015-10-05,157.13,157.23,156.44,156.51
2015-10-06,156.62,156.68,155.91,156.18
2015-10-07,156.11,156.31,155.74,156.17
2015-10-08,156.45,156.76,156.0,156.32
2015-10-09,156.16,156.27,155.77,155.92
2015-10-12,156.03,156.47,155.83,156.42
2015-10-13,156.42,156.71,156.1,156.18
2015-10-14,156.4,157.01,156.4,156.88
2015-10-15,156.85,157.12,156.65,156.75
2015-10-16,156.7,157.11,156.69,156.91
2015-10-19,156.8,156.92,156.45,156.64
2015-10-20,156.81,156.88,155.71,155.91
2015-10-21,155.76,156.69,155.72,156.59
2015-10-22,156.64,157.72,156.42,157.47
2015-10-23,157.52,157.79,157.21,157.46
2015-10-26,157.44,157.73,157.4,157.59
2015-10-27,157.61,158.38,157.6,158.35
2015-10-28,158.26,158.6,157.92,158.34
2015-10-29,158.03,158.24,156.99,157.1
2015-10-30,157.21,157.56,156.96,157.21
2015-11-02,157.43,157.44,156.5,156.68
2015-11-03,156.77,157.07,156.43,156.6
2015-11-04,156.61,156.94,156.21,156.34
2015-11-05,156.44,156.62,156.11,156.28
2015-11-06,156.38,156.51,155.03,155.18
2015-11-09,155.16,155.68,154.81,155.42
2015-11-10,155.69,156.21,155.46,156.07
2015-11-11,156.07,156.6,155.92,156.33
2015-11-12,156.25,156.61,156.17,156.33
2015-11-13,156.33,157.09,156.32,156.92
2015-11-16,157.29,157.39,156.78,157.31
2015-11-17,157.25,157.72,157.18,157.33
2015-11-18,157.6,157.85,157.34,157.69
2015-11-19,157.78,158.1,157.64,158.02
2015-11-20,157.96,158.19,157.78,158.02
2015-11-23,157.84,157.98,157.15,157.34
2015-11-24,157.63,158.01,157.43,157.79
2015-11-25,157.67,158.34,157.53,158.27
2015-11-26,158.31,158.47,158.15,158.3
2015-11-27,158.42,158.78,158.3,158.59
2015-11-30,158.45,158.53,158.15,158.31
2015-12-01,158.24,158.61,157.72,158.48
2015-12-02,158.42,158.75,158.24,158.44
2015-12-03,158.3,158.63,155.17,156.11
2015-12-04,155.54,156.21,155.03,155.71
2015-12-07,155.73,157.12,155.7,156.93
2015-12-08,156.55,157.11,156.55,156.94
2015-12-09,158.74,158.83,158.13,158.26
2015-12-10,158.55,158.97,158.36,158.77
2015-12-11,158.57,159.36,158.56,159.18
2015-12-14,159.06,159.21,158.51,158.73
2015-12-15,158.65,158.71,157.33,157.49
2015-12-16,157.65,157.95,156.78,157.32
2015-12-17,157.61,158.5,157.51,158.33
2015-12-18,158.58,159.2,158.5,159.01
2015-12-21,159.01,159.28,158.57,159.02
2015-12-22,158.96,159.08,158.26,158.3
2015-12-23,158.41,158.56,157.81,157.84
2015-12-28,158.0,159.0,157.88,158.89
2015-12-29,158.76,158.88,157.52,157.88
2015-12-30,157.7,158.22,157.65,157.92
2016-01-04,158.39,158.95,158.33,158.79
2016-01-05,158.47,159.25,158.45,159.05
2016-01-06,159.2,159.92,159.17,159.69
2016-01-07,159.95,160.19,159.04,159.18
2016-01-08,159.3,159.85,159.07,159.66
2016-01-11,159.77,159.8,159.15,159.35
2016-01-12,159.36,159.67,158.7,159.39
2016-01-13,159.34,160.12,159.12,159.77
2016-01-14,159.9,160.33,159.53,159.71
2016-01-15,159.96,160.52,159.83,160.39
2016-01-18,160.14,160.42,159.96,160.38
2016-01-19,160.16,160.38,159.87,160.17
2016-01-20,160.55,161.34,160.55,161.13
2016-01-21,160.88,161.94,160.81,161.52
2016-01-22,161.45,161.61,161.02,161.31
2016-01-25,161.18,161.55,161.13,161.42
2016-01-26,161.73,162.03,161.55,161.83
2016-01-27,161.92,162.25,161.61,161.87
2016-01-28,162.12,162.72,161.92,162.37
2016-01-29,162.77,163.52,162.7,163.35
2016-02-01,163.45,163.78,162.88,162.97
2016-02-02,163.28,163.76,163.16,163.46
2016-02-03,163.72,164.22,163.28,164.03
2016-02-04,163.73,163.87,163.25,163.52
2016-02-05,163.8,164.03,163.31,163.62
2016-02-08,163.78,165.06,163.72,164.84
2016-02-09,165.13,165.23,164.1,164.63
2016-02-10,164.71,164.78,164.14,164.48
2016-02-11,164.88,166.16,164.86,165.59
2016-02-12,164.96,165.22,164.15,164.39
2016-02-15,164.1,164.86,163.79,164.68
2016-02-16,164.49,164.68,164.06,164.35
2016-02-17,164.56,164.64,164.02,164.19
2016-02-18,164.38,165.2,164.24,165.02
2016-02-19,165.1,165.47,164.85,165.18
2016-02-22,165.01,165.57,164.9,165.51
2016-02-23,165.43,165.56,164.75,165.44
2016-02-24,165.58,166.25,165.51,165.97
2016-02-25,165.71,166.25,165.59,166.13
2016-02-26,166.1,166.13,165.77,165.95
2016-02-29,166.1,166.63,165.94,166.58
2016-03-01,166.56,166.59,165.8,165.99
2016-03-02,165.8,165.83,165.04,165.19
2016-03-03,165.11,165.85,164.73,165.59
2016-03-04,165.73,165.75,164.76,164.87
2016-03-07,165.11,165.43,164.99,165.21
2016-03-08,165.22,165.95,165.22,165.93
2016-03-09,162.75,162.82,161.94,162.21
2016-03-10,162.16,163.4,160.81,161.16
2016-03-11,161.3,161.96,161.03,161.65
2016-03-14,161.72,162.22,161.26,161.64
2016-03-15,161.43,161.78,161.02,161.17
2016-03-16,161.21,161.8,161.09,161.5
2016-03-17,161.95,162.47,161.88,162.32
2016-03-18,162.49,162.81,162.33,162.44
2016-03-21,162.6,163.0,162.19,162.42
2016-03-22,162.47,163.05,162.3,162.54
2016-03-23,162.3,162.93,162.22,162.73
2016-03-24,162.95,163.33,162.82,163.01
2016-03-29,163.1,163.83,163.07,163.53
2016-03-30,163.67,163.84,163.13,163.26
2016-03-31,163.59,163.64,163.03,163.32
2016-04-01,163.43,163.8,163.24,163.51
2016-04-04,163.88,163.93,163.43,163.73
2016-04-05,163.89,164.43,163.87,164.19
2016-04-06,164.1,164.28,163.72,163.9
2016-04-07,164.0,164.43,163.82,164.37
2016-04-08,164.18,164.39,164.05,164.2
2016-04-11,164.4,164.6,163.74,164.04
2016-04-12,164.01,164.02,163.24,163.44
2016-04-13,163.25,163.96,163.16,163.74
2016-04-14,163.86,163.98,163.17,163.49
2016-04-15,163.34,164.0,163.27,163.88
2016-04-18,164.09,164.17,163.36,163.48
2016-04-19,163.4,163.6,163.09,163.24
2016-04-20,163.52,163.74,163.19,163.68
2016-04-21,163.22,163.34,162.33,162.49
2016-04-22,162.57,162.68,162.34,162.49
2016-04-25,162.7,162.8,161.9,162.18
2016-04-26,162.22,162.31,161.46,161.63
2016-04-27,161.65,162.15,161.53,161.85
2016-04-28,162.28,162.79,162.21,162.36
2016-04-29,162.45,162.6,161.57,161.88
2016-05-02,162.05,162.4,161.84,161.86
2016-05-03,162.03,163.12,161.9,163.03
2016-05-04,162.9,163.09,162.67,162.98
2016-05-05,162.99,163.86,162.73,163.5
2016-05-06,163.8,163.93,163.42,163.82
2016-05-09,163.52,164.14,163.5,164.05
2016-05-10,164.05,164.36,163.86,164.26
2016-05-11,164.26,164.35,163.97,164.18
2016-05-12,164.2,164.49,163.62,163.82
2016-05-13,163.95,164.3,163.76,164.19
2016-05-16,164.28,164.28,163.75,163.92
2016-05-17,163.82,164.17,163.49,164.15
2016-05-18,163.91,163.96,163.16,163.63
2016-05-19,163.21,163.71,163.06,163.61
2016-05-20,163.66,163.75,163.33,163.56
2016-05-23,163.66,164.07,163.34,163.42
2016-05-24,163.69,163.77,163.41,163.51
2016-05-25,163.53,163.95,163.13,163.9
2016-05-26,163.84,164.19,163.57,164.03
2016-05-27,164.04,164.36,163.9,164.0
2016-05-30,163.94,163.99,163.53,163.65
2016-05-31,163.76,164.21,163.39,163.97
2016-06-01,164.15,164.42,164.05,164.15
2016-06-02,164.14,164.59,163.87,164.49
2016-06-03,164.41,165.23,164.4,165.1
2016-06-06,165.12,165.17,164.86,164.95
2016-06-07,164.95,165.49,164.84,165.38
2016-06-08,165.27,165.63,165.27,165.36
2016-06-09,164.53,164.81,164.43,164.55
2016-06-10,164.64,164.98,164.55,164.85
2016-06-13,164.95,164.95,164.6,164.7
2016-06-14,164.87,165.61,164.72,165.21
2016-06-15,165.02,165.44,164.87,165.24
2016-06-16,165.54,165.68,165.07,165.45
2016-06-17,165.06,165.29,164.7,164.87
2016-06-20,164.58,164.72,164.15,164.25
2016-06-21,164.37,164.59,164.08,164.44
2016-06-22,164.38,164.67,164.17,164.23
2016-06-23,164.36,164.62,163.52,163.95
2016-06-24,168.5,168.86,165.59,165.99
2016-06-27,166.05,166.92,166.02,166.69
2016-06-28,166.71,166.9,166.27,166.86
2016-06-29,166.75,167.12,166.64,166.92
2016-06-30,166.7,167.33,165.51,167.12
2016-07-01,166.33,167.31,166.09,166.97
2016-07-04,167.1,167.25,166.72,167.08
2016-07-05,167.3,167.99,167.23,167.77
2016-07-06,167.98,168.13,167.58,167.72
2016-07-07,167.77,167.79,167.25,167.57
2016-07-08,167.72,168.06,167.36,167.79
2016-07-11,167.85,168.05,167.43,167.58
2016-07-12,167.43,167.47,166.32,166.65
2016-07-13,166.67,167.37,166.62,167.29
2016-07-14,167.07,167.17,166.26,166.67
2016-07-15,166.78,166.84,165.95,166.06
2016-07-18,166.27,166.67,166.17,166.36
2016-07-19,166.57,166.87,166.33,166.49
2016-07-20,166.56,166.74,166.15,166.32
2016-07-21,166.31,166.45,165.63,166.17
2016-07-22,166.58,166.68,166.01,166.37
2016-07-25,166.42,166.8,166.16,166.72
2016-07-26,166.81,167.03,166.42,166.49
2016-07-27,166.54,167.61,166.36,167.36
2016-07-28,167.55,167.62,167.12,167.41
2016-07-29,167.05,168.0,166.92,167.81
2016-08-01,167.84,167.85,167.37,167.45
2016-08-02,167.35,167.4,166.38,166.59
2016-08-03,166.54,166.92,166.42,166.64
2016-08-04,166.69,167.69,166.56,167.59
2016-08-05,167.62,167.64,167.05,167.15
2016-08-08,166.98,167.24,166.76,167.1
2016-08-09,167.2,167.57,166.91,167.44
2016-08-10,167.6,168.0,167.49,167.84
2016-08-11,167.87,168.02,167.31,167.66
2016-08-12,167.52,167.97,167.4,167.78
2016-08-15,167.65,167.86,167.17,167.24
2016-08-16,167.4,167.61,166.66,166.7
2016-08-17,166.82,167.31,166.65,166.95
2016-08-18,167.24,167.68,167.16,167.46
2016-08-19,167.46,167.59,166.76,166.97
2016-08-22,166.9,167.65,166.85,167.5
2016-08-23,167.5,167.84,167.37,167.67
2016-08-24,167.67,167.73,167.44,167.56
2016-08-25,167.6,167.64,167.12,167.47
2016-08-26,167.49,167.76,166.87,167.7
2016-08-29,166.96,167.75,166.55,167.57
2016-08-30,167.6,167.86,167.37,167.73
2016-08-31,167.74,167.76,167.25,167.38
2016-09-01,167.26,167.48,166.95,167.38
2016-09-02,167.34,167.7,166.92,166.96
2016-09-05,167.22,167.44,167.13,167.26
2016-09-06,167.29,168.21,167.15,168.06
2016-09-07,168.12,168.42,168.06,168.32
2016-09-08,168.31,168.37,168.12,168.14
2016-09-09,164.6,164.62,163.53,163.65
2016-09-12,163.5,163.69,163.04,163.35
2016-09-13,163.7,163.93,162.56,163.29
2016-09-14,162.93,163.7,162.79,163.53
2016-09-15,163.44,163.78,163.04,163.48
2016-09-16,163.72,164.29,163.57,163.96
2016-09-19,163.86,164.11,163.63,163.75
2016-09-20,163.65,164.29,163.65,164.18
2016-09-21,163.96,164.37,163.8,163.84
2016-09-22,164.32,165.32,164.32,165.22
2016-09-23,165.08,165.28,164.98,165.03
2016-09-26,165.14,165.75,165.08,165.5
2016-09-27,165.5,166.27,165.46,165.98
2016-09-28,165.97,166.19,165.75,166.15
2016-09-29,165.72,166.08,165.59,165.74
2016-09-30,166.09,166.36,165.54,165.7
2016-10-03,165.69,165.85,165.3,165.4
2016-10-04,165.41,165.68,164.68,165.3
2016-10-05,164.84,165.03,164.14,164.23
2016-10-06,164.38,164.87,164.04,164.18
2016-10-07,164.25,164.3,163.72,163.91
2016-10-10,164.05,164.18,163.31,163.42
2016-10-11,163.52,163.92,163.4,163.72
2016-10-12,163.58,163.82,163.15,163.3
2016-10-13,163.7,163.96,163.47,163.76
2016-10-14,163.6,163.69,163.2,163.46
2016-10-17,163.31,163.57,162.81,163.47
2016-10-18,163.42,163.81,163.3,163.74
2016-10-19,163.74,164.04,163.71,163.82
2016-10-20,163.68,164.33,163.24,164.29
2016-10-21,164.28,164.34,164.04,164.22
2016-10-24,164.4,164.54,163.86,163.96
2016-10-25,163.88,164.16,163.71,164.02
2016-10-26,163.9,164.06,162.89,163.04
2016-10-27,163.02,163.19,161.72,161.97
2016-10-28,161.85,162.28,161.37,162.08
2016-10-31,162.08,162.32,161.95,162.17
2016-11-01,161.94,162.36,161.53,161.84
2016-11-02,162.31,162.78,162.18,162.57
2016-11-03,162.57,162.7,161.93,162.1
2016-11-04,162.1,162.62,162.1,162.5
2016-11-07,162.0,162.37,161.94,162.29
2016-11-08,162.24,162.45,161.69,161.92
2016-11-09,162.66,163.19,160.89,162.01
2016-11-10,161.22,161.54,160.08,160.64
2016-11-11,160.62,160.62,159.77,160.27
2016-11-14,159.72,160.38,159.14,159.9
2016-11-15,160.21,160.63,160.15,160.41
2016-11-16,160.32,160.59,159.82,160.32
2016-11-17,160.58,160.96,160.35,160.77
2016-11-18,160.16,161.09,159.98,160.73
2016-11-21,160.95,160.97,160.5,160.79
2016-11-22,160.75,161.58,160.7,161.4
2016-11-23,161.31,161.72,160.31,160.76
2016-11-24,161.09,161.4,160.88,161.01
2016-11-25,161.09,161.59,161.03,161.36
2016-11-28,161.73,162.08,161.48,162.02
2016-11-29,161.98,162.01,161.33,161.5
2016-11-30,161.87,162.01,160.8,161.06
2016-12-01,160.77,160.97,159.54,160.26
2016-12-02,159.96,161.13,159.81,161.0
2016-12-05,161.45,161.45,159.86,160.45
2016-12-06,160.49,160.73,159.82,160.05
2016-12-07,159.74,160.51,159.7,160.32
2016-12-08,160.32,160.47,159.99,160.15
2016-12-09,161.1,162.29,161.0,161.86
2016-12-12,161.38,161.4,160.8,161.05
2016-12-13,161.37,161.95,161.08,161.71
2016-12-14,161.94,162.62,161.69,162.46
2016-12-15,161.8,162.03,161.19,161.58
2016-12-16,161.91,162.58,161.82,162.19
2016-12-19,162.12,163.52,162.04,163.15
2016-12-20,163.2,163.29,162.84,163.04
2016-12-21,163.13,163.36,163.01,163.28
2016-12-22,163.33,163.45,162.88,163.17
2016-12-23,163.23,163.79,163.17,163.66
2016-12-27,163.55,164.18,163.55,164.15
2016-12-28,164.18,164.33,163.89,164.05
2016-12-29,164.44,164.65,164.27,164.6
2016-12-30,164.55,164.56,164.09,164.15
2017-01-02,164.07,164.94,164.07,164.47
2017-01-03,164.39,164.52,162.99,163.21
2017-01-04,163.46,163.62,163.1,163.19
2017-01-05,163.51,163.74,162.81,163.54
2017-01-06,163.64,163.67,162.67,162.84
2017-01-09,162.7,163.33,162.47,162.95
2017-01-10,163.14,163.36,162.92,163.12
2017-01-11,163.16,163.98,163.04,163.48
2017-01-12,163.86,164.19,163.52,163.89
2017-01-13,163.52,164.04,163.14,163.41
2017-01-16,163.83,163.92,163.39,163.58
2017-01-17,163.73,164.45,163.71,163.9
2017-01-18,163.81,163.82,163.04,163.42
2017-01-19,163.0,163.15,162.62,163.03
2017-01-20,163.18,163.28,162.2,162.29
2017-01-23,162.77,163.38,162.45,163.13
2017-01-24,163.14,163.23,162.48,162.76
2017-01-25,162.44,162.49,161.52,161.76
2017-01-26,161.6,161.88,161.31,161.43
2017-01-27,161.54,161.93,161.49,161.85
2017-01-30,161.93,162.22,161.35,162.07
2017-01-31,162.07,162.29,161.49,162.13
2017-02-01,161.9,162.02,161.51,161.61
2017-02-02,161.94,162.56,161.63,162.37
2017-02-03,162.15,162.68,162.01,162.49
2017-02-06,162.5,163.48,162.44,163.19
2017-02-07,163.49,163.74,162.97,163.38
2017-02-08,163.53,164.41,163.44,164.22
2017-02-09,164.21,164.46,163.97,164.23
2017-02-10,163.96,164.17,163.76,163.91
2017-02-13,163.93,164.03,163.68,163.76
2017-02-14,163.97,164.07,163.26,163.42
2017-02-15,163.52,163.55,163.13,163.3
2017-02-16,163.48,163.88,163.32,163.84
2017-02-17,163.79,164.64,163.62,164.43
2017-02-20,164.28,164.68,164.18,164.58
2017-02-21,164.57,164.64,164.09,164.41
2017-02-22,164.35,165.53,164.31,164.99
2017-02-23,165.1,165.8,164.84,165.64
2017-02-24,165.72,166.4,165.6,166.21
2017-02-27,166.22,166.32,165.9,166.08
2017-02-28,166.04,166.22,165.7,166.05
2017-03-01,165.78,165.9,164.75,164.93
2017-03-02,164.99,164.99,164.42,164.61
2017-03-03,164.8,164.85,163.89,163.98
2017-03-06,164.14,164.54,164.05,164.09
2017-03-07,164.14,164.76,164.07,164.39
2017-03-08,164.42,164.49,163.81,164.0
2017-03-09,160.53,160.66,159.57,159.99
2017-03-10,159.63,159.85,158.87,159.01
2017-03-13,159.09,159.68,158.94,159.19
2017-03-14,159.03,159.66,158.73,159.56
2017-03-15,159.55,160.45,159.42,160.09
2017-03-16,160.23,160.38,159.16,159.72
2017-03-17,159.33,159.89,159.09,159.82
2017-03-20,159.93,159.96,159.38,159.78
2017-03-21,159.69,159.84,159.12,159.56
2017-03-22,159.72,160.33,159.65,160.2
2017-03-23,160.12,160.47,159.88,160.03
2017-03-24,159.94,160.35,159.73,160.22
2017-03-27,160.51,161.0,160.23,160.26
2017-03-28,160.22,160.71,160.14,160.6
2017-03-29,160.24,161.24,160.18,161.15
2017-03-30,161.16,161.57,161.06,161.44
2017-03-31,161.46,161.53,161.21,161.42
2017-04-03,161.4,162.18,161.34,162.09
2017-04-04,162.21,162.72,162.17,162.53
2017-04-05,162.53,162.69,162.02,162.4
2017-04-06,162.63,162.67,162.25,162.39
2017-04-07,162.78,163.05,162.5,162.85
2017-04-10,162.59,163.3,162.59,162.99
2017-04-11,163.28,163.39,162.87,163.21
2017-04-12,163.26,163.53,163.01,163.25
2017-04-13,163.58,163.82,163.41,163.54
2017-04-18,163.6,163.99,163.34,163.68
2017-04-19,163.77,163.8,163.16,163.25
2017-04-20,163.39,163.44,162.52,162.74
2017-04-21,162.91,162.94,162.49,162.74
2017-04-24,161.52,161.63,160.93,161.35
2017-04-25,161.32,161.47,160.65,160.98
2017-04-26,160.7,161.36,160.64,161.27
2017-04-27,161.25,162.15,161.02,162.01
2017-04-28,161.94,161.98,161.26,161.78
2017-05-02,161.7,161.81,161.45,161.69
2017-05-03,161.77,161.94,161.53,161.69
2017-05-04,161.53,161.53,160.74,160.9
2017-05-05,161.0,161.17,160.37,160.46
2017-05-08,160.29,160.98,160.25,160.46
2017-05-09,160.47,160.48,160.11,160.29
2017-05-10,160.41,160.83,160.22,160.6
2017-05-11,160.3,160.56,160.0,160.42
2017-05-12,160.5,160.99,160.41,160.88
2017-05-15,160.84,160.89,160.46,160.51
2017-05-16,160.61,160.63,160.17,160.48
2017-05-17,160.58,161.57,160.47,161.06
2017-05-18,161.25,162.02,161.1,161.53
2017-05-19,161.46,161.55,161.17,161.3
2017-05-22,161.22,161.47,160.79,160.99
2017-05-23,161.09,161.32,160.59,160.87
2017-05-24,160.8,161.13,160.68,160.8
2017-05-25,161.1,161.43,161.02,161.31
2017-05-26,161.48,161.88,161.33,161.79
2017-05-29,161.8,162.32,161.68,162.28
2017-05-30,162.29,162.43,162.06,162.33
2017-05-31,162.42,162.45,162.07,162.32
2017-06-01,162.19,162.32,161.95,162.28
2017-06-02,162.13,162.77,162.13,162.69
2017-06-05,162.62,162.68,162.33,162.49
2017-06-06,162.6,162.99,162.55,162.92
2017-06-07,162.78,163.03,162.63,162.87
2017-06-08,162.71,162.81,162.46,162.56
2017-06-09,165.14,165.18,164.74,164.87
2017-06-12,164.95,165.26,164.86,165.1
2017-06-13,165.09,165.13,164.72,164.93
2017-06-14,165.05,165.55,164.83,165.46
2017-06-15,165.33,165.44,164.4,164.59
2017-06-16,164.54,164.76,164.13,164.73
2017-06-19,164.68,164.82,164.43,164.65
2017-06-20,164.65,165.02,164.6,164.92
2017-06-21,165.0,165.29,164.79,164.97
2017-06-22,164.99,165.25,164.88,165.09
2017-06-23,165.05,165.16,164.94,165.07
2017-06-26,165.0,165.44,164.99,165.14
2017-06-27,165.13,165.33,163.13,163.75
2017-06-28,163.05,164.04,162.78,163.45
2017-06-29,163.3,163.31,162.06,162.17
2017-06-30,162.05,162.6,161.65,161.87
2017-07-03,161.55,162.32,161.52,161.65
2017-07-04,161.92,162.2,161.8,161.85
2017-07-05,161.85,162.12,161.54,161.93
2017-07-06,161.83,161.9,160.43,160.5
2017-07-07,160.54,160.73,160.31,160.49
2017-07-10,160.44,161.13,160.44,160.94
2017-07-11,160.78,160.95,160.48,160.69
2017-07-12,160.97,161.44,160.83,161.42
2017-07-13,161.44,161.92,161.02,161.15
2017-07-14,161.35,161.75,161.06,161.14
2017-07-17,161.08,161.53,161.06,161.28
2017-07-18,161.45,161.77,161.24,161.61
2017-07-19,161.61,162.03,161.57,161.92
2017-07-20,161.83,162.14,161.55,161.93
2017-07-21,162.02,162.56,161.99,162.48
2017-07-24,162.34,162.67,162.26,162.54
2017-07-25,162.47,162.56,161.56,161.6
2017-07-26,161.71,162.1,161.64,161.78
2017-07-27,162.01,162.5,161.95,162.23
2017-07-28,162.19,162.38,161.37,161.98
2017-07-31,162.08,162.19,161.72,161.95
2017-08-01,161.88,162.94,161.82,162.8
2017-08-02,162.89,162.97,162.63,162.86
2017-08-03,162.86,163.48,162.71,163.3
2017-08-04,163.48,163.51,162.89,163.13
2017-08-07,163.09,163.38,162.84,163.3
2017-08-08,163.32,163.42,163.03,163.13
2017-08-09,163.28,163.99,163.25,163.9
2017-08-10,163.78,164.3,163.64,164.11
2017-08-11,164.34,164.64,164.19,164.54
2017-08-14,164.43,164.44,163.86,164.2
2017-08-15,163.94,164.08,163.45,163.85
2017-08-16,163.8,164.02,163.36,163.75
2017-08-17,163.98,164.33,163.71,163.95
2017-08-18,164.18,164.48,164.0,164.36
2017-08-21,164.09,164.57,164.05,164.44
2017-08-22,164.39,164.47,164.12,164.44
2017-08-23,164.35,164.89,164.22,164.85
2017-08-24,164.87,164.9,164.66,164.75
2017-08-25,164.69,164.8,164.36,164.77
2017-08-28,164.86,164.98,164.58,164.96
2017-08-29,165.03,165.69,165.0,165.43
2017-08-30,165.26,165.31,164.92,165.14
2017-08-31,165.13,165.29,164.85,165.08
2017-09-01,165.15,165.21,164.52,164.86
2017-09-04,164.98,165.15,164.89,165.04
2017-09-05,165.05,165.83,164.84,165.52
2017-09-06,165.68,165.74,165.2,165.48
2017-09-07,165.24,165.38,165.18,165.37
2017-09-08,163.4,163.43,162.82,162.96
2017-09-11,162.85,162.89,162.64,162.77
2017-09-12,162.67,162.7,161.73,161.87
2017-09-13,161.96,162.07,161.62,161.72
2017-09-14,161.71,162.05,161.37,161.56
2017-09-15,161.77,161.82,161.07,161.19
2017-09-18,161.26,161.42,160.86,160.94
2017-09-19,161.01,161.37,160.92,161.09
2017-09-20,161.07,161.41,160.76,161.32
2017-09-21,160.92,161.2,160.66,161.14
2017-09-22,161.19,161.26,160.88,161.12
2017-09-25,161.3,161.98,161.12,161.93
2017-09-26,161.93,161.95,161.62,161.71
2017-09-27,161.67,161.68,160.65,161.02
2017-09-28,160.56,160.96,160.24,160.8
2017-09-29,160.94,161.31,160.79,161.01
2017-10-02,160.81,161.37,160.66,161.22
2017-10-03,161.09,161.21,160.65,161.12
2017-10-04,161.23,161.82,161.16,161.32
2017-10-05,161.25,161.66,161.05,161.22
2017-10-06,161.27,161.3,160.59,161.16
2017-10-09,161.07,161.49,161.07,161.44
2017-10-10,161.4,161.68,161.13,161.48
2017-10-11,161.25,161.4,161.11,161.26
2017-10-12,161.25,161.57,161.16,161.45
2017-10-13,161.48,162.15,161.42,162.02
2017-10-16,162.04,162.55,161.9,162.46
2017-10-17,162.4,162.78,162.35,162.62
2017-10-18,162.66,162.77,162.13,162.18
2017-10-19,162.14,162.56,162.04,162.28
2017-10-20,162.02,162.04,161.35,161.44
2017-10-23,161.46,161.78,161.46,161.68
2017-10-24,161.68,161.71,161.01,161.11
2017-10-25,161.11,161.31,160.76,161.04
2017-10-26,161.21,162.0,160.95,161.61
2017-10-27,161.76,162.48,161.63,162.38
2017-10-30,162.5,162.75,162.25,162.71
2017-10-31,162.77,162.83,162.44,162.75
2017-11-01,162.61,162.79,162.37,162.63
2017-11-02,162.53,162.7,162.24,162.69
2017-11-03,162.65,162.99,162.61,162.74
2017-11-06,162.83,163.24,162.79,163.14
2017-11-07,163.1,163.39,162.95,163.28
2017-11-08,163.35,163.63,163.22,163.4
2017-11-09,163.27,163.4,162.48,162.58
2017-11-10,162.54,162.56,162.13,162.19
2017-11-13,162.24,162.55,162.02,162.08
2017-11-14,162.02,162.47,161.91,162.39
2017-11-15,162.53,163.08,162.49,162.64
2017-11-16,162.68,162.82,162.38,162.7
2017-11-17,162.75,162.94,162.5,162.86
2017-11-20,163.08,163.16,162.83,162.96
2017-11-21,162.93,163.27,162.87,163.08
2017-11-22,163.22,163.3,162.61,162.98
2017-11-23,163.01,163.11,162.89,163.06
2017-11-24,162.98,163.03,162.67,162.86
2017-11-27,162.85,163.21,162.76,163.11
2017-11-28,163.16,163.32,162.97,163.17
2017-11-29,163.05,163.1,162.4,162.48
2017-11-30,162.52,162.88,162.24,162.72
2017-12-01,162.73,163.92,162.59,163.8
2017-12-04,163.3,163.41,163.11,163.28
2017-12-05,163.23,163.66,163.1,163.48
2017-12-06,163.65,163.9,163.52,163.78
2017-12-07,163.65,163.88,163.51,163.67
2017-12-08,163.41,163.55,163.17,163.48
2017-12-11,163.47,163.78,163.37,163.64
2017-12-12,163.58,163.64,163.18,163.27
2017-12-13,163.37,163.48,162.91,163.27
2017-12-14,163.31,163.52,162.9,163.23
2017-12-15,163.48,163.69,163.37,163.47
2017-12-18,163.46,163.57,163.27,163.4
2017-12-19,163.3,163.37,162.15,162.38
2017-12-20,162.36,162.48,161.58,161.74
2017-12-21,161.78,161.83,161.5,161.71
2017-12-22,161.63,161.86,161.58,161.77
2017-12-27,161.63,162.37,161.63,162.29
2017-12-28,162.27,162.28,161.67,161.79
2017-12-29,161.76,161.86,161.46,161.68
2018-01-02,161.78,161.78,161.18,161.28
2018-01-03,161.26,161.82,161.2,161.58
2018-01-04,161.44,161.75,161.26,161.59
2018-01-05,161.7,161.87,161.5,161.59
2018-01-08,161.64,162.04,161.39,161.8
2018-01-09,161.67,162.0,161.2,161.3
2018-01-10,161.0,161.37,160.91,161.07
2018-01-11,161.38,161.55,160.27,160.31
2018-01-12,160.42,160.65,160.11,160.38
2018-01-15,160.59,160.76,160.3,160.34
2018-01-16,160.46,160.97,160.41,160.77
2018-01-17,160.78,160.97,160.65,160.82
2018-01-18,160.62,160.7,160.3,160.58
2018-01-19,160.42,160.85,160.31,160.66
2018-01-22,160.55,160.82,160.38,160.74
2018-01-23,160.7,161.13,160.68,160.8
2018-01-24,160.85,160.85,160.32,160.4
2018-01-25,160.57,160.75,159.66,160.05
2018-01-26,160.15,160.36,159.74,159.79
2018-01-29,159.59,159.64,158.66,158.71
2018-01-30,158.74,159.18,158.73,158.91
2018-01-31,158.96,159.33,158.5,158.82
2018-02-01,158.55,158.81,158.15,158.6
2018-02-02,158.17,158.36,157.71,157.87
2018-02-05,157.67,159.3,157.62,158.09
2018-02-06,158.96,159.24,158.48,158.86
2018-02-07,158.68,158.92,157.92,158.23
2018-02-08,157.92,158.23,157.26,157.74
2018-02-09,158.05,158.65,157.7,158.04
2018-02-12,157.75,158.17,157.54,157.97
2018-02-13,158.03,158.44,157.95,158.11
2018-02-14,158.25,158.38,157.65,157.98
2018-02-15,157.65,158.01,157.42,157.88
2018-02-16,157.76,158.78,157.65,158.61
2018-02-19,158.49,158.53,158.17,158.27
2018-02-20,158.17,158.55,157.9,158.39
2018-02-21,158.41,158.85,158.17,158.51
2018-02-22,158.24,158.85,158.18,158.76
2018-02-23,158.68,159.66,158.68,159.48
2018-02-26,159.65,159.67,159.25,159.56
2018-02-27,159.45,159.51,159.05,159.2
2018-02-28,159.24,159.52,159.03,159.44
2018-03-01,159.45,160.09,159.44,159.7
2018-03-02,159.9,160.21,159.58,159.77
2018-03-05,160.0,160.38,159.41,159.88
2018-03-06,159.54,159.74,158.89,159.25
2018-03-07,159.43,159.63,159.26,159.43
2018-03-08,159.4,159.56,159.32,159.36
2018-03-09,157.15,157.25,156.88,156.98
2018-03-12,157.0,157.36,156.91,157.27
2018-03-13,157.25,157.61,157.17,157.47
2018-03-14,157.62,157.97,157.34,157.94
2018-03-15,157.85,158.24,157.81,158.14
2018-03-16,158.24,158.35,157.98,158.19
2018-03-19,158.16,158.3,157.67,158.23
2018-03-20,158.12,158.17,157.91,158.06
2018-03-21,158.0,158.1,157.75,157.88
2018-03-22,158.09,159.0,158.05,158.96
2018-03-23,158.9,159.01,158.55,158.87
2018-03-26,158.87,158.95,158.59,158.93
2018-03-27,158.77,159.42,158.73,159.23
2018-03-28,159.3,159.69,159.12,159.31
2018-03-29,159.24,159.48,159.14,159.43
2018-04-03,159.57,159.61,159.07,159.3
2018-04-04,159.28,159.66,159.22,159.47
2018-04-05,159.22,159.26,158.89,159.11
2018-04-06,159.24,159.57,159.15,159.5
2018-04-09,159.44,159.49,159.24,159.3
2018-04-10,159.34,159.59,159.0,159.05
2018-04-11,159.17,159.65,159.17,159.5
2018-04-12,159.4,159.52,159.15,159.29
2018-04-13,159.29,159.37,158.95,159.34
2018-04-16,159.24,159.27,158.74,159.15
2018-04-17,159.09,159.45,158.95,159.34
2018-04-18,159.26,159.55,158.96,159.05
2018-04-19,159.03,159.04,158.06,158.17
2018-04-20,158.28,158.4,157.9,158.13
2018-04-23,157.88,157.97,157.62,157.8
2018-04-24,157.88,158.04,157.43,157.76
2018-04-25,157.88,157.88,157.45,157.72
2018-04-26,157.79,158.46,157.74,158.31
2018-04-27,158.38,158.78,158.38,158.66
2018-04-30,158.64,158.91,158.38,158.74
2018-05-02,158.68,158.7,158.44,158.59
2018-05-03,158.65,159.35,158.43,159.26
2018-05-04,159.14,159.39,159.05,159.08
2018-05-07,159.1,159.42,159.07,159.31
2018-05-08,159.25,159.28,158.77,158.85
2018-05-09,158.79,158.9,158.52,158.85
2018-05-10,158.84,159.25,158.81,159.07
2018-05-11,158.92,159.16,158.79,158.85
2018-05-14,158.98,159.01,158.12,158.14
2018-05-15,158.13,158.17,157.61,157.76
2018-05-16,157.9,158.5,157.84,158.18
2018-05-17,158.02,158.39,157.73,157.87
2018-05-18,157.82,158.82,157.8,158.67
2018-05-21,158.64,159.5,158.61,159.24
2018-05-22,159.38,159.43,158.74,158.9
2018-05-23,159.06,159.84,159.03,159.76
2018-05-24,159.7,160.29,159.31,160.22
2018-05-25,160.09,161.34,160.05,161.02
2018-05-28,160.75,162.0,160.29,161.93
2018-05-29,161.86,164.15,161.79,162.8
2018-05-30,163.04,163.06,161.41,162.02
2018-05-31,161.75,162.23,160.95,162.14
2018-06-01,161.67,161.83,160.99,161.46
2018-06-04,161.24,161.42,160.78,160.89
2018-06-05,160.82,161.68,160.81,161.46
2018-06-06,161.06,161.32,159.94,160.24
2018-06-07,160.12,160.14,159.54,159.57
2018-06-08,160.23,161.13,160.18,160.4
2018-06-11,160.22,160.22,159.55,159.74
2018-06-12,159.84,159.92,159.37,159.85
2018-06-13,159.8,160.22,159.63,160.07
2018-06-14,160.0,160.85,159.45,160.71
2018-06-15,160.88,161.52,160.75,161.16
2018-06-18,161.17,161.41,161.02,161.15
2018-06-19,161.49,161.86,161.46,161.53
2018-06-20,161.43,161.69,161.31,161.51
2018-06-21,161.31,162.35,161.26,162.15
2018-06-22,162.15,162.24,161.8,162.1
2018-06-25,162.34,162.57,162.01,162.23
2018-06-26,162.05,162.37,161.75,162.09
2018-06-27,162.09,162.55,162.01,162.3
2018-06-28,162.42,162.66,162.18,162.46
2018-06-29,162.15,162.65,161.85,162.55
2018-07-02,162.57,162.89,162.42,162.63
2018-07-03,162.41,162.81,162.22,162.72
2018-07-04,162.6,162.87,162.37,162.55
2018-07-05,162.37,162.78,162.06,162.7
2018-07-06,162.5,162.93,162.47,162.82
2018-07-09,162.67,162.73,162.35,162.61
2018-07-10,162.49,162.57,162.26,162.38
2018-07-11,162.59,162.8,162.4,162.53
2018-07-12,162.55,162.82,162.45,162.77
2018-07-13,162.68,163.22,162.66,162.98
2018-07-16,162.97,162.97,162.44,162.47
2018-07-17,162.59,162.9,162.57,162.85
2018-07-18,162.75,163.2,162.75,162.95
2018-07-19,162.78,163.26,162.7,163.08
2018-07-20,163.16,163.39,162.44,162.53
2018-07-23,162.41,162.54,161.97,162.1
2018-07-24,162.03,162.33,161.82,162.28
2018-07-25,162.34,162.47,161.9,162.37
2018-07-26,161.95,162.37,161.88,162.18
2018-07-27,162.05,162.23,161.97,162.07
2018-07-30,162.13,162.3,161.33,161.43
2018-07-31,161.9,162.05,161.41,161.58
2018-08-01,161.42,161.45,160.86,160.91
2018-08-02,161.16,161.55,161.05,161.26
2018-08-03,161.37,162.12,161.37,162.05
2018-08-06,162.01,162.38,161.83,162.35
2018-08-07,162.23,162.39,161.97,162.01
2018-08-08,162.04,162.27,161.96,162.11
2018-08-09,162.27,162.62,162.22,162.5
2018-08-10,162.69,163.45,162.69,163.34
2018-08-13,163.46,163.62,163.22,163.36
2018-08-14,163.35,163.35,163.11,163.21
2018-08-15,163.33,163.82,163.1,163.71
2018-08-16,163.41,163.67,163.36,163.49
2018-08-17,163.53,163.88,163.42,163.67
2018-08-20,163.65,163.74,163.42,163.73
2018-08-21,163.6,163.71,163.17,163.24
2018-08-22,163.36,163.45,162.91,163.0
2018-08-23,163.22,163.23,162.93,163.06
2018-08-24,163.01,163.16,162.8,163.09
2018-08-27,163.17,163.36,162.55,162.64
2018-08-28,162.67,162.87,162.35,162.52
2018-08-29,162.62,162.68,162.1,162.18
2018-08-30,162.28,163.08,162.13,162.98
2018-08-31,162.92,163.32,162.83,163.27
2018-09-03,163.19,163.49,163.04,163.21
2018-09-04,163.21,163.22,162.8,162.87
2018-09-05,162.88,163.03,162.28,162.44
2018-09-06,162.48,162.7,162.45,162.62
2018-09-07,160.42,160.43,159.83,159.95
2018-09-10,159.94,160.1,159.52,159.69
2018-09-11,159.67,159.67,159.23,159.3
2018-09-12,159.35,159.8,159.34,159.63
2018-09-13,159.71,159.78,159.26,159.46
2018-09-14,159.5,159.54,159.01,159.17
2018-09-17,159.28,159.29,158.84,159.02
2018-09-18,159.07,159.26,158.66,158.74
2018-09-19,158.67,158.87,158.42,158.62
2018-09-20,158.73,158.93,158.38,158.74
2018-09-21,158.75,159.1,158.68,159.0
2018-09-24,159.03,159.14,158.21,158.32
2018-09-25,158.21,158.21,157.75,157.87
2018-09-26,157.92,158.49,157.89,158.04
2018-09-27,158.56,158.79,158.02,158.06
2018-09-28,158.54,159.25,158.4,158.79
2018-10-01,158.74,158.99,158.37,158.77
2018-10-02,159.06,159.78,159.0,159.52
2018-10-03,159.17,159.46,158.21,158.93
2018-10-04,157.99,158.48,157.74,158.04
2018-10-05,158.03,158.12,157.33,157.61
2018-10-08,157.56,158.23,157.5,157.95
2018-10-09,157.95,158.18,157.61,158.09
2018-10-10,158.1,158.16,157.45,157.88
2018-10-11,158.33,158.71,158.12,158.35
2018-10-12,158.16,158.74,157.95,158.53
2018-10-15,158.66,158.87,158.46,158.59
2018-10-16,158.49,158.81,158.34,158.72
2018-10-17,158.73,159.24,158.72,159.16
2018-10-18,158.89,159.94,158.82,159.52
2018-10-19,159.78,160.08,159.07,159.4
2018-10-22,159.07,159.52,158.84,159.34
2018-10-23,159.55,159.98,159.43,159.79
2018-10-24,159.67,160.35,159.66,160.18
2018-10-25,160.29,160.33,159.83,160.16
2018-10-26,160.32,160.9,160.22,160.87
2018-10-29,160.62,160.79,160.06,160.35
2018-10-30,160.35,160.56,159.96,160.44
2018-10-31,160.2,160.37,160.01,160.26
2018-11-01,160.23,160.27,159.75,159.98
2018-11-02,159.72,159.81,159.45,159.63
2018-11-05,159.6,159.91,159.58,159.74
2018-11-06,159.71,160.04,159.61,159.7
2018-11-07,159.82,159.89,159.28,159.5
2018-11-08,159.29,159.51,159.19,159.37
2018-11-09,159.43,160.07,159.43,160.03
2018-11-12,159.95,160.45,159.93,160.29
2018-11-13,160.19,160.42,159.98,160.08
2018-11-14,160.36,160.47,159.96,160.14
2018-11-15,160.14,160.92,160.07,160.81
2018-11-16,160.54,160.76,160.54,160.65
2018-11-19,160.73,160.73,160.24,160.6
2018-11-20,160.64,161.04,160.54,160.89
2018-11-21,160.71,160.78,160.48,160.58
2018-11-22,160.7,160.87,160.53,160.63
2018-11-23,160.65,161.19,160.51,161.1
2018-11-26,160.93,160.99,160.64,160.74
2018-11-27,160.9,161.21,160.82,161.02
2018-11-28,161.0,161.18,160.83,160.9
2018-11-29,161.0,161.42,160.98,161.41
2018-11-30,161.31,161.58,161.27,161.54
2018-12-03,161.01,161.7,161.01,161.5
2018-12-04,161.91,162.43,161.61,162.09
2018-12-05,162.28,162.45,161.97,161.99
2018-12-06,162.3,162.48,162.12,162.38
2018-12-07,163.23,163.46,162.93,163.17
2018-12-10,163.49,163.64,162.98,163.4
2018-12-11,163.24,163.59,162.83,163.48
2018-12-12,163.35,163.53,162.6,162.98
2018-12-13,162.77,163.14,162.51,162.87
2018-12-14,162.89,163.3,162.81,163.2
2018-12-17,163.28,163.3,162.96,163.14
2018-12-18,163.29,163.55,163.22,163.34
2018-12-19,163.48,163.85,163.24,163.38
2018-12-20,163.74,164.01,163.41,163.56
2018-12-21,163.54,163.54,163.27,163.36
2018-12-27,163.18,163.79,163.15,163.73
2018-12-28,163.64,163.76,163.42,163.54
2019-01-02,163.7,164.94,163.58,164.64
2019-01-03,164.91,165.1,164.38,164.82
2019-01-04,165.01,165.04,163.88,163.97
2019-01-07,163.93,164.32,163.76,163.96
2019-01-08,163.76,163.9,163.5,163.74
2019-01-09,163.71,164.11,163.48,163.96
2019-01-10,163.93,164.38,163.93,164.21
2019-01-11,164.25,164.64,164.16,164.41
2019-01-14,164.51,164.88,164.43,164.57
2019-01-15,164.62,164.98,164.38,164.89
2019-01-16,164.8,164.9,164.36,164.59
2019-01-17,164.72,164.89,164.23,164.3
2019-01-18,164.28,164.34,163.84,164.07
2019-01-21,164.2,164.3,164.04,164.13
2019-01-22,164.25,164.75,164.12,164.47
2019-01-23,164.65,164.77,164.34,164.57
2019-01-24,164.72,165.54,164.59,165.32
2019-01-25,165.35,165.43,164.96,165.07
2019-01-28,165.19,165.3,164.69,164.91
2019-01-29,164.94,165.28,164.85,165.08
2019-01-30,165.24,165.53,164.99,165.18
2019-01-31,165.52,165.87,165.3,165.67
2019-02-01,165.73,165.77,165.43,165.5
2019-02-04,165.61,165.64,165.22,165.28
2019-02-05,165.4,165.52,164.93,165.49
2019-02-06,165.42,165.68,165.37,165.51
2019-02-07,165.59,166.45,165.52,166.36
2019-02-08,166.39,166.83,166.26,166.75
2019-02-11,166.68,166.73,166.15,166.35
2019-02-12,166.26,166.26,165.84,166.02
2019-02-13,166.0,166.24,165.86,166.12
2019-02-14,166.22,166.73,166.02,166.54
2019-02-15,166.55,166.64,166.28,166.47
2019-02-18,166.53,166.55,166.28,166.36
2019-02-19,166.42,166.75,166.27,166.42
2019-02-20,166.45,166.69,166.35,166.51
2019-02-21,166.6,166.67,165.85,166.07
2019-02-22,166.17,166.72,166.11,166.62
2019-02-25,166.56,166.62,166.2,166.4
2019-02-26,166.5,166.66,166.16,166.27
2019-02-27,166.35,166.48,165.56,165.68
2019-02-28,165.71,165.97,165.15,165.31
2019-03-01,165.33,165.38,164.97,165.22
2019-03-04,165.19,165.71,165.01,165.59
2019-03-05,165.67,165.79,165.26,165.52
2019-03-06,165.8,166.29,165.63,166.11
2019-03-07,166.15,166.28,166.03,166.24
2019-03-08,164.44,164.74,164.31,164.39
2019-03-11,164.61,164.62,164.32,164.53
2019-03-12,164.25,164.74,163.92,164.54
2019-03-13,164.56,164.68,164.18,164.47
2019-03-14,164.21,164.45,164.07,164.13
2019-03-15,164.22,164.45,163.94,164.14
2019-03-18,164.22,164.36,163.96,164.27
2019-03-19,164.22,164.35,163.63,163.96
2019-03-20,163.89,164.53,163.84,164.25
2019-03-21,164.39,164.93,164.32,164.85
2019-03-22,164.65,165.86,164.62,165.74
2019-03-25,165.58,165.97,165.34,165.66
2019-03-26,165.79,165.83,165.45,165.58
2019-03-27,165.79,166.7,165.68,166.59
2019-03-28,166.54,166.75,166.21,166.39
2019-03-29,166.26,166.42,166.02,166.34
2019-04-01,166.21,166.21,165.6,165.67
2019-04-02,165.7,166.17,165.7,166.11
2019-04-03,165.93,166.0,165.18,165.4
2019-04-04,165.28,165.66,165.19,165.52
2019-04-05,165.35,165.52,165.07,165.36
2019-04-08,165.38,165.55,165.14,165.36
2019-04-09,165.29,165.64,165.11,165.48
2019-04-10,165.54,166.0,165.4,165.89
2019-04-11,165.82,165.87,165.51,165.58
2019-04-12,165.64,165.79,164.56,164.62
2019-04-15,164.59,164.76,164.33,164.66
2019-04-16,164.65,164.94,164.39,164.6
2019-04-17,164.5,164.59,164.06,164.3
2019-04-18,164.42,165.27,164.33,165.22
2019-04-23,165.01,165.13,164.71,164.94
2019-04-24,164.99,165.78,164.96,165.73
2019-04-25,165.7,165.8,165.56,165.69
2019-04-26,165.77,165.92,165.55,165.82
2019-04-29,165.8,165.84,165.33,165.55
2019-04-30,165.48,165.69,164.84,165.31
2019-05-02,165.16,165.48,164.97,165.24
2019-05-03,165.12,165.45,164.82,165.26
2019-05-06,165.51,165.86,165.31,165.44
2019-05-07,165.59,166.18,165.24,166.08
2019-05-08,166.06,166.47,165.92,166.2
2019-05-09,166.14,166.54,166.1,166.26
2019-05-10,166.12,166.4,165.94,166.25
2019-05-13,166.33,166.61,166.1,166.52
2019-05-14,166.51,166.72,166.31,166.59
2019-05-15,166.66,167.43,166.57,166.94
2019-05-16,167.06,167.27,166.78,166.95
2019-05-17,167.04,167.41,166.86,167.06
2019-05-20,166.98,167.07,166.63,166.79
2019-05-21,166.74,166.9,166.33,166.49
2019-05-22,166.52,166.9,166.44,166.72
2019-05-23,166.91,167.4,166.86,167.22
2019-05-24,167.28,167.33,167.1,167.24
2019-05-27,167.35,167.69,167.18,167.64
2019-05-28,167.55,167.93,167.52,167.8
2019-05-29,167.91,168.13,167.85,168.02
2019-05-30,167.84,168.21,167.72,168.0
2019-05-31,168.33,168.63,168.3,168.34
2019-06-03,168.59,168.69,168.33,168.37
2019-06-04,168.48,168.68,168.39,168.46
2019-06-05,168.5,168.84,168.38,168.68
2019-06-06,168.72,169.01,168.7,168.95
2019-06-07,171.3,171.8,171.25,171.72
2019-06-10,171.55,171.66,171.06,171.11
2019-06-11,171.11,171.42,170.98,171.36
2019-06-12,171.38,171.62,171.32,171.48
2019-06-13,171.45,171.69,171.39,171.54
2019-06-14,171.63,171.99,171.59,171.78
2019-06-17,171.71,171.75,171.42,171.56
2019-06-18,171.54,172.88,171.51,172.86
2019-06-19,172.67,172.72,172.09,172.16
2019-06-20,172.59,172.7,172.41,172.64
2019-06-21,172.55,172.65,171.95,172.07
2019-06-24,172.02,172.59,172.02,172.47
2019-06-25,172.45,172.91,172.45,172.88
2019-06-26,172.76,172.82,172.26,172.5
2019-06-27,172.36,172.77,171.92,172.62
2019-06-28,172.67,172.84,172.46,172.74
2019-07-01,172.57,173.33,172.47,173.3
2019-07-02,173.3,173.5,172.97,173.35
2019-07-03,173.59,173.9,173.53,173.67
2019-07-04,173.72,174.05,173.61,173.85
2019-07-05,173.94,173.96,172.99,173.18
2019-07-08,173.41,173.7,173.29,173.51
2019-07-09,173.35,173.46,173.04,173.21
2019-07-10,173.05,173.08,172.02,172.51
2019-07-11,172.54,172.73,171.5,171.82
2019-07-12,171.55,171.88,171.25,171.68
2019-07-15,171.74,172.42,171.49,172.33
2019-07-16,172.33,172.68,172.16,172.34
2019-07-17,172.47,173.13,172.44,172.93
2019-07-18,173.12,173.63,173.02,173.25
2019-07-19,173.47,173.57,173.27,173.39
2019-07-22,173.39,173.79,173.29,173.78
2019-07-23,173.61,173.97,173.56,173.91
2019-07-24,173.78,174.51,173.74,174.3
2019-07-25,174.26,174.92,173.49,174.01
2019-07-26,174.25,174.3,173.92,174.21
2019-07-29,174.32,174.57,174.27,174.46
2019-07-30,174.43,174.65,174.36,174.55
2019-07-31,174.61,175.28,174.52,175.07
2019-08-01,175.03,175.88,174.73,175.44
2019-08-02,175.72,176.1,175.62,175.82
2019-08-05,175.98,176.63,175.93,176.22
2019-08-06,176.61,176.74,176.12,176.58
2019-08-07,176.75,177.74,176.72,177.36
2019-08-08,177.0,177.42,176.38,176.93
2019-08-09,177.5,177.55,176.96,177.16
2019-08-12,177.15,177.68,177.03,177.44
2019-08-13,177.5,177.84,177.31,177.68
2019-08-14,177.71,178.49,177.62,178.31
2019-08-15,178.4,179.66,178.18,179.06
2019-08-16,179.39,179.58,178.14,178.6
2019-08-19,178.72,178.84,177.82,178.15
2019-08-20,178.19,179.19,178.19,178.9
2019-08-21,178.76,178.83,178.19,178.68
2019-08-22,178.73,178.94,177.65,178.04
2019-08-23,178.01,178.83,177.48,178.54
2019-08-26,179.08,179.21,178.22,178.52
2019-08-27,178.51,179.07,178.45,178.94
2019-08-28,179.0,179.46,178.88,179.3
2019-08-29,179.2,179.36,178.57,178.94
2019-08-30,178.91,179.27,178.63,179.1
2019-09-02,179.18,179.2,178.6,178.96
2019-09-03,178.89,179.67,178.81,179.32
2019-09-04,178.97,179.0,177.98,178.52
2019-09-05,178.57,178.57,176.97,177.31
2019-09-06,177.35,177.78,177.09,177.7
2019-09-09,175.21,175.3,174.19,174.24
2019-09-10,174.31,174.52,173.75,173.98
2019-09-11,173.8,174.38,173.65,174.24
2019-09-12,174.03,175.62,173.23,173.93
2019-09-13,173.52,173.63,172.18,172.44
2019-09-16,172.51,173.13,172.4,172.98
2019-09-17,172.99,173.16,172.67,172.87
2019-09-18,172.87,173.48,172.65,173.37
2019-09-19,173.07,173.4,172.86,173.3
2019-09-20,173.32,173.84,173.23,173.47
2019-09-23,173.6,174.64,173.29,174.54
2019-09-24,174.19,174.88,174.03,174.73
2019-09-25,174.88,174.97,173.93,174.36
2019-09-26,174.11,174.46,174.03,174.32
2019-09-27,174.35,174.54,174.05,174.21
2019-09-30,174.35,174.36,173.77,174.25
2019-10-01,174.23,174.25,173.31,174.2
2019-10-02,173.86,174.04,173.6,173.79
2019-10-03,173.88,174.78,173.88,174.46
2019-10-04,174.53,174.75,174.33,174.49
2019-10-07,174.54,174.72,174.17,174.31
2019-10-08,174.24,174.69,173.86,174.67
2019-10-09,174.52,174.56,173.85,174.05
2019-10-10,174.06,174.14,172.57,173.0
2019-10-11,172.67,173.15,172.08,172.39
2019-10-14,172.38,172.94,172.32,172.58
2019-10-15,172.57,172.82,171.63,171.89
2019-10-16,171.72,172.29,171.37,171.58
2019-10-17,171.64,171.93,170.73,171.72
2019-10-18,171.73,171.88,171.24,171.49
2019-10-21,171.45,171.46,170.78,170.89
2019-10-22,170.88,171.73,170.76,171.42
2019-10-23,171.68,171.93,171.44,171.67
2019-10-24,171.55,171.96,171.16,171.83
2019-10-25,171.67,171.8,171.12,171.35
2019-10-28,171.26,171.35,170.56,170.7
2019-10-29,170.68,171.14,170.6,171.04
2019-10-30,171.05,171.36,170.79,171.06
2019-10-31,171.24,172.03,171.17,171.76
2019-11-01,171.84,171.99,171.35,171.42
2019-11-04,171.47,171.47,170.91,170.99
2019-11-05,170.9,170.95,170.3,170.53
2019-11-06,170.45,170.94,170.22,170.67
2019-11-07,170.87,170.97,169.17,169.57
2019-11-08,169.4,169.89,169.12,169.69
2019-11-11,169.64,169.99,169.46,169.56
2019-11-12,169.67,169.83,169.26,169.54
2019-11-13,169.75,170.45,169.67,170.36
2019-11-14,170.26,171.15,170.26,170.99
2019-11-15,170.92,171.05,170.65,170.85
2019-11-18,170.89,171.06,170.55,170.84
2019-11-19,170.84,171.0,170.66,170.91
2019-11-20,171.0,171.56,170.95,171.09
2019-11-21,171.24,171.35,170.56,170.75
2019-11-22,170.65,171.27,170.31,171.24
2019-11-25,171.15,171.24,170.94,171.09
2019-11-26,171.04,171.49,170.88,171.45
2019-11-27,171.3,171.52,171.13,171.35
2019-11-28,171.42,171.6,171.16,171.26
2019-11-29,171.29,171.4,170.91,171.07
2019-12-02,170.99,171.0,169.85,169.92
2019-12-03,170.02,171.14,169.74,171.04
2019-12-04,171.06,171.31,170.56,170.7
2019-12-05,170.7,170.84,170.06,170.32
2019-12-06,170.37,170.53,170.18,170.53
2019-12-09,172.1,172.59,172.02,172.37
2019-12-10,172.34,172.45,172.07,172.23
2019-12-11,172.31,172.88,172.17,172.63
2019-12-12,172.7,172.99,171.61,171.75
2019-12-13,171.23,172.31,170.75,172.1
2019-12-16,172.16,172.43,171.8,171.92
2019-12-17,172.03,172.29,171.96,172.13
2019-12-18,172.11,172.4,171.35,171.48
2019-12-19,171.6,171.66,170.9,171.28
2019-12-20,171.26,171.63,171.06,171.54
2019-12-23,171.56,171.88,171.3,171.43
2019-12-27,171.69,171.79,171.42,171.61
2019-12-30,171.58,171.68,170.42,170.49
2020-01-02,170.54,171.42,170.19,171.26
2020-01-03,171.1,172.38,171.1,172.12
2020-01-06,172.45,172.6,172.07,172.24
2020-01-07,172.21,172.31,171.91,172.12
2020-01-08,172.5,173.22,171.26,171.78
2020-01-09,171.31,171.51,171.01,171.14
2020-01-10,171.31,171.43,170.85,171.35
2020-01-13,171.36,171.43,170.71,170.76
2020-01-14,170.74,171.08,170.65,171.01
2020-01-15,171.05,171.72,171.01,171.46
2020-01-16,171.62,171.8,171.35,171.72
2020-01-17,171.66,171.82,171.46,171.61
2020-01-20,171.76,171.76,171.52,171.67
2020-01-21,171.75,172.27,171.55,172.21
2020-01-22,172.04,172.5,171.91,172.33
2020-01-23,172.41,173.09,172.35,173.03
2020-01-24,172.82,173.54,172.6,173.28
2020-01-27,173.75,174.27,173.41,174.23
2020-01-28,174.11,174.48,173.48,173.68
2020-01-29,173.66,174.28,173.41,174.06
2020-01-30,174.23,174.65,174.23,174.57
2020-01-31,174.29,175.3,174.16,175.04
2020-02-03,175.1,175.14,174.62,174.88
2020-02-04,175.06,175.07,174.25,174.53
2020-02-05,174.33,174.63,173.65,173.92
2020-02-06,173.71,173.96,173.42,173.82
2020-02-07,173.87,174.42,173.84,174.18
2020-02-10,174.33,174.69,174.01,174.57
2020-02-11,174.48,174.55,174.13,174.26
2020-02-12,174.17,174.2,173.72,174.02
2020-02-13,174.16,174.64,174.05,174.27
2020-02-14,174.29,174.59,174.1,174.48
2020-02-17,174.35,174.52,174.08,174.45
2020-02-18,174.51,174.92,174.29,174.53
2020-02-19,174.41,174.74,174.28,174.66
2020-02-20,174.55,175.12,174.51,174.96
2020-02-21,174.98,175.37,174.77,174.93
2020-02-24,175.39,175.86,175.13,175.58
2020-02-25,175.37,176.21,175.21,176.02
2020-02-26,175.88,176.3,175.38,175.83
2020-02-27,175.99,176.89,175.86,176.58
2020-02-28,176.52,177.79,176.52,177.46
2020-03-02,177.82,178.38,177.0,177.83
2020-03-03,177.41,178.25,176.83,177.74
2020-03-04,178.23,178.36,177.46,177.9
2020-03-05,177.55,178.9,177.5,178.59
2020-03-06,179.02,179.56,179.0,179.44
2020-03-09,177.21,179.31,177.05,178.23
2020-03-10,177.55,177.91,175.41,177.59
2020-03-11,177.07,177.91,176.55,176.77
2020-03-12,176.81,177.64,175.9,176.5
2020-03-13,176.32,176.57,173.12,174.17
2020-03-16,174.6,175.25,171.97,172.17
2020-03-17,172.0,172.47,170.9,171.93
2020-03-18,171.39,171.39,168.24,168.79
2020-03-19,170.01,171.18,167.52,167.94
2020-03-20,168.53,170.84,168.52,170.42
2020-03-23,170.69,171.54,170.22,171.12
2020-03-24,171.13,171.38,170.19,170.27
2020-03-25,170.5,170.78,169.34,169.62
2020-03-26,169.69,171.35,169.69,171.07
2020-03-27,170.95,173.07,170.9,172.56
2020-03-30,172.94,173.83,172.62,173.6
2020-03-31,172.84,173.16,172.33,172.51
2020-04-01,172.7,173.48,172.23,172.57
2020-04-02,172.56,172.6,171.6,171.92
2020-04-03,171.96,172.44,171.8,172.06
2020-04-06,171.85,172.05,171.42,171.82
2020-04-07,171.81,171.9,170.24,170.49
2020-04-08,170.79,171.31,170.0,170.46
2020-04-09,170.12,171.09,170.01,170.9
2020-04-14,170.47,171.71,170.28,171.54
2020-04-15,171.42,172.78,171.36,172.68
2020-04-16,172.43,172.9,172.04,172.67
2020-04-17,172.44,172.89,172.17,172.85
2020-04-20,172.65,173.01,172.19,172.41
2020-04-21,172.54,173.26,172.45,172.91
2020-04-22,172.71,172.95,171.67,172.0
2020-04-23,171.85,172.48,171.29,172.1
2020-04-24,172.38,172.87,172.27,172.76
2020-04-27,172.68,172.91,172.23,172.45
2020-04-28,172.4,172.84,172.09,172.75
2020-04-29,172.75,173.28,172.58,173.06
2020-04-30,172.95,174.57,172.94,174.43
2020-05-04,174.37,174.69,173.77,174.04
2020-05-05,174.13,174.55,173.42,174.41
2020-05-06,174.15,174.23,173.19,173.3
2020-05-07,173.49,174.08,172.89,173.89
2020-05-08,173.87,174.24,173.52,173.77
2020-05-11,173.47,173.74,173.13,173.53
2020-05-12,173.18,173.49,172.8,173.37
2020-05-13,173.55,173.92,173.41,173.63
2020-05-14,173.56,174.08,173.5,173.65
2020-05-15,173.62,174.23,173.59,173.74
2020-05-18,173.75,174.09,172.61,173.16
2020-05-19,172.82,173.11,172.26,172.7
2020-05-20,172.76,172.97,172.51,172.72
2020-05-21,172.89,173.27,172.66,173.15
2020-05-22,173.11,173.52,172.93,173.12
2020-05-25,173.05,173.28,172.98,173.06
2020-05-26,173.11,173.16,172.01,172.16
2020-05-27,172.28,172.53,171.5,172.07
2020-05-28,171.82,172.32,171.68,172.05
2020-05-29,172.15,172.57,172.0,172.46
2020-06-01,172.37,172.42,171.47,171.65
2020-06-02,171.92,172.15,171.67,171.86
2020-06-03,171.66,171.87,170.86,170.97
2020-06-04,171.04,171.34,170.37,170.54
2020-06-05,170.55,170.7,169.66,169.86
2020-06-08,170.13,170.27,169.88,170.22
2020-06-09,173.61,174.02,173.3,173.46
2020-06-10,173.47,174.18,173.25,173.81
2020-06-11,174.28,175.34,174.12,175.24
2020-06-12,175.25,175.6,174.9,175.57
2020-06-15,175.62,175.98,175.28,175.52
2020-06-16,175.22,175.58,174.9,175.4
2020-06-17,175.34,175.63,174.8,175.4
2020-06-18,175.28,175.76,175.16,175.59
2020-06-19,175.61,175.79,175.3,175.68
2020-06-22,175.74,176.37,175.6,176.11
2020-06-23,175.85,176.13,175.45,175.61
2020-06-24,175.53,176.12,175.2,176.01
2020-06-25,176.11,176.72,176.09,176.55
2020-06-26,176.39,176.8,176.32,176.7
2020-06-29,176.75,176.86,176.35,176.66
2020-06-30,176.58,176.86,176.16,176.52
2020-07-01,176.15,176.2,175.2,175.29
2020-07-02,175.19,176.06,175.04,176.01
2020-07-03,175.98,176.24,175.85,176.02
2020-07-06,175.88,176.15,175.62,175.96
2020-07-07,176.07,176.3,175.72,175.88
2020-07-08,176.11,176.37,176.02,176.13
2020-07-09,176.01,176.61,175.96,176.52
2020-07-10,176.41,176.92,176.34,176.63
2020-07-13,176.48,176.49,175.54,175.63
2020-07-14,175.98,176.25,175.74,176.2
2020-07-15,176.03,176.47,175.92,176.12
2020-07-16,176.17,176.74,176.07,176.62
2020-07-17,176.41,176.68,176.1,176.27
2020-07-20,176.19,176.54,175.77,176.37
2020-07-21,176.24,176.45,176.06,176.37
2020-07-22,176.37,176.95,176.2,176.93
2020-07-23,176.79,176.89,176.59,176.72
2020-07-24,176.77,176.98,175.95,176.09
2020-07-27,176.06,176.87,175.96,176.8
2020-07-28,176.51,177.24,176.49,177.13
2020-07-29,177.15,177.29,176.83,176.95
2020-07-30,177.0,177.8,176.92,177.69
2020-07-31,177.71,178.01,177.25,177.52
2020-08-03,177.44,177.48,177.03,177.31
2020-08-04,177.31,178.01,177.19,177.81
2020-08-05,177.96,178.0,177.0,177.1
2020-08-06,177.02,177.81,176.92,177.6
2020-08-07,177.38,177.67,177.07,177.17
2020-08-10,177.16,177.64,176.89,177.5
2020-08-11,177.39,177.5,176.56,176.66
2020-08-12,176.86,176.88,175.93,176.24
2020-08-13,176.43,176.6,175.27,175.56
2020-08-14,175.26,175.81,175.25,175.76
2020-08-17,175.61,176.27,175.54,176.21
2020-08-18,176.14,176.51,176.03,176.43
2020-08-19,176.47,176.87,176.39,176.57
2020-08-20,176.58,177.18,176.45,176.95
2020-08-21,176.87,177.37,176.75,177.1
2020-08-24,177.21,177.25,176.73,177.02
2020-08-25,176.95,176.95,175.75,175.89
2020-08-26,176.0,176.04,175.47,175.66
2020-08-27,175.94,176.58,175.28,175.44
2020-08-28,175.29,175.82,175.06,175.68
2020-08-31,175.63,175.78,175.22,175.56
2020-09-01,175.46,176.18,175.17,175.72
2020-09-02,176.12,176.82,176.0,176.67
2020-09-03,176.74,177.18,176.49,177.07
2020-09-04,176.93,177.04,176.37,176.78
2020-09-07,176.47,176.86,176.19,176.52
2020-09-08,176.52,176.94,176.42,176.93
2020-09-09,174.34,174.41,173.51,173.68
2020-09-10,173.61,173.91,173.06,173.11
2020-09-11,173.66,174.04,173.54,173.96
2020-09-14,174.02,174.32,173.91,174.0
2020-09-15,174.05,174.15,173.78,174.0
2020-09-16,174.12,174.29,173.84,173.92
2020-09-17,174.05,174.45,173.74,174.26
2020-09-18,174.07,174.43,173.93,174.07
2020-09-21,174.08,174.85,173.95,174.65
2020-09-22,174.56,174.74,174.25,174.37
2020-09-23,174.38,174.64,174.19,174.21
2020-09-24,174.43,174.72,174.22,174.44
2020-09-25,174.27,174.7,174.16,174.67
2020-09-28,174.58,174.68,174.31,174.62
2020-09-29,174.63,174.9,174.58,174.87
2020-09-30,174.81,174.95,174.34,174.52
2020-10-01,174.5,174.71,174.17,174.66
2020-10-02,174.61,174.97,174.6,174.66
2020-10-05,174.67,174.9,174.19,174.42
2020-10-06,174.18,174.65,174.15,174.27
2020-10-07,174.58,174.61,173.93,174.13
2020-10-08,174.1,174.58,174.04,174.48
2020-10-09,174.52,174.86,174.49,174.68
2020-10-12,174.74,174.87,174.6,174.81
2020-10-13,174.88,175.13,174.76,175.06
2020-10-14,175.07,175.5,175.04,175.35
2020-10-15,175.37,176.28,175.35,175.9
2020-10-16,175.82,176.29,175.77,176.07
2020-10-19,176.01,176.17,175.77,176.11
2020-10-20,176.1,176.24,175.66,175.81
2020-10-21,175.67,175.86,175.34,175.71
2020-10-22,175.54,175.73,175.17,175.19
2020-10-23,175.2,175.52,175.0,175.26
2020-10-26,175.5,175.73,175.1,175.3
2020-10-27,175.45,176.06,175.27,175.94
2020-10-28,176.08,176.43,175.95,176.07
2020-10-29,176.03,176.44,175.92,176.31
2020-10-30,176.18,176.38,175.9,176.15
2020-11-02,176.25,176.36,175.9,176.24
2020-11-03,176.29,176.37,175.82,176.02
2020-11-04,175.71,176.83,175.53,176.4
2020-11-05,176.52,176.65,176.09,176.33
2020-11-06,176.42,176.49,175.86,176.03
2020-11-09,176.09,176.46,174.26,174.36
2020-11-10,174.54,174.63,173.92,174.02
2020-11-11,174.01,174.5,173.66,174.3
2020-11-12,174.42,174.97,174.26,174.74
2020-11-13,174.91,175.17,174.78,174.94
2020-11-16,174.94,175.29,174.45,174.93
2020-11-17,174.94,175.27,174.85,175.18
2020-11-18,175.28,175.46,174.91,175.12
2020-11-19,175.2,175.41,175.1,175.33
2020-11-20,175.45,175.73,175.25,175.53
2020-11-23,175.7,175.71,175.26,175.41
2020-11-24,175.37,175.47,175.12,175.26
2020-11-25,175.1,175.46,174.96,175.33
2020-11-26,175.18,175.59,175.16,175.51
2020-11-27,175.59,175.65,175.41,175.5
2020-11-30,175.63,175.72,175.21,175.25
2020-12-01,175.32,175.45,174.47,174.56
2020-12-02,174.56,174.69,174.37,174.48
2020-12-03,174.63,175.18,174.56,174.94
2020-12-04,175.15,175.22,174.81,174.82
2020-12-07,175.03,175.51,175.03,175.41
2020-12-08,175.37,175.61,175.35,175.43
2020-12-09,178.08,178.3,177.91,178.19
2020-12-10,178.3,178.55,177.77,178.08
2020-12-11,178.27,178.77,178.17,178.68
2020-12-14,178.37,178.56,178.13,178.42
2020-12-15,178.37,178.57,178.17,178.27
2020-12-16,178.28,178.31,177.27,177.55
2020-12-17,177.6,177.98,177.34,177.69
2020-12-18,177.74,177.85,177.28,177.66
2020-12-21,177.83,178.44,177.61,177.86
2020-12-22,177.7,178.09,177.63,177.93
2020-12-23,178.07,178.18,177.01,177.07
2020-12-28,177.35,177.77,177.17,177.39
2020-12-29,177.6,177.75,177.52,177.7
2020-12-30,177.73,177.84,177.27,177.64
2021-01-04,177.78,178.37,177.52,178.12
2021-01-05,178.22,178.27,177.71,177.9
2021-01-06,177.85,177.85,177.02,177.37
2021-01-07,177.47,177.69,177.17,177.25
2021-01-08,177.33,177.53,177.16,177.3
2021-01-11,177.28,177.55,176.84,176.93
2021-01-12,176.83,176.87,176.34,176.44
2021-01-13,176.84,177.6,176.72,177.36
2021-01-14,177.49,177.96,177.32,177.84
2021-01-15,177.65,177.94,177.5,177.66
2021-01-18,177.71,177.81,177.24,177.37
2021-01-19,177.31,177.45,177.1,177.4
2021-01-20,177.33,177.5,177.25,177.45
2021-01-21,177.41,177.56,176.74,176.8
2021-01-22,176.76,177.27,176.63,177.16
2021-01-25,177.13,177.88,177.12,177.83
2021-01-26,177.82,177.96,177.45,177.52
2021-01-27,177.56,178.12,177.39,177.79
2021-01-28,177.64,177.96,177.46,177.77
2021-01-29,177.58,177.66,176.89,177.25
2021-02-01,177.36,177.42,176.97,177.22
2021-02-02,177.13,177.23,176.63,176.75
2021-02-03,176.6,176.7,176.35,176.47
2021-02-04,176.35,176.57,176.1,176.32
2021-02-05,176.28,176.48,175.63,176.17
2021-02-08,175.96,176.23,175.61,176.12
2021-02-09,176.1,176.36,175.92,176.21
2021-02-10,176.07,176.38,175.94,176.1
2021-02-11,176.27,176.64,176.24,176.43
2021-02-12,176.39,176.53,175.77,175.97
2021-02-15,175.65,175.7,175.15,175.23
2021-02-16,175.24,175.45,174.49,174.8
2021-02-17,174.45,175.14,174.38,175.04
2021-02-18,175.12,175.26,174.38,174.68
2021-02-19,174.64,174.7,173.98,174.18
2021-02-22,173.95,175.02,173.58,174.72
2021-02-23,174.57,174.65,173.82,174.35
2021-02-24,174.49,174.57,173.65,174.04
2021-02-25,174.21,174.25,172.08,173.06
2021-02-26,172.11,173.91,172.11,173.4
2021-03-01,174.02,174.75,173.77,174.56
2021-03-02,174.75,174.93,174.14,174.67
2021-03-03,174.93,174.97,173.75,173.95
2021-03-04,173.79,174.51,173.71,174.27
2021-03-05,173.69,174.28,173.63,174.0
2021-03-08,173.95,174.0,173.71,174.01
2021-03-09,170.93,171.7,170.83,171.23
2021-03-10,171.38,171.53,171.07,171.32
2021-03-11,171.43,172.2,171.3,171.64
2021-03-12,171.62,171.65,171.05,171.12
2021-03-15,171.32,171.87,171.2,171.78
2021-03-16,171.77,172.0,171.64,171.78
2021-03-17,171.68,171.8,170.98,171.08
2021-03-18,171.44,171.47,170.52,170.72
2021-03-19,170.96,171.43,170.93,171.22
2021-03-22,171.3,171.8,171.23,171.49
2021-03-23,171.54,172.17,171.42,171.92
2021-03-24,172.19,172.44,171.93,172.17
2021-03-25,172.3,172.66,172.15,172.58
2021-03-26,172.56,172.58,171.91,172.12
2021-03-29,172.08,172.34,171.45,171.62
2021-03-30,171.53,171.56,170.71,171.0
2021-03-31,171.14,171.4,170.88,171.28
2021-04-01,171.1,171.86,171.07,171.83
2021-04-06,171.55,171.89,171.32,171.68
2021-04-07,171.67,172.06,171.6,171.67
2021-04-08,171.67,172.12,171.63,171.89
2021-04-09,171.98,172.07,171.15,171.37
2021-04-12,171.25,171.87,171.23,171.3
2021-04-13,171.22,171.54,170.98,171.26
2021-04-14,171.57,171.62,170.66,170.87
2021-04-15,170.66,171.52,170.6,171.33
2021-04-16,171.28,171.31,170.77,170.91
2021-04-19,170.94,171.07,170.17,170.48
2021-04-20,170.38,170.93,170.09,170.74
2021-04-21,170.82,171.12,170.61,170.88
2021-04-22,171.02,171.27,170.53,170.94
2021-04-23,171.02,171.13,170.67,170.83
2021-04-26,170.75,170.95,170.46,170.83
2021-04-27,170.75,170.91,170.51,170.76
2021-04-28,170.59,170.67,170.04,170.48
2021-04-29,170.61,170.64,169.66,169.88
2021-04-30,169.79,170.19,169.77,170.0
2021-05-03,169.98,170.34,169.47,170.16
2021-05-04,170.15,170.8,169.89,170.66
2021-05-05,170.62,170.64,170.2,170.47
2021-05-06,170.57,170.88,170.23,170.59
2021-05-07,170.43,170.98,170.2,170.47
2021-05-10,170.18,170.32,169.97,170.29
2021-05-11,170.13,170.25,169.39,169.45
2021-05-12,169.42,169.77,168.83,168.94
2021-05-13,168.8,169.08,168.59,168.89
2021-05-14,169.02,169.21,168.77,168.98
2021-05-17,169.13,169.35,168.67,168.86
2021-05-18,168.83,169.14,168.69,168.82
2021-05-19,168.76,169.12,168.29,168.9
2021-05-20,168.63,168.92,168.48,168.84
2021-05-21,168.82,169.31,168.75,169.14
2021-05-24,169.18,169.41,169.02,169.32
2021-05-25,169.37,169.92,169.29,169.69
2021-05-26,169.88,170.4,169.69,170.29
2021-05-27,170.3,170.38,169.68,169.79
2021-05-28,169.81,170.08,169.53,169.94
2021-05-31,169.87,170.08,169.48,169.94
2021-06-01,170.06,170.15,169.68,169.83
2021-06-02,169.92,170.2,169.88,170.15
2021-06-03,170.17,170.2,169.81,169.94
2021-06-04,169.9,170.43,169.84,170.33
2021-06-07,170.29,170.4,170.05,170.12
2021-06-08,170.15,170.35,170.09,170.23
2021-06-09,172.11,172.85,172.08,172.56
2021-06-10,172.55,172.88,171.97,172.53
2021-06-11,172.87,173.16,172.79,172.88
2021-06-14,172.91,173.04,172.52,172.64
2021-06-15,172.62,172.8,172.25,172.32
2021-06-16,172.3,172.66,171.91,172.53
2021-06-17,171.97,172.7,171.8,172.44
2021-06-18,172.47,172.88,172.36,172.6
2021-06-21,172.69,173.03,171.93,172.16
2021-06-22,172.12,172.2,171.67,171.95
2021-06-23,172.02,172.46,171.76,172.17
2021-06-24,172.21,172.39,171.88,172.33
2021-06-25,172.24,172.3,171.68,171.77
2021-06-28,171.79,172.34,171.71,172.26
2021-06-29,172.25,172.33,171.86,172.07
2021-06-30,172.13,172.74,171.98,172.61
2021-07-01,172.5,172.69,172.22,172.54
2021-07-02,172.62,173.19,172.54,173.09
2021-07-05,173.12,173.18,172.65,172.7
2021-07-06,172.72,173.65,172.49,173.6
2021-07-07,173.6,174.27,173.46,174.02
2021-07-08,174.16,174.77,174.09,174.34
2021-07-09,174.16,174.32,173.87,173.9
2021-07-12,173.91,174.32,173.91,174.05
2021-07-13,174.05,174.31,173.7,174.12
2021-07-14,173.72,174.49,173.7,174.34
2021-07-15,174.55,174.9,174.45,174.58
2021-07-16,174.86,175.04,174.65,174.87
2021-07-19,175.15,175.72,175.02,175.52
2021-07-20,175.48,176.28,175.41,175.85
2021-07-21,175.77,176.11,175.41,175.53
2021-07-22,175.54,176.15,175.24,175.94
2021-07-23,175.9,175.97,175.56,175.81
2021-07-26,176.0,176.42,175.62,175.83
2021-07-27,175.88,176.37,175.82,176.26
2021-07-28,176.27,176.66,176.2,176.41
2021-07-29,176.57,176.67,176.03,176.44
2021-07-30,176.54,176.73,176.29,176.57
2021-08-02,176.55,177.07,176.35,176.82
2021-08-03,176.82,177.12,176.67,176.97
2021-08-04,177.01,177.52,176.85,176.94
2021-08-05,177.16,177.61,177.05,177.29
2021-08-06,177.2,177.27,176.47,176.5
2021-08-09,176.45,176.91,176.39,176.52
2021-08-10,176.6,176.95,176.41,176.59
2021-08-11,176.55,176.83,176.21,176.57
2021-08-12,176.76,176.77,176.35,176.58
2021-08-13,176.52,176.8,176.29,176.64
2021-08-16,176.86,177.07,176.48,176.8
2021-08-17,176.75,177.24,176.68,176.8
2021-08-18,176.81,177.08,176.71,176.92
2021-08-19,177.01,177.24,176.86,177.04
2021-08-20,177.02,177.22,176.99,177.15
2021-08-23,177.1,177.16,176.56,176.89
2021-08-24,176.93,177.08,176.66,176.83
2021-08-25,176.77,176.87,175.91,175.98
2021-08-26,175.91,176.14,175.71,175.93
2021-08-27,175.86,176.11,175.66,175.99
2021-08-30,176.11,176.4,175.83,176.28
2021-08-31,176.46,176.48,175.34,175.45
2021-09-01,175.35,175.5,174.98,175.23
2021-09-02,175.23,175.65,175.2,175.47
2021-09-03,175.42,175.64,174.9,175.17
2021-09-06,175.09,175.27,174.9,175.25
2021-09-07,175.1,175.18,174.36,174.49
2021-09-08,174.44,174.71,174.33,174.6
2021-09-09,171.69,172.48,171.59,172.28
2021-09-10,172.44,172.46,171.71,171.88
2021-09-13,171.71,171.92,171.62,171.8
2021-09-14,171.7,172.12,171.33,171.91
2021-09-15,171.86,172.07,171.34,171.57
2021-09-16,171.48,171.53,171.1,171.43
2021-09-17,171.2,171.32,170.81,171.0
2021-09-20,171.01,171.84,170.99,171.55
2021-09-21,171.7,171.96,171.27,171.74
2021-09-22,171.69,171.93,171.41,171.74
2021-09-23,171.67,171.72,170.6,170.7
2021-09-24,170.59,170.62,170.14,170.3
2021-09-27,170.33,170.68,169.73,170.17
2021-09-28,170.25,170.31,169.48,169.86
2021-09-29,169.65,170.32,169.61,170.15
2021-09-30,170.12,170.19,169.56,169.82
2021-10-01,170.03,170.53,169.92,170.22
2021-10-04,170.45,170.55,169.92,170.11
2021-10-05,170.17,170.39,169.64,169.66
2021-10-06,169.63,169.91,169.12,169.65
2021-10-07,169.53,170.0,169.4,169.71
2021-10-08,169.55,169.69,169.11,169.22
2021-10-11,169.1,169.11,168.57,168.78
2021-10-12,168.83,169.0,168.21,168.41
2021-10-13,168.34,169.12,168.31,168.94
2021-10-14,168.86,169.92,168.64,169.65
2021-10-15,169.84,169.84,169.17,169.56
2021-10-18,169.22,169.3,168.64,169.11
2021-10-19,169.08,169.48,168.34,168.54
2021-10-20,168.26,168.87,168.08,168.71
2021-10-21,168.5,168.8,167.92,168.25
2021-10-22,167.9,168.55,167.84,168.28
2021-10-25,168.44,168.68,168.07,168.65
2021-10-26,168.56,168.97,168.4,168.69
2021-10-27,168.78,169.83,168.51,169.54
2021-10-28,169.61,169.65,168.29,169.06
2021-10-29,168.95,168.98,167.71,168.12
2021-11-01,168.18,168.56,167.69,168.15
2021-11-02,168.39,169.36,168.31,169.33
2021-11-03,169.25,169.7,168.98,169.34
2021-11-04,169.17,170.33,169.03,170.21
2021-11-05,170.16,171.24,170.06,171.07
2021-11-08,171.1,171.12,170.43,170.69
2021-11-09,170.6,171.44,170.52,171.25
2021-11-10,171.26,171.38,170.27,170.69
2021-11-11,170.41,170.87,170.21,170.42
2021-11-12,170.5,171.07,170.32,170.85
2021-11-15,171.01,171.4,170.42,170.75
2021-11-16,170.54,170.86,170.36,170.77
2021-11-17,170.62,170.97,170.55,170.77
2021-11-18,170.94,171.38,170.88,171.24
2021-11-19,171.21,172.42,171.0,172.32
2021-11-22,172.19,172.57,171.53,171.77
2021-11-23,171.68,171.7,170.56,170.81
2021-11-24,170.74,171.18,170.31,170.54
2021-11-25,170.6,171.06,170.6,170.98
2021-11-26,171.19,172.46,171.14,172.34
2021-11-29,172.03,172.38,171.65,172.02
2021-11-30,171.99,172.71,171.84,172.37
2021-12-01,172.19,172.59,171.63,172.07
2021-12-02,172.47,173.06,172.12,172.75
2021-12-03,172.83,173.14,172.41,172.77
2021-12-06,172.92,173.01,172.6,172.91
2021-12-07,172.69,172.79,172.27,172.53
2021-12-08,172.54,172.96,172.4,172.86
2021-12-09,173.59,174.31,173.44,174.19
2021-12-10,174.13,174.27,173.78,174.24
2021-12-13,173.91,174.7,173.89,174.68
2021-12-14,174.64,174.75,174.18,174.46
2021-12-15,174.39,174.56,174.04,174.32
2021-12-16,174.09,174.44,173.43,174.05
2021-12-17,174.25,174.66,174.08,174.43
2021-12-20,174.74,174.94,174.09,174.42
2021-12-21,174.23,174.44,173.23,173.31
2021-12-22,173.47,173.52,172.77,173.14
2021-12-23,173.17,173.19,172.28,172.43
2021-12-27,172.48,172.64,172.08,172.41
2021-12-28,172.36,172.47,172.09,172.36
2021-12-29,172.31,172.42,171.31,171.51
2021-12-30,171.42,171.79,171.31,171.37
2022-01-03,171.36,171.53,170.55,170.74
2022-01-04,170.69,171.17,170.5,170.81
2022-01-05,170.75,170.93,170.53,170.75
2022-01-06,170.53,170.61,169.95,170.34
2022-01-07,170.45,170.53,169.88,170.0
2022-01-10,169.96,170.21,169.71,169.96
2022-01-11,169.92,170.2,169.57,169.79
2022-01-12,169.87,170.51,169.74,170.22
2022-01-13,170.08,171.0,169.86,170.71
2022-01-14,170.83,170.95,169.87,170.08
2022-01-17,169.8,169.92,169.53,169.65
2022-01-18,169.67,169.81,169.31,169.57
2022-01-19,169.3,169.54,168.95,169.38
2022-01-20,169.28,169.94,169.21,169.74
2022-01-21,170.0,170.63,169.92,170.29
2022-01-24,170.23,171.07,170.1,170.87
2022-01-25,170.62,170.89,170.26,170.66
2022-01-26,170.34,170.58,169.66,170.35
2022-01-27,169.78,170.42,169.67,170.16
2022-01-28,170.21,170.22,169.42,170.02
2022-01-31,169.91,169.93,168.81,169.11
2022-02-01,169.03,169.54,168.65,168.76
2022-02-02,168.81,169.17,168.41,168.66
2022-02-03,168.76,168.81,166.84,166.9
2022-02-04,166.89,167.0,165.72,166.02
2022-02-07,166.07,166.49,165.38,165.6
2022-02-08,165.71,166.11,165.03,165.18
2022-02-09,165.33,166.01,165.33,165.86
2022-02-10,165.8,165.96,164.37,164.94
2022-02-11,164.71,166.46,164.48,164.95
2022-02-14,165.89,166.38,164.95,165.23
2022-02-15,165.44,165.53,164.42,164.54
2022-02-16,164.75,165.47,164.34,165.23
2022-02-17,165.35,166.08,165.14,165.84
2022-02-18,166.2,166.74,165.61,166.34
2022-02-21,166.77,166.97,165.8,166.26
2022-02-22,166.92,167.17,165.16,165.7
2022-02-23,165.65,166.17,165.39,165.99
2022-02-24,166.18,168.01,166.01,166.93
2022-02-25,166.63,167.2,165.87,166.15
2022-02-28,167.03,168.0,166.25,167.04
2022-03-01,167.75,171.12,167.31,170.3
2022-03-02,170.45,170.85,169.01,169.38
2022-03-03,169.55,169.75,168.46,169.2
2022-03-04,169.54,171.22,169.17,170.96
2022-03-07,171.35,171.66,169.61,169.9
2022-03-08,169.71,170.12,168.23,168.49
2022-03-09,164.96,165.29,163.38,163.58
2022-03-10,163.63,164.43,162.02,162.78
2022-03-11,162.94,163.2,162.01,162.44
2022-03-14,162.46,162.73,161.14,161.21
2022-03-15,161.34,162.05,160.9,161.97
2022-03-16,161.63,161.81,160.56,161.07
2022-03-17,161.16,161.69,160.68,161.01
2022-03-18,161.19,161.77,160.76,161.37
2022-03-21,161.26,161.34,159.77,160.3
2022-03-22,159.99,159.99,159.07,159.43
2022-03-23,159.39,160.31,159.06,159.8
2022-03-24,160.05,160.26,158.73,159.26
2022-03-25,159.15,159.64,158.08,158.65
2022-03-28,158.47,158.67,157.65,158.32
2022-03-29,158.22,158.33,156.05,157.37
2022-03-30,157.53,158.06,156.37,157.16
2022-03-31,157.04,159.05,156.9,158.66
2022-04-01,158.55,158.89,157.71,158.35
2022-04-04,158.5,159.79,158.12,159.1
2022-04-05,159.31,159.42,157.62,157.73
2022-04-06,157.76,157.78,156.84,157.24
2022-04-07,157.59,157.87,156.4,156.83
2022-04-08,157.01,157.29,156.26,156.57
2022-04-11,156.13,156.19,154.93,155.03
2022-04-12,154.75,155.76,154.27,155.36
2022-04-13,155.1,155.91,154.51,155.86
2022-04-14,155.48,156.17,154.63,154.95
2022-04-19,154.55,154.7,153.29,153.7
2022-04-20,153.44,155.0,153.25,154.61
2022-04-21,154.57,154.66,153.28,153.8
2022-04-22,153.47,153.92,153.05,153.25
2022-04-25,153.14,155.26,153.11,154.89
2022-04-26,154.77,155.74,154.18,155.48
2022-04-27,155.45,155.83,154.82,155.46
2022-04-28,155.35,156.0,154.02,154.15
2022-04-29,154.44,154.69,153.43,153.59
2022-05-02,153.61,154.19,153.23,153.49
2022-05-03,153.34,154.1,152.66,153.67
2022-05-04,152.86,153.73,152.44,153.18
2022-05-05,153.6,154.18,152.15,152.55
2022-05-06,152.55,152.74,150.81,150.94
2022-05-09,151.01,152.01,150.49,151.74
2022-05-10,151.93,153.17,151.5,152.95
2022-05-11,152.64,153.86,151.87,152.91
2022-05-12,153.85,155.33,153.61,154.76
2022-05-13,155.06,155.12,153.65,153.76
2022-05-16,153.88,154.2,152.99,154.03
2022-05-17,153.72,153.74,152.33,152.54
2022-05-18,152.58,153.06,151.89,152.94
2022-05-19,153.07,154.45,152.48,153.88
2022-05-20,153.6,154.22,153.16,153.93
2022-05-23,153.82,154.11,152.85,153.11
2022-05-24,153.1,153.98,152.77,153.94
2022-05-25,153.55,154.43,153.48,153.92
2022-05-26,153.86,154.74,153.19,153.26
2022-05-27,153.31,154.14,153.22,153.74
2022-05-30,153.48,153.52,152.36,152.65
2022-05-31,152.5,152.89,151.34,151.57
2022-06-01,151.53,151.85,150.78,151.01
2022-06-02,150.99,151.09,150.06,150.26
2022-06-03,150.13,150.35,149.57,149.63
2022-06-06,149.75,150.13,148.91,148.95
2022-06-07,148.99,149.62,148.68,149.53
2022-06-08,149.15,149.3,148.87,148.98
2022-06-09,148.69,149.43,147.32,147.8
2022-06-10,147.74,148.51,146.61,146.98
2022-06-13,146.71,147.19,144.19,145.18
2022-06-14,144.65,145.58,142.29,143.59
2022-06-15,142.73,145.51,142.25,144.61
2022-06-16,145.36,145.36,140.67,143.74
2022-06-17,143.54,144.99,142.56,144.3
2022-06-20,144.29,144.98,143.15,143.46
2022-06-21,143.29,144.01,143.05,143.33
2022-06-22,143.52,145.72,143.4,145.28
2022-06-23,145.24,148.45,144.81,148.19
2022-06-24,147.7,149.0,146.91,147.94
2022-06-27,147.76,147.82,146.03,146.49
2022-06-28,146.34,146.8,144.72,145.18
2022-06-29,145.36,147.37,145.14,146.99
2022-06-30,146.97,149.35,146.5,148.78
2022-07-01,148.76,151.65,148.24,150.85
2022-07-04,150.53,150.72,149.05,149.11
2022-07-05,149.24,151.45,148.72,151.24
2022-07-06,150.85,152.92,150.56,151.93
2022-07-07,151.33,151.65,150.15,150.55
2022-07-08,150.46,151.17,149.79,150.07
2022-07-11,149.9,151.67,149.75,151.4
2022-07-12,151.32,153.48,151.26,153.01
2022-07-13,152.7,153.17,151.66,152.62
2022-07-14,152.98,153.01,151.21,152.17
2022-07-15,152.84,153.8,152.26,153.1
2022-07-18,152.95,153.32,151.47,151.92
2022-07-19,152.2,152.6,150.62,151.1
2022-07-20,151.01,152.37,150.83,151.28
2022-07-21,151.88,152.38,149.69,152.18
2022-07-22,152.32,155.16,152.13,154.46
2022-07-25,154.21,154.86,153.78,154.75
2022-07-26,154.82,156.28,154.52,156.01
2022-07-27,155.8,156.24,155.36,156.16
2022-07-28,155.75,157.97,154.75,157.9
2022-07-29,157.48,157.93,156.21,157.64
2022-08-01,157.35,158.54,156.74,158.42
2022-08-02,158.57,159.7,157.1,158.1
2022-08-03,157.48,158.33,156.29,156.96
2022-08-04,157.39,158.28,156.66,157.9
2022-08-05,158.07,158.21,155.72,155.94
2022-08-08,155.97,157.12,155.86,156.71
2022-08-09,156.97,157.05,155.77,156.18
2022-08-10,156.37,157.74,156.04,156.86
2022-08-11,156.53,157.45,155.28,155.51
2022-08-12,155.36,155.92,154.88,155.34
2022-08-15,155.65,156.88,155.08,156.7
2022-08-16,156.69,156.78,155.31,155.53
2022-08-17,155.81,155.96,153.83,154.12
2022-08-18,154.2,154.47,153.24,154.16
2022-08-19,153.66,153.66,152.03,152.17
2022-08-22,152.16,152.84,151.03,151.36
2022-08-23,151.29,152.4,150.23,150.99
2022-08-24,150.69,151.06,150.02,150.26
2022-08-25,150.31,151.42,150.02,150.98
2022-08-26,151.2,151.24,149.35,149.96
2022-08-29,148.95,148.99,147.92,148.61
2022-08-30,148.63,149.32,147.86,148.2
2022-08-31,148.48,148.99,147.38,147.97
2022-09-01,147.49,147.83,146.78,147.39
2022-09-02,147.77,149.1,147.14,148.33
2022-09-05,149.07,149.25,147.37,147.73
2022-09-06,147.77,149.02,146.68,147.27
2022-09-07,147.02,147.88,146.74,147.53
2022-09-08,147.8,148.06,147.19,147.58
2022-09-09,143.14,144.48,142.46,143.57
2022-09-12,143.52,144.56,142.91,144.5
2022-09-13,144.17,144.47,143.0,143.39
2022-09-14,143.26,143.87,142.65,143.63
2022-09-15,143.58,143.63,142.74,143.22
2022-09-16,142.98,143.24,142.15,142.73
2022-09-19,143.19,143.26,142.18,142.62
2022-09-20,142.4,142.58,140.53,140.7
2022-09-21,140.86,141.98,140.73,141.2
2022-09-22,141.16,142.02,139.9,140.02
2022-09-23,140.14,140.99,138.45,139.48
2022-09-26,139.2,139.22,137.41,138.87
2022-09-27,137.7,139.29,136.62,137.14
2022-09-28,137.0,138.74,135.52,137.91
2022-09-29,138.33,138.49,136.22,137.5
2022-09-30,137.16,139.24,136.98,138.49
2022-10-03,138.29,141.39,138.05,141.18
2022-10-04,141.24,142.87,140.81,141.62
2022-10-05,141.5,141.74,139.52,139.76
2022-10-06,139.81,140.13,138.64,138.96
2022-10-07,138.9,138.91,137.35,137.67
2022-10-10,137.68,138.46,135.83,136.08
2022-10-11,136.55,136.77,135.56,136.45
2022-10-12,135.8,136.59,135.14,135.84
2022-10-13,136.29,137.54,135.15,136.22
2022-10-14,136.8,138.52,135.82,136.08
2022-10-17,136.37,137.65,136.12,136.88
2022-10-18,136.78,137.68,135.93,137.22
2022-10-19,137.2,137.28,135.6,136.1
2022-10-20,135.6,136.15,134.86,135.7
2022-10-21,135.0,135.64,134.02,135.12
2022-10-24,135.53,136.82,135.23,136.16
2022-10-25,136.46,138.45,136.46,138.21
2022-10-26,138.24,139.05,137.69,138.87
2022-10-27,138.92,140.83,137.57,140.26
2022-10-28,140.86,140.92,138.29,139.33
2022-10-31,138.85,139.15,138.12,138.44
2022-11-01,138.48,139.95,138.41,138.84
2022-11-02,138.75,139.24,138.09,138.64
2022-11-03,138.0,138.07,136.71,137.21
2022-11-04,137.42,137.91,136.38,136.72
2022-11-07,136.83,137.16,136.08,136.45
2022-11-08,136.14,137.32,135.76,137.09
2022-11-09,137.1,138.46,136.92,138.2
2022-11-10,138.57,140.72,137.97,140.5
2022-11-11,140.32,140.38,138.4,138.52
2022-11-14,138.41,139.26,138.26,138.54
2022-11-15,138.62,139.92,138.38,139.33
2022-11-16,139.71,140.86,138.7,140.38
2022-11-17,140.7,141.09,139.73,140.01
2022-11-18,140.01,140.5,139.17,140.18
2022-11-21,140.14,140.88,139.55,140.42
2022-11-22,140.06,140.64,139.89,140.39
2022-11-23,140.47,141.3,139.77,141.15
2022-11-24,141.2,142.6,141.2,142.14
2022-11-25,142.03,142.03,140.34,140.49
2022-11-28,140.8,141.42,139.78,140.42
2022-11-29,140.37,141.74,140.08,141.38
2022-11-30,141.01,141.7,140.5,140.88
2022-12-01,141.86,142.77,141.67,142.43
2022-12-02,142.65,143.18,141.74,141.89
2022-12-05,142.06,142.47,141.46,141.77
2022-12-06,141.85,143.02,141.35,142.64
2022-12-07,142.76,143.38,142.17,142.64
2022-12-08,142.79,142.96,142.49,142.74
2022-12-09,141.61,141.94,140.35,140.52
2022-12-12,140.41,141.17,139.96,140.48
2022-12-13,140.17,141.7,139.77,140.84
2022-12-14,140.62,141.06,139.65,140.45
2022-12-15,140.06,140.78,138.12,138.65
2022-12-16,138.46,138.62,136.96,137.43
2022-12-19,137.57,137.76,136.81,137.15
2022-12-20,137.2,137.22,135.78,135.91
2022-12-21,135.84,136.32,135.6,135.88
2022-12-22,135.86,136.2,134.98,135.31
2022-12-23,135.38,135.41,134.62,134.95
2022-12-27,134.69,134.75,133.25,133.45
2022-12-28,133.48,134.11,133.29,133.52
2022-12-29,133.5,134.42,133.35,133.99
2022-12-30,134.15,134.19,132.72,132.93
2023-01-02,132.73,134.54,132.6,134.32
2023-01-03,134.19,135.55,133.79,135.08
2023-01-04,135.34,136.67,135.08,136.47
2023-01-05,136.3,136.48,135.55,135.99
2023-01-06,136.08,137.47,135.74,137.43
2023-01-09,137.13,137.38,136.4,137.03
2023-01-10,136.86,136.93,136.04,136.2
2023-01-11,136.51,137.98,136.46,137.64
2023-01-12,137.84,139.09,137.63,138.22
2023-01-13,138.45,139.06,138.01,138.31
2023-01-16,137.94,138.36,137.53,138.21
2023-01-17,138.22,139.52,137.66,139.26
2023-01-18,139.13,140.68,138.97,140.3
2023-01-19,140.27,140.73,139.12,139.55
2023-01-20,139.35,139.55,138.12,138.27
2023-01-23,138.16,138.44,137.66,137.97
2023-01-24,137.88,138.49,137.54,138.33
2023-01-25,138.5,139.36,138.2,138.36
2023-01-26,138.62,138.62,137.7,137.75
2023-01-27,137.78,137.78,136.88,137.44
2023-01-30,137.54,137.93,136.38,136.7
2023-01-31,136.66,137.3,136.49,136.82
2023-02-01,136.92,137.5,136.66,136.75
2023-02-02,137.11,139.86,137.0,139.83
2023-02-03,139.56,139.65,137.7,138.05
2023-02-06,137.66,137.79,136.7,136.91
2023-02-07,136.83,137.03,135.86,136.7
2023-02-08,136.13,136.42,135.62,136.02
2023-02-09,136.35,137.38,135.96,136.66
2023-02-10,136.28,136.48,135.84,135.91
2023-02-13,135.99,136.3,135.59,135.84
2023-02-14,136.1,136.56,135.02,135.21
2023-02-15,135.29,135.6,134.64,134.74
2023-02-16,134.74,135.11,134.22,134.54
2023-02-17,134.5,135.33,133.67,134.89
2023-02-20,135.21,135.32,134.81,134.86
2023-02-21,134.87,134.97,133.76,133.95
2023-02-22,133.9,134.43,133.63,134.32
2023-02-23,134.18,134.91,133.78,134.66
2023-02-24,134.82,135.3,133.67,134.05
2023-02-27,134.19,134.36,133.4,133.63
2023-02-28,133.55,133.61,132.06,132.91
2023-03-01,132.56,132.99,131.76,132.0
2023-03-02,131.82,132.13,131.31,131.7
2023-03-03,131.49,132.25,131.43,131.71
2023-03-06,132.27,132.74,131.45,131.86
2023-03-07,131.65,132.67,131.49,132.07
2023-03-08,131.93,132.43,131.67,132.41
2023-03-09,131.74,132.28,131.07,131.69
2023-03-10,132.37,134.23,132.37,133.73
2023-03-13,133.61,137.24,133.17,136.2
2023-03-14,136.12,137.03,133.82,133.96
2023-03-15,133.91,137.97,133.33,137.62
2023-03-16,136.97,137.89,135.73,136.55
2023-03-17,135.94,138.48,135.76,138.2
2023-03-20,137.6,140.3,137.1,137.97
2023-03-21,138.04,138.42,135.88,136.02
2023-03-22,136.04,136.62,134.8,135.41
2023-03-23,136.31,137.86,135.8,137.04
2023-03-24,137.4,139.54,137.35,138.0
2023-03-27,137.55,137.85,136.17,136.93
2023-03-28,136.42,136.56,135.55,136.02
2023-03-29,135.81,136.3,135.45,135.87
2023-03-30,135.63,136.77,134.76,135.22
2023-03-31,135.35,136.24,134.7,135.84
2023-04-03,135.9,136.67,135.15,136.58
2023-04-04,136.52,136.6,135.39,136.29
2023-04-05,136.48,137.49,135.85,137.28
2023-04-06,137.11,138.09,136.95,137.3
2023-04-11,136.62,136.88,135.71,135.87
2023-04-12,135.94,136.44,134.66,135.15
2023-04-13,135.32,135.52,134.7,135.12
2023-04-14,134.98,135.28,134.2,134.39
2023-04-17,134.22,134.5,133.6,133.68
2023-04-18,133.83,134.26,133.49,133.96
2023-04-19,133.67,133.76,133.1,133.43
2023-04-20,133.55,134.19,133.42,134.01
2023-04-21,134.02,134.41,133.54,133.59
2023-04-24,133.71,134.21,133.28,133.69
2023-04-25,133.54,135.46,133.51,135.02
2023-04-26,135.08,135.74,134.52,134.99
2023-04-27,134.72,134.87,133.89,134.12
2023-04-28,133.89,135.68,133.64,135.56
2023-05-02,135.01,136.37,134.35,136.24
2023-05-03,136.26,136.7,135.91,136.3
2023-05-04,136.61,137.22,135.62,136.96
2023-05-05,136.63,136.74,135.68,135.91
2023-05-08,136.04,136.21,135.21,135.54
2023-05-09,135.46,135.9,135.12,135.4
2023-05-10,135.23,136.15,134.99,135.96
2023-05-11,135.95,137.29,135.78,136.73
2023-05-12,136.62,136.75,135.98,136.2
2023-05-15,136.01,136.06,135.61,135.78
2023-05-16,135.85,136.38,135.14,135.3
2023-05-17,135.39,135.88,135.19,135.47
2023-05-18,135.34,135.44,133.85,134.03
2023-05-19,133.9,134.52,133.5,134.24
2023-05-22,134.22,134.68,133.89,133.98
2023-05-23,134.08,134.15,133.53,133.87
2023-05-24,134.05,134.45,133.46,134.07
2023-05-25,133.76,134.22,132.95,133.62
2023-05-26,133.08,133.54,132.83,132.94
2023-05-29,133.05,134.34,133.05,134.22
2023-05-30,134.26,135.47,134.15,135.19
2023-05-31,135.31,136.4,135.31,136.05
2023-06-01,136.06,136.59,135.6,136.2
2023-06-02,136.36,136.36,135.45,135.64
2023-06-05,135.43,135.43,134.58,134.84
2023-06-06,134.89,135.65,134.53,134.8
2023-06-07,135.25,135.38,133.91,134.17
2023-06-08,134.02,134.15,133.71,133.95
2023-06-09,133.78,134.37,133.51,134.19
2023-06-12,134.2,134.77,133.91,134.2
2023-06-13,134.35,134.62,133.18,133.65
2023-06-14,133.35,133.71,132.9,133.29
2023-06-15,133.26,133.44,132.2,132.69
2023-06-16,132.77,133.24,132.18,133.15
2023-06-19,133.25,133.53,132.4,132.41
2023-06-20,132.58,133.88,132.54,133.77
2023-06-21,133.69,133.85,133.12,133.42
2023-06-22,133.65,133.71,132.47,132.68
2023-06-23,132.78,134.68,132.73,134.28
2023-06-26,134.26,134.94,134.04,134.76
2023-06-27,134.82,135.0,134.08,134.16
2023-06-28,134.24,134.85,133.92,134.58
2023-06-29,134.78,134.78,133.33,133.64
2023-06-30,133.52,133.93,133.09,133.74
2023-07-03,133.62,134.14,133.13,133.37
2023-07-04,133.33,133.4,132.8,133.06
2023-07-05,133.24,133.68,132.49,132.87
2023-07-06,132.55,132.65,130.97,131.19
2023-07-07,131.32,131.51,130.61,131.12
2023-07-10,131.02,131.25,130.6,131.07
2023-07-11,131.17,131.58,130.82,130.95
2023-07-12,131.15,132.13,130.99,131.95
2023-07-13,132.05,133.3,131.92,132.83
2023-07-14,133.16,133.24,132.65,132.81
2023-07-17,132.78,133.47,132.6,132.99
2023-07-18,133.08,134.32,133.08,134.26
2023-07-19,134.03,134.88,133.5,133.7
2023-07-20,133.85,133.87,132.83,133.01
2023-07-21,132.93,133.44,132.8,133.33
2023-07-24,133.12,134.01,132.97,133.72
2023-07-25,133.52,133.77,133.14,133.49
2023-07-26,133.54,133.67,132.81,133.02
2023-07-27,133.14,133.92,132.34,132.99
2023-07-28,132.51,133.34,131.81,132.98
2023-07-31,132.82,133.05,132.42,133.0
2023-08-01,132.92,133.06,132.1,132.22
2023-08-02,132.34,132.87,132.21,132.45
2023-08-03,132.53,132.53,131.65,131.91
2023-08-04,131.82,132.36,131.12,132.01
2023-08-07,132.25,132.39,131.33,131.8
2023-08-08,131.82,133.45,131.82,133.2
2023-08-09,133.26,133.44,132.57,132.87
2023-08-10,132.75,132.91,131.97,132.43
2023-08-11,132.0,132.17,131.32,131.47
2023-08-14,131.31,131.67,131.13,131.27
2023-08-15,131.14,131.26,130.14,130.83
2023-08-16,130.65,131.29,130.65,131.16
2023-08-17,130.87,130.89,130.4,130.62
2023-08-18,130.8,131.73,130.76,131.41
2023-08-21,131.29,131.41,130.46,130.52
2023-08-22,130.55,131.31,130.54,131.11
2023-08-23,131.2,132.82,131.2,132.56
2023-08-24,132.76,133.36,132.34,132.49
2023-08-25,132.47,132.57,131.86,132.1
2023-08-28,132.01,132.33,131.7,131.91
2023-08-29,132.15,132.75,131.91,132.51
2023-08-30,132.48,132.56,131.78,132.33
2023-08-31,132.07,133.24,131.83,133.19
2023-09-01,133.07,133.34,132.18,132.38
2023-09-04,132.37,132.37,131.79,131.86
2023-09-05,131.83,131.98,131.33,131.57
2023-09-06,131.39,131.69,130.89,130.99
2023-09-07,131.01,131.34,130.94,131.16
2023-09-08,130.99,131.47,130.79,131.09
2023-09-11,130.84,130.92,130.6,130.64
2023-09-12,130.63,130.99,130.45,130.63
2023-09-13,130.35,130.74,129.95,130.43
2023-09-14,130.6,131.49,130.39,131.23
2023-09-15,131.11,131.27,130.21,130.31
2023-09-18,130.2,130.24,129.73,129.76
2023-09-19,129.99,130.1,129.39,129.56
2023-09-20,129.37,129.97,129.3,129.89
2023-09-21,129.45,129.73,129.11,129.6
2023-09-22,129.6,130.19,129.24,129.56
2023-09-25,129.54,129.56,128.78,129.02
2023-09-26,128.83,129.3,128.69,128.89
2023-09-27,128.93,129.23,128.06,128.64
2023-09-28,128.32,128.59,127.01,127.09
2023-09-29,127.63,128.79,127.46,128.64
2023-10-02,128.17,128.5,127.62,127.75
2023-10-03,127.66,127.95,127.1,127.28
2023-10-04,127.17,127.75,126.62,127.37
2023-10-05,127.53,128.28,127.21,128.07
2023-10-06,128.14,128.17,127.31,127.94
2023-10-09,128.17,129.45,127.93,129.25
2023-10-10,129.3,129.47,128.61,129.15
2023-10-11,129.19,129.99,129.03,129.78
2023-10-12,129.92,130.2,128.76,129.16
2023-10-13,128.92,129.96,128.82,129.52
2023-10-16,129.49,129.59,128.92,129.08
2023-10-17,129.05,129.14,127.96,128.09
2023-10-18,128.09,128.28,127.56,127.61
2023-10-19,127.67,127.88,127.28,127.53
2023-10-20,127.52,128.13,127.48,128.09
2023-10-23,127.76,128.36,127.18,128.16
2023-10-24,128.27,129.12,128.22,128.56
2023-10-25,128.78,129.02,127.83,128.13
2023-10-26,127.9,128.79,127.56,128.47
2023-10-27,128.67,128.96,128.31,128.65
2023-10-30,128.73,129.43,128.45,128.73
2023-10-31,128.68,129.47,128.5,128.99
2023-11-01,128.55,129.85,128.42,129.45
2023-11-02,129.89,130.39,129.48,129.91
2023-11-03,129.9,130.76,129.67,130.54
2023-11-06,130.34,130.38,129.41,129.68
2023-11-07,129.6,130.56,129.35,130.33
2023-11-08,130.45,130.92,130.25,130.73
2023-11-09,130.8,130.93,129.77,130.44
2023-11-10,129.73,130.13,129.45,129.82
2023-11-13,129.61,129.99,129.35,129.64
2023-11-14,129.69,130.98,129.6,130.88
2023-11-15,130.96,131.22,130.36,130.64
2023-11-16,130.64,131.28,130.56,131.2
2023-11-17,131.09,131.74,130.9,131.04
2023-11-20,130.98,131.0,130.47,130.68
2023-11-21,130.89,131.4,130.79,131.26
2023-11-22,131.21,131.71,130.88,131.22
2023-11-23,131.26,131.36,130.51,130.58
2023-11-24,130.54,130.63,130.11,130.32
2023-11-27,130.35,131.43,130.16,131.32
2023-11-28,131.27,131.97,131.1,131.93
2023-11-29,132.0,132.79,131.95,132.71
2023-11-30,132.75,132.96,131.94,132.29
2023-12-01,132.47,133.53,132.23,133.22
2023-12-04,133.32,133.81,133.03,133.45
2023-12-05,133.53,134.59,133.5,134.53
2023-12-06,134.55,135.08,134.11,134.91
2023-12-07,134.9,135.21,134.42,135.12
2023-12-08,135.38,135.46,134.37,134.68
2023-12-11,134.71,134.89,134.53,134.63
2023-12-12,134.8,135.6,134.8,135.08
2023-12-13,135.08,136.52,135.07,135.67
2023-12-14,136.39,137.28,135.84,136.22
2023-12-15,136.13,137.48,135.81,137.33
2023-12-18,137.2,137.49,136.59,136.74
2023-12-19,136.84,137.47,136.77,137.4
2023-12-20,137.35,138.12,137.33,137.82
2023-12-21,138.05,138.21,137.63,137.95
2023-12-22,137.78,138.11,137.58,137.9
2023-12-27,137.69,138.84,137.67,138.64
2023-12-28,138.72,138.72,138.01,138.31
2023-12-29,138.14,138.37,137.07,137.22
2024-01-02,137.14,137.21,136.25,136.89
2024-01-03,136.68,137.63,136.31,137.19
2024-01-04,137.42,137.96,135.89,136.31
2024-01-05,136.01,136.16,135.06,136.03
2024-01-08,135.43,136.16,135.15,136.05
2024-01-09,135.79,135.88,135.24,135.46
2024-01-10,135.46,135.71,134.87,135.16
2024-01-11,134.96,135.78,134.92,135.14
2024-01-12,135.8,135.99,135.32,135.67
2024-01-15,135.66,135.72,134.97,135.25
2024-01-16,135.17,135.5,134.57,134.96
2024-01-17,134.62,134.94,134.15,134.23
2024-01-18,134.19,134.48,133.73,133.95
2024-01-19,133.75,134.31,133.71,134.0
2024-01-22,134.17,134.66,134.16,134.47
2024-01-23,134.52,134.55,133.72,133.92
2024-01-24,133.87,134.42,133.64,133.91
2024-01-25,133.65,134.63,133.55,134.53
2024-01-26,134.65,135.02,134.16,134.29
2024-01-29,134.5,135.24,134.38,134.99
2024-01-30,135.05,135.45,134.37,134.53
2024-01-31,134.91,135.94,134.84,135.85
2024-02-01,135.75,136.29,135.2,136.25
2024-02-02,135.78,135.88,134.82,134.93
2024-02-05,134.9,134.98,133.87,133.91
2024-02-06,134.14,134.55,133.76,134.24
2024-02-07,134.46,134.6,133.97,134.3
2024-02-08,134.04,134.28,133.34,133.62
2024-02-09,133.4,133.92,133.2,133.3
2024-02-12,133.42,133.82,133.36,133.45
2024-02-13,133.57,134.0,132.81,133.11
2024-02-14,132.89,133.93,132.77,133.57
2024-02-15,133.87,134.18,133.35,133.61
2024-02-16,133.54,133.54,132.71,132.96
2024-02-19,133.0,133.15,132.75,132.85
2024-02-20,132.78,133.4,132.77,133.26
2024-02-21,133.04,133.3,132.26,132.59
2024-02-22,132.32,132.8,131.78,132.58
2024-02-23,132.59,133.37,132.05,133.17
2024-02-26,133.3,133.61,132.33,132.53
2024-02-27,132.46,132.71,132.02,132.26
2024-02-28,132.13,132.46,132.06,132.21
2024-02-29,132.25,132.8,131.62,132.65
2024-03-01,132.5,132.87,131.98,132.76
2024-03-04,132.68,132.94,132.46,132.76
2024-03-05,132.81,133.92,132.75,133.69
2024-03-06,133.52,133.71,133.18,133.48
2024-03-07,133.38,133.79,133.25,133.68
2024-03-08,133.5,134.15,133.33,133.76
2024-03-11,133.8,134.06,133.21,133.39
2024-03-12,133.4,133.69,132.95,133.13
2024-03-13,133.18,133.47,132.58,132.73
2024-03-14,132.57,132.78,131.86,132.01
2024-03-15,131.85,132.05,131.71,131.83
2024-03-18,131.86,132.1,131.54,131.66
2024-03-19,131.66,132.02,131.59,131.88
2024-03-20,131.85,132.24,131.65,131.91
2024-03-21,132.03,132.54,131.83,132.26
2024-03-22,132.35,133.18,132.28,133.07
2024-03-25,133.15,133.28,132.52,132.56
2024-03-26,132.67,132.93,132.54,132.75
2024-03-27,132.88,133.48,132.81,133.37
2024-03-28,133.22,133.43,132.96,133.38
2024-04-02,132.84,132.95,131.87,132.14
2024-04-03,132.35,132.7,131.93,132.22
2024-04-04,132.6,133.1,132.3,132.74
2024-04-05,133.03,133.05,132.16,132.22
2024-04-08,132.12,132.15,131.65,131.83
2024-04-09,131.86,132.65,131.78,132.57
2024-04-10,132.59,132.86,131.53,131.94
2024-04-11,131.71,132.05,131.31,131.34
2024-04-12,131.52,133.05,131.52,132.71
2024-04-15,132.46,132.55,131.58,131.81
2024-04-16,131.93,132.11,130.97,131.21
2024-04-17,131.16,131.67,130.99,131.45
2024-04-18,131.45,131.87,131.01,131.21
2024-04-19,131.23,132.24,130.83,130.99
2024-04-22,130.82,131.29,130.52,131.19
2024-04-23,131.27,131.47,130.78,131.07
2024-04-24,130.92,130.95,130.03,130.22
2024-04-25,130.07,130.38,129.53,129.78
2024-04-26,129.61,130.53,129.58,130.32
2024-04-29,130.32,130.98,130.21,130.85
2024-04-30,130.81,130.97,129.83,130.08
2024-05-02,130.24,130.72,130.12,130.39
2024-05-03,130.5,131.57,130.5,130.89
2024-05-06,130.99,131.63,130.98,131.24
2024-05-07,131.43,131.86,131.39,131.83
2024-05-08,131.69,131.71,131.24,131.36
2024-05-09,131.33,131.33,130.88,131.02
2024-05-10,131.2,131.4,130.7,130.75
2024-05-13,130.9,131.13,130.71,130.9
2024-05-14,130.89,131.13,130.24,130.51
2024-05-15,130.61,131.93,130.6,131.71
2024-05-16,131.87,132.11,131.28,131.58
2024-05-17,131.35,131.45,130.65,130.82
2024-05-20,130.72,130.84,130.47,130.52
2024-05-21,130.58,131.01,130.53,130.84
2024-05-22,130.73,130.86,130.3,130.55
2024-05-23,130.46,130.76,129.71,129.74
2024-05-24,130.02,130.13,129.63,130.08
2024-05-27,130.11,130.52,129.83,130.36
2024-05-28,130.27,130.46,129.63,130.02
2024-05-29,129.69,129.82,128.75,129.06
2024-05-30,129.13,129.31,128.84,129.18
2024-05-31,129.28,129.44,128.73,129.34
2024-06-03,129.3,130.16,129.19,129.97
2024-06-04,130.02,130.78,129.81,130.4
2024-06-05,130.36,130.8,130.19,130.7
2024-06-06,130.62,130.63,130.4,130.51
2024-06-07,131.01,131.05,130.05,130.22
2024-06-10,130.11,130.27,129.52,129.65
2024-06-11,129.69,130.36,129.6,130.16
2024-06-12,130.23,131.26,130.21,131.1
2024-06-13,130.97,131.97,130.8,131.33
2024-06-14,131.78,133.21,131.61,133.07
2024-06-17,132.82,133.07,132.18,132.43
2024-06-18,132.49,132.79,132.16,132.6
2024-06-19,132.62,132.94,132.31,132.55
2024-06-20,132.46,132.59,132.02,132.24
2024-06-21,132.35,133.06,132.3,132.53
2024-06-24,132.62,132.72,132.22,132.37
2024-06-25,132.55,132.8,132.37,132.51
2024-06-26,132.56,132.56,131.97,132.02
2024-06-27,131.91,132.19,131.68,132.04
2024-06-28,132.04,132.24,131.45,131.62
2024-07-01,131.15,131.25,130.32,130.41
2024-07-02,130.47,130.76,130.28,130.38
2024-07-03,130.53,131.02,130.23,130.95
2024-07-04,130.79,130.85,130.52,130.57
2024-07-05,130.61,131.14,130.44,131.09
2024-07-08,131.12,131.39,130.74,131.28
2024-07-09,131.26,131.31,130.78,130.86
2024-07-10,130.98,131.55,130.95,131.3
2024-07-11,131.33,132.08,131.05,132.06
2024-07-12,131.69,131.86,131.36,131.73
2024-07-15,131.56,132.1,131.39,131.96
2024-07-16,131.88,132.57,131.88,132.38
2024-07-17,132.49,132.66,132.25,132.49
2024-07-18,132.5,132.73,132.15,132.63
2024-07-19,132.32,132.54,131.93,132.1
2024-07-22,132.12,132.29,131.62,131.93
2024-07-23,131.81,132.39,131.71,132.3
2024-07-24,132.13,132.66,131.91,132.34
2024-07-25,131.96,132.92,131.95,132.64
2024-07-26,132.43,132.88,132.08,132.72
2024-07-29,132.77,133.36,132.72,133.18
2024-07-30,133.19,133.6,133.06,133.38
2024-07-31,133.41,134.05,133.36,133.73
2024-08-01,133.97,134.54,133.77,134.46
2024-08-02,134.39,135.5,134.39,135.22
2024-08-05,135.49,136.28,134.88,135.19
2024-08-06,134.74,135.59,134.45,135.03
2024-08-07,134.71,134.84,133.94,134.12
2024-08-08,134.36,134.72,133.97,134.12
2024-08-09,134.27,134.7,134.18,134.58
2024-08-12,134.45,134.69,134.27,134.41
2024-08-13,134.58,135.08,134.47,135.06
2024-08-14,134.93,135.17,134.56,135.09
2024-08-15,134.89,135.07,134.08,134.13
2024-08-16,134.23,134.65,134.14,134.26
2024-08-19,134.14,134.62,134.09,134.15
2024-08-20,134.19,134.68,134.09,134.63
2024-08-21,134.75,134.99,134.47,134.79
2024-08-22,134.76,135.08,134.11,134.25
2024-08-23,134.26,134.59,134.07,134.55
2024-08-26,134.62,134.7,134.04,134.32
2024-08-27,134.26,134.28,133.66,133.87
2024-08-28,133.99,134.39,133.89,134.09
2024-08-29,134.01,134.49,133.79,133.88
2024-08-30,133.94,134.19,133.5,133.91
2024-09-02,133.58,133.62,133.16,133.28
2024-09-03,133.33,134.13,133.21,133.93
2024-09-04,134.03,134.71,134.03,134.54
2024-09-05,134.61,134.77,134.32,134.52
2024-09-06,134.67,135.11,134.64,135.08
2024-09-09,134.1,134.62,133.79,134.56
2024-09-10,134.57,135.04,134.37,134.77
2024-09-11,134.89,135.49,134.67,135.36
2024-09-12,135.12,135.35,134.57,134.73
2024-09-13,134.85,135.19,134.62,134.72
2024-09-16,134.8,135.09,134.63,135.04
2024-09-17,134.99,135.39,134.69,134.81
2024-09-18,134.75,134.86,134.12,134.32
2024-09-19,134.13,134.4,133.99,134.32
2024-09-20,134.29,134.53,133.92,133.93
2024-09-23,134.16,134.82,134.02,134.5
2024-09-24,134.75,135.01,134.23,134.95
2024-09-25,134.86,134.98,134.34,134.44
2024-09-26,134.48,135.03,134.39,134.49
2024-09-27,134.54,135.19,134.31,134.81
2024-09-30,134.99,135.13,134.45,134.92
2024-10-01,134.98,136.2,134.91,135.88
2024-10-02,135.87,135.92,135.04,135.14
2024-10-03,135.11,135.24,134.46,134.8
2024-10-04,134.59,134.63,133.64,133.92
2024-10-07,133.86,134.03,133.4,133.44
2024-10-08,133.6,133.8,133.33,133.45
2024-10-09,133.59,133.76,133.17,133.41
2024-10-10,133.19,133.5,132.75,133.29
2024-10-11,133.49,133.57,132.92,133.15
2024-10-14,133.2,133.41,133.0,133.14
2024-10-15,133.33,133.79,133.3,133.75
2024-10-16,133.76,134.25,133.68,134.2
2024-10-17,134.08,134.17,133.72,133.84
2024-10-18,134.01,134.25,133.67,134.19
2024-10-21,134.05,134.18,133.06,133.16
2024-10-22,133.07,133.14,132.58,132.83
2024-10-23,132.88,132.95,132.59,132.71
2024-10-24,132.75,133.54,132.67,133.51
2024-10-25,133.28,133.49,132.77,133.1
2024-10-28,132.64,133.41,132.37,133.02
2024-10-29,133.17,133.25,132.44,132.51
2024-10-30,132.87,133.02,131.49,131.97
2024-10-31,131.49,131.93,131.15,131.8
2024-11-01,131.66,132.19,131.45,131.64
2024-11-04,131.83,131.92,131.26,131.8
2024-11-05,131.74,131.86,131.24,131.45
2024-11-06,131.85,132.22,130.58,131.73
2024-11-07,131.53,131.69,130.68,131.42
2024-11-08,131.46,132.33,131.39,132.08
2024-11-11,132.13,132.61,131.97,132.51
2024-11-12,132.51,132.74,131.68,132.29
2024-11-13,131.73,132.11,131.41,131.83
2024-11-14,131.47,132.37,131.28,132.14
2024-11-15,132.08,132.46,131.79,132.2
2024-11-18,132.28,132.4,131.51,131.94
2024-11-19,132.06,132.99,132.06,132.33
2024-11-20,132.18,132.28,131.7,132.08
2024-11-21,131.96,132.71,131.9,132.48
2024-11-22,132.39,133.32,132.14,133.11
2024-11-25,133.31,133.7,133.06,133.61
2024-11-26,133.57,133.99,133.42,133.57
2024-11-27,133.87,134.33,133.75,133.97
2024-11-28,133.91,134.49,133.88,134.37
2024-11-29,134.37,134.94,134.34,134.78
2024-12-02,134.85,135.46,134.79,135.33
2024-12-03,135.36,135.45,134.95,135.12
2024-12-04,134.99,135.28,134.66,135.08
2024-12-05,135.14,135.26,134.41,134.47
2024-12-06,134.73,134.86,134.35,134.4
2024-12-09,136.25,136.47,135.98,136.02
2024-12-10,136.02,136.26,135.75,135.95
2024-12-11,136.01,136.36,135.79,135.95
2024-12-12,135.85,136.01,134.82,135.35
2024-12-13,134.86,135.15,134.39,134.64
2024-12-16,134.44,134.83,134.43,134.73
2024-12-17,134.74,134.94,134.46,134.84
2024-12-18,134.73,134.82,134.03,134.62
2024-12-19,134.05,134.27,133.72,133.91
2024-12-20,133.96,134.29,133.81,134.14
2024-12-23,134.06,134.06,133.61,133.73
2024-12-27,133.71,133.79,132.81,133.02
2024-12-30,132.8,133.48,132.71,133.44
2025-01-02,132.94,133.86,132.9,133.29
2025-01-03,133.29,133.48,132.48,132.64
2025-01-06,132.42,132.57,132.11,132.26
2025-01-07,132.31,132.44,131.9,132.0
2025-01-08,131.9,132.14,131.33,131.72
2025-01-09,131.56,131.71,131.3,131.48
2025-01-10,131.35,131.37,130.7,131.12
2025-01-13,130.79,130.98,130.57,130.82
2025-01-14,130.93,131.09,130.28,130.47
2025-01-15,130.32,131.63,130.32,131.46
2025-01-16,131.47,131.69,131.0,131.51
2025-01-17,131.59,131.97,131.5,131.78
2025-01-20,131.71,131.9,131.5,131.84
2025-01-21,131.95,132.15,131.65,131.94
2025-01-22,131.85,132.22,131.65,131.85
2025-01-23,131.75,131.91,131.34,131.56
2025-01-24,131.6,131.75,131.0,131.25
2025-01-27,131.38,132.14,131.38,131.63
2025-01-28,131.5,131.67,131.35,131.41
2025-01-29,131.57,131.81,131.07,131.34
2025-01-30,131.29,132.12,131.26,131.9
2025-01-31,131.89,132.58,131.62,132.52
2025-02-03,132.47,133.58,132.41,133.29
2025-02-04,132.93,133.29,132.72,133.12
2025-02-05,133.24,133.71,133.18,133.55
2025-02-06,133.45,133.61,133.13,133.41
2025-02-07,133.42,133.69,132.95,133.25
2025-02-10,133.4,133.61,133.21,133.5
2025-02-11,133.51,133.53,132.64,132.7
2025-02-12,132.72,132.79,132.1,132.15
2025-02-13,132.26,132.97,132.19,132.85
2025-02-14,132.87,132.94,132.54,132.85
2025-02-17,132.51,132.58,131.98,132.22
2025-02-18,132.12,132.16,131.72,132.1
2025-02-19,131.87,131.94,131.26,131.51
2025-02-20,131.47,131.67,131.3,131.6
2025-02-21,131.59,132.6,131.56,132.38
2025-02-24,132.3,132.5,131.83,132.4
2025-02-25,131.9,132.59,131.87,132.48
2025-02-26,132.47,132.97,132.24,132.67
2025-02-27,132.86,132.97,132.49,132.89
2025-02-28,132.94,133.46,132.94,133.19
2025-03-03,132.72,132.94,131.79,132.01
2025-03-04,132.61,132.85,130.67,132.24
2025-03-05,130.55,130.82,128.72,129.05
2025-03-06,128.57,128.57,127.53,128.47
2025-03-07,127.83,128.29,127.18,127.66
2025-03-10,127.5,128.33,127.21,127.83
2025-03-11,127.93,128.3,126.53,127.07
2025-03-12,126.75,127.32,126.62,127.08
2025-03-13,127.13,127.65,126.81,127.44
2025-03-14,127.51,127.58,126.64,127.23
2025-03-17,127.38,128.05,127.2,127.98
2025-03-18,127.74,128.08,127.45,127.87
2025-03-19,127.96,128.66,127.88,128.11
2025-03-20,128.5,128.62,128.14,128.18
2025-03-21,128.27,128.63,128.15,128.48
2025-03-24,128.29,128.46,128.04,128.27
2025-03-25,128.25,128.35,127.74,128.13
2025-03-26,128.05,128.47,127.96,128.15
2025-03-27,128.51,128.69,128.19,128.35
2025-03-28,128.47,129.07,128.47,128.84
2025-03-31,129.12,129.59,128.61,128.83
2025-04-01,128.78,129.6,128.68,129.27
2025-04-02,129.16,129.62,128.75,129.08
2025-04-03,129.75,129.94,129.43,129.84
2025-04-04,129.83,131.48,129.78,130.52
2025-04-07,131.23,132.03,129.11,130.36
2025-04-08,130.02,130.58,129.46,129.95
2025-04-09,129.92,130.75,128.6,130.57
2025-04-10,129.26,130.73,129.02,130.36
2025-04-11,130.15,131.42,129.92,130.98
2025-04-14,130.48,131.47,130.34,131.04
2025-04-15,131.34,131.57,130.75,130.86
2025-04-16,131.02,131.52,131.02,131.26
2025-04-17,131.25,131.83,130.87,131.71
2025-04-22,131.5,132.01,131.46,131.95
2025-04-23,131.85,131.93,131.11,131.26
2025-04-24,131.42,131.94,131.32,131.88
2025-04-25,131.91,131.93,131.5,131.59
2025-04-28,131.7,131.76,131.02,131.27
2025-04-29,131.22,131.46,131.16,131.39
2025-04-30,131.4,131.95,131.33,131.78
2025-05-02,131.75,131.81,130.83,131.05
2025-05-05,130.96,131.24,130.69,131.06
2025-05-06,130.95,131.08,130.66,130.91
2025-05-07,130.93,131.72,130.79,131.51
2025-05-08,131.61,131.65,130.77,131.17
2025-05-09,130.86,130.86,130.38,130.76
2025-05-12,130.49,130.5,129.59,129.78
2025-05-13,129.67,129.71,129.37,129.56
2025-05-14,129.45,129.68,129.15,129.39
2025-05-15,129.15,130.15,129.13,129.93
2025-05-16,130.16,130.65,130.11,130.42
2025-05-19,130.2,130.6,129.72,130.54
2025-05-20,130.61,130.75,129.99,130.24
2025-05-21,130.26,130.27,129.59,129.89
2025-05-22,129.61,130.04,129.49,129.85
2025-05-23,129.99,130.94,129.85,130.65
2025-05-26,130.29,130.78,130.15,130.73
2025-05-27,130.75,131.22,130.75,130.95
2025-05-28,130.99,131.01,130.7,130.83
2025-05-29,130.71,131.31,130.39,131.2
2025-05-30,131.2,131.44,130.94,131.21
2025-06-02,131.26,131.29,130.72,131.13
2025-06-03,131.17,131.49,131.05,131.3
2025-06-04,131.27,131.39,130.94,131.07
2025-06-05,131.25,131.64,130.28,130.34
2025-06-06,130.5,130.92,130.44,130.78
2025-06-09,130.26,130.99,130.13,130.3
2025-06-10,130.48,130.96,130.37,130.83
2025-06-11,130.89,130.97,130.53,130.8
2025-06-12,130.82,131.49,130.73,131.32
2025-06-13,131.47,131.95,130.63,130.78
2025-06-16,130.64,130.96,130.17,130.85
2025-06-17,130.8,131.14,130.49,130.76
2025-06-18,130.86,131.27,130.58,131.16
2025-06-19,131.05,131.17,130.73,130.96
2025-06-20,131.0,131.33,130.73,130.93
2025-06-23,130.84,131.2,130.47,131.07
2025-06-24,130.77,131.18,130.35,130.84
2025-06-25,130.62,131.12,130.31,130.46
2025-06-26,130.52,130.8,130.38,130.49
2025-06-27,130.52,130.66,130.05,130.12
2025-06-30,130.2,130.52,130.0,130.15
2025-07-01,130.21,130.73,130.18,130.49
2025-07-02,130.48,130.5,129.77,129.95
2025-07-03,129.93,130.42,129.84,130.33
2025-07-04,130.32,130.76,130.31,130.51
2025-07-07,130.55,130.62,130.02,130.06
2025-07-08,130.04,130.1,129.39,129.64
2025-07-09,129.68,129.98,129.54,129.79
2025-07-10,130.0,130.08,129.38,129.45
2025-07-11,129.55,129.74,129.12,129.17
2025-07-14,129.26,129.41,129.08,129.18
2025-07-15,129.34,129.83,129.19,129.46
2025-07-16,129.43,129.79,129.19,129.62
2025-07-17,129.76,129.92,129.38,129.83
2025-07-18,129.73,129.82,129.49,129.55
2025-07-21,129.77,130.48,129.73,130.45
2025-07-22,130.39,130.76,130.24,130.74
2025-07-23,130.56,130.63,129.77,130.58
2025-07-24,129.97,130.0,129.44,129.58
2025-07-25,129.61,129.62,128.84,129.32
2025-07-28,129.22,129.79,129.12,129.73
2025-07-29,129.64,129.76,129.41,129.66
2025-07-30,129.71,129.84,129.39,129.53
2025-07-31,129.51,129.83,129.46,129.7
2025-08-01,129.43,130.21,129.12,129.8
2025-08-04,130.06,130.44,129.5,130.27
2025-08-05,130.44,130.6,130.1,130.35
2025-08-06,130.34,130.41,129.79,130.18
2025-08-07,130.07,130.37,129.91,130.23
2025-08-08,130.26,130.26,129.62,129.73
2025-08-11,129.71,130.0,129.57,129.62
2025-08-12,129.57,129.7,128.98,129.11
2025-08-13,129.15,129.85,129.06,129.83
2025-08-14,129.82,130.06,129.44,129.51
2025-08-15,129.56,129.62,128.64,128.8
2025-08-18,128.7,129.18,128.7,128.83
2025-08-19,129.04,129.15,128.73,129.07
2025-08-20,129.04,129.49,128.88,129.46
2025-08-21,129.36,129.55,128.97,129.05
2025-08-22,129.12,129.55,128.94,129.44
2025-08-25,129.28,129.31,128.84,128.99
2025-08-26,129.25,129.5,129.15,129.43
2025-08-27,129.46,129.83,129.33,129.78
2025-08-28,129.68,129.9,129.5,129.69
2025-08-29,129.64,129.77,129.42,129.55
2025-09-01,129.47,129.5,129.07,129.18
2025-09-02,129.2,129.24,128.68,128.81
2025-09-03,128.8,129.34,128.63,129.22
2025-09-04,129.3,129.7,129.27,129.46
2025-09-05,129.59,130.22,129.52,130.1
2025-09-08,129.99,130.2,129.97,130.06
2025-09-09,129.21,129.28,128.97,129.03
2025-09-10,129.13,129.44,128.97,129.14
2025-09-11,129.18,129.38,128.75,129.1
2025-09-12,129.08,129.09,128.51,128.56
2025-09-15,128.6,128.82,128.53,128.73
2025-09-16,128.64,128.9,128.49,128.71
2025-09-17,128.75,129.13,128.71,128.91
2025-09-18,128.76,129.02,128.42,128.51
2025-09-19,128.48,128.49,128.16,128.18
2025-09-22,128.19,128.41,128.01,128.26
2025-09-23,128.26,128.41,128.13,128.18
2025-09-24,128.26,128.4,128.14,128.19
2025-09-25,128.2,128.38,127.88,128.0
2025-09-26,128.03,128.42,127.89,128.26
2025-09-29,128.32,128.66,128.29,128.6
2025-09-30,128.67,128.79,128.45,128.57
2025-10-01,128.45,128.76,128.24,128.59
2025-10-02,128.64,128.8,128.38,128.65
2025-10-03,128.69,128.8,128.61,128.67
2025-10-06,128.59,128.76,128.31,128.56
2025-10-07,128.48,128.63,128.25,128.53
2025-10-08,128.52,129.06,128.49,128.91
2025-10-09,128.91,129.01,128.63,128.66
2025-10-10,128.71,129.41,128.7,129.31
2025-10-13,129.19,129.51,129.13,129.4
2025-10-14,129.44,129.94,129.36,129.68
2025-10-15,129.7,130.18,129.68,130.14
2025-10-16,130.03,130.43,129.88,130.0
2025-10-17,130.45,130.59,129.87,129.97
2025-10-20,129.91,130.02,129.76,129.93
2025-10-21,130.0,130.3,129.94,130.21
2025-10-22,130.2,130.38,130.05,130.1
2025-10-23,130.2,130.24,129.89,129.97
2025-10-24,129.9,130.07,129.42,129.46
2025-10-27,129.4,129.64,129.26,129.57
2025-10-28,129.65,129.73,129.44,129.57
2025-10-29,129.58,129.62,129.21,129.57
2025-10-30,129.26,129.45,129.13,129.36
2025-10-31,129.39,129.49,129.16,129.39
2025-11-03,129.41,129.46,129.06,129.12
2025-11-04,129.13,129.36,129.09,129.29
2025-11-05,129.29,129.47,128.96,129.05
2025-11-06,129.02,129.29,128.99,129.18
2025-11-07,129.15,129.22,128.96,129.12
2025-11-10,128.96,129.19,128.8,129.13
2025-11-11,129.01,129.28,128.97,129.23
2025-11-12,129.19,129.36,128.97,129.31
2025-11-13,129.34,129.4,128.85,128.92
2025-11-14,128.84,128.97,128.54,128.66
2025-11-17,128.53,128.79,128.5,128.65
2025-11-18,128.56,128.94,128.53,128.71
2025-11-19,128.76,128.96,128.55,128.67
2025-11-20,128.52,128.67,128.37,128.62
2025-11-21,128.55,129.09,128.53,128.86
2025-11-24,128.86,129.0,128.72,128.82
2025-11-25,128.93,129.16,128.75,129.12
2025-11-26,129.02,129.21,128.89,129.04
2025-11-27,129.13,129.16,128.9,129.05
2025-11-28,129.0,129.1,128.81,128.88
2025-12-01,128.91,128.92,128.24,128.31
2025-12-02,128.29,128.35,128.12,128.24
2025-12-03,128.3,128.46,128.23,128.32
2025-12-04,128.37,128.37,128.05,128.1
2025-12-05,128.18,128.19,127.69,127.82
2025-12-08,127.73,127.74,127.35,127.42
2025-12-09,127.49,127.69,127.26,127.53
2025-12-10,127.44,127.59,127.05,127.43
2025-12-11,127.61,127.77,127.36,127.58
2025-12-12,127.48,127.55,127.3,127.43
2025-12-15,127.45,127.7,127.45,127.58
2025-12-16,127.57,127.68,127.33,127.56
2025-12-17,127.62,127.79,127.35,127.41
2025-12-18,127.5,127.65,127.06,127.57
2025-12-19,127.52,127.52,126.97,127.16
2025-12-22,126.97,127.16,126.75,126.96
2025-12-23,127.0,127.49,127.0,127.46
2025-12-29,127.6,127.86,127.31,127.8
2025-12-30,127.83,127.83,127.46,127.57
2026-01-02,127.48,127.5,127.03,127.11
2026-01-05,127.08,127.44,126.98,127.4
2026-01-06,127.34,127.81,127.13,127.68
2026-01-07,127.72,128.24,127.72,128.05
2026-01-08,128.0,128.15,127.72,127.86
2026-01-09,127.96,128.01,127.7,127.95
2026-01-12,127.91,128.22,127.82,128.17
2026-01-13,128.12,128.16,127.84,128.09
2026-01-14,128.04,128.49,127.98,128.36
2026-01-15,128.41,128.49,128.23,128.42
2026-01-16,128.32,128.42,128.09,128.14
2026-01-19,128.32,128.58,128.15,128.22
2026-01-20,128.16,128.19,127.64,127.97
2026-01-21,128.03,128.25,127.65,127.81
2026-01-22,127.74,128.03,127.69,127.76
2026-01-23,127.76,127.84,127.51,127.6
2026-01-26,127.63,127.99,127.59,127.95
2026-01-27,127.88,128.01,127.73,127.92
2026-01-28,127.9,128.17,127.8,128.03
2026-01-29,128.04,128.4,127.87,128.33
2026-01-30,128.21,128.3,128.06,128.17
2026-02-02,128.15,128.38,127.87,127.94
2026-02-03,127.94,127.94,127.56,127.69
2026-02-04,127.79,128.07,127.72,127.98
2026-02-05,127.97,128.35,127.82,128.24
2026-02-06,128.39,128.58,128.15,128.2
2026-02-09,128.2,128.34,128.03,128.31
2026-02-10,128.33,128.66,128.3,128.64
2026-02-11,128.62,128.76,128.39,128.67
2026-02-12,128.67,129.07,128.62,128.87
2026-02-13,129.02,129.34,128.9,129.23
2026-02-16,129.09,129.32,129.03,129.2
2026-02-17,129.16,129.47,129.13,129.33
2026-02-18,129.33,129.39,129.15,129.3
2026-02-19,129.26,129.34,129.05,129.25
2026-02-20,129.3,129.45,129.2,129.34
2026-02-23,129.35,129.71,129.3,129.61
2026-02-24,129.67,129.76,129.56,129.64
2026-02-25,129.7,129.71,129.5,129.63
2026-02-26,129.58,129.91,129.57,129.77
2026-02-27,129.84,130.35,129.76,130.23
2026-03-02,130.46,130.53,129.53,129.63
2026-03-03,129.61,129.63,128.53,128.93
2026-03-04,128.15,128.28,127.78,128.24
2026-03-05,128.0,128.03,127.09,127.18
2026-03-06,127.22,127.4,126.81,126.93
2026-03-09,126.7,127.48,125.94,126.92
2026-03-10,127.24,127.53,126.8,127.25
2026-03-11,127.12,127.2,126.12,126.33
2026-03-12,126.07,126.42,125.78,126.16
2026-03-13,125.94,126.26,125.68,125.9
2026-03-16,125.87,126.42,125.82,126.19
2026-03-17,126.22,126.6,126.02,126.47
2026-03-18,126.5,126.85,125.77,126.1
2026-03-19,125.81,126.39,125.46,125.97
2026-03-20,126.16,126.27,125.0,125.26
2026-03-23,124.97,126.05,124.77,125.45
2026-03-24,125.56,125.82,125.02,125.36
2026-03-25,125.83,126.11,125.56,125.98
2026-03-26,125.8,125.8,124.67,124.98
2026-03-27,124.81,124.87,124.25,124.48
2026-03-30,124.52,125.25,124.48,125.18
2026-03-31,124.96,125.98,124.9,125.39
2026-04-01,125.79,126.26,125.52,125.7
2026-04-02,125.71,125.88,125.05,125.67
2026-04-07,125.49,125.73,124.65,124.68
2026-04-08,125.8,126.64,125.74,126.21
2026-04-09,126.07,126.1,125.31,125.42
2026-04-10,125.57,125.62,125.02,125.2
2026-04-13,124.8,125.13,124.68,124.75
2026-04-14,125.1,125.54,124.88,125.32
2026-04-15,125.54,125.68,125.17,125.29
2026-04-16,125.32,125.75,125.14,125.44
2026-04-17,125.19,126.26,125.11,126.1
2026-04-20,125.78,126.01,125.66,125.85
2026-04-21,125.93,126.17,125.33,125.68
2026-04-22,125.51,125.84,125.48,125.71
2026-04-23,125.3,125.71,124.99,125.6
2026-04-24,125.35,125.84,125.2,125.63
2026-04-27,125.6,125.73,125.21,125.35
2026-04-28,125.36,125.36,124.84,125.13
2026-04-29,125.06,125.16,124.47,124.75
2026-04-30,124.56,125.46,124.4,125.36
2026-05-04,125.39,125.51,124.68,124.99
2026-05-05,124.91,125.11,124.74,124.93
2026-05-06,125.18,126.05,125.08,125.7
2026-05-07,125.76,126.14,125.4,125.83
2026-05-08,125.52,125.83,125.5,125.71
2026-05-11,125.55,125.62,125.18,125.28
2026-05-12,125.19,125.2,124.64,124.76
2026-05-13,124.63,124.91,124.57,124.69
2026-05-14,124.83,125.34,124.8,125.21
2026-05-15,125.0,125.03,123.92,124.27
2026-05-18,123.91,124.54,123.74,124.18
2026-05-19,124.37,124.41,123.81,123.96
2026-05-20,123.97,125.12,123.86,124.73
2026-05-21,124.83,125.33,124.6,124.81
2026-05-22,125.13,125.57,125.06,125.41
2026-05-25,125.78,126.48,125.72,126.33
2026-05-26,126.26,126.26,125.92,125.99
2026-05-27,126.11,126.3,125.84,125.97
2026-05-28,125.8,126.47,125.53,126.19
2026-05-29,126.16,126.54,126.05,126.49
2026-06-01,126.16,126.22,125.55,125.7
2026-06-02,126.02,126.32,125.93,126.04
2026-06-03,126.0,126.03,125.4,125.52
2026-06-04,125.5,125.76,125.4,125.61
2026-06-05,125.57,125.72,125.32,125.47
2026-06-08,125.33,125.53,125.11,125.21
2026-06-09,125.14,125.55,125.04,125.34
2026-06-10,125.39,125.47,124.88,125.2
2026-06-11,124.95,126.15,124.88,125.63
2026-06-12,126.01,126.29,125.7,125.9
2026-06-15,126.38,126.52,126.22,126.36
2026-06-16,126.2,126.74,126.18,126.51
2026-06-17,126.57,126.8,126.31,126.63
2026-06-18,126.55,126.78,126.47,126.76
2026-06-19,126.53,126.56,126.02,126.09
2026-06-22,126.02,126.53,126.01,126.47
2026-06-23,126.41,126.91,126.41,126.81
2026-06-24,126.72,127.38,126.67,127.29
2026-06-25,127.28,127.53,127.2,127.37
2026-06-26,127.26,127.64,127.25,127.47
2026-06-29,127.4,127.51,127.29,127.41
2026-06-30,127.39,127.69,127.16,127.34
2026-07-01,127.13,127.23,126.86,127.19
2026-07-02,127.04,127.06,126.68,126.99
2026-07-03,126.81,126.92,126.58,126.66
2026-07-06,126.59,126.82,126.45,126.59
2026-07-07,126.53,126.54,125.71,126.13
2026-07-08,125.69,125.77,125.04,125.14
2026-07-09,125.11,125.53,125.11,125.41
2026-07-10,125.42,125.74,125.34,125.55
2026-07-13,125.42,125.52,124.94,125.24
2026-07-14,125.08,125.38,124.82,125.24
2026-07-15,125.09,125.23,124.79,125.06
2026-07-16,125.11,125.12,124.62,124.85
2026-07-17,124.93,125.15,124.81,125.05
2026-07-20,124.7,125.1,124.59,124.79
2026-07-21,124.71,124.81,124.39,124.6
2026-07-22,124.54,124.6,124.27,124.47
2026-07-23,124.42,124.47,124.03,124.12
2026-07-24,124.23,124.53,124.15,124.46
2026-07-27,124.8,125.04,124.77,124.97
2026-07-28,124.93,125.25,124.93,125.15
2026-07-29,124.99,125.12,124.5,124.78
2026-07-30,124.5,124.82,124.3,124.57
2026-07-31,124.76,124.94,124.12,124.36
2026-08-03,124.42,124.95,124.42,124.79
2026-08-04,124.8,125.3,124.63,125.1
2026-08-05,125.3,125.51,125.1,125.25
2026-08-06,125.27,125.36,124.8,125.09
2026-08-07,124.83,125.16,124.71,125.0
2026-08-10,124.89,125.08,124.46,124.56
2026-08-11,124.46,124.87,124.28,124.82
2026-08-12,124.69,125.06,124.63,124.74
2026-08-13,124.67,125.21,124.65,124.99
2026-08-14,124.98,125.01,124.19,124.4
2026-08-17,124.32,124.44,124.01,124.21
2026-08-18,124.04,124.06,123.6,123.81
2026-08-19,123.82,123.97,123.63,123.76
2026-08-20,123.76,123.97,123.62,123.9
2026-08-21,123.83,124.11,123.72,123.82
2026-08-24,123.86,124.09,123.67,123.86
2026-08-25,123.84,124.74,123.74,124.28
2026-08-26,124.65,124.65,123.94,124.15
2026-08-27,124.06,124.19,123.68,123.93
2026-08-28,123.76,124.0,123.5,123.66
2026-08-31,123.55,123.63,123.13,123.26
2026-09-01,123.18,123.18,122.61,123.08
2026-09-02,122.61,122.83,122.48,122.63
2026-09-03,122.76,123.15,122.73,122.92
2026-09-04,122.87,123.23,122.69,123.02
