date,close
1990-09-05,9.005
1990-09-07,9.005
1990-09-10,8.925
1990-09-11,8.954
1990-09-12,8.965
1990-09-13,8.984
1990-09-14,8.992
1990-09-17,9.035
1990-09-18,9.032
1990-09-19,9.013
1990-09-20,9.014
1990-09-21,9.034
1990-09-24,9.087
1990-09-25,9.121
1990-09-26,9.104
1990-09-27,9.111
1990-09-28,9.129
1990-10-01,9.072
1990-10-02,9.008
1990-10-03,9.04
1990-10-04,9.059
1990-10-05,9.096
1990-10-08,9.053
1990-10-09,9.098
1990-10-10,9.112
1990-10-11,9.116
1990-10-12,9.098
1990-10-15,9.069
1990-10-16,9.077
1990-10-17,9.052
1990-10-18,8.988
1990-10-19,8.98
1990-10-22,8.954
1990-10-23,8.959
1990-10-24,8.957
1990-10-25,8.936
1990-10-29,8.964
1990-10-30,8.984
1990-10-31,8.957
1990-11-01,8.963
1990-11-06,9.012
1990-11-07,9.026
1990-11-08,9.062
1990-11-09,9.067
1990-11-12,8.998
1990-11-13,8.985
1990-11-14,9.003
1990-11-15,8.978
1990-11-19,8.887
1990-11-20,8.81
1990-11-21,8.796
1990-11-23,8.795
1990-11-26,8.803
1990-11-27,8.821
1990-11-28,8.839
1990-11-29,8.839
1990-11-30,8.824
1990-12-03,8.765
1990-12-04,8.857
1990-12-05,8.857
1990-12-06,8.831
1990-12-07,8.773
1990-12-10,8.785
1990-12-11,8.713
1990-12-12,8.696
1990-12-13,8.611
1990-12-14,8.655
1990-12-17,8.706
1990-12-19,8.711
1990-12-20,8.822
1990-12-21,8.92
1990-12-27,8.981
1990-12-28,8.998
1990-12-31,8.998
1991-01-01,8.992
1991-01-02,8.936
1991-01-03,8.936
1991-01-04,8.936
1991-01-07,9.001
1991-01-08,8.983
1991-01-09,8.983
1991-01-10,8.963
1991-01-11,8.946
1991-01-14,8.968
1991-01-15,8.97
1991-01-16,8.996
1991-01-17,8.848
1991-01-18,8.868
1991-01-21,8.855
1991-01-22,8.871
1991-01-23,8.857
1991-01-24,8.728
1991-01-25,8.727
1991-01-28,8.751
1991-01-29,8.685
1991-01-30,8.643
1991-01-31,8.615
1991-02-01,8.595
1991-02-04,8.575
1991-02-05,8.452
1991-02-06,8.45
1991-02-07,8.388
1991-02-08,8.414
1991-02-11,8.41
1991-02-12,8.444
1991-02-13,8.419
1991-02-14,8.245
1991-02-15,8.256
1991-02-18,8.211
1991-02-19,8.248
1991-02-20,8.317
1991-02-21,8.314
1991-02-22,8.322
1991-02-25,8.302
1991-02-26,8.354
1991-02-27,8.36
1991-02-28,8.329
1991-03-01,8.373
1991-03-04,8.414
1991-03-05,8.353
1991-03-06,8.341
1991-03-07,8.292
1991-03-08,8.304
1991-03-11,8.339
1991-03-12,8.338
1991-03-13,8.38
1991-03-14,8.366
1991-03-15,8.421
1991-03-18,8.456
1991-03-19,8.5
1991-03-20,8.485
1991-03-21,8.467
1991-03-22,8.468
1991-03-25,8.514
1991-03-26,8.547
1991-03-27,8.549
1991-03-28,8.484
1991-03-29,8.484
1991-04-01,8.471
1991-04-02,8.471
1991-04-03,8.435
1991-04-04,8.354
1991-04-05,8.331
1991-04-08,8.281
1991-04-09,8.316
1991-04-10,8.34
1991-04-11,8.321
1991-04-12,8.309
1991-04-15,8.315
1991-04-16,8.382
1991-04-17,8.335
1991-04-18,8.364
1991-04-19,8.422
1991-04-22,8.448
1991-04-23,8.397
1991-04-24,8.418
1991-04-25,8.407
1991-04-26,8.442
1991-04-29,8.398
1991-04-30,8.341
1991-05-01,8.337
1991-05-02,8.337
1991-05-03,8.385
1991-05-06,8.375
1991-05-07,8.399
1991-05-08,8.437
1991-05-09,8.41
1991-05-10,8.404
1991-05-13,8.425
1991-05-14,8.498
1991-05-15,8.426
1991-05-16,8.426
1991-05-17,8.436
1991-05-20,8.436
1991-05-21,8.358
1991-05-22,8.329
1991-05-23,8.331
1991-05-24,8.335
1991-05-27,8.297
1991-05-28,8.274
1991-05-29,8.262
1991-05-30,8.273
1991-05-31,8.266
1991-06-03,8.305
1991-06-04,8.308
1991-06-05,8.338
1991-06-06,8.327
1991-06-07,8.361
1991-06-10,8.366
1991-06-11,8.346
1991-06-12,8.368
1991-06-13,8.368
1991-06-14,8.329
1991-06-17,8.345
1991-06-18,8.317
1991-06-19,8.324
1991-06-20,8.323
1991-06-21,8.316
1991-06-24,8.34
1991-06-25,8.356
1991-06-26,8.372
1991-06-27,8.414
1991-06-28,8.492
1991-07-01,8.518
1991-07-02,8.532
1991-07-03,8.513
1991-07-04,8.537
1991-07-05,8.574
1991-07-08,8.567
1991-07-09,8.566
1991-07-10,8.532
1991-07-11,8.555
1991-07-12,8.517
1991-07-15,8.527
1991-07-16,8.587
1991-07-17,8.576
1991-07-18,8.608
1991-07-19,8.635
1991-07-22,8.633
1991-07-23,8.679
1991-07-24,8.675
1991-07-25,8.691
1991-07-26,8.707
1991-07-29,8.695
1991-07-30,8.693
1991-07-31,8.669
1991-08-01,8.647
1991-08-02,8.597
1991-08-05,8.604
1991-08-06,8.58
1991-08-07,8.568
1991-08-08,8.578
1991-08-09,8.593
1991-08-12,8.586
1991-08-13,8.517
1991-08-14,8.489
1991-08-15,8.447
1991-08-16,8.472
1991-08-19,8.627
1991-08-20,8.603
1991-08-21,8.511
1991-08-22,8.489
1991-08-23,8.504
1991-08-26,8.504
1991-08-27,8.491
1991-08-28,8.445
1991-08-29,8.411
1991-08-30,8.464
1991-09-02,8.412
1991-09-03,8.409
1991-09-04,8.422
1991-09-05,8.453
1991-09-06,8.419
1991-09-09,8.393
1991-09-10,8.426
1991-09-11,8.438
1991-09-12,8.412
1991-09-13,8.411
1991-09-16,8.407
1991-09-17,8.403
1991-09-18,8.412
1991-09-19,8.435
1991-09-20,8.434
1991-09-23,8.457
1991-09-24,8.426
1991-09-25,8.428
1991-09-26,8.429
1991-09-27,8.417
1991-09-30,8.397
1991-10-01,8.348
1991-10-02,8.316
1991-10-03,8.274
1991-10-04,8.274
1991-10-07,8.264
1991-10-08,8.298
1991-10-09,8.286
1991-10-10,8.267
1991-10-11,8.214
1991-10-14,8.226
1991-10-15,8.24
1991-10-16,8.238
1991-10-17,8.231
1991-10-18,8.23
1991-10-21,8.288
1991-10-22,8.317
1991-10-23,8.327
1991-10-24,8.314
1991-10-25,8.342
1991-10-28,8.384
1991-10-29,8.329
1991-10-30,8.337
1991-10-31,8.36
1991-11-01,8.35
1991-11-04,8.379
1991-11-05,8.365
1991-11-06,8.328
1991-11-07,8.315
1991-11-08,8.234
1991-11-11,8.25
1991-11-12,8.239
1991-11-13,8.234
1991-11-14,8.212
1991-11-15,8.223
1991-11-18,8.246
1991-11-19,8.224
1991-11-20,8.235
1991-11-21,8.239
1991-11-22,8.281
1991-11-25,8.3
1991-11-26,8.273
1991-11-27,8.322
1991-11-28,8.306
1991-11-29,8.328
1991-12-02,8.343
1991-12-03,8.3
1991-12-04,8.325
1991-12-05,8.271
1991-12-06,8.252
1991-12-09,8.263
1991-12-10,8.27
1991-12-11,8.278
1991-12-12,8.234
1991-12-13,8.248
1991-12-16,8.214
1991-12-17,8.168
1991-12-18,8.164
1991-12-19,8.12
1991-12-20,8.116
1991-12-23,8.129
1991-12-24,8.129
1991-12-25,8.129
1991-12-26,8.117
1991-12-27,8.117
1991-12-30,8.034
1991-12-31,8.009
1992-01-01,7.988
1992-01-02,8.043
1992-01-03,8.054
1992-01-06,8.01
1992-01-07,7.989
1992-01-08,8.005
1992-01-09,7.988
1992-01-10,7.924
1992-01-13,7.937
1992-01-14,7.921
1992-01-15,7.899
1992-01-16,7.901
1992-01-17,7.899
1992-01-20,7.911
1992-01-21,7.818
1992-01-22,7.792
1992-01-23,7.847
1992-01-24,7.848
1992-01-27,7.857
1992-01-28,7.842
1992-01-29,7.828
1992-01-30,7.844
1992-01-31,7.856
1992-02-03,7.861
1992-02-04,7.913
1992-02-05,7.899
1992-02-06,7.904
1992-02-07,7.865
1992-02-10,7.865
1992-02-11,7.85
1992-02-12,7.857
1992-02-13,7.848
1992-02-14,7.873
1992-02-17,7.912
1992-02-18,7.907
1992-02-19,7.932
1992-02-20,7.915
1992-02-21,7.921
1992-02-24,7.927
1992-02-25,7.897
1992-02-26,7.851
1992-02-27,7.827
1992-02-28,7.831
1992-03-02,7.831
1992-03-03,7.85
1992-03-04,7.834
1992-03-05,7.88
1992-03-06,7.906
1992-03-09,7.891
1992-03-10,7.869
1992-03-11,7.897
1992-03-12,7.93
1992-03-13,7.918
1992-03-16,7.94
1992-03-17,7.922
1992-03-18,7.911
1992-03-19,7.944
1992-03-20,7.959
1992-03-23,8.025
1992-03-24,8.025
1992-03-25,8.004
1992-03-26,8.012
1992-03-27,8.035
1992-03-30,8.005
1992-03-31,7.997
1992-04-01,8.008
1992-04-02,8.02
1992-04-03,8.006
1992-04-06,7.956
1992-04-07,7.923
1992-04-08,7.912
1992-04-09,7.917
1992-04-10,7.87
1992-04-13,7.885
1992-04-14,7.896
1992-04-15,7.882
1992-04-16,7.895
1992-04-17,7.918
1992-04-20,7.93
1992-04-21,7.932
1992-04-22,7.925
1992-04-23,7.917
1992-04-24,7.977
1992-04-27,7.968
1992-04-28,7.982
1992-04-29,7.981
1992-04-30,7.995
1992-05-01,7.99
1992-05-04,7.998
1992-05-05,8.039
1992-05-06,7.992
1992-05-07,7.955
1992-05-08,7.963
1992-05-11,7.972
1992-05-12,7.97
1992-05-13,7.95
1992-05-14,7.955
1992-05-15,7.994
1992-05-18,7.946
1992-05-19,7.949
1992-05-20,7.927
1992-05-21,7.944
1992-05-22,7.921
1992-05-25,7.929
1992-05-26,7.915
1992-05-27,7.948
1992-05-28,7.945
1992-05-29,7.93
1992-06-01,7.933
1992-06-02,7.949
1992-06-03,7.954
1992-06-04,7.961
1992-06-05,7.943
1992-06-08,7.919
1992-06-09,7.908
1992-06-10,7.916
1992-06-11,7.916
1992-06-12,7.937
1992-06-15,7.97
1992-06-16,7.967
1992-06-17,7.967
1992-06-18,7.97
1992-06-19,7.976
1992-06-22,7.99
1992-06-23,8.034
1992-06-24,8.033
1992-06-25,8.042
1992-06-26,8.044
1992-06-29,8.044
1992-06-30,8.031
1992-07-01,8.021
1992-07-02,7.965
1992-07-03,7.95
1992-07-06,7.959
1992-07-07,7.951
1992-07-08,7.961
1992-07-09,7.97
1992-07-10,7.976
1992-07-13,8.039
1992-07-14,8.027
1992-07-15,8.036
1992-07-16,8.028
1992-07-17,8.058
1992-07-20,8.167
1992-07-21,8.121
1992-07-22,8.057
1992-07-23,8.035
1992-07-24,8.043
1992-07-27,8.029
1992-07-28,8.03
1992-07-29,8.025
1992-07-30,8.083
1992-07-31,8.156
1992-08-03,8.098
1992-08-04,8.095
1992-08-05,8.089
1992-08-06,8.062
1992-08-07,8.03
1992-08-10,8.034
1992-08-11,8.034
1992-08-12,8.047
1992-08-13,8.043
1992-08-14,7.954
1992-08-17,7.939
1992-08-18,7.948
1992-08-19,7.958
1992-08-20,7.913
1992-08-21,7.896
1992-08-24,7.874
1992-08-25,7.863
1992-08-26,7.869
1992-08-27,7.876
1992-08-28,7.876
1992-08-31,7.889
1992-09-01,7.888
1992-09-02,7.89
1992-09-03,7.895
1992-09-04,7.903
1992-09-07,7.786
1992-09-08,7.757
1992-09-09,7.756
1992-09-10,7.744
1992-09-11,7.753
1992-09-14,7.602
1992-09-15,7.595
1992-09-16,7.489
1992-09-17,7.494
1992-09-18,7.427
1992-09-21,7.488
1992-09-22,7.508
1992-09-23,7.449
1992-09-24,7.453
1992-09-25,7.49
1992-09-28,7.528
1992-09-29,7.525
1992-09-30,7.471
1992-10-01,7.387
1992-10-02,7.386
1992-10-05,7.333
1992-10-06,7.385
1992-10-07,7.383
1992-10-08,7.41
1992-10-09,7.409
1992-10-12,7.466
1992-10-13,7.417
1992-10-14,7.417
1992-10-15,7.42
1992-10-16,7.366
1992-10-19,7.334
1992-10-20,7.267
1992-10-21,7.297
1992-10-22,7.32
1992-10-23,7.267
1992-10-26,7.262
1992-10-27,7.291
1992-10-28,7.295
1992-10-29,7.32
1992-10-30,7.33
1992-11-02,7.331
1992-11-03,7.311
1992-11-04,7.308
1992-11-05,7.318
1992-11-06,7.302
1992-11-09,7.283
1992-11-10,7.284
1992-11-11,7.291
1992-11-12,7.287
1992-11-13,7.329
1992-11-16,7.329
1992-11-17,7.34
1992-11-18,7.338
1992-11-19,7.309
1992-11-20,7.282
1992-11-23,7.282
1992-11-24,7.258
1992-11-25,7.268
1992-11-26,7.289
1992-11-27,7.288
1992-11-30,7.319
1992-12-01,7.342
1992-12-02,7.357
1992-12-03,7.316
1992-12-04,7.327
1992-12-07,7.327
1992-12-08,7.34
1992-12-09,7.327
1992-12-10,7.34
1992-12-11,7.342
1992-12-14,7.345
1992-12-15,7.35
1992-12-16,7.35
1992-12-17,7.349
1992-12-18,7.308
1992-12-21,7.28
1992-12-22,7.188
1992-12-23,7.186
1992-12-24,7.185
1992-12-25,7.205
1992-12-28,7.172
1992-12-29,7.173
1992-12-30,7.179
1992-12-31,7.19
1993-01-01,7.19
1993-01-04,7.178
1993-01-05,7.123
1993-01-06,7.104
1993-01-07,7.098
1993-01-08,7.077
1993-01-11,7.068
1993-01-12,7.064
1993-01-13,7.064
1993-01-14,7.074
1993-01-15,7.041
1993-01-18,7.038
1993-01-19,7.033
1993-01-20,7.04
1993-01-21,7.072
1993-01-22,7.057
1993-01-25,7.067
1993-01-26,7.086
1993-01-27,7.094
1993-01-28,7.074
1993-01-29,7.065
1993-02-01,7.042
1993-02-02,7.035
1993-02-03,7.006
1993-02-04,6.999
1993-02-05,7.004
1993-02-08,7.006
1993-02-09,7.006
1993-02-10,6.996
1993-02-11,6.978
1993-02-12,6.985
1993-02-15,6.981
1993-02-16,6.936
1993-02-17,6.914
1993-02-18,6.893
1993-02-19,6.835
1993-02-22,6.785
1993-02-23,6.768
1993-02-24,6.777
1993-02-25,6.787
1993-02-26,6.691
1993-03-01,6.609
1993-03-02,6.622
1993-03-03,6.605
1993-03-04,6.586
1993-03-05,6.499
1993-03-08,6.492
1993-03-09,6.499
1993-03-10,6.459
1993-03-11,6.469
1993-03-12,6.497
1993-03-15,6.532
1993-03-16,6.54
1993-03-17,6.562
1993-03-18,6.595
1993-03-19,6.605
1993-03-22,6.662
1993-03-23,6.657
1993-03-24,6.662
1993-03-25,6.643
1993-03-26,6.618
1993-03-29,6.625
1993-03-30,6.622
1993-03-31,6.703
1993-04-01,6.709
1993-04-02,6.738
1993-04-05,6.725
1993-04-06,6.662
1993-04-07,6.631
1993-04-08,6.609
1993-04-12,6.609
1993-04-13,6.556
1993-04-14,6.556
1993-04-15,6.557
1993-04-16,6.576
1993-04-19,6.563
1993-04-20,6.566
1993-04-21,6.614
1993-04-22,6.585
1993-04-23,6.626
1993-04-26,6.688
1993-04-27,6.686
1993-04-28,6.722
1993-04-29,6.801
1993-04-30,6.804
1993-05-03,6.801
1993-05-04,6.782
1993-05-05,6.783
1993-05-06,6.785
1993-05-07,6.777
1993-05-10,6.792
1993-05-11,6.771
1993-05-12,6.716
1993-05-13,6.699
1993-05-14,6.737
1993-05-17,6.778
1993-05-18,6.79
1993-05-19,6.833
1993-05-20,6.87
1993-05-21,6.864
1993-05-24,6.898
1993-05-25,6.838
1993-05-26,6.837
1993-05-27,6.812
1993-05-28,6.819
1993-06-01,6.867
1993-06-02,6.895
1993-06-03,6.866
1993-06-04,6.868
1993-06-07,6.904
1993-06-08,6.866
1993-06-09,6.823
1993-06-10,6.806
1993-06-11,6.784
1993-06-14,6.763
1993-06-15,6.777
1993-06-16,6.75
1993-06-17,6.775
1993-06-18,6.73
1993-06-21,6.705
1993-06-22,6.727
1993-06-23,6.723
1993-06-24,6.713
1993-06-25,6.709
1993-06-28,6.672
1993-06-29,6.641
1993-06-30,6.638
1993-07-01,6.651
1993-07-02,6.709
1993-07-05,6.709
1993-07-06,6.701
1993-07-07,6.681
1993-07-08,6.618
1993-07-09,6.574
1993-07-12,6.572
1993-07-13,6.565
1993-07-14,6.562
1993-07-15,6.571
1993-07-16,6.561
1993-07-19,6.553
1993-07-20,6.567
1993-07-21,6.584
1993-07-22,6.58
1993-07-23,6.555
1993-07-26,6.541
1993-07-27,6.567
1993-07-28,6.557
1993-07-29,6.559
1993-07-30,6.531
1993-08-02,6.525
1993-08-03,6.485
1993-08-04,6.455
1993-08-05,6.443
1993-08-06,6.411
1993-08-09,6.418
1993-08-10,6.396
1993-08-11,6.359
1993-08-12,6.358
1993-08-13,6.358
1993-08-16,6.351
1993-08-17,6.381
1993-08-18,6.318
1993-08-19,6.314
1993-08-20,6.33
1993-08-23,6.319
1993-08-24,6.309
1993-08-25,6.273
1993-08-26,6.275
1993-08-27,6.237
1993-08-30,6.206
1993-08-31,6.165
1993-09-01,6.14
1993-09-02,6.141
1993-09-03,6.134
1993-09-06,6.123
1993-09-07,6.134
1993-09-08,6.119
1993-09-09,6.116
1993-09-10,6.127
1993-09-13,6.12
1993-09-14,6.124
1993-09-15,6.126
1993-09-16,6.138
1993-09-17,6.076
1993-09-20,6.061
1993-09-21,6.059
1993-09-22,6.079
1993-09-23,6.113
1993-09-24,6.155
1993-09-27,6.089
1993-09-28,6.055
1993-09-29,6.06
1993-09-30,6.068
1993-10-01,6.064
1993-10-04,6.074
1993-10-05,6.014
1993-10-06,5.978
1993-10-07,5.985
1993-10-08,5.955
1993-10-11,5.959
1993-10-12,5.94
1993-10-13,5.932
1993-10-14,5.93
1993-10-15,5.908
1993-10-18,5.875
1993-10-19,5.869
1993-10-20,5.851
1993-10-21,5.847
1993-10-22,5.828
1993-10-25,5.853
1993-10-26,5.861
1993-10-27,5.864
1993-10-28,5.868
1993-10-29,5.845
1993-11-01,5.845
1993-11-02,5.85
1993-11-03,5.844
1993-11-04,5.847
1993-11-05,5.886
1993-11-08,5.888
1993-11-09,5.858
1993-11-10,5.864
1993-11-11,5.864
1993-11-12,5.869
1993-11-15,5.844
1993-11-16,5.829
1993-11-17,5.816
1993-11-18,5.796
1993-11-19,5.797
1993-11-22,5.825
1993-11-23,5.717
1993-11-24,5.878
1993-11-25,5.862
1993-11-26,5.85
1993-11-29,5.836
1993-11-30,5.836
1993-12-01,5.836
1993-12-02,5.848
1993-12-03,5.846
1993-12-06,5.831
1993-12-07,5.826
1993-12-08,5.79
1993-12-09,5.754
1993-12-10,5.716
1993-12-13,5.716
1993-12-14,5.701
1993-12-15,5.723
1993-12-16,5.714
1993-12-17,5.687
1993-12-20,5.646
1993-12-21,5.656
1993-12-22,5.653
1993-12-23,5.628
1993-12-24,5.628
1993-12-27,5.623
1993-12-28,5.624
1993-12-29,5.576
1993-12-30,5.542
1994-01-03,5.527
1994-01-04,5.539
1994-01-05,5.564
1994-01-06,5.612
1994-01-07,5.585
1994-01-10,5.585
1994-01-11,5.57
1994-01-12,5.569
1994-01-13,5.554
1994-01-14,5.583
1994-01-17,5.601
1994-01-18,5.584
1994-01-19,5.596
1994-01-20,5.63
1994-01-21,5.643
1994-01-24,5.727
1994-01-25,5.724
1994-01-26,5.721
1994-01-27,5.732
1994-01-28,5.708
1994-01-31,5.682
1994-02-01,5.683
1994-02-02,5.687
1994-02-03,5.703
1994-02-04,5.774
1994-02-07,5.778
1994-02-08,5.789
1994-02-09,5.881
1994-02-10,5.8
1994-02-11,5.783
1994-02-14,5.791
1994-02-15,5.835
1994-02-16,5.887
1994-02-17,5.885
1994-02-18,5.938
1994-02-21,6.027
1994-02-22,5.967
1994-02-23,5.967
1994-02-24,6.093
1994-02-25,6.164
1994-02-28,6.099
1994-03-01,6.22
1994-03-03,6.23
1994-03-04,6.2
1994-03-07,6.092
1994-03-08,6.233
1994-03-09,6.4
1994-03-14,6.32
1994-03-15,6.255
1994-03-16,6.232
1994-03-17,6.27
1994-03-18,6.387
1994-03-21,6.447
1994-03-22,6.364
1994-03-23,6.371
1994-03-24,6.275
1994-03-25,6.403
1994-03-28,6.359
1994-03-29,6.398
1994-03-30,6.359
1994-03-31,6.323
1994-04-05,6.328
1994-04-06,6.306
1994-04-07,6.289
1994-04-08,6.301
1994-04-11,6.255
1994-04-12,6.261
1994-04-13,6.308
1994-04-14,6.303
1994-04-15,6.355
1994-04-18,6.474
1994-04-19,6.561
1994-04-20,6.647
1994-04-25,6.735
1994-04-26,6.642
1994-04-27,6.556
1994-04-28,6.592
1994-04-29,6.535
1994-05-02,6.556
1994-05-03,6.579
1994-05-04,6.672
1994-05-05,6.681
1994-05-06,6.676
1994-05-09,6.745
1994-05-10,6.594
1994-05-11,6.616
1994-05-13,6.59
1994-05-16,6.514
1994-05-17,6.529
1994-05-18,6.465
1994-05-19,6.455
1994-05-20,6.534
1994-05-24,6.691
1994-05-25,6.811
1994-05-26,6.811
1994-05-27,6.847
1994-05-30,6.822
1994-06-01,7.087
1994-06-03,6.919
1994-06-06,6.983
1994-06-07,7.021
1994-06-08,6.93
1994-06-09,6.944
1994-06-10,6.861
1994-06-13,7.033
1994-06-14,7.037
1994-06-15,7.106
1994-06-16,7.176
1994-06-17,7.198
1994-06-20,7.315
1994-06-21,7.329
1994-06-22,7.225
1994-06-23,7.013
1994-06-24,7.088
1994-06-27,7.033
1994-06-28,6.99
1994-06-29,6.968
1994-06-30,7.056
1994-07-01,7.068
1994-07-04,7.026
1994-07-05,7.075
1994-07-06,7.049
1994-07-07,7.065
1994-07-08,7.005
1994-07-11,6.882
1994-07-12,6.848
1994-07-13,6.89
1994-07-14,6.738
1994-07-15,6.815
1994-07-18,6.751
1994-07-19,6.708
1994-07-20,6.826
1994-07-21,6.786
1994-07-22,6.836
1994-07-25,6.773
1994-07-26,6.811
1994-07-27,6.86
1994-07-28,6.905
1994-07-29,6.821
1994-08-01,6.818
1994-08-02,6.781
1994-08-03,6.781
1994-08-04,6.85
1994-08-05,6.869
1994-08-08,6.928
1994-08-09,7.012
1994-08-10,7.01
1994-08-11,7.2
1994-08-12,7.188
1994-08-15,7.204
1994-08-16,7.157
1994-08-17,7.212
1994-08-18,7.19
1994-08-19,7.241
1994-08-22,7.294
1994-08-23,7.253
1994-08-24,7.259
1994-08-25,7.232
1994-08-26,7.152
1994-08-29,7.176
1994-08-30,7.212
1994-08-31,7.217
1994-09-01,7.287
1994-09-02,7.345
1994-09-05,7.397
1994-09-06,7.452
1994-09-07,7.476
1994-09-08,7.432
1994-09-09,7.58
1994-09-12,7.542
1994-09-13,7.51
1994-09-14,7.6
1994-09-15,7.497
1994-09-16,7.551
1994-09-19,7.634
1994-09-20,7.704
1994-09-21,7.685
1994-09-22,7.594
1994-09-23,7.573
1994-09-26,7.59
1994-09-27,7.579
1994-09-28,7.481
1994-09-29,7.534
1994-09-30,7.571
1994-10-04,7.719
1994-10-05,7.794
1994-10-06,7.749
1994-10-07,7.719
1994-10-10,7.614
1994-10-11,7.548
1994-10-12,7.556
1994-10-13,7.398
1994-10-14,7.402
1994-10-17,7.325
1994-10-18,7.331
1994-10-19,7.407
1994-10-20,7.439
1994-10-21,7.496
1994-10-24,7.559
1994-10-25,7.677
1994-10-26,7.677
1994-10-27,7.609
1994-10-28,7.57
1994-10-31,7.638
1994-11-01,7.636
1994-11-02,7.68
1994-11-03,7.641
1994-11-04,7.605
1994-11-07,7.646
1994-11-08,7.598
1994-11-09,7.527
1994-11-10,7.471
1994-11-11,7.486
1994-11-14,7.444
1994-11-15,7.412
1994-11-17,7.535
1994-11-18,7.526
1994-11-21,7.487
1994-11-22,7.445
1994-11-23,7.354
1994-11-24,7.296
1994-11-25,7.278
1994-11-28,7.312
1994-11-29,7.374
1994-11-30,7.307
1994-12-01,7.324
1994-12-02,7.291
1994-12-05,7.331
1994-12-06,7.329
1994-12-07,7.39
1994-12-08,7.401
1994-12-09,7.397
1994-12-12,7.461
1994-12-13,7.499
1994-12-14,7.499
1994-12-15,7.489
1994-12-16,7.475
1994-12-19,7.507
1994-12-20,7.513
1994-12-21,7.505
1994-12-22,7.489
1994-12-23,7.503
1994-12-27,7.471
1994-12-28,7.509
1994-12-29,7.653
1994-12-30,7.597
1995-01-02,7.643
1995-01-03,7.921
1995-01-04,7.671
1995-01-05,7.774
1995-01-06,7.7
1995-01-09,7.736
1995-01-10,7.612
1995-01-11,7.621
1995-01-12,7.576
1995-01-13,7.508
1995-01-16,7.524
1995-01-17,7.565
1995-01-18,7.515
1995-01-19,7.518
1995-01-20,7.528
1995-01-23,7.588
1995-01-24,7.564
1995-01-25,7.529
1995-01-26,7.445
1995-01-27,7.406
1995-01-30,7.434
1995-01-31,7.44
1995-02-01,7.423
1995-02-02,7.454
1995-02-03,7.385
1995-02-06,7.422
1995-02-07,7.352
1995-02-08,7.368
1995-02-09,7.364
1995-02-10,7.407
1995-02-13,7.448
1995-02-14,7.426
1995-02-15,7.363
1995-02-16,7.393
1995-02-17,7.397
1995-02-20,7.404
1995-02-21,7.435
1995-02-22,7.426
1995-02-23,7.356
1995-02-24,7.415
1995-02-27,7.299
1995-02-28,7.372
1995-03-01,7.293
1995-03-02,7.383
1995-03-03,7.385
1995-03-06,7.343
1995-03-07,7.447
1995-03-08,7.393
1995-03-09,7.419
1995-03-10,7.347
1995-03-13,7.356
1995-03-14,7.255
1995-03-15,7.259
1995-03-16,7.154
1995-03-17,7.149
1995-03-20,7.129
1995-03-21,7.131
1995-03-22,7.168
1995-03-23,7.178
1995-03-24,7.145
1995-03-27,7.156
1995-03-28,7.156
1995-03-29,7.134
1995-03-30,7.152
1995-03-31,7.186
1995-04-03,7.081
1995-04-04,7.043
1995-04-05,7.029
1995-04-06,7.037
1995-04-07,7.077
1995-04-10,7.113
1995-04-11,7.146
1995-04-12,7.086
1995-04-13,7.055
1995-04-18,7.044
1995-04-19,7.113
1995-04-20,7.065
1995-04-21,7.074
1995-04-24,7.044
1995-04-25,7.083
1995-04-26,7.027
1995-04-27,7.041
1995-04-28,7.021
1995-05-02,7.052
1995-05-03,7.0
1995-05-04,6.962
1995-05-05,6.872
1995-05-08,6.884
1995-05-09,6.854
1995-05-10,6.875
1995-05-11,6.911
1995-05-12,6.909
1995-05-15,6.853
1995-05-16,6.794
1995-05-17,6.773
1995-05-18,6.789
1995-05-19,6.792
1995-05-22,6.803
1995-05-23,6.778
1995-05-24,6.707
1995-05-26,6.651
1995-05-29,6.669
1995-05-30,6.622
1995-05-31,6.58
1995-06-01,6.58
1995-06-02,6.544
1995-06-05,6.616
1995-06-06,6.486
1995-06-07,6.505
1995-06-08,6.557
1995-06-09,6.593
1995-06-12,6.759
1995-06-13,6.707
1995-06-14,6.677
1995-06-16,6.764
1995-06-19,6.691
1995-06-20,6.661
1995-06-21,6.664
1995-06-22,6.626
1995-06-23,6.714
1995-06-26,6.785
1995-06-27,6.769
1995-06-28,6.774
1995-06-29,6.788
1995-06-30,6.902
1995-07-03,6.921
1995-07-04,6.891
1995-07-05,6.791
1995-07-06,6.836
1995-07-07,6.692
1995-07-10,6.676
1995-07-11,6.69
1995-07-12,6.698
1995-07-13,6.694
1995-07-14,6.719
1995-07-17,6.722
1995-07-18,6.732
1995-07-19,6.813
1995-07-20,6.848
1995-07-21,6.837
1995-07-24,6.855
1995-07-25,6.755
1995-07-26,6.735
1995-07-27,6.758
1995-07-28,6.739
1995-07-31,6.762
1995-08-01,6.755
1995-08-02,6.667
1995-08-03,6.689
1995-08-04,6.66
1995-08-07,6.648
1995-08-08,6.649
1995-08-09,6.675
1995-08-10,6.658
1995-08-11,6.662
1995-08-14,6.67
1995-08-15,6.76
1995-08-16,6.774
1995-08-17,6.777
1995-08-18,6.738
1995-08-21,6.682
1995-08-22,6.688
1995-08-23,6.676
1995-08-24,6.686
1995-08-25,6.675
1995-08-28,6.658
1995-08-29,6.669
1995-08-30,6.674
1995-08-31,6.677
1995-09-01,6.626
1995-09-04,6.616
1995-09-05,6.561
1995-09-06,6.561
1995-09-07,6.518
1995-09-08,6.589
1995-09-11,6.593
1995-09-12,6.567
1995-09-13,6.498
1995-09-14,6.472
1995-09-15,6.457
1995-09-18,6.492
1995-09-19,6.468
1995-09-20,6.391
1995-09-21,6.388
1995-09-22,6.443
1995-09-25,6.542
1995-09-26,6.548
1995-09-27,6.567
1995-09-28,6.63
1995-09-29,6.613
1995-10-02,6.563
1995-10-03,6.56
1995-10-04,6.543
1995-10-05,6.54
1995-10-06,6.578
1995-10-09,6.572
1995-10-10,6.559
1995-10-11,6.589
1995-10-12,6.589
1995-10-13,6.515
1995-10-16,6.533
1995-10-17,6.539
1995-10-18,6.519
1995-10-19,6.496
1995-10-20,6.498
1995-10-23,6.546
1995-10-24,6.536
1995-10-25,6.451
1995-10-26,6.449
1995-10-27,6.462
1995-10-30,6.448
1995-10-31,6.425
1995-11-01,6.391
1995-11-02,6.387
1995-11-03,6.388
1995-11-06,6.392
1995-11-07,6.392
1995-11-08,6.346
1995-11-09,6.33
1995-11-10,6.349
1995-11-13,6.321
1995-11-14,6.313
1995-11-15,6.296
1995-11-16,6.285
1995-11-17,6.311
1995-11-20,6.3
1995-11-21,6.329
1995-11-22,6.29
1995-11-23,6.267
1995-11-24,6.238
1995-11-27,6.184
1995-11-28,6.202
1995-11-29,6.206
1995-11-30,6.15
1995-12-01,6.107
1995-12-04,6.082
1995-12-05,6.042
1995-12-06,6.02
1995-12-07,6.046
1995-12-08,6.054
1995-12-11,6.081
1995-12-12,6.081
1995-12-13,6.073
1995-12-14,6.023
1995-12-15,6.003
1995-12-18,6.022
1995-12-19,6.092
1995-12-20,6.037
1995-12-21,6.095
1995-12-22,6.078
1995-12-27,6.04
1995-12-28,6.025
1995-12-29,6.013
1996-01-01,6.008
1996-01-02,5.974
1996-01-03,5.979
1996-01-04,5.996
1996-01-05,6.004
1996-01-08,5.97
1996-01-09,5.943
1996-01-10,5.929
1996-01-11,5.933
1996-01-12,5.898
1996-01-15,5.862
1996-01-16,5.82
1996-01-17,5.793
1996-01-18,5.801
1996-01-19,5.814
1996-01-22,5.829
1996-01-23,5.866
1996-01-24,5.831
1996-01-25,5.801
1996-01-26,5.913
1996-01-29,5.873
1996-01-30,5.923
1996-01-31,5.906
1996-02-01,5.911
1996-02-02,5.945
1996-02-05,5.973
1996-02-06,6.114
1996-02-07,6.04
1996-02-08,6.098
1996-02-09,6.156
1996-02-12,6.132
1996-02-13,6.074
1996-02-14,6.122
1996-02-15,6.169
1996-02-16,6.143
1996-02-19,6.272
1996-02-20,6.391
1996-02-21,6.383
1996-02-22,6.304
1996-02-23,6.298
1996-02-26,6.431
1996-02-27,6.412
1996-02-28,6.387
1996-02-29,6.398
1996-03-01,6.327
1996-03-04,6.274
1996-03-05,6.327
1996-03-06,6.303
1996-03-07,6.355
1996-03-08,6.546
1996-03-11,6.6
1996-03-12,6.58
1996-03-13,6.559
1996-03-14,6.554
1996-03-15,6.528
1996-03-18,6.563
1996-03-19,6.54
1996-03-20,6.595
1996-03-21,6.454
1996-03-22,6.468
1996-03-25,6.388
1996-03-26,6.417
1996-03-27,6.384
1996-03-28,6.431
1996-03-29,6.435
1996-04-01,6.391
1996-04-02,6.329
1996-04-03,6.37
1996-04-04,6.387
1996-04-05,6.398
1996-04-11,6.507
1996-04-12,6.455
1996-04-15,6.428
1996-04-16,6.415
1996-04-17,6.435
1996-04-18,6.441
1996-04-19,6.413
1996-04-22,6.322
1996-04-23,6.329
1996-04-24,6.346
1996-04-25,6.345
1996-04-26,6.312
1996-04-29,6.324
1996-04-30,6.35
1996-05-01,6.358
1996-05-02,6.353
1996-05-03,6.539
1996-05-06,6.527
1996-05-07,6.536
1996-05-08,6.529
1996-05-09,6.503
1996-05-10,6.466
1996-05-13,6.483
1996-05-14,6.441
1996-05-15,6.424
1996-05-16,6.474
1996-05-17,6.39
1996-05-20,6.391
1996-05-21,6.415
1996-05-22,6.446
1996-05-23,6.43
1996-05-24,6.444
1996-05-27,6.393
1996-05-28,6.406
1996-05-29,6.425
1996-05-30,6.421
1996-05-31,6.524
1996-06-03,6.528
1996-06-04,6.469
1996-06-05,6.503
1996-06-06,6.45
1996-06-07,6.466
1996-06-10,6.542
1996-06-12,6.541
1996-06-13,6.599
1996-06-14,6.645
1996-06-17,6.666
1996-06-18,6.639
1996-06-19,6.613
1996-06-20,6.659
1996-06-21,6.63
1996-06-24,6.591
1996-06-27,6.583
1996-06-28,6.597
1996-07-01,6.5
1996-07-02,6.51
1996-07-03,6.544
1996-07-04,6.521
1996-07-05,6.532
1996-07-08,6.639
1996-07-09,6.574
1996-07-10,6.546
1996-07-11,6.558
1996-07-12,6.499
1996-07-15,6.522
1996-07-16,6.536
1996-07-17,6.485
1996-07-18,6.407
1996-07-19,6.408
1996-07-22,6.378
1996-07-23,6.401
1996-07-24,6.381
1996-07-25,6.388
1996-07-26,6.354
1996-07-29,6.392
1996-07-30,6.419
1996-07-31,6.371
1996-08-01,6.38
1996-08-02,6.266
1996-08-05,6.283
1996-08-06,6.286
1996-08-07,6.258
1996-08-08,6.281
1996-08-09,6.287
1996-08-12,6.268
1996-08-13,6.259
1996-08-14,6.294
1996-08-15,6.292
1996-08-16,6.243
1996-08-19,6.237
1996-08-20,6.257
1996-08-21,6.289
1996-08-22,6.336
1996-08-23,6.3
1996-08-26,6.371
1996-08-27,6.367
1996-08-28,6.37
1996-08-29,6.35
1996-08-30,6.365
1996-09-02,6.395
1996-09-03,6.409
1996-09-04,6.392
1996-09-05,6.362
1996-09-06,6.368
1996-09-09,6.315
1996-09-10,6.31
1996-09-11,6.328
1996-09-12,6.278
1996-09-13,6.215
1996-09-16,6.175
1996-09-17,6.152
1996-09-18,6.156
1996-09-19,6.167
1996-09-20,6.147
1996-09-23,6.184
1996-09-24,6.193
1996-09-25,6.101
1996-09-26,6.055
1996-09-27,6.087
1996-09-30,6.087
1996-10-01,6.079
1996-10-02,6.033
1996-10-03,6.024
1996-10-04,6.039
1996-10-07,5.993
1996-10-08,5.993
1996-10-09,5.942
1996-10-10,5.968
1996-10-11,5.986
1996-10-14,6.045
1996-10-15,5.988
1996-10-16,5.991
1996-10-17,6.035
1996-10-18,5.974
1996-10-21,5.966
1996-10-22,5.995
1996-10-23,5.956
1996-10-24,6.015
1996-10-25,6.046
1996-10-28,6.033
1996-10-29,6.0
1996-10-30,5.985
1996-10-31,5.993
1996-11-01,5.972
1996-11-04,6.026
1996-11-05,5.963
1996-11-06,5.904
1996-11-07,5.917
1996-11-08,5.881
1996-11-11,5.917
1996-11-12,5.858
1996-11-13,5.866
1996-11-14,5.855
1996-11-15,5.826
1996-11-18,5.834
1996-11-19,5.794
1996-11-20,5.846
1996-11-21,5.818
1996-11-22,5.843
1996-11-25,5.807
1996-11-26,5.79
1996-11-27,5.785
1996-11-28,5.771
1996-11-29,5.614
1996-12-02,5.634
1996-12-03,5.591
1996-12-04,5.646
1996-12-05,5.679
1996-12-06,5.899
1996-12-09,5.794
1996-12-10,5.756
1996-12-11,5.874
1996-12-12,5.875
1996-12-13,5.952
1996-12-16,5.85
1996-12-17,5.9
1996-12-18,5.868
1996-12-19,5.893
1996-12-20,5.826
1996-12-23,5.812
1996-12-24,5.791
1996-12-25,5.794
1996-12-27,5.804
1996-12-30,5.77
1996-12-31,5.799
1997-01-01,5.756
1997-01-02,5.888
1997-01-03,5.945
1997-01-06,5.97
1997-01-07,5.991
1997-01-08,5.957
1997-01-09,5.949
1997-01-10,5.918
1997-01-13,5.815
1997-01-14,5.835
1997-01-15,5.759
1997-01-16,5.705
1997-01-17,5.753
1997-01-20,5.738
1997-01-22,5.739
1997-01-23,5.727
1997-01-24,5.729
1997-01-27,5.811
1997-01-28,5.766
1997-01-29,5.801
1997-01-30,5.786
1997-01-31,5.778
1997-02-03,5.729
1997-02-04,5.97
1997-02-05,5.692
1997-02-06,5.665
1997-02-07,5.675
1997-02-10,5.631
1997-02-11,5.577
1997-02-12,5.578
1997-02-13,5.546
1997-02-14,5.487
1997-02-17,5.519
1997-02-18,5.476
1997-02-19,5.507
1997-02-20,5.536
1997-02-21,5.527
1997-02-24,5.554
1997-02-25,5.54
1997-02-26,5.557
1997-02-27,5.524
1997-02-28,5.503
1997-03-03,5.556
1997-03-04,5.551
1997-03-05,5.56
1997-03-06,5.666
1997-03-07,5.676
1997-03-10,5.669
1997-03-11,5.617
1997-03-12,5.662
1997-03-13,5.701
1997-03-14,5.713
1997-03-17,5.763
1997-03-18,5.906
1997-03-19,5.878
1997-03-20,5.948
1997-03-21,5.886
1997-03-24,5.901
1997-03-25,5.871
1997-03-26,5.888
1997-03-27,5.869
1997-04-01,6.002
1997-04-02,5.983
1997-04-03,6.031
1997-04-04,6.017
1997-04-07,5.97
1997-04-08,5.894
1997-04-10,5.895
1997-04-11,5.891
1997-04-14,5.941
1997-04-15,5.902
1997-04-16,5.821
1997-04-17,5.802
1997-04-18,5.817
1997-04-21,5.851
1997-04-22,5.868
1997-04-23,5.823
1997-04-24,5.816
1997-04-25,5.896
1997-04-28,5.889
1997-04-29,5.819
1997-04-30,5.804
1997-05-01,5.783
1997-05-02,5.929
1997-05-05,5.764
1997-05-06,5.762
1997-05-07,5.781
1997-05-08,5.754
1997-05-09,5.767
1997-05-12,5.767
1997-05-13,5.707
1997-05-14,5.668
1997-05-15,5.808
1997-05-16,5.811
1997-05-19,5.799
1997-05-20,5.782
1997-05-21,6.137
1997-05-22,5.916
1997-05-23,5.9
1997-05-26,5.922
1997-05-27,5.969
1997-05-28,5.9
1997-05-29,5.963
1997-05-30,5.93
1997-06-02,5.916
1997-06-03,5.818
1997-06-04,5.829
1997-06-05,5.82
1997-06-06,5.785
1997-06-09,5.785
1997-06-10,5.782
1997-06-11,5.799
1997-06-12,5.719
1997-06-13,5.711
1997-06-16,5.676
1997-06-17,5.72
1997-06-18,5.724
1997-06-19,5.779
1997-06-20,5.729
1997-06-23,5.737
1997-06-24,5.687
1997-06-25,5.678
1997-06-26,5.676
1997-06-27,5.675
1997-06-30,5.67
1997-07-01,5.671
1997-07-02,5.648
1997-07-03,5.598
1997-07-04,5.601
1997-07-07,5.548
1997-07-08,5.561
1997-07-09,5.541
1997-07-10,5.567
1997-07-11,5.522
1997-07-14,5.588
1997-07-15,5.619
1997-07-16,5.608
1997-07-17,5.557
1997-07-18,5.561
1997-07-21,5.575
1997-07-22,5.533
1997-07-23,5.52
1997-07-24,5.517
1997-07-25,5.55
1997-07-28,5.555
1997-07-29,5.518
1997-07-30,5.496
1997-07-31,5.543
1997-08-01,5.603
1997-08-04,5.648
1997-08-05,5.708
1997-08-06,5.675
1997-08-07,5.675
1997-08-08,5.729
1997-08-11,5.689
1997-08-12,5.655
1997-08-13,5.694
1997-08-14,5.65
1997-08-15,5.674
1997-08-18,5.616
1997-08-19,5.585
1997-08-20,5.613
1997-08-21,5.652
1997-08-22,5.707
1997-08-25,5.721
1997-08-26,5.687
1997-08-27,5.715
1997-08-28,5.67
1997-08-29,5.692
1997-09-02,5.667
1997-09-03,5.685
1997-09-04,5.671
1997-09-05,5.691
1997-09-08,5.662
1997-09-09,5.65
1997-09-10,5.645
1997-09-11,5.66
1997-09-12,5.626
1997-09-15,5.637
1997-09-18,5.531
1997-09-19,5.544
1997-09-22,5.53
1997-09-23,5.542
1997-09-24,5.498
1997-09-25,5.542
1997-09-26,5.534
1997-09-29,5.545
1997-09-30,5.522
1997-10-01,5.466
1997-10-02,5.462
1997-10-03,5.405
1997-10-06,5.429
1997-10-07,5.432
1997-10-08,5.495
1997-10-09,5.569
1997-10-10,5.62
1997-10-13,5.583
1997-10-14,5.543
1997-10-15,5.6
1997-10-16,5.68
1997-10-17,5.685
1997-10-20,5.654
1997-10-21,5.695
1997-10-22,5.754
1997-10-23,5.686
1997-10-24,5.652
1997-10-27,5.687
1997-10-28,5.674
1997-10-29,5.613
1997-10-30,5.576
1997-10-31,5.57
1997-11-03,5.624
1997-11-04,5.609
1997-11-05,5.61
1997-11-06,5.615
1997-11-07,5.594
1997-11-10,5.594
1997-11-11,5.608
1997-11-12,5.655
1997-11-13,5.62
1997-11-14,5.574
1997-11-17,5.566
1997-11-18,5.567
1997-11-19,5.526
1997-11-20,5.493
1997-11-21,5.517
1997-11-24,5.488
1997-11-25,5.465
1997-11-26,5.48
1997-11-27,5.497
1997-11-28,5.457
1997-12-01,5.458
1997-12-02,5.41
1997-12-03,5.419
1997-12-04,5.392
1997-12-05,5.428
1997-12-08,5.379
1997-12-09,5.385
1997-12-10,5.395
1997-12-11,5.305
1997-12-12,5.278
1997-12-15,5.289
1997-12-16,5.289
1997-12-17,5.313
1997-12-18,5.272
1997-12-19,5.252
1997-12-22,5.25
1997-12-23,5.23
1997-12-24,5.233
1997-12-25,5.233
1997-12-26,5.233
1997-12-29,5.255
1997-12-30,5.374
1997-12-31,5.349
1998-01-01,5.33
1998-01-02,5.312
1998-01-05,5.198
1998-01-06,5.204
1998-01-07,5.185
1998-01-08,5.1
1998-01-09,5.083
1998-01-12,5.045
1998-01-13,5.034
1998-01-14,5.046
1998-01-15,5.08
1998-01-16,5.055
1998-01-19,5.065
1998-01-20,5.064
1998-01-21,5.096
1998-01-22,5.104
1998-01-23,5.113
1998-01-26,5.088
1998-01-27,5.096
1998-01-28,5.105
1998-01-29,5.074
1998-01-30,5.054
1998-02-02,5.065
1998-02-03,5.053
1998-02-04,5.096
1998-02-05,5.132
1998-02-06,5.094
1998-02-09,5.107
1998-02-10,5.073
1998-02-11,5.01
1998-02-12,4.981
1998-02-13,4.986
1998-02-16,4.971
1998-02-17,4.919
1998-02-18,4.937
1998-02-19,4.936
1998-02-20,4.96
1998-02-23,4.951
1998-02-24,4.944
1998-02-25,4.922
1998-02-26,4.93
1998-02-27,4.944
1998-03-02,4.932
1998-03-03,4.972
1998-03-04,5.114
1998-03-05,5.1
1998-03-06,4.998
1998-03-09,4.936
1998-03-10,4.92
1998-03-11,4.907
1998-03-12,4.859
1998-03-13,4.883
1998-03-16,4.865
1998-03-17,4.87
1998-03-18,4.859
1998-03-19,4.909
1998-03-20,4.863
1998-03-23,4.885
1998-03-24,4.854
1998-03-25,4.885
1998-03-26,4.88
1998-03-27,4.881
1998-03-30,4.921
1998-03-31,4.904
1998-04-01,4.939
1998-04-02,4.9
1998-04-03,4.834
1998-04-06,4.84
1998-04-07,4.861
1998-04-08,4.866
1998-04-09,4.857
1998-04-13,4.86
1998-04-14,5.04
1998-04-15,4.869
1998-04-16,4.862
1998-04-17,4.863
1998-04-20,4.894
1998-04-21,5.04
1998-04-22,4.931
1998-04-23,4.934
1998-04-24,4.926
1998-04-27,5.017
1998-04-28,5.016
1998-04-29,5.04
1998-04-30,4.986
1998-05-01,4.906
1998-05-04,4.952
1998-05-05,4.982
1998-05-06,4.981
1998-05-07,5.002
1998-05-08,4.979
1998-05-11,4.988
1998-05-12,5.04
1998-05-13,5.007
1998-05-14,4.99
1998-05-15,5.004
1998-05-18,4.995
1998-05-19,4.98
1998-05-20,4.939
1998-05-21,4.918
1998-05-22,4.929
1998-05-25,4.916
1998-05-26,4.887
1998-05-27,4.887
1998-05-28,4.897
1998-05-29,4.828
1998-06-01,4.838
1998-06-02,4.847
1998-06-03,4.865
1998-06-04,4.865
1998-06-05,4.853
1998-06-08,4.844
1998-06-09,4.858
1998-06-10,4.815
1998-06-11,4.761
1998-06-12,4.772
1998-06-15,4.752
1998-06-16,4.774
1998-06-17,4.823
1998-06-18,4.8
1998-06-19,4.82
1998-06-22,4.776
1998-06-23,4.756
1998-06-24,4.744
1998-06-25,4.762
1998-06-26,4.756
1998-06-29,4.76
1998-06-30,4.776
1998-07-01,4.796
1998-07-02,4.734
1998-07-03,4.733
1998-07-06,4.698
1998-07-07,4.713
1998-07-08,4.715
1998-07-10,4.661
1998-07-13,4.702
1998-07-15,4.697
1998-07-16,4.697
1998-07-17,4.697
1998-07-20,4.697
1998-07-21,4.697
1998-07-22,4.697
1998-07-23,4.697
1998-07-24,4.696
1998-07-27,4.65
1998-07-28,4.629
1998-07-29,4.696
1998-07-30,4.696
1998-07-31,4.696
1998-08-03,4.696
1998-08-04,4.696
1998-08-05,4.696
1998-08-06,4.696
1998-08-07,4.696
1998-08-10,4.696
1998-08-11,4.696
1998-08-12,4.696
1998-08-13,4.696
1998-08-14,4.696
1998-08-17,4.696
1998-08-18,4.696
1998-08-19,4.426
1998-08-20,4.34
1998-08-21,4.33
1998-08-24,4.33
1998-08-25,4.33
1998-08-26,4.33
1998-08-27,4.218
1998-08-28,4.2
1998-08-31,4.199
1998-09-01,4.199
1998-09-02,4.199
1998-09-03,4.234
1998-09-04,4.219
1998-09-07,4.198
1998-09-08,4.241
1998-09-10,4.041
1998-09-11,4.002
1998-09-14,4.043
1998-09-15,4.002
1998-09-16,4.01
1998-09-17,3.947
1998-09-18,3.957
1998-09-21,3.882
1998-09-22,3.934
1998-09-23,3.971
1998-09-24,3.939
1998-09-25,3.961
1998-09-28,3.962
1998-09-29,3.941
1998-09-30,3.889
1998-10-01,3.787
1998-10-02,3.819
1998-10-05,3.764
1998-10-06,3.799
1998-10-07,3.841
1998-10-08,4.074
1998-10-09,4.233
1998-10-12,4.228
1998-10-13,4.136
1998-10-14,4.108
1998-10-15,4.111
1998-10-16,4.043
1998-10-19,4.062
1998-10-20,4.114
1998-10-21,4.072
1998-10-22,4.106
1998-10-23,4.137
1998-10-26,4.175
1998-10-27,4.122
1998-10-28,4.136
1998-10-29,4.144
1998-10-30,4.129
1998-11-02,4.216
1998-11-03,4.13
1998-11-04,4.169
1998-11-05,4.197
1998-11-06,4.247
1998-11-09,4.206
1998-11-10,4.182
1998-11-11,4.195
1998-11-12,4.175
1998-11-13,4.173
1998-11-16,4.174
1998-11-17,4.145
1998-11-18,4.055
1998-11-19,4.034
1998-11-20,4.033
1998-11-23,4.035
1998-11-24,4.021
1998-11-25,4.028
1998-11-26,4.02
1998-11-27,3.999
1998-11-30,3.962
1998-12-01,3.934
1998-12-02,3.897
1998-12-03,3.937
1998-12-04,3.92
1998-12-07,3.915
1998-12-08,3.891
1998-12-09,3.808
1998-12-10,3.787
1998-12-11,3.792
1998-12-14,3.824
1998-12-15,3.851
1998-12-16,3.878
1998-12-17,3.861
1998-12-18,3.832
1998-12-21,3.859
1998-12-22,3.936
1998-12-23,3.91
1998-12-24,3.899
1998-12-28,3.935
1998-12-29,3.881
1998-12-30,3.863
1999-01-04,3.748
1999-01-05,3.791
1999-01-06,3.768
1999-01-07,3.711
1999-01-08,3.714
1999-01-11,3.724
1999-01-12,3.805
1999-01-13,3.672
1999-01-14,3.712
1999-01-15,3.677
1999-01-18,3.663
1999-01-19,3.657
1999-01-20,3.678
1999-01-21,3.673
1999-01-22,3.648
1999-01-25,3.629
1999-01-27,3.662
1999-01-28,3.645
1999-01-29,3.637
1999-02-01,3.693
1999-02-02,3.71
1999-02-03,3.75
1999-02-04,3.822
1999-02-05,3.776
1999-02-08,3.855
1999-02-09,3.787
1999-02-10,3.79
1999-02-11,3.805
1999-02-12,3.841
1999-02-15,3.926
1999-02-16,3.88
1999-02-17,3.893
1999-02-18,3.884
1999-02-19,3.902
1999-02-22,3.879
1999-02-23,3.85
1999-02-24,3.862
1999-02-25,3.908
1999-02-26,3.997
1999-03-01,4.091
1999-03-02,4.084
1999-03-03,4.103
1999-03-04,4.166
1999-03-05,4.153
1999-03-08,4.038
1999-03-09,4.098
1999-03-10,4.066
1999-03-11,4.079
1999-03-12,4.023
1999-03-15,4.006
1999-03-16,4.008
1999-03-17,3.936
1999-03-18,3.921
1999-03-19,3.915
1999-03-22,3.968
1999-03-23,3.996
1999-03-24,3.995
1999-03-25,3.968
1999-03-26,4.04
1999-03-29,4.061
1999-03-30,4.045
1999-03-31,3.994
1999-04-01,3.993
1999-04-02,4.018
1999-04-05,4.049
1999-04-06,3.948
1999-04-07,3.897
1999-04-08,3.906
1999-04-09,3.844
1999-04-12,3.802
1999-04-13,3.808
1999-04-14,3.832
1999-04-15,3.811
1999-04-16,3.873
1999-04-19,3.902
1999-04-20,3.845
1999-04-21,3.834
1999-04-22,3.822
1999-04-23,3.854
1999-04-26,3.879
1999-04-27,3.859
1999-04-28,3.872
1999-04-29,3.836
1999-04-30,3.834
1999-05-03,3.906
1999-05-04,3.883
1999-05-05,3.956
1999-05-06,3.935
1999-05-07,4.019
1999-05-10,4.027
1999-05-11,4.04
1999-05-12,4.078
1999-05-13,4.024
1999-05-14,4.149
1999-05-17,4.149
1999-05-18,4.131
1999-05-19,4.118
1999-05-20,4.082
1999-05-21,4.057
1999-05-24,4.033
1999-05-25,4.02
1999-05-26,4.017
1999-05-27,4.079
1999-05-28,4.089
1999-05-31,4.129
1999-06-01,4.212
1999-06-02,4.259
1999-06-03,4.256
1999-06-04,4.271
1999-06-07,4.301
1999-06-08,4.233
1999-06-09,4.26
1999-06-10,4.287
1999-06-11,4.407
1999-06-14,4.355
1999-06-15,4.29
1999-06-16,4.295
1999-06-17,4.278
1999-06-18,4.206
1999-06-21,4.21
1999-06-22,4.381
1999-06-23,4.45
1999-06-24,4.563
1999-06-25,4.614
1999-06-28,4.547
1999-06-29,4.56
1999-06-30,4.48
1999-07-01,4.492
1999-07-02,4.613
1999-07-05,4.604
1999-07-06,4.679
1999-07-07,4.707
1999-07-08,4.721
1999-07-09,4.7
1999-07-12,4.708
1999-07-13,4.612
1999-07-14,4.669
1999-07-15,4.646
1999-07-16,4.751
1999-07-19,4.795
1999-07-20,4.752
1999-07-21,4.615
1999-07-22,4.624
1999-07-23,4.68
1999-07-26,4.685
1999-07-27,4.686
1999-07-28,4.694
1999-07-29,4.75
1999-07-30,4.77
1999-08-02,4.879
1999-08-03,4.942
1999-08-04,4.916
1999-08-05,4.976
1999-08-06,5.042
1999-08-09,5.048
1999-08-10,5.048
1999-08-11,4.974
1999-08-12,4.897
1999-08-13,4.879
1999-08-16,4.913
1999-08-17,4.931
1999-08-18,4.847
1999-08-19,4.845
1999-08-20,4.836
1999-08-23,4.783
1999-08-24,4.812
1999-08-25,4.751
1999-08-26,4.708
1999-08-27,4.793
1999-08-30,4.866
1999-08-31,4.904
1999-09-01,4.938
1999-09-02,5.033
1999-09-03,4.997
1999-09-06,4.931
1999-09-07,4.96
1999-09-08,4.983
1999-09-09,5.056
1999-09-10,5.061
1999-09-13,5.084
1999-09-14,5.15
1999-09-15,5.16
1999-09-16,5.137
1999-09-17,5.033
1999-09-20,5.037
1999-09-21,5.111
1999-09-22,5.072
1999-09-23,5.099
1999-09-24,4.997
1999-09-27,5.008
1999-09-28,5.044
1999-09-29,5.105
1999-09-30,5.129
1999-10-01,5.158
1999-10-04,5.182
1999-10-05,5.181
1999-10-06,5.182
1999-10-07,5.205
1999-10-08,5.204
1999-10-11,5.237
1999-10-12,5.26
1999-10-13,5.312
1999-10-14,5.441
1999-10-15,5.461
1999-10-18,5.379
1999-10-19,5.388
1999-10-20,5.44
1999-10-21,5.409
1999-10-22,5.419
1999-10-25,5.432
1999-10-26,5.432
1999-10-27,5.432
1999-10-28,5.226
1999-10-29,5.209
1999-11-01,5.153
1999-11-02,5.074
1999-11-03,5.128
1999-11-04,5.103
1999-11-05,4.955
1999-11-08,4.988
1999-11-09,4.921
1999-11-10,4.966
1999-11-11,4.972
1999-11-12,4.912
1999-11-15,4.898
1999-11-16,4.873
1999-11-17,4.964
1999-11-18,5.052
1999-11-19,5.026
1999-11-22,5.097
1999-11-23,5.101
1999-11-24,5.152
1999-11-25,5.162
1999-11-26,5.215
1999-11-29,5.195
1999-11-30,5.19
1999-12-01,5.113
1999-12-02,5.184
1999-12-03,5.164
1999-12-06,5.078
1999-12-07,5.028
1999-12-08,5.031
1999-12-09,5.039
1999-12-10,4.969
1999-12-13,5.015
1999-12-14,5.07
1999-12-15,5.066
1999-12-16,5.142
1999-12-17,5.203
1999-12-20,5.243
1999-12-21,5.216
1999-12-22,5.257
1999-12-23,5.246
1999-12-24,5.241
1999-12-27,5.271
1999-12-28,5.293
1999-12-29,5.276
1999-12-30,5.33
1999-12-31,5.351
2000-01-03,5.468
2000-01-04,5.505
2000-01-05,5.487
2000-01-06,5.548
2000-01-07,5.497
2000-01-10,5.436
2000-01-11,5.473
2000-01-12,5.563
2000-01-13,5.554
2000-01-14,5.564
2000-01-17,5.571
2000-01-18,5.587
2000-01-19,5.671
2000-01-20,5.598
2000-01-21,5.582
2000-01-24,5.583
2000-01-25,5.522
2000-01-26,5.508
2000-01-27,5.634
2000-01-28,5.593
2000-01-31,5.539
2000-02-01,5.456
2000-02-02,5.471
2000-02-03,5.435
2000-02-04,5.479
2000-02-07,5.527
2000-02-08,5.485
2000-02-09,5.483
2000-02-10,5.534
2000-02-11,5.591
2000-02-14,5.528
2000-02-15,5.562
2000-02-16,5.61
2000-02-17,5.557
2000-02-18,5.568
2000-02-21,5.529
2000-02-22,5.426
2000-02-23,5.45
2000-02-24,5.469
2000-02-25,5.426
2000-02-28,5.494
2000-02-29,5.491
2000-03-01,5.491
2000-03-02,5.518
2000-03-03,5.471
2000-03-06,5.445
2000-03-07,5.417
2000-03-08,5.446
2000-03-09,5.379
2000-03-10,5.347
2000-03-13,5.342
2000-03-14,5.354
2000-03-15,5.321
2000-03-16,5.326
2000-03-17,5.29
2000-03-20,5.252
2000-03-21,5.225
2000-03-22,5.25
2000-03-23,5.251
2000-03-24,5.221
2000-03-27,5.303
2000-03-28,5.286
2000-03-29,5.298
2000-03-30,5.263
2000-03-31,5.223
2000-04-03,5.178
2000-04-04,5.184
2000-04-05,5.16
2000-04-06,5.181
2000-04-07,5.201
2000-04-10,5.15
2000-04-11,5.12
2000-04-12,5.188
2000-04-13,5.199
2000-04-14,5.191
2000-04-17,5.227
2000-04-18,5.252
2000-04-19,5.287
2000-04-20,5.28
2000-04-21,5.324
2000-04-24,5.308
2000-04-25,5.337
2000-04-26,5.278
2000-04-27,5.301
2000-04-28,5.301
2000-05-01,5.301
2000-05-02,5.341
2000-05-03,5.421
2000-05-04,5.457
2000-05-05,5.436
2000-05-08,5.429
2000-05-09,5.382
2000-05-10,5.353
2000-05-11,5.395
2000-05-12,5.419
2000-05-15,5.37
2000-05-16,5.386
2000-05-17,5.398
2000-05-18,5.419
2000-05-19,5.429
2000-05-22,5.323
2000-05-23,5.336
2000-05-24,5.295
2000-05-25,5.323
2000-05-26,5.244
2000-05-29,5.213
2000-05-30,5.251
2000-05-31,5.177
2000-06-01,5.175
2000-06-02,5.13
2000-06-05,5.079
2000-06-06,5.135
2000-06-07,5.121
2000-06-08,5.171
2000-06-09,5.153
2000-06-12,5.146
2000-06-13,5.161
2000-06-14,5.14
2000-06-15,5.162
2000-06-16,5.087
2000-06-19,5.074
2000-06-20,5.107
2000-06-21,5.198
2000-06-22,5.233
2000-06-23,5.233
2000-06-26,5.286
2000-06-27,5.241
2000-06-28,5.242
2000-06-29,5.246
2000-06-30,5.223
2000-07-03,5.28
2000-07-04,5.259
2000-07-05,5.235
2000-07-06,5.264
2000-07-07,5.285
2000-07-10,5.28
2000-07-11,5.241
2000-07-12,5.277
2000-07-13,5.268
2000-07-14,5.312
2000-07-17,5.299
2000-07-18,5.327
2000-07-19,5.353
2000-07-20,5.26
2000-07-21,5.244
2000-07-24,5.256
2000-07-25,5.2
2000-07-26,5.174
2000-07-27,5.184
2000-07-28,5.201
2000-07-31,5.212
2000-08-01,5.183
2000-08-02,5.175
2000-08-03,5.186
2000-08-04,5.18
2000-08-07,5.175
2000-08-08,5.191
2000-08-09,5.18
2000-08-10,5.143
2000-08-11,5.155
2000-08-14,5.158
2000-08-15,5.215
2000-08-16,5.207
2000-08-17,5.199
2000-08-18,5.209
2000-08-21,5.263
2000-08-22,5.263
2000-08-23,5.212
2000-08-24,5.207
2000-08-25,5.22
2000-08-28,5.243
2000-08-29,5.297
2000-08-30,5.301
2000-08-31,5.301
2000-09-01,5.177
2000-09-04,5.196
2000-09-05,5.207
2000-09-06,5.231
2000-09-07,5.275
2000-09-08,5.252
2000-09-11,5.271
2000-09-12,5.288
2000-09-13,5.289
2000-09-14,5.284
2000-09-15,5.262
2000-09-18,5.345
2000-09-19,5.324
2000-09-20,5.315
2000-09-21,5.269
2000-09-22,5.24
2000-09-25,5.276
2000-09-26,5.244
2000-09-27,5.254
2000-09-28,5.26
2000-09-29,5.229
2000-10-02,5.236
2000-10-03,5.241
2000-10-04,5.253
2000-10-05,5.276
2000-10-06,5.257
2000-10-09,5.229
2000-10-10,5.22
2000-10-11,5.189
2000-10-12,5.17
2000-10-13,5.206
2000-10-16,5.211
2000-10-17,5.222
2000-10-18,5.187
2000-10-19,5.209
2000-10-20,5.19
2000-10-23,5.202
2000-10-24,5.208
2000-10-25,5.257
2000-10-26,5.265
2000-10-27,5.229
2000-10-30,5.21
2000-10-31,5.24
2000-11-01,5.212
2000-11-02,5.213
2000-11-03,5.208
2000-11-06,5.218
2000-11-07,5.244
2000-11-08,5.255
2000-11-09,5.236
2000-11-10,5.228
2000-11-13,5.206
2000-11-14,5.197
2000-11-15,5.189
2000-11-16,5.18
2000-11-17,5.173
2000-11-20,5.168
2000-11-21,5.181
2000-11-22,5.14
2000-11-23,5.113
2000-11-24,5.118
2000-11-27,5.125
2000-11-28,5.074
2000-11-29,5.071
2000-11-30,4.996
2000-12-01,4.984
2000-12-04,4.935
2000-12-05,4.934
2000-12-06,4.916
2000-12-07,4.926
2000-12-08,4.943
2000-12-11,4.971
2000-12-12,4.967
2000-12-13,4.983
2000-12-14,4.926
2000-12-15,4.869
2000-12-18,4.869
2000-12-19,4.873
2000-12-20,4.847
2000-12-21,4.832
2000-12-22,4.866
2000-12-25,4.859
2000-12-26,4.859
2000-12-27,4.867
2000-12-28,4.907
2000-12-29,4.858
2001-01-02,4.743
2001-01-03,4.711
2001-01-04,4.729
2001-01-05,4.688
2001-01-08,4.699
2001-01-09,4.725
2001-01-10,4.78
2001-01-11,4.745
2001-01-12,4.818
2001-01-15,4.821
2001-01-16,4.798
2001-01-17,4.824
2001-01-18,4.806
2001-01-19,4.84
2001-01-22,4.871
2001-01-23,4.845
2001-01-24,4.875
2001-01-25,4.875
2001-01-26,4.83
2001-01-29,4.851
2001-01-30,4.818
2001-01-31,4.8
2001-02-01,4.781
2001-02-02,4.785
2001-02-05,4.769
2001-02-06,4.778
2001-02-07,4.747
2001-02-08,4.796
2001-02-09,4.769
2001-02-12,4.765
2001-02-13,4.756
2001-02-14,4.783
2001-02-15,4.841
2001-02-16,4.817
2001-02-19,4.803
2001-02-20,4.818
2001-02-21,4.845
2001-02-22,4.857
2001-02-23,4.83
2001-02-26,4.829
2001-02-27,4.76
2001-02-28,4.747
2001-03-01,4.745
2001-03-02,4.733
2001-03-05,4.75
2001-03-06,4.748
2001-03-07,4.749
2001-03-08,4.706
2001-03-09,4.719
2001-03-12,4.705
2001-03-13,4.726
2001-03-14,4.703
2001-03-15,4.693
2001-03-16,4.665
2001-03-19,4.692
2001-03-20,4.692
2001-03-21,4.649
2001-03-22,4.594
2001-03-23,4.617
2001-03-26,4.646
2001-03-27,4.674
2001-03-28,4.681
2001-03-29,4.711
2001-03-30,4.687
2001-04-02,4.682
2001-04-03,4.712
2001-04-04,4.698
2001-04-05,4.761
2001-04-06,4.706
2001-04-09,4.721
2001-04-10,4.76
2001-04-11,4.85
2001-04-12,4.854
2001-04-13,4.858
2001-04-16,4.858
2001-04-17,4.883
2001-04-18,4.973
2001-04-19,4.941
2001-04-20,4.969
2001-04-23,4.918
2001-04-24,4.96
2001-04-25,4.953
2001-04-26,4.951
2001-04-27,4.975
2001-04-30,5.013
2001-05-01,5.009
2001-05-02,5.024
2001-05-03,4.976
2001-05-04,4.96
2001-05-07,4.953
2001-05-08,4.947
2001-05-09,4.932
2001-05-10,4.931
2001-05-11,5.029
2001-05-14,5.085
2001-05-15,5.094
2001-05-16,5.077
2001-05-17,5.071
2001-05-18,5.067
2001-05-21,5.071
2001-05-22,5.117
2001-05-23,5.149
2001-05-24,5.173
2001-05-25,5.198
2001-05-28,5.178
2001-05-29,5.14
2001-05-30,5.153
2001-05-31,5.156
2001-06-01,5.069
2001-06-04,5.065
2001-06-05,5.014
2001-06-06,5.044
2001-06-07,5.082
2001-06-08,5.067
2001-06-11,5.061
2001-06-12,5.07
2001-06-13,5.084
2001-06-14,5.019
2001-06-15,5.007
2001-06-18,4.985
2001-06-19,5.014
2001-06-20,4.978
2001-06-21,4.956
2001-06-22,4.916
2001-06-25,4.948
2001-06-26,4.992
2001-06-27,4.968
2001-06-28,5.036
2001-06-29,5.101
2001-07-02,5.085
2001-07-03,5.143
2001-07-04,5.111
2001-07-05,5.123
2001-07-06,5.081
2001-07-09,5.11
2001-07-10,5.085
2001-07-11,5.072
2001-07-12,5.043
2001-07-13,5.076
2001-07-16,5.022
2001-07-17,5.033
2001-07-18,4.992
2001-07-19,4.986
2001-07-20,4.957
2001-07-23,4.953
2001-07-24,4.949
2001-07-25,4.959
2001-07-26,4.94
2001-07-27,4.9
2001-07-30,4.902
2001-07-31,4.878
2001-08-01,4.904
2001-08-02,4.918
2001-08-03,4.896
2001-08-06,4.888
2001-08-07,4.901
2001-08-08,4.89
2001-08-09,4.827
2001-08-10,4.796
2001-08-13,4.796
2001-08-14,4.818
2001-08-15,4.822
2001-08-16,4.79
2001-08-17,4.757
2001-08-20,4.771
2001-08-21,4.818
2001-08-22,4.844
2001-08-23,4.84
2001-08-24,4.875
2001-08-27,4.861
2001-08-28,4.811
2001-08-29,4.805
2001-08-30,4.765
2001-08-31,4.785
2001-09-03,4.785
2001-09-04,4.909
2001-09-05,4.901
2001-09-06,4.868
2001-09-07,4.814
2001-09-10,4.861
2001-09-11,4.775
2001-09-12,4.823
2001-09-13,4.823
2001-09-14,4.772
2001-09-17,4.803
2001-09-18,4.822
2001-09-19,4.844
2001-09-20,4.855
2001-09-21,4.892
2001-09-24,4.896
2001-09-25,4.84
2001-09-26,4.799
2001-09-27,4.782
2001-09-28,4.8
2001-10-01,4.762
2001-10-02,4.703
2001-10-03,4.655
2001-10-04,4.683
2001-10-05,4.646
2001-10-08,4.621
2001-10-09,4.702
2001-10-10,4.685
2001-10-11,4.718
2001-10-12,4.679
2001-10-15,4.649
2001-10-16,4.647
2001-10-17,4.639
2001-10-18,4.611
2001-10-19,4.627
2001-10-22,4.598
2001-10-23,4.613
2001-10-24,4.57
2001-10-25,4.499
2001-10-26,4.49
2001-10-29,4.459
2001-10-30,4.401
2001-10-31,4.373
2001-11-01,4.255
2001-11-02,4.337
2001-11-05,4.307
2001-11-06,4.321
2001-11-07,4.265
2001-11-08,4.3
2001-11-09,4.322
2001-11-12,4.307
2001-11-13,4.399
2001-11-14,4.493
2001-11-15,4.557
2001-11-16,4.613
2001-11-19,4.528
2001-11-20,4.549
2001-11-21,4.633
2001-11-22,4.636
2001-11-23,4.61
2001-11-26,4.575
2001-11-27,4.698
2001-11-28,4.648
2001-11-29,4.589
2001-11-30,4.557
2001-12-03,4.53
2001-12-04,4.49
2001-12-05,4.706
2001-12-06,4.758
2001-12-07,4.86
2001-12-10,4.833
2001-12-11,4.794
2001-12-12,4.706
2001-12-13,4.768
2001-12-14,4.754
2001-12-17,4.866
2001-12-18,4.816
2001-12-19,4.777
2001-12-20,4.813
2001-12-21,4.882
2001-12-24,4.883
2001-12-25,4.874
2001-12-27,4.959
2001-12-28,4.998
2001-12-31,4.997
2002-01-02,4.952
2002-01-03,4.904
2002-01-04,4.935
2002-01-07,4.82
2002-01-08,4.848
2002-01-09,4.908
2002-01-10,4.858
2002-01-11,4.813
2002-01-14,4.749
2002-01-15,4.764
2002-01-16,4.769
2002-01-17,4.824
2002-01-18,4.824
2002-01-21,4.805
2002-01-22,4.854
2002-01-23,4.813
2002-01-24,4.888
2002-01-25,4.986
2002-01-28,4.966
2002-01-29,4.943
2002-01-30,4.923
2002-01-31,4.899
2002-02-01,4.872
2002-02-04,4.824
2002-02-05,4.812
2002-02-06,4.835
2002-02-07,4.93
2002-02-08,4.91
2002-02-11,4.927
2002-02-12,4.967
2002-02-13,4.989
2002-02-14,4.96
2002-02-15,4.918
2002-02-18,4.92
2002-02-19,4.946
2002-02-20,4.946
2002-02-21,4.977
2002-02-22,4.918
2002-02-25,4.971
2002-02-26,4.993
2002-02-27,4.97
2002-02-28,4.951
2002-03-01,5.011
2002-03-04,5.033
2002-03-05,5.081
2002-03-06,5.146
2002-03-07,5.18
2002-03-08,5.178
2002-03-11,5.163
2002-03-12,5.175
2002-03-13,5.187
2002-03-14,5.222
2002-03-15,5.226
2002-03-18,5.206
2002-03-19,5.199
2002-03-20,5.236
2002-03-21,5.22
2002-03-22,5.255
2002-03-25,5.278
2002-03-26,5.233
2002-03-27,5.225
2002-03-28,5.252
2002-03-29,5.239
2002-04-01,5.255
2002-04-02,5.243
2002-04-03,5.194
2002-04-04,5.136
2002-04-05,5.13
2002-04-08,5.166
2002-04-09,5.169
2002-04-10,5.184
2002-04-11,5.145
2002-04-12,5.146
2002-04-15,5.106
2002-04-16,5.18
2002-04-17,5.192
2002-04-18,5.193
2002-04-19,5.203
2002-04-22,5.16
2002-04-23,5.191
2002-04-24,5.152
2002-04-25,5.104
2002-04-26,5.09
2002-04-29,5.135
2002-04-30,5.125
2002-05-01,5.121
2002-05-02,5.18
2002-05-03,5.103
2002-05-06,5.115
2002-05-07,5.101
2002-05-08,5.164
2002-05-09,5.194
2002-05-10,5.192
2002-05-13,5.202
2002-05-14,5.254
2002-05-15,5.253
2002-05-16,5.234
2002-05-17,5.257
2002-05-20,5.187
2002-05-21,5.179
2002-05-22,5.164
2002-05-23,5.136
2002-05-24,5.162
2002-05-27,5.186
2002-05-28,5.168
2002-05-29,5.155
2002-05-30,5.136
2002-05-31,5.173
2002-06-03,5.154
2002-06-04,5.116
2002-06-05,5.123
2002-06-06,5.124
2002-06-07,5.131
2002-06-10,5.105
2002-06-11,5.119
2002-06-12,5.083
2002-06-13,5.02
2002-06-14,4.973
2002-06-17,5.011
2002-06-18,4.98
2002-06-19,4.953
2002-06-20,4.973
2002-06-21,4.964
2002-06-24,4.926
2002-06-25,4.973
2002-06-26,4.897
2002-06-27,4.925
2002-06-28,4.944
2002-07-01,4.972
2002-07-02,4.914
2002-07-03,4.935
2002-07-04,4.974
2002-07-05,5.021
2002-07-08,5.002
2002-07-09,5.004
2002-07-10,4.941
2002-07-11,4.895
2002-07-12,4.869
2002-07-15,4.833
2002-07-16,4.875
2002-07-17,4.888
2002-07-18,4.88
2002-07-19,4.839
2002-07-22,4.802
2002-07-23,4.815
2002-07-24,4.727
2002-07-25,4.744
2002-07-26,4.725
2002-07-29,4.789
2002-07-30,4.803
2002-07-31,4.752
2002-08-01,4.697
2002-08-02,4.63
2002-08-05,4.561
2002-08-06,4.613
2002-08-07,4.555
2002-08-08,4.59
2002-08-09,4.562
2002-08-12,4.534
2002-08-13,4.499
2002-08-14,4.45
2002-08-15,4.562
2002-08-16,4.568
2002-08-19,4.608
2002-08-20,4.554
2002-08-21,4.654
2002-08-22,4.686
2002-08-23,4.652
2002-08-26,4.652
2002-08-27,4.651
2002-08-28,4.58
2002-08-29,4.566
2002-08-30,4.563
2002-09-02,4.505
2002-09-03,4.426
2002-09-04,4.432
2002-09-05,4.403
2002-09-06,4.41
2002-09-09,4.414
2002-09-10,4.457
2002-09-12,4.452
2002-09-13,4.418
2002-09-16,4.357
2002-09-17,4.363
2002-09-18,4.335
2002-09-19,4.313
2002-09-20,4.356
2002-09-23,4.311
2002-09-24,4.279
2002-09-25,4.314
2002-09-26,4.345
2002-09-27,4.34
2002-09-30,4.272
2002-10-01,4.305
2002-10-02,4.384
2002-10-03,4.383
2002-10-04,4.36
2002-10-07,4.321
2002-10-08,4.31
2002-10-09,4.297
2002-10-10,4.357
2002-10-11,4.443
2002-10-14,4.461
2002-10-15,4.575
2002-10-16,4.6
2002-10-17,4.59
2002-10-18,4.6
2002-10-21,4.617
2002-10-22,4.645
2002-10-23,4.594
2002-10-24,4.636
2002-10-25,4.592
2002-10-28,4.553
2002-10-29,4.501
2002-10-30,4.547
2002-10-31,4.506
2002-11-01,4.556
2002-11-04,4.567
2002-11-05,4.607
2002-11-06,4.616
2002-11-07,4.538
2002-11-08,4.458
2002-11-11,4.433
2002-11-12,4.389
2002-11-13,4.404
2002-11-14,4.466
2002-11-15,4.457
2002-11-18,4.466
2002-11-19,4.444
2002-11-20,4.42
2002-11-21,4.502
2002-11-22,4.511
2002-11-25,4.54
2002-11-26,4.481
2002-11-27,4.538
2002-11-28,4.525
2002-11-29,4.488
2002-12-02,4.519
2002-12-03,4.474
2002-12-04,4.472
2002-12-05,4.45
2002-12-06,4.413
2002-12-09,4.387
2002-12-10,4.379
2002-12-11,4.36
2002-12-12,4.312
2002-12-13,4.322
2002-12-16,4.353
2002-12-17,4.33
2002-12-18,4.287
2002-12-19,4.285
2002-12-20,4.292
2002-12-23,4.284
2002-12-24,4.28
2002-12-25,4.263
2002-12-26,4.284
2002-12-27,4.199
2002-12-30,4.205
2002-12-31,4.194
2003-01-01,4.199
2003-01-02,4.301
2003-01-03,4.306
2003-01-06,4.304
2003-01-07,4.275
2003-01-08,4.204
2003-01-09,4.213
2003-01-10,4.258
2003-01-13,4.255
2003-01-14,4.265
2003-01-15,4.255
2003-01-16,4.248
2003-01-17,4.174
2003-01-20,4.144
2003-01-21,4.118
2003-01-22,4.112
2003-01-23,4.076
2003-01-24,4.006
2003-01-27,3.989
2003-01-28,4.041
2003-01-29,4.035
2003-01-30,4.049
2003-01-31,4.058
2003-02-03,4.047
2003-02-04,4.008
2003-02-05,4.01
2003-02-06,4.019
2003-02-07,3.99
2003-02-10,3.996
2003-02-11,3.984
2003-02-12,3.955
2003-02-13,3.911
2003-02-14,3.963
2003-02-17,3.953
2003-02-18,3.98
2003-02-19,3.916
2003-02-20,3.9
2003-02-21,3.903
2003-02-24,3.881
2003-02-25,3.855
2003-02-26,3.855
2003-02-27,3.909
2003-02-28,3.896
2003-03-03,3.885
2003-03-04,3.882
2003-03-05,3.873
2003-03-06,3.848
2003-03-07,3.834
2003-03-10,3.794
2003-03-11,3.804
2003-03-12,3.809
2003-03-13,3.945
2003-03-14,3.977
2003-03-17,4.086
2003-03-18,4.117
2003-03-19,4.21
2003-03-20,4.155
2003-03-21,4.264
2003-03-24,4.194
2003-03-25,4.153
2003-03-26,4.192
2003-03-27,4.14
2003-03-28,4.113
2003-03-31,4.033
2003-04-01,4.021
2003-04-02,4.135
2003-04-03,4.136
2003-04-04,4.178
2003-04-07,4.199
2003-04-08,4.214
2003-04-09,4.148
2003-04-10,4.132
2003-04-11,4.169
2003-04-14,4.223
2003-04-15,4.2
2003-04-16,4.147
2003-04-17,4.114
2003-04-18,4.181
2003-04-21,4.114
2003-04-22,4.114
2003-04-23,4.155
2003-04-24,4.095
2003-04-25,4.089
2003-04-28,4.108
2003-04-29,4.136
2003-04-30,4.065
2003-05-01,4.043
2003-05-02,4.059
2003-05-05,4.065
2003-05-06,4.07
2003-05-07,3.964
2003-05-08,3.913
2003-05-09,3.916
2003-05-12,3.88
2003-05-13,3.887
2003-05-14,3.9
2003-05-15,3.856
2003-05-16,3.812
2003-05-19,3.741
2003-05-20,3.727
2003-05-21,3.706
2003-05-22,3.689
2003-05-23,3.627
2003-05-26,3.579
2003-05-27,3.678
2003-05-28,3.761
2003-05-29,3.688
2003-05-30,3.675
2003-06-02,3.737
2003-06-03,3.615
2003-06-04,3.622
2003-06-05,3.598
2003-06-06,3.657
2003-06-09,3.581
2003-06-10,3.524
2003-06-11,3.511
2003-06-12,3.513
2003-06-13,3.457
2003-06-16,3.468
2003-06-17,3.537
2003-06-18,3.664
2003-06-19,3.656
2003-06-20,3.667
2003-06-23,3.671
2003-06-24,3.66
2003-06-25,3.6
2003-06-26,3.793
2003-06-27,3.855
2003-06-30,3.801
2003-07-01,3.801
2003-07-02,3.865
2003-07-03,3.925
2003-07-04,3.929
2003-07-07,3.975
2003-07-08,3.989
2003-07-09,3.956
2003-07-10,3.912
2003-07-11,3.91
2003-07-14,3.886
2003-07-15,4.032
2003-07-16,4.046
2003-07-17,4.066
2003-07-18,4.037
2003-07-21,4.077
2003-07-22,4.084
2003-07-23,4.016
2003-07-24,4.068
2003-07-25,4.013
2003-07-28,4.115
2003-07-29,4.102
2003-07-30,4.118
2003-07-31,4.196
2003-08-01,4.192
2003-08-04,4.137
2003-08-05,4.166
2003-08-06,4.137
2003-08-07,4.102
2003-08-08,4.011
2003-08-11,4.083
2003-08-12,4.076
2003-08-13,4.18
2003-08-14,4.219
2003-08-15,4.162
2003-08-18,4.158
2003-08-19,4.137
2003-08-20,4.178
2003-08-21,4.205
2003-08-22,4.184
2003-08-25,4.185
2003-08-26,4.172
2003-08-27,4.206
2003-08-28,4.175
2003-08-29,4.188
2003-09-01,4.223
2003-09-02,4.356
2003-09-03,4.377
2003-09-04,4.348
2003-09-05,4.31
2003-09-08,4.273
2003-09-09,4.301
2003-09-10,4.259
2003-09-11,4.273
2003-09-12,4.153
2003-09-15,4.173
2003-09-16,4.196
2003-09-17,4.176
2003-09-18,4.183
2003-09-19,4.158
2003-09-22,4.115
2003-09-23,4.101
2003-09-24,4.105
2003-09-25,4.087
2003-09-26,4.032
2003-09-29,4.047
2003-09-30,4.004
2003-10-01,4.0
2003-10-02,4.11
2003-10-03,4.218
2003-10-06,4.173
2003-10-07,4.197
2003-10-08,4.199
2003-10-09,4.253
2003-10-10,4.202
2003-10-13,4.278
2003-10-14,4.282
2003-10-15,4.339
2003-10-16,4.326
2003-10-17,4.323
2003-10-20,4.306
2003-10-21,4.267
2003-10-22,4.242
2003-10-23,4.271
2003-10-24,4.258
2003-10-27,4.285
2003-10-28,4.307
2003-10-29,4.31
2003-10-30,4.351
2003-10-31,4.325
2003-11-03,4.399
2003-11-04,4.359
2003-11-05,4.37
2003-11-06,4.46
2003-11-07,4.495
2003-11-10,4.481
2003-11-11,4.472
2003-11-12,4.466
2003-11-13,4.419
2003-11-14,4.363
2003-11-17,4.338
2003-11-18,4.315
2003-11-19,4.359
2003-11-20,4.344
2003-11-21,4.32
2003-11-24,4.404
2003-11-25,4.413
2003-11-26,4.417
2003-11-27,4.461
2003-11-28,4.452
2003-12-01,4.49
2003-12-02,4.466
2003-12-03,4.46
2003-12-04,4.441
2003-12-05,4.338
2003-12-08,4.353
2003-12-09,4.359
2003-12-10,4.356
2003-12-11,4.369
2003-12-12,4.303
2003-12-15,4.294
2003-12-16,4.3
2003-12-17,4.259
2003-12-18,4.26
2003-12-19,4.282
2003-12-22,4.265
2003-12-23,4.246
2003-12-29,4.254
2003-12-30,4.292
2004-01-02,4.329
2004-01-05,4.324
2004-01-06,4.263
2004-01-07,4.253
2004-01-08,4.227
2004-01-09,4.141
2004-01-12,4.12
2004-01-13,4.141
2004-01-14,4.143
2004-01-15,4.146
2004-01-16,4.161
2004-01-19,4.166
2004-01-20,4.136
2004-01-21,4.154
2004-01-22,4.132
2004-01-23,4.116
2004-01-26,4.153
2004-01-27,4.15
2004-01-28,4.146
2004-01-29,4.263
2004-01-30,4.243
2004-02-02,4.224
2004-02-03,4.205
2004-02-04,4.188
2004-02-05,4.174
2004-02-06,4.144
2004-02-09,4.13
2004-02-10,4.138
2004-02-11,4.14
2004-02-12,4.104
2004-02-13,4.118
2004-02-16,4.102
2004-02-17,4.111
2004-02-18,4.084
2004-02-19,4.088
2004-02-20,4.104
2004-02-23,4.142
2004-02-24,4.124
2004-02-25,4.084
2004-02-26,4.071
2004-02-27,4.084
2004-03-01,4.038
2004-03-02,4.044
2004-03-03,4.081
2004-03-04,4.116
2004-03-05,4.081
2004-03-08,3.969
2004-03-09,3.925
2004-03-10,3.914
2004-03-11,3.921
2004-03-12,3.916
2004-03-15,3.91
2004-03-16,3.896
2004-03-17,3.928
2004-03-18,3.895
2004-03-19,3.884
2004-03-22,3.897
2004-03-23,3.871
2004-03-24,3.882
2004-03-25,3.856
2004-03-26,3.835
2004-03-29,3.896
2004-03-30,3.896
2004-03-31,3.938
2004-04-01,3.921
2004-04-02,3.961
2004-04-05,4.091
2004-04-06,4.108
2004-04-07,4.074
2004-04-08,4.052
2004-04-13,4.067
2004-04-14,4.148
2004-04-15,4.158
2004-04-16,4.138
2004-04-19,4.123
2004-04-20,4.115
2004-04-21,4.137
2004-04-22,4.174
2004-04-23,4.157
2004-04-26,4.168
2004-04-27,4.187
2004-04-28,4.186
2004-04-29,4.198
2004-04-30,4.212
2004-05-03,4.213
2004-05-04,4.14
2004-05-05,4.149
2004-05-06,4.174
2004-05-07,4.226
2004-05-10,4.307
2004-05-11,4.286
2004-05-12,4.294
2004-05-13,4.329
2004-05-14,4.347
2004-05-17,4.307
2004-05-18,4.273
2004-05-19,4.295
2004-05-20,4.294
2004-05-21,4.325
2004-05-24,4.335
2004-05-25,4.322
2004-05-26,4.348
2004-05-27,4.333
2004-05-28,4.276
2004-05-31,4.32
2004-06-01,4.376
2004-06-02,4.363
2004-06-03,4.383
2004-06-04,4.377
2004-06-07,4.391
2004-06-08,4.363
2004-06-09,4.357
2004-06-10,4.395
2004-06-11,4.401
2004-06-14,4.431
2004-06-15,4.416
2004-06-16,4.313
2004-06-17,4.365
2004-06-18,4.376
2004-06-21,4.349
2004-06-22,4.333
2004-06-23,4.358
2004-06-24,4.351
2004-06-25,4.299
2004-06-28,4.321
2004-06-29,4.375
2004-06-30,4.358
2004-07-01,4.313
2004-07-02,4.308
2004-07-05,4.268
2004-07-06,4.258
2004-07-07,4.258
2004-07-08,4.233
2004-07-09,4.231
2004-07-12,4.224
2004-07-13,4.21
2004-07-14,4.264
2004-07-15,4.254
2004-07-16,4.254
2004-07-19,4.202
2004-07-20,4.192
2004-07-21,4.212
2004-07-22,4.289
2004-07-23,4.251
2004-07-26,4.246
2004-07-27,4.27
2004-07-28,4.294
2004-07-29,4.287
2004-07-30,4.27
2004-08-02,4.214
2004-08-03,4.203
2004-08-04,4.185
2004-08-05,4.171
2004-08-06,4.152
2004-08-09,4.074
2004-08-10,4.071
2004-08-11,4.071
2004-08-12,4.091
2004-08-13,4.061
2004-08-16,4.044
2004-08-17,4.089
2004-08-18,4.066
2004-08-19,4.083
2004-08-20,4.069
2004-08-23,4.058
2004-08-24,4.105
2004-08-25,4.111
2004-08-26,4.08
2004-08-27,4.063
2004-08-30,4.064
2004-08-31,4.07
2004-09-01,4.018
2004-09-02,4.037
2004-09-03,4.077
2004-09-06,4.141
2004-09-07,4.141
2004-09-08,4.14
2004-09-09,4.119
2004-09-10,4.079
2004-09-13,4.063
2004-09-14,4.062
2004-09-15,4.049
2004-09-16,4.059
2004-09-17,4.037
2004-09-20,4.018
2004-09-21,4.005
2004-09-22,4.014
2004-09-23,3.958
2004-09-24,3.943
2004-09-27,3.962
2004-09-28,3.939
2004-09-29,3.954
2004-09-30,3.965
2004-10-01,3.99
2004-10-04,4.022
2004-10-05,4.027
2004-10-06,3.998
2004-10-07,3.996
2004-10-08,4.017
2004-10-11,3.923
2004-10-12,3.93
2004-10-13,3.916
2004-10-14,3.887
2004-10-15,3.88
2004-10-18,3.893
2004-10-19,3.886
2004-10-20,3.871
2004-10-21,3.867
2004-10-22,3.864
2004-10-25,3.838
2004-10-26,3.803
2004-10-27,3.807
2004-10-28,3.871
2004-10-29,3.86
2004-11-01,3.854
2004-11-02,3.86
2004-11-03,3.884
2004-11-04,3.882
2004-11-05,3.848
2004-11-08,3.909
2004-11-09,3.896
2004-11-10,3.848
2004-11-11,3.872
2004-11-12,3.819
2004-11-15,3.769
2004-11-16,3.768
2004-11-17,3.751
2004-11-18,3.757
2004-11-19,3.806
2004-11-22,3.779
2004-11-23,3.759
2004-11-24,3.787
2004-11-25,3.789
2004-11-26,3.776
2004-11-29,3.761
2004-11-30,3.818
2004-12-01,3.788
2004-12-02,3.768
2004-12-03,3.823
2004-12-06,3.742
2004-12-07,3.703
2004-12-08,3.672
2004-12-09,3.64
2004-12-10,3.614
2004-12-13,3.609
2004-12-14,3.599
2004-12-15,3.594
2004-12-16,3.538
2004-12-17,3.568
2004-12-20,3.614
2004-12-21,3.593
2004-12-22,3.616
2004-12-23,3.626
2004-12-24,3.601
2004-12-27,3.602
2004-12-28,3.628
2004-12-29,3.677
2004-12-30,3.713
2004-12-31,3.68
2005-01-03,3.675
2005-01-04,3.627
2005-01-05,3.638
2005-01-06,3.635
2005-01-07,3.615
2005-01-10,3.605
2005-01-11,3.604
2005-01-12,3.599
2005-01-13,3.599
2005-01-14,3.565
2005-01-17,3.558
2005-01-18,3.547
2005-01-19,3.542
2005-01-20,3.509
2005-01-21,3.568
2005-01-24,3.561
2005-01-25,3.549
2005-01-26,3.554
2005-01-27,3.559
2005-01-28,3.593
2005-01-31,3.54
2005-02-01,3.543
2005-02-02,3.533
2005-02-03,3.567
2005-02-04,3.559
2005-02-07,3.496
2005-02-08,3.484
2005-02-09,3.45
2005-02-10,3.455
2005-02-11,3.432
2005-02-14,3.464
2005-02-15,3.484
2005-02-16,3.52
2005-02-17,3.561
2005-02-18,3.578
2005-02-21,3.676
2005-02-22,3.701
2005-02-23,3.7
2005-02-24,3.73
2005-02-25,3.729
2005-02-28,3.711
2005-03-01,3.736
2005-03-02,3.735
2005-03-03,3.777
2005-03-04,3.767
2005-03-07,3.698
2005-03-08,3.665
2005-03-09,3.715
2005-03-10,3.761
2005-03-11,3.771
2005-03-14,3.77
2005-03-15,3.771
2005-03-16,3.713
2005-03-17,3.667
2005-03-18,3.687
2005-03-21,3.698
2005-03-22,3.725
2005-03-23,3.687
2005-03-24,3.74
2005-03-25,3.706
2005-03-29,3.712
2005-03-30,3.705
2005-03-31,3.668
2005-04-01,3.63
2005-04-04,3.616
2005-04-05,3.582
2005-04-06,3.599
2005-04-07,3.598
2005-04-08,3.56
2005-04-11,3.566
2005-04-12,3.559
2005-04-13,3.542
2005-04-14,3.51
2005-04-15,3.531
2005-04-18,3.481
2005-04-19,3.469
2005-04-20,3.444
2005-04-21,3.453
2005-04-22,3.493
2005-04-25,3.466
2005-04-26,3.444
2005-04-27,3.448
2005-04-28,3.415
2005-04-29,3.389
2005-05-02,3.398
2005-05-03,3.398
2005-05-04,3.374
2005-05-05,3.402
2005-05-06,3.382
2005-05-09,3.441
2005-05-10,3.412
2005-05-11,3.361
2005-05-12,3.319
2005-05-13,3.342
2005-05-16,3.312
2005-05-17,3.306
2005-05-18,3.306
2005-05-19,3.287
2005-05-20,3.351
2005-05-23,3.373
2005-05-24,3.308
2005-05-25,3.299
2005-05-26,3.313
2005-05-27,3.319
2005-05-30,3.325
2005-05-31,3.333
2005-06-01,3.271
2005-06-02,3.227
2005-06-03,3.222
2005-06-06,3.232
2005-06-07,3.204
2005-06-08,3.155
2005-06-09,3.128
2005-06-10,3.122
2005-06-13,3.134
2005-06-14,3.19
2005-06-15,3.211
2005-06-16,3.322
2005-06-17,3.299
2005-06-20,3.284
2005-06-21,3.302
2005-06-22,3.218
2005-06-23,3.152
2005-06-24,3.154
2005-06-27,3.13
2005-06-28,3.117
2005-06-29,3.162
2005-06-30,3.194
2005-07-01,3.134
2005-07-04,3.155
2005-07-05,3.167
2005-07-06,3.212
2005-07-07,3.222
2005-07-08,3.182
2005-07-11,3.184
2005-07-12,3.228
2005-07-13,3.237
2005-07-14,3.254
2005-07-15,3.297
2005-07-18,3.288
2005-07-19,3.266
2005-07-20,3.271
2005-07-21,3.28
2005-07-22,3.273
2005-07-25,3.233
2005-07-26,3.207
2005-07-27,3.222
2005-07-28,3.22
2005-07-29,3.218
2005-08-01,3.239
2005-08-02,3.293
2005-08-03,3.329
2005-08-04,3.324
2005-08-05,3.343
2005-08-08,3.379
2005-08-09,3.368
2005-08-10,3.379
2005-08-11,3.343
2005-08-12,3.349
2005-08-15,3.284
2005-08-16,3.284
2005-08-17,3.232
2005-08-18,3.232
2005-08-19,3.183
2005-08-22,3.195
2005-08-23,3.163
2005-08-24,3.162
2005-08-25,3.172
2005-08-26,3.138
2005-08-29,3.151
2005-08-30,3.15
2005-08-31,3.153
2005-09-01,3.103
2005-09-02,3.066
2005-09-05,3.059
2005-09-06,3.056
2005-09-07,3.088
2005-09-08,3.096
2005-09-09,3.073
2005-09-12,3.045
2005-09-13,3.128
2005-09-14,3.094
2005-09-15,3.091
2005-09-16,3.126
2005-09-19,3.135
2005-09-20,3.091
2005-09-21,3.076
2005-09-22,3.009
2005-09-23,3.01
2005-09-26,3.061
2005-09-27,3.115
2005-09-28,3.115
2005-09-29,3.118
2005-09-30,3.154
2005-10-03,3.152
2005-10-04,3.176
2005-10-05,3.175
2005-10-06,3.187
2005-10-07,3.194
2005-10-10,3.167
2005-10-11,3.165
2005-10-12,3.192
2005-10-13,3.229
2005-10-14,3.289
2005-10-17,3.309
2005-10-18,3.298
2005-10-19,3.279
2005-10-20,3.261
2005-10-21,3.288
2005-10-24,3.23
2005-10-25,3.255
2005-10-26,3.331
2005-10-27,3.372
2005-10-28,3.411
2005-10-31,3.411
2005-11-01,3.395
2005-11-02,3.41
2005-11-03,3.445
2005-11-04,3.459
2005-11-07,3.503
2005-11-08,3.506
2005-11-09,3.459
2005-11-10,3.524
2005-11-11,3.519
2005-11-14,3.516
2005-11-15,3.552
2005-11-16,3.497
2005-11-17,3.422
2005-11-18,3.431
2005-11-21,3.522
2005-11-22,3.496
2005-11-23,3.474
2005-11-24,3.474
2005-11-25,3.398
2005-11-28,3.418
2005-11-29,3.467
2005-11-30,3.455
2005-12-01,3.407
2005-12-02,3.397
2005-12-05,3.416
2005-12-06,3.373
2005-12-07,3.407
2005-12-08,3.377
2005-12-09,3.445
2005-12-12,3.422
2005-12-13,3.403
2005-12-14,3.367
2005-12-15,3.38
2005-12-16,3.345
2005-12-19,3.339
2005-12-20,3.348
2005-12-21,3.397
2005-12-22,3.357
2005-12-23,3.326
2005-12-26,3.331
2005-12-27,3.325
2005-12-28,3.298
2005-12-29,3.329
2005-12-30,3.309
2006-01-02,3.332
2006-01-03,3.326
2006-01-04,3.285
2006-01-05,3.273
2006-01-06,3.262
2006-01-09,3.259
2006-01-10,3.287
2006-01-11,3.297
2006-01-12,3.275
2006-01-13,3.264
2006-01-16,3.276
2006-01-17,3.267
2006-01-18,3.281
2006-01-19,3.339
2006-01-20,3.375
2006-01-23,3.385
2006-01-24,3.37
2006-01-25,3.433
2006-01-26,3.488
2006-01-27,3.48
2006-01-30,3.473
2006-01-31,3.467
2006-02-01,3.525
2006-02-02,3.508
2006-02-03,3.489
2006-02-06,3.486
2006-02-07,3.514
2006-02-08,3.504
2006-02-09,3.477
2006-02-10,3.476
2006-02-13,3.492
2006-02-14,3.498
2006-02-15,3.506
2006-02-16,3.512
2006-02-17,3.447
2006-02-20,3.436
2006-02-21,3.448
2006-02-22,3.419
2006-02-23,3.479
2006-02-24,3.49
2006-02-27,3.532
2006-02-28,3.489
2006-03-01,3.511
2006-03-02,3.573
2006-03-03,3.591
2006-03-06,3.585
2006-03-07,3.599
2006-03-08,3.644
2006-03-09,3.648
2006-03-10,3.687
2006-03-13,3.712
2006-03-14,3.654
2006-03-15,3.688
2006-03-16,3.658
2006-03-17,3.691
2006-03-20,3.663
2006-03-21,3.665
2006-03-22,3.644
2006-03-23,3.675
2006-03-24,3.634
2006-03-27,3.642
2006-03-28,3.731
2006-03-29,3.761
2006-03-30,3.786
2006-03-31,3.771
2006-04-03,3.822
2006-04-04,3.839
2006-04-05,3.85
2006-04-06,3.896
2006-04-07,3.896
2006-04-10,3.892
2006-04-11,3.875
2006-04-12,3.886
2006-04-13,3.952
2006-04-14,3.957
2006-04-17,3.956
2006-04-18,3.947
2006-04-19,3.954
2006-04-20,3.929
2006-04-21,3.952
2006-04-24,3.941
2006-04-25,3.986
2006-04-26,3.997
2006-04-27,3.966
2006-04-28,3.951
2006-05-01,3.949
2006-05-02,3.984
2006-05-03,4.007
2006-05-04,4.034
2006-05-05,4.002
2006-05-08,4.018
2006-05-09,4.031
2006-05-10,3.989
2006-05-11,4.069
2006-05-12,4.081
2006-05-15,4.018
2006-05-16,3.978
2006-05-17,4.077
2006-05-18,4.032
2006-05-19,3.99
2006-05-22,3.916
2006-05-23,3.932
2006-05-24,3.891
2006-05-25,3.879
2006-05-26,3.884
2006-05-29,3.891
2006-05-30,3.939
2006-05-31,3.982
2006-06-01,3.996
2006-06-02,3.929
2006-06-05,3.97
2006-06-06,3.99
2006-06-07,4.008
2006-06-08,3.927
2006-06-09,3.934
2006-06-12,3.914
2006-06-13,3.868
2006-06-14,3.9
2006-06-15,3.95
2006-06-16,3.939
2006-06-19,3.976
2006-06-20,3.995
2006-06-21,4.015
2006-06-22,4.061
2006-06-23,4.081
2006-06-26,4.092
2006-06-27,4.094
2006-06-28,4.097
2006-06-29,4.066
2006-06-30,4.071
2006-07-03,4.092
2006-07-04,4.078
2006-07-05,4.137
2006-07-06,4.113
2006-07-07,4.065
2006-07-10,4.087
2006-07-11,4.051
2006-07-12,4.087
2006-07-13,4.048
2006-07-14,3.983
2006-07-17,3.993
2006-07-18,4.014
2006-07-19,3.984
2006-07-20,3.985
2006-07-21,3.956
2006-07-24,3.956
2006-07-25,3.963
2006-07-26,3.983
2006-07-27,3.948
2006-07-28,3.92
2006-07-31,3.921
2006-08-01,3.929
2006-08-02,3.934
2006-08-03,3.974
2006-08-04,3.906
2006-08-07,3.907
2006-08-08,3.903
2006-08-09,3.934
2006-08-10,3.933
2006-08-11,3.981
2006-08-14,4.006
2006-08-15,3.97
2006-08-16,3.932
2006-08-17,3.92
2006-08-18,3.902
2006-08-21,3.861
2006-08-22,3.808
2006-08-23,3.827
2006-08-24,3.809
2006-08-25,3.793
2006-08-28,3.795
2006-08-29,3.828
2006-08-30,3.801
2006-08-31,3.76
2006-09-01,3.745
2006-09-04,3.748
2006-09-05,3.787
2006-09-06,3.831
2006-09-07,3.817
2006-09-08,3.787
2006-09-11,3.803
2006-09-12,3.839
2006-09-13,3.79
2006-09-14,3.792
2006-09-15,3.776
2006-09-18,3.831
2006-09-19,3.78
2006-09-20,3.773
2006-09-21,3.752
2006-09-22,3.694
2006-09-25,3.663
2006-09-26,3.658
2006-09-27,3.672
2006-09-28,3.689
2006-09-29,3.709
2006-10-02,3.69
2006-10-03,3.735
2006-10-04,3.697
2006-10-05,3.711
2006-10-06,3.752
2006-10-09,3.76
2006-10-10,3.811
2006-10-11,3.808
2006-10-12,3.803
2006-10-13,3.832
2006-10-16,3.83
2006-10-17,3.8
2006-10-18,3.817
2006-10-19,3.841
2006-10-20,3.839
2006-10-23,3.877
2006-10-24,3.875
2006-10-25,3.884
2006-10-26,3.858
2006-10-27,3.809
2006-10-30,3.793
2006-10-31,3.741
2006-11-01,3.706
2006-11-02,3.74
2006-11-03,3.773
2006-11-06,3.792
2006-11-07,3.739
2006-11-08,3.758
2006-11-09,3.741
2006-11-10,3.714
2006-11-13,3.738
2006-11-14,3.712
2006-11-15,3.74
2006-11-16,3.748
2006-11-17,3.73
2006-11-20,3.719
2006-11-21,3.722
2006-11-22,3.72
2006-11-23,3.745
2006-11-24,3.699
2006-11-27,3.723
2006-11-28,3.705
2006-11-29,3.72
2006-11-30,3.695
2006-12-01,3.664
2006-12-04,3.671
2006-12-05,3.68
2006-12-06,3.688
2006-12-07,3.712
2006-12-08,3.728
2006-12-11,3.745
2006-12-12,3.739
2006-12-13,3.751
2006-12-14,3.782
2006-12-15,3.799
2006-12-18,3.828
2006-12-19,3.864
2006-12-20,3.86
2006-12-21,3.875
2006-12-22,3.881
2006-12-25,3.876
2006-12-26,3.876
2006-12-27,3.925
2006-12-28,3.954
2006-12-29,3.948
2007-01-01,3.943
2007-01-02,3.937
2007-01-03,3.954
2007-01-04,3.933
2007-01-05,3.982
2007-01-08,3.973
2007-01-09,4.004
2007-01-10,4.021
2007-01-11,4.014
2007-01-12,4.063
2007-01-15,4.054
2007-01-16,4.04
2007-01-17,4.04
2007-01-18,4.062
2007-01-19,4.05
2007-01-22,4.021
2007-01-23,4.02
2007-01-24,4.04
2007-01-25,4.079
2007-01-26,4.092
2007-01-29,4.119
2007-01-30,4.11
2007-01-31,4.1
2007-02-01,4.091
2007-02-02,4.061
2007-02-05,4.031
2007-02-06,4.03
2007-02-07,4.03
2007-02-08,4.047
2007-02-09,4.091
2007-02-12,4.108
2007-02-13,4.125
2007-02-14,4.099
2007-02-15,4.044
2007-02-16,4.05
2007-02-19,4.066
2007-02-20,4.063
2007-02-21,4.053
2007-02-22,4.086
2007-02-23,4.047
2007-02-26,3.995
2007-02-27,3.965
2007-02-28,3.957
2007-03-01,3.947
2007-03-02,3.938
2007-03-05,3.915
2007-03-06,3.918
2007-03-07,3.92
2007-03-08,3.929
2007-03-09,3.959
2007-03-12,3.932
2007-03-13,3.905
2007-03-14,3.882
2007-03-15,3.907
2007-03-16,3.905
2007-03-19,3.926
2007-03-20,3.909
2007-03-21,3.927
2007-03-22,3.949
2007-03-23,4.001
2007-03-26,4.001
2007-03-27,4.022
2007-03-28,4.031
2007-03-29,4.053
2007-03-30,4.057
2007-04-02,4.072
2007-04-03,4.097
2007-04-04,4.071
2007-04-05,4.095
2007-04-06,4.097
2007-04-09,4.096
2007-04-10,4.128
2007-04-11,4.143
2007-04-12,4.182
2007-04-13,4.231
2007-04-16,4.207
2007-04-17,4.182
2007-04-18,4.154
2007-04-19,4.197
2007-04-20,4.203
2007-04-23,4.18
2007-04-24,4.163
2007-04-25,4.188
2007-04-26,4.22
2007-04-27,4.22
2007-04-30,4.154
2007-05-01,4.149
2007-05-02,4.21
2007-05-03,4.23
2007-05-04,4.195
2007-05-07,4.212
2007-05-08,4.195
2007-05-09,4.208
2007-05-10,4.214
2007-05-11,4.217
2007-05-14,4.269
2007-05-15,4.299
2007-05-16,4.303
2007-05-17,4.312
2007-05-18,4.311
2007-05-21,4.322
2007-05-22,4.338
2007-05-23,4.368
2007-05-24,4.369
2007-05-25,4.387
2007-05-28,4.392
2007-05-29,4.402
2007-05-30,4.399
2007-05-31,4.422
2007-06-01,4.461
2007-06-04,4.456
2007-06-05,4.496
2007-06-06,4.461
2007-06-07,4.545
2007-06-08,4.572
2007-06-11,4.565
2007-06-12,4.611
2007-06-13,4.644
2007-06-14,4.644
2007-06-15,4.657
2007-06-18,4.663
2007-06-19,4.62
2007-06-20,4.64
2007-06-21,4.646
2007-06-22,4.653
2007-06-25,4.622
2007-06-26,4.602
2007-06-27,4.547
2007-06-28,4.566
2007-06-29,4.574
2007-07-02,4.511
2007-07-03,4.562
2007-07-04,4.604
2007-07-05,4.647
2007-07-06,4.677
2007-07-09,4.669
2007-07-10,4.589
2007-07-11,4.577
2007-07-12,4.62
2007-07-13,4.618
2007-07-16,4.579
2007-07-17,4.596
2007-07-18,4.544
2007-07-19,4.55
2007-07-20,4.438
2007-07-23,4.44
2007-07-24,4.431
2007-07-25,4.404
2007-07-26,4.331
2007-07-27,4.323
2007-07-30,4.304
2007-07-31,4.347
2007-08-01,4.348
2007-08-02,4.374
2007-08-03,4.317
2007-08-06,4.323
2007-08-07,4.345
2007-08-08,4.425
2007-08-09,4.388
2007-08-10,4.354
2007-08-13,4.371
2007-08-14,4.36
2007-08-15,4.335
2007-08-16,4.246
2007-08-17,4.287
2007-08-20,4.273
2007-08-21,4.23
2007-08-22,4.295
2007-08-23,4.268
2007-08-24,4.262
2007-08-27,4.252
2007-08-28,4.228
2007-08-29,4.225
2007-08-30,4.232
2007-08-31,4.242
2007-09-03,4.263
2007-09-04,4.275
2007-09-05,4.21
2007-09-06,4.206
2007-09-07,4.122
2007-09-10,4.072
2007-09-11,4.094
2007-09-12,4.125
2007-09-13,4.17
2007-09-14,4.166
2007-09-17,4.154
2007-09-18,4.219
2007-09-19,4.284
2007-09-20,4.342
2007-09-21,4.358
2007-09-24,4.365
2007-09-25,4.327
2007-09-26,4.385
2007-09-27,4.379
2007-09-28,4.329
2007-10-01,4.323
2007-10-02,4.317
2007-10-03,4.334
2007-10-04,4.289
2007-10-05,4.35
2007-10-08,4.353
2007-10-09,4.319
2007-10-10,4.352
2007-10-11,4.394
2007-10-12,4.421
2007-10-15,4.429
2007-10-16,4.436
2007-10-17,4.394
2007-10-18,4.324
2007-10-19,4.225
2007-10-22,4.191
2007-10-23,4.199
2007-10-24,4.15
2007-10-25,4.16
2007-10-26,4.173
2007-10-29,4.171
2007-10-30,4.187
2007-10-31,4.239
2007-11-01,4.206
2007-11-02,4.177
2007-11-05,4.167
2007-11-06,4.183
2007-11-07,4.152
2007-11-08,4.126
2007-11-09,4.087
2007-11-12,4.1
2007-11-13,4.127
2007-11-14,4.146
2007-11-15,4.117
2007-11-16,4.1
2007-11-19,4.051
2007-11-20,4.056
2007-11-21,4.013
2007-11-22,4.006
2007-11-23,4.022
2007-11-26,4.021
2007-11-27,4.037
2007-11-28,4.111
2007-11-29,4.066
2007-11-30,4.126
2007-12-03,4.067
2007-12-04,4.026
2007-12-05,4.033
2007-12-06,4.083
2007-12-07,4.199
2007-12-10,4.268
2007-12-11,4.24
2007-12-12,4.306
2007-12-13,4.282
2007-12-14,4.305
2007-12-17,4.289
2007-12-18,4.285
2007-12-19,4.284
2007-12-20,4.25
2007-12-21,4.304
2007-12-24,4.306
2007-12-25,4.302
2007-12-26,4.307
2007-12-27,4.346
2007-12-28,4.313
2007-12-31,4.307
2008-01-01,4.302
2008-01-02,4.21
2008-01-03,4.193
2008-01-04,4.135
2008-01-07,4.125
2008-01-08,4.153
2008-01-09,4.089
2008-01-10,4.089
2008-01-11,4.087
2008-01-14,4.054
2008-01-15,4.024
2008-01-16,3.978
2008-01-17,3.975
2008-01-18,3.974
2008-01-21,3.912
2008-01-22,3.992
2008-01-23,3.889
2008-01-24,3.998
2008-01-25,3.977
2008-01-28,3.948
2008-01-29,3.994
2008-01-30,4.018
2008-01-31,3.93
2008-02-01,3.919
2008-02-04,3.932
2008-02-05,3.846
2008-02-06,3.895
2008-02-07,3.877
2008-02-08,3.864
2008-02-11,3.859
2008-02-12,3.945
2008-02-13,3.956
2008-02-14,4.005
2008-02-15,3.955
2008-02-18,4.015
2008-02-19,3.994
2008-02-20,4.025
2008-02-21,4.015
2008-02-22,4.003
2008-02-25,4.036
2008-02-26,4.074
2008-02-27,4.088
2008-02-28,4.001
2008-02-29,3.891
2008-03-03,3.86
2008-03-04,3.806
2008-03-05,3.861
2008-03-06,3.809
2008-03-07,3.788
2008-03-10,3.731
2008-03-11,3.789
2008-03-12,3.771
2008-03-13,3.76
2008-03-14,3.732
2008-03-17,3.688
2008-03-18,3.761
2008-03-19,3.761
2008-03-20,3.752
2008-03-21,3.762
2008-03-24,3.761
2008-03-25,3.883
2008-03-26,3.876
2008-03-27,3.924
2008-03-28,3.938
2008-03-31,3.899
2008-04-01,3.974
2008-04-02,3.993
2008-04-03,3.982
2008-04-04,3.946
2008-04-07,4.013
2008-04-08,4.021
2008-04-09,4.005
2008-04-10,3.982
2008-04-11,3.91
2008-04-14,3.908
2008-04-15,3.964
2008-04-16,4.037
2008-04-17,4.076
2008-04-18,4.133
2008-04-21,4.115
2008-04-22,4.148
2008-04-23,4.146
2008-04-24,4.182
2008-04-25,4.178
2008-04-28,4.201
2008-04-29,4.138
2008-04-30,4.123
2008-05-01,4.117
2008-05-02,4.198
2008-05-05,4.158
2008-05-06,4.133
2008-05-07,4.176
2008-05-08,4.064
2008-05-09,3.995
2008-05-12,4.011
2008-05-13,4.084
2008-05-14,4.174
2008-05-15,4.203
2008-05-16,4.172
2008-05-19,4.22
2008-05-20,4.185
2008-05-21,4.265
2008-05-22,4.299
2008-05-23,4.265
2008-05-26,4.292
2008-05-27,4.306
2008-05-28,4.347
2008-05-29,4.43
2008-05-30,4.405
2008-06-02,4.347
2008-06-03,4.427
2008-06-04,4.384
2008-06-05,4.469
2008-06-06,4.421
2008-06-09,4.491
2008-06-10,4.52
2008-06-11,4.553
2008-06-12,4.597
2008-06-13,4.641
2008-06-16,4.63
2008-06-17,4.609
2008-06-18,4.613
2008-06-19,4.681
2008-06-20,4.628
2008-06-23,4.599
2008-06-24,4.602
2008-06-25,4.613
2008-06-26,4.516
2008-06-27,4.523
2008-06-30,4.621
2008-07-01,4.607
2008-07-02,4.653
2008-07-03,4.556
2008-07-04,4.495
2008-07-07,4.427
2008-07-08,4.413
2008-07-09,4.413
2008-07-10,4.4
2008-07-11,4.427
2008-07-14,4.398
2008-07-15,4.385
2008-07-16,4.392
2008-07-17,4.443
2008-07-18,4.571
2008-07-21,4.635
2008-07-22,4.641
2008-07-23,4.662
2008-07-24,4.566
2008-07-25,4.604
2008-07-28,4.525
2008-07-29,4.477
2008-07-30,4.416
2008-07-31,4.355
2008-08-01,4.349
2008-08-04,4.334
2008-08-05,4.31
2008-08-06,4.341
2008-08-07,4.262
2008-08-08,4.261
2008-08-11,4.273
2008-08-12,4.23
2008-08-13,4.206
2008-08-14,4.203
2008-08-15,4.165
2008-08-18,4.143
2008-08-19,4.165
2008-08-20,4.123
2008-08-21,4.175
2008-08-22,4.219
2008-08-25,4.121
2008-08-26,4.114
2008-08-27,4.174
2008-08-28,4.179
2008-08-29,4.176
2008-09-01,4.126
2008-09-02,4.141
2008-09-03,4.14
2008-09-04,4.07
2008-09-05,4.001
2008-09-08,4.064
2008-09-09,4.043
2008-09-10,4.066
2008-09-11,4.081
2008-09-12,4.185
2008-09-15,4.051
2008-09-16,3.996
2008-09-17,4.016
2008-09-18,4.036
2008-09-19,4.208
2008-09-22,4.257
2008-09-23,4.241
2008-09-24,4.164
2008-09-25,4.23
2008-09-26,4.164
2008-09-29,3.972
2008-09-30,4.015
2008-10-01,3.995
2008-10-02,3.931
2008-10-03,3.924
2008-10-06,3.753
2008-10-07,3.752
2008-10-08,3.803
2008-10-09,3.877
2008-10-10,3.996
2008-10-13,4.074
2008-10-14,4.116
2008-10-15,4.123
2008-10-16,4.069
2008-10-17,4.014
2008-10-20,4.011
2008-10-21,3.94
2008-10-22,3.807
2008-10-23,3.779
2008-10-24,3.751
2008-10-27,3.76
2008-10-28,3.752
2008-10-29,3.787
2008-10-30,3.771
2008-10-31,3.9
2008-11-03,3.831
2008-11-04,3.804
2008-11-05,3.767
2008-11-06,3.704
2008-11-07,3.681
2008-11-10,3.683
2008-11-11,3.671
2008-11-12,3.631
2008-11-13,3.64
2008-11-14,3.673
2008-11-17,3.661
2008-11-18,3.646
2008-11-19,3.542
2008-11-20,3.401
2008-11-21,3.39
2008-11-24,3.426
2008-11-25,3.35
2008-11-26,3.284
2008-11-27,3.294
2008-11-28,3.258
2008-12-01,3.164
2008-12-02,3.048
2008-12-03,3.036
2008-12-04,3.096
2008-12-05,3.029
2008-12-08,3.155
2008-12-09,3.233
2008-12-10,3.208
2008-12-11,3.215
2008-12-12,3.297
2008-12-15,3.197
2008-12-16,3.135
2008-12-17,2.987
2008-12-18,2.974
2008-12-19,3.002
2008-12-22,2.937
2008-12-23,2.945
2008-12-24,2.942
2008-12-25,2.941
2008-12-26,2.941
2008-12-29,2.909
2008-12-30,2.949
2008-12-31,2.951
2009-01-01,2.95
2009-01-02,2.957
2009-01-05,3.013
2009-01-06,3.153
2009-01-07,3.198
2009-01-08,3.127
2009-01-09,3.017
2009-01-12,2.986
2009-01-13,2.991
2009-01-14,2.934
2009-01-15,2.89
2009-01-16,2.93
2009-01-19,2.996
2009-01-20,3.019
2009-01-21,2.999
2009-01-22,3.108
2009-01-23,3.237
2009-01-26,3.327
2009-01-27,3.26
2009-01-28,3.233
2009-01-29,3.259
2009-01-30,3.296
2009-02-02,3.284
2009-02-03,3.335
2009-02-04,3.363
2009-02-05,3.339
2009-02-06,3.371
2009-02-09,3.403
2009-02-10,3.343
2009-02-11,3.189
2009-02-12,3.083
2009-02-13,3.107
2009-02-16,3.037
2009-02-17,2.975
2009-02-18,2.994
2009-02-19,3.08
2009-02-20,3.014
2009-02-23,3.014
2009-02-24,2.988
2009-02-25,2.993
2009-02-26,3.128
2009-02-27,3.112
2009-03-02,3.03
2009-03-03,3.048
2009-03-04,3.136
2009-03-05,3.017
2009-03-06,2.925
2009-03-09,2.936
2009-03-10,3.0
2009-03-11,3.07
2009-03-12,3.007
2009-03-13,3.059
2009-03-16,3.145
2009-03-17,3.191
2009-03-18,3.221
2009-03-19,3.045
2009-03-20,2.974
2009-03-23,3.019
2009-03-24,3.149
2009-03-25,3.146
2009-03-26,3.13
2009-03-27,3.086
2009-03-30,3.026
2009-03-31,2.994
2009-04-01,2.994
2009-04-02,3.16
2009-04-03,3.221
2009-04-06,3.218
2009-04-07,3.217
2009-04-08,3.214
2009-04-09,3.257
2009-04-10,3.25
2009-04-13,3.252
2009-04-14,3.199
2009-04-15,3.142
2009-04-16,3.176
2009-04-17,3.27
2009-04-20,3.149
2009-04-21,3.14
2009-04-22,3.209
2009-04-23,3.222
2009-04-24,3.191
2009-04-27,3.161
2009-04-28,3.141
2009-04-29,3.131
2009-04-30,3.178
2009-05-01,3.17
2009-05-04,3.243
2009-05-05,3.211
2009-05-06,3.24
2009-05-07,3.38
2009-05-08,3.447
2009-05-11,3.388
2009-05-12,3.407
2009-05-13,3.343
2009-05-14,3.305
2009-05-15,3.365
2009-05-18,3.358
2009-05-19,3.438
2009-05-20,3.433
2009-05-21,3.37
2009-05-22,3.547
2009-05-25,3.604
2009-05-26,3.621
2009-05-27,3.626
2009-05-28,3.66
2009-05-29,3.589
2009-06-01,3.669
2009-06-02,3.659
2009-06-03,3.573
2009-06-04,3.638
2009-06-05,3.722
2009-06-08,3.676
2009-06-09,3.636
2009-06-10,3.688
2009-06-11,3.698
2009-06-12,3.634
2009-06-15,3.522
2009-06-16,3.525
2009-06-17,3.481
2009-06-18,3.547
2009-06-19,3.502
2009-06-22,3.45
2009-06-23,3.463
2009-06-24,3.45
2009-06-25,3.426
2009-06-26,3.391
2009-06-29,3.369
2009-06-30,3.386
2009-07-01,3.414
2009-07-02,3.328
2009-07-03,3.34
2009-07-06,3.3
2009-07-07,3.318
2009-07-08,3.277
2009-07-09,3.299
2009-07-10,3.259
2009-07-13,3.266
2009-07-14,3.304
2009-07-15,3.367
2009-07-16,3.337
2009-07-17,3.4
2009-07-20,3.417
2009-07-21,3.369
2009-07-22,3.38
2009-07-23,3.459
2009-07-24,3.477
2009-07-27,3.487
2009-07-28,3.427
2009-07-29,3.424
2009-07-30,3.43
2009-07-31,3.3
2009-08-03,3.344
2009-08-04,3.346
2009-08-05,3.339
2009-08-06,3.374
2009-08-07,3.51
2009-08-10,3.483
2009-08-11,3.473
2009-08-12,3.456
2009-08-13,3.424
2009-08-14,3.317
2009-08-17,3.284
2009-08-18,3.295
2009-08-19,3.249
2009-08-20,3.255
2009-08-21,3.312
2009-08-24,3.305
2009-08-25,3.269
2009-08-26,3.235
2009-08-27,3.245
2009-08-28,3.25
2009-08-31,3.257
2009-09-01,3.241
2009-09-02,3.231
2009-09-03,3.243
2009-09-04,3.242
2009-09-07,3.232
2009-09-08,3.274
2009-09-09,3.362
2009-09-10,3.304
2009-09-11,3.236
2009-09-14,3.257
2009-09-15,3.292
2009-09-16,3.337
2009-09-17,3.366
2009-09-18,3.376
2009-09-21,3.379
2009-09-22,3.395
2009-09-23,3.373
2009-09-24,3.305
2009-09-25,3.256
2009-09-28,3.254
2009-09-29,3.229
2009-09-30,3.22
2009-10-01,3.157
2009-10-02,3.122
2009-10-05,3.124
2009-10-06,3.158
2009-10-07,3.123
2009-10-08,3.115
2009-10-09,3.204
2009-10-12,3.182
2009-10-13,3.164
2009-10-14,3.227
2009-10-15,3.297
2009-10-16,3.286
2009-10-19,3.301
2009-10-20,3.235
2009-10-21,3.319
2009-10-22,3.305
2009-10-23,3.348
2009-10-26,3.354
2009-10-27,3.269
2009-10-28,3.258
2009-10-29,3.324
2009-10-30,3.231
2009-11-02,3.237
2009-11-03,3.263
2009-11-04,3.318
2009-11-05,3.347
2009-11-06,3.364
2009-11-09,3.318
2009-11-10,3.28
2009-11-11,3.343
2009-11-12,3.362
2009-11-13,3.381
2009-11-16,3.323
2009-11-17,3.283
2009-11-18,3.289
2009-11-19,3.271
2009-11-20,3.254
2009-11-23,3.274
2009-11-24,3.254
2009-11-25,3.265
2009-11-26,3.166
2009-11-27,3.168
2009-11-30,3.159
2009-12-01,3.152
2009-12-02,3.161
2009-12-03,3.177
2009-12-04,3.238
2009-12-07,3.185
2009-12-08,3.14
2009-12-09,3.137
2009-12-10,3.178
2009-12-11,3.209
2009-12-14,3.185
2009-12-15,3.236
2009-12-16,3.198
2009-12-17,3.142
2009-12-18,3.137
2009-12-21,3.194
2009-12-22,3.264
2009-12-23,3.317
2009-12-24,3.322
2009-12-25,3.315
2009-12-28,3.352
2009-12-29,3.368
2009-12-30,3.387
2009-12-31,3.387
2010-01-01,3.387
2010-01-04,3.391
2010-01-05,3.373
2010-01-06,3.381
2010-01-07,3.37
2010-01-08,3.385
2010-01-11,3.347
2010-01-12,3.313
2010-01-13,3.303
2010-01-14,3.298
2010-01-15,3.262
2010-01-18,3.248
2010-01-19,3.277
2010-01-20,3.223
2010-01-21,3.207
2010-01-22,3.215
2010-01-25,3.217
2010-01-26,3.207
2010-01-27,3.2
2010-01-28,3.201
2010-01-29,3.196
2010-02-01,3.186
2010-02-02,3.195
2010-02-03,3.223
2010-02-04,3.163
2010-02-05,3.12
2010-02-08,3.145
2010-02-09,3.152
2010-02-10,3.198
2010-02-11,3.234
2010-02-12,3.192
2010-02-15,3.204
2010-02-16,3.205
2010-02-17,3.194
2010-02-18,3.251
2010-02-19,3.285
2010-02-22,3.27
2010-02-23,3.167
2010-02-24,3.135
2010-02-25,3.11
2010-02-26,3.101
2010-03-01,3.108
2010-03-02,3.116
2010-03-03,3.138
2010-03-04,3.123
2010-03-05,3.156
2010-03-08,3.165
2010-03-09,3.132
2010-03-10,3.153
2010-03-11,3.179
2010-03-12,3.167
2010-03-15,3.155
2010-03-16,3.139
2010-03-17,3.111
2010-03-18,3.127
2010-03-19,3.109
2010-03-22,3.07
2010-03-23,3.056
2010-03-24,3.079
2010-03-25,3.152
2010-03-26,3.15
2010-03-29,3.132
2010-03-30,3.11
2010-03-31,3.092
2010-04-01,3.088
2010-04-02,3.088
2010-04-05,3.09
2010-04-06,3.143
2010-04-07,3.119
2010-04-08,3.096
2010-04-09,3.166
2010-04-12,3.177
2010-04-13,3.146
2010-04-14,3.138
2010-04-15,3.132
2010-04-16,3.084
2010-04-19,3.078
2010-04-20,3.098
2010-04-21,3.079
2010-04-22,3.052
2010-04-23,3.061
2010-04-26,3.046
2010-04-27,2.939
2010-04-28,3.037
2010-04-29,3.062
2010-04-30,3.017
2010-05-03,3.065
2010-05-04,2.949
2010-05-05,2.861
2010-05-06,2.793
2010-05-07,2.797
2010-05-10,2.955
2010-05-11,2.937
2010-05-12,2.942
2010-05-13,2.94
2010-05-14,2.86
2010-05-17,2.863
2010-05-18,2.831
2010-05-19,2.766
2010-05-20,2.685
2010-05-21,2.666
2010-05-24,2.655
2010-05-25,2.578
2010-05-26,2.645
2010-05-27,2.704
2010-05-28,2.682
2010-05-31,2.66
2010-06-01,2.675
2010-06-02,2.655
2010-06-03,2.676
2010-06-04,2.584
2010-06-07,2.563
2010-06-08,2.512
2010-06-09,2.567
2010-06-10,2.61
2010-06-11,2.566
2010-06-14,2.638
2010-06-15,2.674
2010-06-16,2.671
2010-06-17,2.663
2010-06-18,2.729
2010-06-21,2.766
2010-06-22,2.692
2010-06-23,2.647
2010-06-24,2.602
2010-06-25,2.611
2010-06-28,2.585
2010-06-29,2.559
2010-06-30,2.577
2010-07-01,2.566
2010-07-02,2.583
2010-07-05,2.543
2010-07-06,2.589
2010-07-07,2.598
2010-07-08,2.632
2010-07-09,2.634
2010-07-12,2.589
2010-07-13,2.641
2010-07-14,2.655
2010-07-15,2.653
2010-07-16,2.606
2010-07-19,2.65
2010-07-20,2.636
2010-07-21,2.638
2010-07-22,2.665
2010-07-23,2.706
2010-07-26,2.761
2010-07-27,2.77
2010-07-28,2.749
2010-07-29,2.717
2010-07-30,2.669
2010-08-02,2.698
2010-08-03,2.607
2010-08-04,2.604
2010-08-05,2.562
2010-08-06,2.519
2010-08-09,2.525
2010-08-10,2.537
2010-08-11,2.428
2010-08-12,2.421
2010-08-13,2.393
2010-08-16,2.33
2010-08-17,2.363
2010-08-18,2.347
2010-08-19,2.312
2010-08-20,2.271
2010-08-23,2.286
2010-08-24,2.18
2010-08-25,2.146
2010-08-26,2.157
2010-08-27,2.2
2010-08-30,2.135
2010-08-31,2.116
2010-09-01,2.224
2010-09-02,2.283
2010-09-03,2.354
2010-09-06,2.336
2010-09-07,2.255
2010-09-08,2.297
2010-09-09,2.336
2010-09-10,2.4
2010-09-13,2.427
2010-09-14,2.371
2010-09-15,2.404
2010-09-16,2.478
2010-09-17,2.427
2010-09-20,2.467
2010-09-21,2.453
2010-09-22,2.349
2010-09-23,2.285
2010-09-24,2.342
2010-09-27,2.269
2010-09-28,2.246
2010-09-29,2.24
2010-09-30,2.278
2010-10-01,2.286
2010-10-04,2.252
2010-10-05,2.279
2010-10-06,2.224
2010-10-07,2.262
2010-10-08,2.254
2010-10-11,2.272
2010-10-12,2.243
2010-10-13,2.282
2010-10-14,2.295
2010-10-15,2.371
2010-10-18,2.385
2010-10-19,2.414
2010-10-20,2.44
2010-10-21,2.484
2010-10-22,2.474
2010-10-25,2.45
2010-10-26,2.507
2010-10-27,2.565
2010-10-28,2.564
2010-10-29,2.518
2010-11-01,2.481
2010-11-02,2.47
2010-11-03,2.418
2010-11-04,2.396
2010-11-05,2.417
2010-11-08,2.39
2010-11-09,2.407
2010-11-10,2.441
2010-11-11,2.435
2010-11-12,2.512
2010-11-15,2.563
2010-11-16,2.622
2010-11-17,2.601
2010-11-18,2.704
2010-11-19,2.703
2010-11-22,2.65
2010-11-23,2.552
2010-11-24,2.711
2010-11-25,2.712
2010-11-26,2.734
2010-11-29,2.757
2010-11-30,2.67
2010-12-01,2.78
2010-12-02,2.819
2010-12-03,2.857
2010-12-06,2.853
2010-12-07,2.948
2010-12-08,3.014
2010-12-09,2.947
2010-12-10,2.954
2010-12-13,2.976
2010-12-14,3.026
2010-12-15,3.03
2010-12-16,3.065
2010-12-17,3.029
2010-12-20,2.967
2010-12-21,2.986
2010-12-22,2.952
2010-12-23,2.977
2010-12-24,2.982
2010-12-27,3.031
2010-12-28,2.976
2010-12-29,3.018
2010-12-30,2.959
2010-12-31,2.963
2011-01-03,2.922
2011-01-04,2.891
2011-01-05,2.938
2011-01-06,2.913
2011-01-07,2.869
2011-01-10,2.87
2011-01-11,2.925
2011-01-12,3.052
2011-01-13,3.044
2011-01-14,3.028
2011-01-17,3.038
2011-01-18,3.115
2011-01-19,3.105
2011-01-20,3.163
2011-01-21,3.176
2011-01-24,3.15
2011-01-25,3.144
2011-01-26,3.185
2011-01-27,3.206
2011-01-28,3.148
2011-01-31,3.155
2011-02-01,3.221
2011-02-02,3.259
2011-02-03,3.216
2011-02-04,3.261
2011-02-07,3.253
2011-02-08,3.255
2011-02-09,3.306
2011-02-10,3.301
2011-02-11,3.294
2011-02-14,3.296
2011-02-15,3.282
2011-02-16,3.237
2011-02-17,3.183
2011-02-18,3.254
2011-02-21,3.184
2011-02-22,3.146
2011-02-23,3.14
2011-02-24,3.131
2011-02-25,3.152
2011-02-28,3.17
2011-03-01,3.179
2011-03-02,3.197
2011-03-03,3.326
2011-03-04,3.273
2011-03-07,3.273
2011-03-08,3.305
2011-03-09,3.29
2011-03-10,3.25
2011-03-11,3.214
2011-03-14,3.227
2011-03-15,3.137
2011-03-16,3.09
2011-03-17,3.169
2011-03-18,3.188
2011-03-21,3.233
2011-03-22,3.257
2011-03-23,3.236
2011-03-24,3.245
2011-03-25,3.28
2011-03-28,3.291
2011-03-29,3.332
2011-03-30,3.339
2011-03-31,3.354
2011-04-01,3.372
2011-04-04,3.369
2011-04-05,3.392
2011-04-06,3.431
2011-04-07,3.422
2011-04-08,3.481
2011-04-11,3.491
2011-04-12,3.441
2011-04-13,3.435
2011-04-14,3.428
2011-04-15,3.378
2011-04-18,3.248
2011-04-19,3.275
2011-04-20,3.305
2011-04-21,3.26
2011-04-22,3.26
2011-04-25,3.26
2011-04-26,3.248
2011-04-27,3.292
2011-04-28,3.262
2011-04-29,3.239
2011-05-02,3.246
2011-05-03,3.279
2011-05-04,3.296
2011-05-05,3.215
2011-05-06,3.17
2011-05-09,3.103
2011-05-10,3.122
2011-05-11,3.128
2011-05-12,3.109
2011-05-13,3.077
2011-05-16,3.116
2011-05-17,3.093
2011-05-18,3.12
2011-05-19,3.114
2011-05-20,3.057
2011-05-23,3.014
2011-05-24,3.069
2011-05-25,3.048
2011-05-26,2.997
2011-05-27,2.985
2011-05-30,2.976
2011-05-31,3.02
2011-06-01,2.987
2011-06-02,2.99
2011-06-03,3.058
2011-06-06,3.025
2011-06-07,3.094
2011-06-08,3.054
2011-06-09,3.03
2011-06-10,2.961
2011-06-13,2.958
2011-06-14,3.014
2011-06-15,2.953
2011-06-16,2.916
2011-06-17,2.959
2011-06-20,2.965
2011-06-21,2.979
2011-06-22,2.942
2011-06-23,2.866
2011-06-24,2.834
2011-06-27,2.891
2011-06-28,2.933
2011-06-29,2.984
2011-06-30,3.025
2011-07-01,3.034
2011-07-04,3.02
2011-07-05,3.008
2011-07-06,2.933
2011-07-07,2.967
2011-07-08,2.829
2011-07-11,2.672
2011-07-12,2.711
2011-07-13,2.748
2011-07-14,2.738
2011-07-15,2.695
2011-07-18,2.648
2011-07-19,2.678
2011-07-20,2.767
2011-07-21,2.877
2011-07-22,2.828
2011-07-25,2.763
2011-07-26,2.74
2011-07-27,2.651
2011-07-28,2.633
2011-07-29,2.538
2011-08-01,2.453
2011-08-02,2.416
2011-08-03,2.403
2011-08-04,2.3
2011-08-05,2.346
2011-08-08,2.262
2011-08-09,2.365
2011-08-10,2.192
2011-08-11,2.316
2011-08-12,2.333
2011-08-15,2.325
2011-08-16,2.324
2011-08-17,2.203
2011-08-18,2.087
2011-08-19,2.105
2011-08-22,2.102
2011-08-23,2.128
2011-08-24,2.208
2011-08-25,2.186
2011-08-26,2.157
2011-08-29,2.227
2011-08-30,2.153
2011-08-31,2.219
2011-09-01,2.145
2011-09-02,2.008
2011-09-05,1.847
2011-09-06,1.848
2011-09-07,1.907
2011-09-08,1.87
2011-09-09,1.772
2011-09-12,1.743
2011-09-13,1.794
2011-09-14,1.878
2011-09-15,1.929
2011-09-16,1.863
2011-09-19,1.8
2011-09-20,1.791
2011-09-21,1.772
2011-09-22,1.674
2011-09-23,1.747
2011-09-26,1.829
2011-09-27,1.962
2011-09-28,2.011
2011-09-29,2.007
2011-09-30,1.887
2011-10-03,1.815
2011-10-04,1.726
2011-10-05,1.839
2011-10-06,1.942
2011-10-07,2.002
2011-10-10,2.083
2011-10-11,2.089
2011-10-12,2.189
2011-10-13,2.105
2011-10-14,2.199
2011-10-17,2.098
2011-10-18,2.013
2011-10-19,2.059
2011-10-20,1.998
2011-10-21,2.106
2011-10-24,2.121
2011-10-25,2.059
2011-10-26,2.037
2011-10-27,2.206
2011-10-28,2.177
2011-10-31,2.025
2011-11-01,1.768
2011-11-02,1.827
2011-11-03,1.913
2011-11-04,1.823
2011-11-07,1.78
2011-11-08,1.801
2011-11-09,1.721
2011-11-10,1.778
2011-11-11,1.888
2011-11-14,1.781
2011-11-15,1.782
2011-11-16,1.815
2011-11-17,1.892
2011-11-18,1.967
2011-11-21,1.915
2011-11-22,1.919
2011-11-23,2.148
2011-11-24,2.194
2011-11-25,2.263
2011-11-28,2.3
2011-11-29,2.331
2011-11-30,2.28
2011-12-01,2.178
2011-12-02,2.135
2011-12-05,2.204
2011-12-06,2.188
2011-12-07,2.104
2011-12-08,2.016
2011-12-09,2.149
2011-12-12,2.021
2011-12-13,2.028
2011-12-14,1.921
2011-12-15,1.945
2011-12-16,1.852
2011-12-19,1.882
2011-12-20,1.955
2011-12-21,1.934
2011-12-22,1.944
2011-12-23,1.96
2011-12-27,1.921
2011-12-28,1.894
2011-12-29,1.842
2011-12-30,1.829
2012-01-02,1.905
2012-01-03,1.899
2012-01-04,1.924
2012-01-05,1.863
2012-01-06,1.854
2012-01-09,1.845
2012-01-10,1.884
2012-01-11,1.814
2012-01-12,1.835
2012-01-13,1.765
2012-01-16,1.769
2012-01-17,1.792
2012-01-18,1.785
2012-01-19,1.86
2012-01-20,1.929
2012-01-23,1.971
2012-01-24,1.993
2012-01-25,1.945
2012-01-26,1.871
2012-01-27,1.858
2012-01-30,1.793
2012-01-31,1.787
2012-02-01,1.852
2012-02-02,1.852
2012-02-03,1.933
2012-02-06,1.887
2012-02-07,1.963
2012-02-08,1.983
2012-02-09,2.016
2012-02-10,1.907
2012-02-13,1.931
2012-02-14,1.902
2012-02-15,1.861
2012-02-16,1.896
2012-02-17,1.925
2012-02-20,1.961
2012-02-21,1.982
2012-02-22,1.892
2012-02-23,1.883
2012-02-24,1.884
2012-02-27,1.829
2012-02-28,1.801
2012-02-29,1.818
2012-03-01,1.865
2012-03-02,1.8
2012-03-05,1.826
2012-03-06,1.777
2012-03-07,1.772
2012-03-08,1.798
2012-03-09,1.794
2012-03-12,1.753
2012-03-13,1.821
2012-03-14,1.954
2012-03-15,1.968
2012-03-16,2.05
2012-03-19,2.056
2012-03-20,2.041
2012-03-21,1.979
2012-03-22,1.912
2012-03-23,1.865
2012-03-26,1.954
2012-03-27,1.889
2012-03-28,1.832
2012-03-29,1.808
2012-03-30,1.794
2012-04-02,1.804
2012-04-03,1.804
2012-04-04,1.788
2012-04-05,1.735
2012-04-10,1.643
2012-04-11,1.781
2012-04-12,1.788
2012-04-13,1.735
2012-04-16,1.717
2012-04-17,1.75
2012-04-18,1.72
2012-04-19,1.692
2012-04-20,1.709
2012-04-23,1.644
2012-04-24,1.698
2012-04-25,1.741
2012-04-26,1.683
2012-04-27,1.699
2012-04-30,1.663
2012-05-02,1.609
2012-05-03,1.612
2012-05-04,1.584
2012-05-07,1.605
2012-05-08,1.542
2012-05-09,1.518
2012-05-10,1.539
2012-05-11,1.516
2012-05-14,1.457
2012-05-15,1.47
2012-05-16,1.47
2012-05-17,1.413
2012-05-18,1.426
2012-05-21,1.431
2012-05-22,1.468
2012-05-23,1.384
2012-05-24,1.391
2012-05-25,1.37
2012-05-28,1.364
2012-05-29,1.359
2012-05-30,1.269
2012-05-31,1.2
2012-06-01,1.172
2012-06-04,1.208
2012-06-05,1.208
2012-06-06,1.335
2012-06-07,1.375
2012-06-08,1.329
2012-06-11,1.305
2012-06-12,1.424
2012-06-13,1.488
2012-06-14,1.487
2012-06-15,1.437
2012-06-18,1.412
2012-06-19,1.531
2012-06-20,1.615
2012-06-21,1.534
2012-06-22,1.581
2012-06-25,1.463
2012-06-26,1.505
2012-06-27,1.567
2012-06-28,1.513
2012-06-29,1.583
2012-07-02,1.519
2012-07-03,1.533
2012-07-04,1.454
2012-07-05,1.382
2012-07-06,1.327
2012-07-09,1.321
2012-07-10,1.321
2012-07-11,1.271
2012-07-12,1.249
2012-07-13,1.26
2012-07-16,1.232
2012-07-17,1.232
2012-07-18,1.199
2012-07-19,1.217
2012-07-20,1.167
2012-07-23,1.175
2012-07-24,1.236
2012-07-25,1.262
2012-07-26,1.321
2012-07-27,1.398
2012-07-30,1.375
2012-07-31,1.285
2012-08-01,1.368
2012-08-02,1.227
2012-08-03,1.424
2012-08-06,1.396
2012-08-07,1.485
2012-08-08,1.421
2012-08-09,1.434
2012-08-10,1.385
2012-08-13,1.402
2012-08-14,1.468
2012-08-15,1.563
2012-08-16,1.526
2012-08-17,1.496
2012-08-20,1.509
2012-08-21,1.557
2012-08-22,1.461
2012-08-23,1.377
2012-08-24,1.355
2012-08-27,1.352
2012-08-28,1.341
2012-08-29,1.38
2012-08-30,1.322
2012-08-31,1.334
2012-09-03,1.378
2012-09-04,1.391
2012-09-05,1.437
2012-09-06,1.563
2012-09-07,1.521
2012-09-10,1.549
2012-09-11,1.544
2012-09-12,1.618
2012-09-13,1.556
2012-09-14,1.712
2012-09-17,1.672
2012-09-18,1.638
2012-09-19,1.623
2012-09-20,1.577
2012-09-21,1.599
2012-09-24,1.558
2012-09-25,1.586
2012-09-26,1.456
2012-09-27,1.461
2012-09-28,1.443
2012-10-01,1.45
2012-10-02,1.458
2012-10-03,1.449
2012-10-04,1.449
2012-10-05,1.522
2012-10-08,1.475
2012-10-09,1.476
2012-10-10,1.491
2012-10-11,1.503
2012-10-12,1.445
2012-10-15,1.476
2012-10-16,1.543
2012-10-17,1.635
2012-10-18,1.635
2012-10-19,1.595
2012-10-22,1.618
2012-10-23,1.573
2012-10-24,1.557
2012-10-25,1.583
2012-10-26,1.538
2012-10-29,1.457
2012-10-30,1.48
2012-10-31,1.462
2012-11-01,1.456
2012-11-02,1.452
2012-11-05,1.427
2012-11-06,1.441
2012-11-07,1.38
2012-11-08,1.365
2012-11-09,1.351
2012-11-12,1.345
2012-11-13,1.341
2012-11-14,1.341
2012-11-15,1.34
2012-11-16,1.335
2012-11-19,1.357
2012-11-20,1.418
2012-11-21,1.433
2012-11-22,1.433
2012-11-23,1.437
2012-11-26,1.416
2012-11-27,1.44
2012-11-28,1.37
2012-11-29,1.369
2012-11-30,1.387
2012-12-03,1.409
2012-12-04,1.397
2012-12-05,1.35
2012-12-06,1.298
2012-12-07,1.295
2012-12-10,1.307
2012-12-11,1.319
2012-12-12,1.336
2012-12-13,1.354
2012-12-14,1.35
2012-12-17,1.374
2012-12-18,1.412
2012-12-19,1.431
2012-12-20,1.417
2012-12-21,1.376
2012-12-27,1.319
2012-12-28,1.311
2013-01-02,1.444
2013-01-03,1.48
2013-01-04,1.537
2013-01-07,1.515
2013-01-08,1.492
2013-01-09,1.477
2013-01-10,1.559
2013-01-11,1.584
2013-01-14,1.551
2013-01-15,1.511
2013-01-16,1.496
2013-01-17,1.542
2013-01-18,1.557
2013-01-21,1.597
2013-01-22,1.575
2013-01-23,1.546
2013-01-24,1.572
2013-01-25,1.639
2013-01-28,1.695
2013-01-29,1.691
2013-01-30,1.715
2013-01-31,1.682
2013-02-01,1.672
2013-02-04,1.611
2013-02-05,1.652
2013-02-06,1.633
2013-02-07,1.608
2013-02-08,1.61
2013-02-11,1.612
2013-02-12,1.63
2013-02-13,1.674
2013-02-14,1.647
2013-02-15,1.654
2013-02-18,1.633
2013-02-19,1.62
2013-02-20,1.657
2013-02-21,1.576
2013-02-22,1.571
2013-02-25,1.559
2013-02-26,1.452
2013-02-27,1.451
2013-02-28,1.456
2013-03-01,1.408
2013-03-04,1.419
2013-03-05,1.451
2013-03-06,1.459
2013-03-07,1.496
2013-03-08,1.526
2013-03-11,1.518
2013-03-12,1.481
2013-03-13,1.482
2013-03-14,1.476
2013-03-15,1.455
2013-03-18,1.408
2013-03-19,1.346
2013-03-20,1.386
2013-03-21,1.368
2013-03-22,1.38
2013-03-25,1.332
2013-03-26,1.349
2013-03-27,1.274
2013-03-28,1.289
2013-04-02,1.311
2013-04-03,1.287
2013-04-04,1.238
2013-04-05,1.217
2013-04-08,1.236
2013-04-09,1.262
2013-04-10,1.302
2013-04-11,1.301
2013-04-12,1.261
2013-04-15,1.244
2013-04-16,1.279
2013-04-17,1.23
2013-04-18,1.229
2013-04-19,1.253
2013-04-22,1.237
2013-04-23,1.26
2013-04-24,1.241
2013-04-25,1.24
2013-04-26,1.209
2013-04-29,1.203
2013-04-30,1.216
2013-05-02,1.168
2013-05-03,1.243
2013-05-06,1.246
2013-05-07,1.297
2013-05-08,1.271
2013-05-09,1.273
2013-05-10,1.38
2013-05-13,1.356
2013-05-14,1.376
2013-05-15,1.381
2013-05-16,1.33
2013-05-17,1.329
2013-05-20,1.378
2013-05-21,1.394
2013-05-22,1.389
2013-05-23,1.405
2013-05-24,1.432
2013-05-27,1.457
2013-05-28,1.501
2013-05-29,1.539
2013-05-30,1.521
2013-05-31,1.509
2013-06-03,1.523
2013-06-04,1.541
2013-06-05,1.513
2013-06-06,1.523
2013-06-07,1.545
2013-06-10,1.605
2013-06-11,1.602
2013-06-12,1.587
2013-06-13,1.563
2013-06-14,1.515
2013-06-17,1.524
2013-06-18,1.571
2013-06-19,1.559
2013-06-20,1.667
2013-06-21,1.731
2013-06-24,1.815
2013-06-25,1.805
2013-06-26,1.77
2013-06-27,1.728
2013-06-28,1.733
2013-07-01,1.723
2013-07-02,1.707
2013-07-03,1.663
2013-07-04,1.65
2013-07-05,1.72
2013-07-08,1.7
2013-07-09,1.658
2013-07-10,1.656
2013-07-11,1.625
2013-07-12,1.559
2013-07-15,1.577
2013-07-16,1.55
2013-07-17,1.543
2013-07-18,1.52
2013-07-19,1.523
2013-07-22,1.517
2013-07-23,1.551
2013-07-24,1.65
2013-07-25,1.675
2013-07-26,1.667
2013-07-29,1.666
2013-07-30,1.67
2013-07-31,1.672
2013-08-01,1.668
2013-08-02,1.652
2013-08-05,1.687
2013-08-06,1.706
2013-08-07,1.69
2013-08-08,1.689
2013-08-09,1.679
2013-08-12,1.701
2013-08-13,1.81
2013-08-14,1.824
2013-08-15,1.884
2013-08-16,1.882
2013-08-19,1.899
2013-08-20,1.844
2013-08-21,1.872
2013-08-22,1.921
2013-08-23,1.934
2013-08-26,1.899
2013-08-27,1.849
2013-08-28,1.874
2013-08-29,1.856
2013-08-30,1.857
2013-09-02,1.904
2013-09-03,1.94
2013-09-04,1.942
2013-09-05,2.044
2013-09-06,1.952
2013-09-09,1.96
2013-09-10,2.026
2013-09-11,1.997
2013-09-12,2.003
2013-09-13,1.977
2013-09-16,1.938
2013-09-17,1.964
2013-09-18,2.001
2013-09-19,1.922
2013-09-20,1.947
2013-09-23,1.92
2013-09-24,1.848
2013-09-25,1.822
2013-09-26,1.832
2013-09-27,1.78
2013-09-30,1.778
2013-10-01,1.807
2013-10-02,1.812
2013-10-03,1.794
2013-10-04,1.842
2013-10-07,1.806
2013-10-08,1.81
2013-10-09,1.812
2013-10-10,1.869
2013-10-11,1.866
2013-10-14,1.862
2013-10-15,1.916
2013-10-16,1.93
2013-10-17,1.87
2013-10-18,1.831
2013-10-21,1.848
2013-10-22,1.796
2013-10-23,1.767
2013-10-24,1.765
2013-10-25,1.757
2013-10-28,1.75
2013-10-29,1.744
2013-10-30,1.69
2013-10-31,1.677
2013-11-01,1.692
2013-11-04,1.68
2013-11-05,1.743
2013-11-06,1.742
2013-11-07,1.689
2013-11-08,1.759
2013-11-11,1.757
2013-11-12,1.79
2013-11-13,1.736
2013-11-14,1.702
2013-11-15,1.709
2013-11-18,1.681
2013-11-19,1.723
2013-11-20,1.717
2013-11-21,1.745
2013-11-22,1.749
2013-11-25,1.724
2013-11-26,1.691
2013-11-27,1.72
2013-11-28,1.696
2013-11-29,1.693
2013-12-02,1.744
2013-12-03,1.725
2013-12-04,1.815
2013-12-05,1.862
2013-12-06,1.842
2013-12-09,1.842
2013-12-10,1.837
2013-12-11,1.816
2013-12-12,1.839
2013-12-13,1.831
2013-12-16,1.835
2013-12-17,1.829
2013-12-18,1.846
2013-12-19,1.871
2013-12-20,1.871
2013-12-23,1.882
2013-12-27,1.951
2013-12-30,1.941
2014-01-02,1.94
2014-01-03,1.944
2014-01-06,1.908
2014-01-07,1.889
2014-01-08,1.905
2014-01-09,1.915
2014-01-10,1.845
2014-01-13,1.817
2014-01-14,1.815
2014-01-15,1.826
2014-01-16,1.779
2014-01-17,1.755
2014-01-20,1.741
2014-01-21,1.739
2014-01-22,1.762
2014-01-23,1.709
2014-01-24,1.654
2014-01-27,1.666
2014-01-28,1.677
2014-01-29,1.642
2014-01-30,1.715
2014-01-31,1.661
2014-02-03,1.646
2014-02-04,1.653
2014-02-05,1.637
2014-02-06,1.698
2014-02-07,1.662
2014-02-10,1.681
2014-02-11,1.688
2014-02-12,1.717
2014-02-13,1.67
2014-02-14,1.682
2014-02-17,1.686
2014-02-18,1.667
2014-02-19,1.663
2014-02-20,1.691
2014-02-21,1.665
2014-02-24,1.68
2014-02-25,1.645
2014-02-26,1.618
2014-02-27,1.564
2014-02-28,1.626
2014-03-03,1.556
2014-03-04,1.6
2014-03-05,1.606
2014-03-06,1.648
2014-03-07,1.655
2014-03-10,1.626
2014-03-11,1.64
2014-03-12,1.598
2014-03-13,1.543
2014-03-14,1.548
2014-03-17,1.568
2014-03-18,1.57
2014-03-19,1.601
2014-03-20,1.648
2014-03-21,1.633
2014-03-24,1.58
2014-03-25,1.574
2014-03-26,1.57
2014-03-27,1.538
2014-03-28,1.551
2014-03-31,1.567
2014-04-01,1.575
2014-04-02,1.616
2014-04-03,1.605
2014-04-04,1.554
2014-04-07,1.541
2014-04-08,1.561
2014-04-09,1.576
2014-04-10,1.522
2014-04-11,1.507
2014-04-14,1.528
2014-04-15,1.474
2014-04-16,1.487
2014-04-17,1.516
2014-04-22,1.536
2014-04-23,1.521
2014-04-24,1.532
2014-04-25,1.484
2014-04-28,1.499
2014-04-29,1.501
2014-04-30,1.471
2014-05-02,1.451
2014-05-05,1.459
2014-05-06,1.462
2014-05-07,1.476
2014-05-08,1.448
2014-05-09,1.458
2014-05-12,1.466
2014-05-13,1.422
2014-05-14,1.37
2014-05-15,1.306
2014-05-16,1.332
2014-05-19,1.344
2014-05-20,1.35
2014-05-21,1.375
2014-05-22,1.408
2014-05-23,1.413
2014-05-26,1.418
2014-05-27,1.389
2014-05-28,1.339
2014-05-29,1.355
2014-05-30,1.359
2014-06-02,1.371
2014-06-03,1.408
2014-06-04,1.434
2014-06-05,1.409
2014-06-06,1.351
2014-06-09,1.379
2014-06-10,1.406
2014-06-11,1.399
2014-06-12,1.389
2014-06-13,1.364
2014-06-16,1.356
2014-06-17,1.4
2014-06-18,1.378
2014-06-19,1.324
2014-06-20,1.345
2014-06-23,1.324
2014-06-24,1.321
2014-06-25,1.263
2014-06-26,1.246
2014-06-27,1.264
2014-06-30,1.245
2014-07-01,1.248
2014-07-02,1.288
2014-07-03,1.29
2014-07-04,1.265
2014-07-07,1.256
2014-07-08,1.22
2014-07-09,1.229
2014-07-10,1.198
2014-07-11,1.205
2014-07-14,1.209
2014-07-15,1.206
2014-07-16,1.192
2014-07-17,1.151
2014-07-18,1.157
2014-07-21,1.149
2014-07-22,1.167
2014-07-23,1.148
2014-07-24,1.179
2014-07-25,1.147
2014-07-28,1.15
2014-07-29,1.121
2014-07-30,1.171
2014-07-31,1.156
2014-08-01,1.132
2014-08-04,1.138
2014-08-05,1.169
2014-08-06,1.102
2014-08-07,1.062
2014-08-08,1.053
2014-08-11,1.059
2014-08-12,1.061
2014-08-13,1.028
2014-08-14,1.02
2014-08-15,0.955
2014-08-18,1.016
2014-08-19,1.001
2014-08-20,0.99
2014-08-21,0.992
2014-08-22,0.983
2014-08-25,0.947
2014-08-26,0.939
2014-08-27,0.91
2014-08-28,0.884
2014-08-29,0.891
2014-09-01,0.883
2014-09-02,0.932
2014-09-03,0.955
2014-09-04,0.971
2014-09-05,0.929
2014-09-08,0.953
2014-09-09,0.998
2014-09-10,1.0
2014-09-11,1.043
2014-09-12,1.084
2014-09-15,1.069
2014-09-16,1.06
2014-09-17,1.053
2014-09-18,1.083
2014-09-19,1.043
2014-09-22,1.01
2014-09-23,1.016
2014-09-24,1.005
2014-09-25,0.976
2014-09-26,0.972
2014-09-29,0.964
2014-09-30,0.949
2014-10-01,0.903
2014-10-02,0.903
2014-10-06,0.908
2014-10-07,0.906
2014-10-08,0.908
2014-10-09,0.906
2014-10-10,0.889
2014-10-13,0.895
2014-10-14,0.84
2014-10-15,0.756
2014-10-16,0.821
2014-10-17,0.859
2014-10-20,0.849
2014-10-21,0.871
2014-10-22,0.872
2014-10-23,0.904
2014-10-24,0.891
2014-10-27,0.871
2014-10-28,0.879
2014-10-29,0.902
2014-10-30,0.848
2014-10-31,0.843
2014-11-03,0.854
2014-11-04,0.808
2014-11-05,0.827
2014-11-06,0.828
2014-11-07,0.819
2014-11-10,0.835
2014-11-11,0.828
2014-11-12,0.811
2014-11-13,0.8
2014-11-14,0.785
2014-11-17,0.803
2014-11-18,0.798
2014-11-19,0.85
2014-11-20,0.8
2014-11-21,0.771
2014-11-24,0.782
2014-11-25,0.751
2014-11-26,0.737
2014-11-27,0.703
2014-11-28,0.703
2014-12-01,0.729
2014-12-02,0.742
2014-12-03,0.75
2014-12-04,0.775
2014-12-05,0.782
2014-12-08,0.715
2014-12-09,0.687
2014-12-10,0.682
2014-12-11,0.679
2014-12-12,0.625
2014-12-15,0.624
2014-12-16,0.598
2014-12-17,0.594
2014-12-18,0.618
2014-12-19,0.595
2014-12-22,0.601
2014-12-23,0.593
2014-12-29,0.549
2014-12-30,0.541
2015-01-02,0.499
2015-01-05,0.519
2015-01-06,0.447
2015-01-07,0.486
2015-01-08,0.512
2015-01-09,0.494
2015-01-12,0.481
2015-01-13,0.479
2015-01-14,0.426
2015-01-15,0.417
2015-01-16,0.455
2015-01-19,0.441
2015-01-20,0.451
2015-01-21,0.526
2015-01-22,0.451
2015-01-23,0.367
2015-01-26,0.396
2015-01-27,0.386
2015-01-28,0.354
2015-01-29,0.36
2015-01-30,0.303
2015-02-02,0.314
2015-02-03,0.35
2015-02-04,0.367
2015-02-05,0.366
2015-02-06,0.375
2015-02-09,0.356
2015-02-10,0.37
2015-02-11,0.356
2015-02-12,0.323
2015-02-13,0.343
2015-02-16,0.341
2015-02-17,0.38
2015-02-18,0.381
2015-02-19,0.384
2015-02-20,0.366
2015-02-23,0.366
2015-02-24,0.374
2015-02-25,0.327
2015-02-26,0.298
2015-02-27,0.329
2015-03-02,0.356
2015-03-03,0.363
2015-03-04,0.383
2015-03-05,0.347
2015-03-06,0.393
2015-03-09,0.312
2015-03-10,0.235
2015-03-11,0.211
2015-03-12,0.248
2015-03-13,0.257
2015-03-16,0.28
2015-03-17,0.282
2015-03-18,0.199
2015-03-19,0.189
2015-03-20,0.185
2015-03-23,0.224
2015-03-24,0.237
2015-03-25,0.222
2015-03-26,0.215
2015-03-27,0.209
2015-03-30,0.208
2015-03-31,0.181
2015-04-01,0.167
2015-04-02,0.195
2015-04-07,0.186
2015-04-08,0.162
2015-04-09,0.161
2015-04-10,0.156
2015-04-13,0.155
2015-04-14,0.138
2015-04-15,0.108
2015-04-16,0.085
2015-04-17,0.078
2015-04-20,0.075
2015-04-21,0.101
2015-04-22,0.164
2015-04-23,0.166
2015-04-24,0.157
2015-04-27,0.162
2015-04-28,0.163
2015-04-29,0.284
2015-04-30,0.365
2015-05-04,0.454
2015-05-05,0.518
2015-05-06,0.587
2015-05-07,0.593
2015-05-08,0.548
2015-05-11,0.612
2015-05-12,0.677
2015-05-13,0.722
2015-05-14,0.7
2015-05-15,0.626
2015-05-18,0.65
2015-05-19,0.597
2015-05-20,0.631
2015-05-21,0.64
2015-05-22,0.604
2015-05-26,0.547
2015-05-27,0.554
2015-05-28,0.533
2015-05-29,0.488
2015-06-01,0.543
2015-06-02,0.716
2015-06-03,0.878
2015-06-04,0.831
2015-06-05,0.843
2015-06-08,0.88
2015-06-09,0.95
2015-06-10,0.983
2015-06-11,0.885
2015-06-12,0.838
2015-06-15,0.824
2015-06-16,0.798
2015-06-17,0.81
2015-06-18,0.809
2015-06-19,0.753
2015-06-22,0.882
2015-06-23,0.872
2015-06-24,0.846
2015-06-25,0.863
2015-06-26,0.923
2015-06-29,0.796
2015-06-30,0.766
2015-07-01,0.813
2015-07-02,0.846
2015-07-03,0.793
2015-07-06,0.766
2015-07-07,0.643
2015-07-08,0.673
2015-07-09,0.721
2015-07-10,0.897
2015-07-13,0.857
2015-07-14,0.841
2015-07-15,0.772
2015-07-16,0.779
2015-07-17,0.789
2015-07-20,0.761
2015-07-21,0.781
2015-07-22,0.749
2015-07-23,0.744
2015-07-24,0.692
2015-07-27,0.692
2015-07-28,0.689
2015-07-29,0.718
2015-07-30,0.654
2015-07-31,0.645
2015-08-03,0.628
2015-08-04,0.639
2015-08-05,0.755
2015-08-06,0.71
2015-08-07,0.662
2015-08-10,0.704
2015-08-11,0.634
2015-08-12,0.605
2015-08-13,0.631
2015-08-14,0.658
2015-08-17,0.629
2015-08-18,0.642
2015-08-19,0.622
2015-08-20,0.585
2015-08-21,0.564
2015-08-24,0.592
2015-08-25,0.732
2015-08-26,0.705
2015-08-27,0.743
2015-08-28,0.743
2015-08-31,0.799
2015-09-01,0.797
2015-09-02,0.78
2015-09-03,0.726
2015-09-04,0.67
2015-09-07,0.677
2015-09-08,0.68
2015-09-09,0.7
2015-09-10,0.697
2015-09-11,0.655
2015-09-14,0.656
2015-09-15,0.745
2015-09-16,0.776
2015-09-17,0.781
2015-09-18,0.663
2015-09-21,0.684
2015-09-22,0.591
2015-09-23,0.599
2015-09-24,0.605
2015-09-25,0.649
2015-09-28,0.587
2015-09-29,0.582
2015-09-30,0.589
2015-10-01,0.536
2015-10-02,0.512
2015-10-05,0.567
2015-10-06,0.596
2015-10-07,0.595
2015-10-08,0.586
2015-10-09,0.615
2015-10-12,0.578
2015-10-13,0.589
2015-10-14,0.543
2015-10-15,0.552
2015-10-16,0.548
2015-10-19,0.567
2015-10-20,0.625
2015-10-21,0.571
2015-10-22,0.497
2015-10-23,0.513
2015-10-26,0.501
2015-10-27,0.446
2015-10-28,0.44
2015-10-29,0.533
2015-10-30,0.52
2015-11-02,0.56
2015-11-03,0.574
2015-11-04,0.599
2015-11-05,0.6074
2015-11-06,0.694
2015-11-09,0.6623
2015-11-10,0.6253
2015-11-11,0.6113
2015-11-12,0.6109
2015-11-13,0.5598
2015-11-16,0.5328
2015-11-17,0.5249
2015-11-18,0.5072
2015-11-19,0.481
2015-11-20,0.4802
2015-11-23,0.5293
2015-11-24,0.5183
2015-11-25,0.4721
2015-11-26,0.4714
2015-11-27,0.4611
2015-11-30,0.4734
2015-12-01,0.4697
2015-12-02,0.4701
2015-12-03,0.667
2015-12-04,0.6802
2015-12-07,0.5838
2015-12-08,0.5723
2015-12-09,0.6011
2015-12-10,0.5706
2015-12-11,0.5411
2015-12-14,0.5749
2015-12-15,0.6413
2015-12-16,0.6791
2015-12-17,0.6
2015-12-18,0.5492
2015-12-21,0.5521
2015-12-22,0.6032
2015-12-23,0.6279
2015-12-28,0.5614
2015-12-29,0.6317
2015-12-30,0.6309
2016-01-04,0.5666
2016-01-05,0.5407
2016-01-06,0.5031
2016-01-07,0.54
2016-01-08,0.5141
2016-01-11,0.5422
2016-01-12,0.534
2016-01-13,0.5007
2016-01-14,0.5089
2016-01-15,0.4732
2016-01-18,0.4686
2016-01-19,0.4792
2016-01-20,0.483
2016-01-21,0.453
2016-01-22,0.48
2016-01-25,0.471
2016-01-26,0.447
2016-01-27,0.445
2016-01-28,0.406
2016-01-29,0.326
2016-02-01,0.353
2016-02-02,0.307
2016-02-03,0.276
2016-02-04,0.304
2016-02-05,0.296
2016-02-08,0.219
2016-02-09,0.236
2016-02-10,0.243
2016-02-11,0.189
2016-02-12,0.263
2016-02-15,0.24
2016-02-16,0.267
2016-02-17,0.271
2016-02-18,0.22
2016-02-19,0.204
2016-02-22,0.176
2016-02-23,0.184
2016-02-24,0.156
2016-02-25,0.139
2016-02-26,0.146
2016-02-29,0.109
2016-03-01,0.147
2016-03-02,0.209
2016-03-03,0.172
2016-03-04,0.24
2016-03-07,0.225
2016-03-08,0.184
2016-03-09,0.241
2016-03-10,0.31
2016-03-11,0.271
2016-03-14,0.281
2016-03-15,0.317
2016-03-16,0.311
2016-03-17,0.233
2016-03-18,0.214
2016-03-21,0.231
2016-03-22,0.214
2016-03-23,0.195
2016-03-24,0.182
2016-03-29,0.153
2016-03-30,0.166
2016-03-31,0.159
2016-04-01,0.147
2016-04-04,0.14
2016-04-05,0.1
2016-04-06,0.115
2016-04-07,0.094
2016-04-08,0.102
2016-04-11,0.121
2016-04-12,0.152
2016-04-13,0.142
2016-04-14,0.157
2016-04-15,0.128
2016-04-18,0.155
2016-04-19,0.184
2016-04-20,0.147
2016-04-21,0.22
2016-04-22,0.235
2016-04-25,0.261
2016-04-26,0.295
2016-04-27,0.288
2016-04-28,0.255
2016-04-29,0.29
2016-05-02,0.272
2016-05-03,0.199
2016-05-04,0.202
2016-05-05,0.174
2016-05-06,0.148
2016-05-09,0.127
2016-05-10,0.119
2016-05-11,0.123
2016-05-12,0.154
2016-05-13,0.129
2016-05-17,0.131
2016-05-18,0.17
2016-05-19,0.173
2016-05-20,0.174
2016-05-23,0.186
2016-05-24,0.176
2016-05-25,0.152
2016-05-26,0.146
2016-05-27,0.146
2016-05-30,0.175
2016-05-31,0.152
2016-06-01,0.135
2016-06-02,0.123
2016-06-03,0.077
2016-06-06,0.081
2016-06-07,0.05
2016-06-08,0.059
2016-06-09,0.031
2016-06-10,0.021
2016-06-13,0.028
2016-06-14,-0.008
2016-06-15,-0.007
2016-06-16,-0.0229
2016-06-17,0.0271
2016-06-20,0.068
2016-06-21,0.0548
2016-06-22,0.0678
2016-06-23,0.0774
2016-06-24,-0.0666
2016-06-27,-0.116
2016-06-28,-0.105
2016-06-29,-0.1226
2016-06-30,-0.1296
2016-07-01,-0.119
2016-07-04,-0.1281
2016-07-05,-0.1743
2016-07-06,-0.1759
2016-07-07,-0.1609
2016-07-08,-0.1842
2016-07-11,-0.1642
2016-07-12,-0.0994
2016-07-13,-0.1411
2016-07-14,-0.1005
2016-07-15,0.007
2016-07-18,-0.025
2016-07-19,-0.025
2016-07-20,-0.012
2016-07-21,-0.007
2016-07-22,-0.022
2016-07-25,-0.041
2016-07-26,-0.031
2016-07-27,-0.073
2016-07-28,-0.085
2016-07-29,-0.108
2016-08-01,-0.098
2016-08-02,-0.038
2016-08-03,-0.034
2016-08-04,-0.095
2016-08-05,-0.061
2016-08-08,-0.069
2016-08-09,-0.079
2016-08-10,-0.107
2016-08-11,-0.096
2016-08-12,-0.11
2016-08-15,-0.072
2016-08-16,-0.037
2016-08-17,-0.054
2016-08-18,-0.075
2016-08-19,-0.044
2016-08-22,-0.083
2016-08-23,-0.093
2016-08-24,-0.085
2016-08-25,-0.074
2016-08-26,-0.086
2016-08-29,-0.052
2016-08-30,-0.093
2016-08-31,-0.082
2016-09-01,-0.061
2016-09-02,-0.033
2016-09-05,-0.054
2016-09-06,-0.097
2016-09-07,-0.117
2016-09-08,-0.075
2016-09-09,0.002
2016-09-12,0.039
2016-09-13,0.036
2016-09-14,0.03
2016-09-15,0.036
2016-09-16,0.007
2016-09-19,0.019
2016-09-20,-0.017
2016-09-21,0.004
2016-09-22,-0.085
2016-09-23,-0.076
2016-09-26,-0.11
2016-09-27,-0.144
2016-09-28,-0.14
2016-09-29,-0.114
2016-09-30,-0.129
2016-10-04,-0.081
2016-10-05,-0.002
2016-10-06,0.001
2016-10-07,0.017
2016-10-10,0.057
2016-10-11,0.036
2016-10-12,0.064
2016-10-13,0.029
2016-10-14,0.059
2016-10-17,0.06
2016-10-18,0.038
2016-10-19,0.034
2016-10-20,0.011
2016-10-21,0.004
2016-10-24,0.027
2016-10-25,0.022
2016-10-26,0.095
2016-10-27,0.189
2016-10-28,0.173
2016-10-31,0.164
2016-11-01,0.18
2016-11-02,0.131
2016-11-03,0.157
2016-11-04,0.135
2016-11-07,0.155
2016-11-08,0.189
2016-11-09,0.203
2016-11-10,0.275
2016-11-11,0.309
2016-11-14,0.319
2016-11-15,0.309
2016-11-16,0.298
2016-11-17,0.279
2016-11-18,0.272
2016-11-21,0.275
2016-11-22,0.22
2016-11-23,0.263
2016-11-24,0.259
2016-11-25,0.24
2016-11-28,0.204
2016-11-29,0.221
2016-11-30,0.275
2016-12-01,0.368
2016-12-02,0.281
2016-12-05,0.332
2016-12-06,0.368
2016-12-07,0.345
2016-12-08,0.38
2016-12-09,0.365
2016-12-12,0.398
2016-12-13,0.359
2016-12-14,0.301
2016-12-15,0.364
2016-12-16,0.315
2016-12-19,0.247
2016-12-20,0.267
2016-12-21,0.246
2016-12-22,0.262
2016-12-23,0.222
2016-12-27,0.207
2016-12-28,0.196
2016-12-29,0.175
2016-12-30,0.208
2017-01-03,0.265
2017-01-04,0.276
2017-01-05,0.243
2017-01-06,0.298
2017-01-09,0.277
2017-01-10,0.286
2017-01-11,0.251
2017-01-12,0.314
2017-01-13,0.34
2017-01-16,0.324
2017-01-17,0.32
2017-01-18,0.357
2017-01-19,0.381
2017-01-20,0.423
2017-01-23,0.364
2017-01-24,0.409
2017-01-25,0.465
2017-01-26,0.485
2017-01-27,0.462
2017-01-30,0.45
2017-01-31,0.437
2017-02-01,0.469
2017-02-02,0.426
2017-02-03,0.412
2017-02-06,0.37
2017-02-07,0.351
2017-02-08,0.297
2017-02-09,0.312
2017-02-10,0.32
2017-02-13,0.332
2017-02-14,0.367
2017-02-15,0.374
2017-02-16,0.35
2017-02-17,0.301
2017-02-20,0.298
2017-02-21,0.3
2017-02-22,0.279
2017-02-23,0.232
2017-02-24,0.186
2017-02-27,0.199
2017-02-28,0.207
2017-03-01,0.282
2017-03-02,0.317
2017-03-03,0.354
2017-03-06,0.341
2017-03-07,0.32
2017-03-08,0.369
2017-03-09,0.425
2017-03-10,0.483
2017-03-13,0.471
2017-03-14,0.445
2017-03-15,0.419
2017-03-16,0.447
2017-03-17,0.434
2017-03-20,0.44
2017-03-21,0.46
2017-03-22,0.409
2017-03-23,0.433
2017-03-24,0.405
2017-03-27,0.407
2017-03-28,0.382
2017-03-29,0.353
2017-03-30,0.331
2017-03-31,0.333
2017-04-03,0.279
2017-04-04,0.247
2017-04-05,0.261
2017-04-06,0.26
2017-04-07,0.23
2017-04-10,0.22
2017-04-11,0.203
2017-04-12,0.204
2017-04-13,0.185
2017-04-18,0.182
2017-04-19,0.205
2017-04-20,0.249
2017-04-21,0.249
2017-04-24,0.343
2017-04-25,0.386
2017-04-26,0.361
2017-04-27,0.299
2017-04-28,0.32
2017-05-02,0.328
2017-05-03,0.326
2017-05-04,0.393
2017-05-05,0.417
2017-05-08,0.419
2017-05-09,0.431
2017-05-10,0.42
2017-05-11,0.432
2017-05-12,0.394
2017-05-15,0.42
2017-05-16,0.438
2017-05-17,0.38
2017-05-18,0.347
2017-05-19,0.37
2017-05-22,0.396
2017-05-23,0.408
2017-05-24,0.41
2017-05-25,0.363
2017-05-26,0.334
2017-05-29,0.295
2017-05-30,0.298
2017-05-31,0.309
2017-06-01,0.305
2017-06-02,0.278
2017-06-06,0.251
2017-06-07,0.272
2017-06-08,0.255
2017-06-09,0.261
2017-06-12,0.251
2017-06-13,0.266
2017-06-14,0.227
2017-06-15,0.285
2017-06-16,0.278
2017-06-19,0.283
2017-06-20,0.263
2017-06-21,0.264
2017-06-22,0.252
2017-06-23,0.257
2017-06-26,0.246
2017-06-27,0.371
2017-06-28,0.369
2017-06-29,0.451
2017-06-30,0.465
2017-07-03,0.472
2017-07-04,0.479
2017-07-05,0.469
2017-07-06,0.561
2017-07-07,0.574
2017-07-10,0.543
2017-07-11,0.55
2017-07-12,0.579
2017-07-13,0.604
2017-07-14,0.594
2017-07-17,0.579
2017-07-18,0.555
2017-07-19,0.542
2017-07-20,0.532
2017-07-21,0.507
2017-07-24,0.507
2017-07-25,0.564
2017-07-26,0.558
2017-07-27,0.536
2017-07-28,0.54
2017-07-31,0.534
2017-08-01,0.489
2017-08-02,0.482
2017-08-03,0.45
2017-08-04,0.467
2017-08-07,0.459
2017-08-08,0.474
2017-08-09,0.423
2017-08-10,0.414
2017-08-11,0.384
2017-08-14,0.404
2017-08-15,0.431
2017-08-16,0.44
2017-08-17,0.422
2017-08-18,0.414
2017-08-21,0.401
2017-08-22,0.403
2017-08-23,0.376
2017-08-24,0.376
2017-08-25,0.38
2017-08-28,0.376
2017-08-29,0.343
2017-08-30,0.36
2017-08-31,0.359
2017-09-01,0.377
2017-09-04,0.368
2017-09-05,0.337
2017-09-06,0.347
2017-09-07,0.307
2017-09-08,0.313
2017-09-11,0.336
2017-09-12,0.402
2017-09-13,0.402
2017-09-14,0.412
2017-09-15,0.439
2017-09-18,0.456
2017-09-19,0.449
2017-09-20,0.44
2017-09-21,0.454
2017-09-22,0.447
2017-09-25,0.401
2017-09-26,0.406
2017-09-27,0.468
2017-09-28,0.477
2017-09-29,0.464
2017-10-02,0.453
2017-10-04,0.453
2017-10-05,0.449
2017-10-06,0.461
2017-10-09,0.447
2017-10-10,0.443
2017-10-11,0.463
2017-10-12,0.445
2017-10-13,0.406
2017-10-16,0.373
2017-10-17,0.367
2017-10-18,0.399
2017-10-19,0.394
2017-10-20,0.455
2017-10-23,0.432
2017-10-24,0.477
2017-10-25,0.483
2017-10-26,0.416
2017-10-27,0.386
2017-10-30,0.366
2017-11-01,0.373
2017-11-02,0.373
2017-11-03,0.363
2017-11-06,0.342
2017-11-07,0.329
2017-11-08,0.328
2017-11-09,0.377
2017-11-10,0.412
2017-11-13,0.418
2017-11-14,0.397
2017-11-15,0.376
2017-11-16,0.375
2017-11-17,0.362
2017-11-20,0.362
2017-11-21,0.349
2017-11-22,0.349
2017-11-23,0.347
2017-11-24,0.361
2017-11-27,0.343
2017-11-28,0.34
2017-11-29,0.387
2017-11-30,0.367
2017-12-01,0.303
2017-12-04,0.345
2017-12-05,0.319
2017-12-06,0.296
2017-12-07,0.296
2017-12-08,0.309
2017-12-11,0.294
2017-12-12,0.317
2017-12-13,0.314
2017-12-14,0.313
2017-12-15,0.302
2017-12-18,0.308
2017-12-19,0.379
2017-12-20,0.407
2017-12-21,0.418
2017-12-22,0.422
2017-12-27,0.381
2017-12-28,0.422
2017-12-29,0.426
2018-01-02,0.464
2018-01-03,0.44
2018-01-04,0.433
2018-01-05,0.439
2018-01-08,0.434
2018-01-09,0.465
2018-01-10,0.476
2018-01-11,0.517
2018-01-12,0.511
2018-01-15,0.587
2018-01-16,0.56
2018-01-17,0.561
2018-01-18,0.573
2018-01-19,0.569
2018-01-22,0.567
2018-01-23,0.56
2018-01-24,0.585
2018-01-25,0.609
2018-01-26,0.626
2018-01-29,0.696
2018-01-30,0.683
2018-01-31,0.695
2018-02-01,0.721
2018-02-02,0.768
2018-02-05,0.737
2018-02-06,0.694
2018-02-07,0.744
2018-02-08,0.762
2018-02-09,0.745
2018-02-12,0.754
2018-02-13,0.749
2018-02-14,0.757
2018-02-15,0.765
2018-02-16,0.705
2018-02-19,0.736
2018-02-20,0.735
2018-02-21,0.723
2018-02-22,0.707
2018-02-23,0.651
2018-02-26,0.654
2018-02-27,0.677
2018-02-28,0.659
2018-03-01,0.645
2018-03-02,0.652
2018-03-05,0.646
2018-03-06,0.676
2018-03-07,0.656
2018-03-08,0.626
2018-03-09,0.646
2018-03-12,0.629
2018-03-13,0.618
2018-03-14,0.593
2018-03-15,0.575
2018-03-16,0.572
2018-03-19,0.568
2018-03-20,0.584
2018-03-21,0.593
2018-03-22,0.528
2018-03-23,0.527
2018-03-26,0.521
2018-03-27,0.504
2018-03-28,0.504
2018-03-29,0.494
2018-04-03,0.5
2018-04-04,0.502
2018-04-05,0.522
2018-04-06,0.499
2018-04-09,0.505
2018-04-10,0.517
2018-04-11,0.5
2018-04-12,0.517
2018-04-13,0.512
2018-04-16,0.525
2018-04-17,0.508
2018-04-18,0.532
2018-04-19,0.601
2018-04-20,0.592
2018-04-23,0.633
2018-04-24,0.63
2018-04-25,0.632
2018-04-26,0.595
2018-04-27,0.573
2018-04-30,0.562
2018-05-02,0.582
2018-05-03,0.534
2018-05-04,0.545
2018-05-07,0.533
2018-05-08,0.563
2018-05-09,0.559
2018-05-10,0.558
2018-05-11,0.556
2018-05-14,0.613
2018-05-15,0.647
2018-05-16,0.607
2018-05-17,0.639
2018-05-18,0.577
2018-05-22,0.559
2018-05-23,0.508
2018-05-24,0.47
2018-05-25,0.405
2018-05-28,0.344
2018-05-29,0.261
2018-05-30,0.37
2018-05-31,0.34
2018-06-01,0.385
2018-06-04,0.419
2018-06-05,0.368
2018-06-06,0.464
2018-06-07,0.484
2018-06-08,0.447
2018-06-11,0.494
2018-06-12,0.491
2018-06-13,0.484
2018-06-14,0.427
2018-06-15,0.403
2018-06-18,0.4
2018-06-19,0.372
2018-06-20,0.378
2018-06-21,0.336
2018-06-22,0.339
2018-06-25,0.329
2018-06-26,0.34
2018-06-27,0.321
2018-06-28,0.321
2018-06-29,0.303
2018-07-02,0.302
2018-07-03,0.294
2018-07-04,0.303
2018-07-05,0.297
2018-07-06,0.292
2018-07-09,0.303
2018-07-10,0.319
2018-07-11,0.311
2018-07-12,0.3
2018-07-13,0.284
2018-07-16,0.304
2018-07-17,0.347
2018-07-18,0.343
2018-07-19,0.331
2018-07-20,0.373
2018-07-23,0.408
2018-07-24,0.397
2018-07-25,0.396
2018-07-26,0.407
2018-07-27,0.404
2018-07-30,0.447
2018-07-31,0.444
2018-08-01,0.478
2018-08-02,0.461
2018-08-03,0.411
2018-08-06,0.394
2018-08-07,0.409
2018-08-08,0.399
2018-08-09,0.377
2018-08-10,0.323
2018-08-13,0.311
2018-08-14,0.329
2018-08-15,0.305
2018-08-16,0.318
2018-08-17,0.306
2018-08-20,0.305
2018-08-21,0.331
2018-08-22,0.345
2018-08-23,0.339
2018-08-24,0.344
2018-08-27,0.378
2018-08-28,0.382
2018-08-29,0.405
2018-08-30,0.347
2018-08-31,0.328
2018-09-03,0.336
2018-09-04,0.357
2018-09-05,0.382
2018-09-06,0.358
2018-09-07,0.39
2018-09-10,0.401
2018-09-11,0.434
2018-09-12,0.412
2018-09-13,0.426
2018-09-14,0.451
2018-09-17,0.459
2018-09-18,0.481
2018-09-19,0.49
2018-09-20,0.471
2018-09-21,0.461
2018-09-24,0.511
2018-09-25,0.542
2018-09-26,0.524
2018-09-27,0.529
2018-09-28,0.472
2018-10-01,0.474
2018-10-02,0.422
2018-10-03,0.477
2018-10-04,0.529
2018-10-05,0.575
2018-10-08,0.531
2018-10-09,0.548
2018-10-10,0.554
2018-10-11,0.519
2018-10-12,0.495
2018-10-15,0.503
2018-10-16,0.488
2018-10-17,0.462
2018-10-18,0.414
2018-10-19,0.464
2018-10-22,0.447
2018-10-23,0.41
2018-10-24,0.397
2018-10-25,0.399
2018-10-26,0.359
2018-10-29,0.379
2018-10-30,0.37
2018-10-31,0.387
2018-11-01,0.4
2018-11-02,0.427
2018-11-05,0.423
2018-11-06,0.434
2018-11-07,0.447
2018-11-08,0.458
2018-11-09,0.407
2018-11-12,0.401
2018-11-13,0.41
2018-11-14,0.399
2018-11-15,0.362
2018-11-16,0.368
2018-11-19,0.373
2018-11-20,0.352
2018-11-21,0.376
2018-11-22,0.37
2018-11-23,0.341
2018-11-26,0.362
2018-11-27,0.352
2018-11-28,0.35
2018-11-29,0.324
2018-11-30,0.314
2018-12-03,0.305
2018-12-04,0.262
2018-12-05,0.276
2018-12-06,0.236
2018-12-07,0.249
2018-12-10,0.247
2018-12-11,0.234
2018-12-12,0.28
2018-12-13,0.283
2018-12-14,0.256
2018-12-17,0.257
2018-12-18,0.245
2018-12-19,0.241
2018-12-20,0.232
2018-12-21,0.25
2018-12-27,0.23
2018-12-28,0.233
2019-01-02,0.165
2019-01-03,0.154
2019-01-04,0.21
2019-01-07,0.22
2019-01-08,0.227
2019-01-09,0.219
2019-01-10,0.198
2019-01-11,0.183
2019-01-14,0.234
2019-01-15,0.206
2019-01-16,0.224
2019-01-17,0.243
2019-01-18,0.263
2019-01-21,0.254
2019-01-22,0.235
2019-01-23,0.224
2019-01-24,0.181
2019-01-25,0.194
2019-01-28,0.204
2019-01-29,0.202
2019-01-30,0.189
2019-01-31,0.149
2019-02-01,0.165
2019-02-04,0.176
2019-02-05,0.17
2019-02-06,0.162
2019-02-07,0.114
2019-02-08,0.087
2019-02-11,0.119
2019-02-12,0.131
2019-02-13,0.123
2019-02-14,0.106
2019-02-15,0.102
2019-02-18,0.109
2019-02-19,0.105
2019-02-20,0.1
2019-02-21,0.127
2019-02-22,0.095
2019-02-25,0.109
2019-02-26,0.117
2019-02-27,0.149
2019-02-28,0.183
2019-03-01,0.183
2019-03-04,0.16
2019-03-05,0.167
2019-03-06,0.127
2019-03-07,0.065
2019-03-08,0.068
2019-03-11,0.067
2019-03-12,0.055
2019-03-13,0.064
2019-03-14,0.083
2019-03-15,0.083
2019-03-18,0.083
2019-03-19,0.096
2019-03-20,0.086
2019-03-21,0.041
2019-03-22,-0.013
2019-03-25,-0.028
2019-03-26,-0.016
2019-03-27,-0.081
2019-03-28,-0.069
2019-03-29,-0.07
2019-04-01,-0.026
2019-04-02,-0.048
2019-04-03,0.007
2019-04-04,-0.006
2019-04-05,0.006
2019-04-08,0.006
2019-04-09,-0.01
2019-04-10,-0.025
2019-04-11,-0.009
2019-04-12,0.055
2019-04-15,0.057
2019-04-16,0.066
2019-04-17,0.08
2019-04-18,0.023
2019-04-23,0.041
2019-04-24,-0.009
2019-04-25,-0.01
2019-04-26,-0.022
2019-04-29,0.005
2019-04-30,0.013
2019-05-02,0.029
2019-05-03,0.025
2019-05-06,0.006
2019-05-07,-0.039
2019-05-08,-0.045
2019-05-09,-0.048
2019-05-10,-0.043
2019-05-13,-0.07
2019-05-14,-0.07
2019-05-15,-0.099
2019-05-16,-0.095
2019-05-17,-0.104
2019-05-20,-0.087
2019-05-21,-0.064
2019-05-22,-0.086
2019-05-23,-0.12
2019-05-24,-0.117
2019-05-27,-0.145
2019-05-28,-0.161
2019-05-29,-0.178
2019-05-30,-0.174
2019-05-31,-0.203
2019-06-03,-0.2
2019-06-04,-0.207
2019-06-05,-0.227
2019-06-06,-0.24
2019-06-07,-0.257
2019-06-11,-0.231
2019-06-12,-0.237
2019-06-13,-0.241
2019-06-14,-0.253
2019-06-17,-0.245
2019-06-18,-0.322
2019-06-19,-0.289
2019-06-20,-0.318
2019-06-21,-0.284
2019-06-24,-0.307
2019-06-25,-0.331
2019-06-26,-0.302
2019-06-27,-0.321
2019-06-28,-0.328
2019-07-01,-0.357
2019-07-02,-0.368
2019-07-03,-0.386
2019-07-04,-0.399
2019-07-05,-0.364
2019-07-08,-0.366
2019-07-09,-0.354
2019-07-10,-0.307
2019-07-11,-0.264
2019-07-12,-0.25
2019-07-15,-0.294
2019-07-16,-0.287
2019-07-17,-0.29
2019-07-18,-0.31
2019-07-19,-0.322
2019-07-22,-0.345
2019-07-23,-0.353
2019-07-24,-0.377
2019-07-25,-0.361
2019-07-26,-0.375
2019-07-29,-0.389
2019-07-30,-0.397
2019-07-31,-0.441
2019-08-01,-0.448
2019-08-02,-0.496
2019-08-05,-0.513
2019-08-06,-0.534
2019-08-07,-0.579
2019-08-08,-0.557
2019-08-09,-0.575
2019-08-12,-0.592
2019-08-13,-0.61
2019-08-14,-0.65
2019-08-15,-0.709
2019-08-16,-0.686
2019-08-19,-0.648
2019-08-20,-0.691
2019-08-21,-0.67
2019-08-22,-0.645
2019-08-23,-0.677
2019-08-26,-0.663
2019-08-27,-0.694
2019-08-28,-0.714
2019-08-29,-0.69
2019-08-30,-0.701
2019-09-02,-0.703
2019-09-03,-0.706
2019-09-04,-0.675
2019-09-05,-0.592
2019-09-06,-0.637
2019-09-09,-0.584
2019-09-10,-0.547
2019-09-11,-0.563
2019-09-12,-0.518
2019-09-13,-0.446
2019-09-16,-0.48
2019-09-17,-0.476
2019-09-18,-0.51
2019-09-19,-0.506
2019-09-20,-0.52
2019-09-23,-0.578
2019-09-24,-0.601
2019-09-25,-0.576
2019-09-26,-0.585
2019-09-27,-0.571
2019-09-30,-0.572
2019-10-01,-0.561
2019-10-02,-0.544
2019-10-04,-0.586
2019-10-07,-0.574
2019-10-08,-0.594
2019-10-09,-0.547
2019-10-10,-0.472
2019-10-11,-0.442
2019-10-14,-0.457
2019-10-15,-0.417
2019-10-16,-0.389
2019-10-17,-0.41
2019-10-18,-0.384
2019-10-21,-0.345
2019-10-22,-0.37
2019-10-23,-0.396
2019-10-24,-0.405
2019-10-25,-0.361
2019-10-28,-0.335
2019-10-29,-0.353
2019-10-30,-0.356
2019-10-31,-0.408
2019-11-01,-0.384
2019-11-04,-0.351
2019-11-05,-0.312
2019-11-06,-0.335
2019-11-07,-0.236
2019-11-08,-0.264
2019-11-11,-0.247
2019-11-12,-0.255
2019-11-13,-0.301
2019-11-14,-0.352
2019-11-15,-0.336
2019-11-18,-0.338
2019-11-19,-0.34
2019-11-20,-0.35
2019-11-21,-0.327
2019-11-22,-0.36
2019-11-25,-0.35
2019-11-26,-0.373
2019-11-27,-0.373
2019-11-28,-0.363
2019-11-29,-0.362
2019-12-02,-0.283
2019-12-03,-0.349
2019-12-04,-0.317
2019-12-05,-0.296
2019-12-06,-0.287
2019-12-09,-0.309
2019-12-10,-0.298
2019-12-11,-0.324
2019-12-12,-0.271
2019-12-13,-0.292
2019-12-16,-0.278
2019-12-17,-0.296
2019-12-18,-0.252
2019-12-19,-0.237
2019-12-20,-0.253
2019-12-23,-0.245
2019-12-27,-0.255
2019-12-30,-0.186
2020-01-02,-0.226
2020-01-03,-0.282
2020-01-06,-0.288
2020-01-07,-0.286
2020-01-08,-0.245
2020-01-09,-0.219
2020-01-10,-0.238
2020-01-13,-0.197
2020-01-14,-0.21
2020-01-15,-0.2
2020-01-16,-0.219
2020-01-17,-0.214
2020-01-20,-0.216
2020-01-21,-0.25
2020-01-22,-0.263
2020-01-23,-0.308
2020-01-24,-0.336
2020-01-27,-0.389
2020-01-28,-0.38
2020-01-29,-0.379
2020-01-30,-0.407
2020-01-31,-0.435
2020-02-03,-0.444
2020-02-04,-0.4
2020-02-05,-0.362
2020-02-06,-0.37
2020-02-07,-0.387
2020-02-10,-0.412
2020-02-11,-0.393
2020-02-12,-0.379
2020-02-13,-0.388
2020-02-14,-0.403
2020-02-17,-0.403
2020-02-18,-0.408
2020-02-19,-0.42
2020-02-20,-0.444
2020-02-21,-0.433
2020-02-24,-0.481
2020-02-25,-0.513
2020-02-26,-0.507
2020-02-27,-0.548
2020-02-28,-0.61
2020-03-02,-0.626
2020-03-03,-0.628
2020-03-04,-0.64
2020-03-05,-0.687
2020-03-06,-0.714
2020-03-09,-0.859
2020-03-10,-0.797
2020-03-11,-0.746
2020-03-12,-0.747
2020-03-13,-0.551
2020-03-16,-0.466
2020-03-17,-0.44
2020-03-18,-0.237
2020-03-19,-0.196
2020-03-20,-0.327
2020-03-23,-0.381
2020-03-24,-0.326
2020-03-25,-0.265
2020-03-26,-0.363
2020-03-27,-0.479
2020-03-30,-0.497
2020-03-31,-0.472
2020-04-01,-0.465
2020-04-02,-0.439
2020-04-03,-0.445
2020-04-06,-0.426
2020-04-07,-0.313
2020-04-08,-0.31
2020-04-09,-0.349
2020-04-14,-0.381
2020-04-15,-0.465
2020-04-16,-0.475
2020-04-17,-0.474
2020-04-20,-0.452
2020-04-21,-0.477
2020-04-22,-0.41
2020-04-23,-0.425
2020-04-24,-0.475
2020-04-27,-0.457
2020-04-28,-0.47
2020-04-29,-0.498
2020-04-30,-0.587
2020-05-04,-0.565
2020-05-05,-0.581
2020-05-06,-0.508
2020-05-07,-0.547
2020-05-08,-0.541
2020-05-11,-0.514
2020-05-12,-0.51
2020-05-13,-0.534
2020-05-14,-0.545
2020-05-15,-0.535
2020-05-18,-0.467
2020-05-19,-0.465
2020-05-20,-0.47
2020-05-21,-0.496
2020-05-22,-0.489
2020-05-25,-0.496
2020-05-26,-0.431
2020-05-27,-0.415
2020-05-28,-0.421
2020-05-29,-0.448
2020-06-02,-0.417
2020-06-03,-0.357
2020-06-04,-0.324
2020-06-05,-0.278
2020-06-08,-0.32
2020-06-09,-0.312
2020-06-10,-0.332
2020-06-11,-0.415
2020-06-12,-0.44
2020-06-15,-0.448
2020-06-16,-0.428
2020-06-17,-0.429
2020-06-18,-0.443
2020-06-19,-0.417
2020-06-22,-0.44
2020-06-23,-0.408
2020-06-24,-0.442
2020-06-25,-0.47
2020-06-26,-0.483
2020-06-29,-0.472
2020-06-30,-0.456
2020-07-01,-0.396
2020-07-02,-0.429
2020-07-03,-0.435
2020-07-06,-0.435
2020-07-07,-0.431
2020-07-08,-0.441
2020-07-09,-0.463
2020-07-10,-0.468
2020-07-13,-0.421
2020-07-14,-0.447
2020-07-15,-0.444
2020-07-16,-0.468
2020-07-17,-0.449
2020-07-20,-0.463
2020-07-21,-0.463
2020-07-22,-0.492
2020-07-23,-0.481
2020-07-24,-0.449
2020-07-27,-0.493
2020-07-28,-0.508
2020-07-29,-0.501
2020-07-30,-0.543
2020-07-31,-0.525
2020-08-03,-0.525
2020-08-04,-0.553
2020-08-05,-0.508
2020-08-06,-0.533
2020-08-07,-0.511
2020-08-10,-0.528
2020-08-11,-0.479
2020-08-12,-0.449
2020-08-13,-0.415
2020-08-14,-0.423
2020-08-17,-0.452
2020-08-18,-0.463
2020-08-19,-0.474
2020-08-20,-0.498
2020-08-21,-0.511
2020-08-24,-0.493
2020-08-25,-0.433
2020-08-26,-0.417
2020-08-27,-0.407
2020-08-28,-0.41
2020-08-31,-0.398
2020-09-01,-0.421
2020-09-02,-0.474
2020-09-03,-0.491
2020-09-04,-0.474
2020-09-07,-0.465
2020-09-08,-0.495
2020-09-09,-0.464
2020-09-10,-0.435
2020-09-11,-0.481
2020-09-14,-0.481
2020-09-15,-0.481
2020-09-16,-0.485
2020-09-17,-0.491
2020-09-18,-0.486
2020-09-21,-0.531
2020-09-22,-0.506
2020-09-23,-0.507
2020-09-24,-0.502
2020-09-25,-0.529
2020-09-28,-0.526
2020-09-29,-0.545
2020-09-30,-0.523
2020-10-01,-0.539
2020-10-02,-0.54
2020-10-05,-0.515
2020-10-06,-0.509
2020-10-07,-0.495
2020-10-08,-0.524
2020-10-09,-0.528
2020-10-12,-0.545
2020-10-13,-0.557
2020-10-14,-0.582
2020-10-15,-0.612
2020-10-16,-0.623
2020-10-19,-0.629
2020-10-20,-0.609
2020-10-21,-0.59
2020-10-22,-0.568
2020-10-23,-0.576
2020-10-26,-0.577
2020-10-27,-0.616
2020-10-28,-0.627
2020-10-29,-0.638
2020-10-30,-0.627
2020-11-02,-0.64
2020-11-03,-0.619
2020-11-04,-0.64
2020-11-05,-0.637
2020-11-06,-0.621
2020-11-09,-0.511
2020-11-10,-0.486
2020-11-11,-0.508
2020-11-12,-0.537
2020-11-13,-0.549
2020-11-16,-0.545
2020-11-17,-0.563
2020-11-18,-0.554
2020-11-19,-0.572
2020-11-20,-0.585
2020-11-23,-0.581
2020-11-24,-0.564
2020-11-25,-0.567
2020-11-26,-0.589
2020-11-27,-0.59
2020-11-30,-0.572
2020-12-01,-0.529
2020-12-02,-0.521
2020-12-03,-0.557
2020-12-04,-0.547
2020-12-07,-0.582
2020-12-08,-0.609
2020-12-09,-0.607
2020-12-10,-0.604
2020-12-11,-0.636
2020-12-14,-0.622
2020-12-15,-0.613
2020-12-16,-0.568
2020-12-17,-0.572
2020-12-18,-0.573
2020-12-21,-0.582
2020-12-22,-0.597
2020-12-23,-0.548
2020-12-28,-0.567
2020-12-29,-0.575
2020-12-30,-0.571
2021-01-04,-0.606
2021-01-05,-0.575
2021-01-06,-0.556
2021-01-07,-0.555
2021-01-08,-0.521
2021-01-11,-0.498
2021-01-12,-0.468
2021-01-13,-0.522
2021-01-14,-0.551
2021-01-15,-0.544
2021-01-18,-0.527
2021-01-19,-0.527
2021-01-20,-0.529
2021-01-21,-0.498
2021-01-22,-0.515
2021-01-25,-0.551
2021-01-26,-0.535
2021-01-27,-0.548
2021-01-28,-0.54
2021-01-29,-0.518
2021-02-01,-0.517
2021-02-02,-0.491
2021-02-03,-0.466
2021-02-04,-0.456
2021-02-05,-0.449
2021-02-08,-0.447
2021-02-09,-0.449
2021-02-10,-0.438
2021-02-11,-0.46
2021-02-12,-0.43
2021-02-15,-0.384
2021-02-16,-0.351
2021-02-17,-0.368
2021-02-18,-0.347
2021-02-19,-0.308
2021-02-22,-0.341
2021-02-23,-0.317
2021-02-24,-0.305
2021-02-25,-0.23
2021-02-26,-0.262
2021-03-01,-0.335
2021-03-02,-0.354
2021-03-03,-0.292
2021-03-04,-0.313
2021-03-05,-0.306
2021-03-08,-0.279
2021-03-09,-0.299
2021-03-10,-0.315
2021-03-11,-0.335
2021-03-12,-0.307
2021-03-15,-0.34
2021-03-16,-0.337
2021-03-17,-0.292
2021-03-18,-0.266
2021-03-19,-0.294
2021-03-22,-0.312
2021-03-23,-0.345
2021-03-24,-0.353
2021-03-25,-0.389
2021-03-26,-0.347
2021-03-29,-0.324
2021-03-30,-0.289
2021-03-31,-0.294
2021-04-01,-0.329
2021-04-06,-0.317
2021-04-07,-0.325
2021-04-08,-0.338
2021-04-09,-0.303
2021-04-12,-0.295
2021-04-13,-0.294
2021-04-14,-0.259
2021-04-15,-0.292
2021-04-16,-0.264
2021-04-19,-0.237
2021-04-20,-0.2645
2021-04-21,-0.2635
2021-04-22,-0.2535
2021-04-23,-0.2585
2021-04-26,-0.2545
2021-04-27,-0.2505
2021-04-28,-0.231
2021-04-29,-0.194
2021-04-30,-0.2045
2021-05-03,-0.205
2021-05-04,-0.247
2021-05-05,-0.2285
2021-05-06,-0.228
2021-05-07,-0.2155
2021-05-10,-0.215
2021-05-11,-0.163
2021-05-12,-0.125
2021-05-13,-0.1215
2021-05-14,-0.1285
2021-05-17,-0.1155
2021-05-18,-0.1065
2021-05-19,-0.111
2021-05-20,-0.1095
2021-05-21,-0.1305
2021-05-25,-0.168
2021-05-26,-0.2065
2021-05-27,-0.172
2021-05-28,-0.1865
2021-05-31,-0.188
2021-06-01,-0.179
2021-06-02,-0.1995
2021-06-03,-0.1845
2021-06-04,-0.2135
2021-06-07,-0.1995
2021-06-08,-0.226
2021-06-09,-0.245
2021-06-10,-0.2565
2021-06-11,-0.2735
2021-06-14,-0.252
2021-06-15,-0.2345
2021-06-16,-0.2505
2021-06-17,-0.199
2021-06-18,-0.2025
2021-06-21,-0.173
2021-06-22,-0.1625
2021-06-23,-0.1785
2021-06-24,-0.189
2021-06-25,-0.1555
2021-06-28,-0.192
2021-06-29,-0.1715
2021-06-30,-0.2095
2021-07-01,-0.2035
2021-07-02,-0.2365
2021-07-05,-0.2105
2021-07-06,-0.268
2021-07-07,-0.2995
2021-07-08,-0.3075
2021-07-09,-0.2935
2021-07-12,-0.2965
2021-07-13,-0.2955
2021-07-14,-0.3205
2021-07-15,-0.3345
2021-07-16,-0.3535
2021-07-19,-0.387
2021-07-20,-0.4115
2021-07-21,-0.391
2021-07-22,-0.427
2021-07-23,-0.4215
2021-07-26,-0.4185
2021-07-27,-0.4435
2021-07-28,-0.4505
2021-07-29,-0.4505
2021-07-30,-0.4615
2021-08-02,-0.4875
2021-08-03,-0.4825
2021-08-04,-0.5015
2021-08-05,-0.5015
2021-08-06,-0.457
2021-08-09,-0.462
2021-08-10,-0.457
2021-08-11,-0.4655
2021-08-12,-0.461
2021-08-13,-0.469
2021-08-16,-0.47
2021-08-17,-0.472
2021-08-18,-0.4825
2021-08-19,-0.4915
2021-08-20,-0.4965
2021-08-23,-0.482
2021-08-24,-0.479
2021-08-25,-0.4225
2021-08-26,-0.409
2021-08-27,-0.4245
2021-08-30,-0.44
2021-08-31,-0.3845
2021-09-01,-0.3745
2021-09-02,-0.386
2021-09-03,-0.3625
2021-09-06,-0.369
2021-09-07,-0.324
2021-09-08,-0.3235
2021-09-09,-0.362
2021-09-10,-0.3305
2021-09-13,-0.3315
2021-09-14,-0.3405
2021-09-15,-0.307
2021-09-16,-0.3025
2021-09-17,-0.286
2021-09-20,-0.3205
2021-09-21,-0.3185
2021-09-22,-0.3265
2021-09-23,-0.258
2021-09-24,-0.2285
2021-09-27,-0.2245
2021-09-28,-0.2005
2021-09-29,-0.2135
2021-09-30,-0.2005
2021-10-01,-0.2265
2021-10-04,-0.216
2021-10-05,-0.1885
2021-10-06,-0.1825
2021-10-07,-0.1865
2021-10-08,-0.151
2021-10-11,-0.1215
2021-10-12,-0.0855
2021-10-13,-0.1245
2021-10-14,-0.1875
2021-10-15,-0.168
2021-10-18,-0.1495
2021-10-19,-0.1045
2021-10-20,-0.126
2021-10-21,-0.1025
2021-10-22,-0.1095
2021-10-25,-0.1155
2021-10-26,-0.1215
2021-10-27,-0.1795
2021-10-28,-0.141
2021-10-29,-0.108
2021-11-01,-0.1055
2021-11-02,-0.168
2021-11-03,-0.1695
2021-11-04,-0.227
2021-11-05,-0.281
2021-11-08,-0.2445
2021-11-09,-0.2995
2021-11-10,-0.2495
2021-11-11,-0.2295
2021-11-12,-0.2605
2021-11-15,-0.2295
2021-11-16,-0.2435
2021-11-17,-0.248
2021-11-18,-0.277
2021-11-19,-0.344
2021-11-22,-0.3045
2021-11-23,-0.221
2021-11-24,-0.23
2021-11-25,-0.251
2021-11-26,-0.338
2021-11-29,-0.319
2021-11-30,-0.351
2021-12-01,-0.345
2021-12-02,-0.372
2021-12-03,-0.389
2021-12-06,-0.393
2021-12-07,-0.378
2021-12-08,-0.313
2021-12-09,-0.356
2021-12-10,-0.348
2021-12-13,-0.3835
2021-12-14,-0.37
2021-12-15,-0.3645
2021-12-16,-0.353
2021-12-17,-0.383
2021-12-20,-0.371
2021-12-21,-0.309
2021-12-22,-0.295
2021-12-23,-0.253
2021-12-27,-0.2455
2021-12-28,-0.239
2021-12-29,-0.1875
2021-12-30,-0.183
2022-01-03,-0.1245
2022-01-04,-0.124
2022-01-05,-0.126
2022-01-06,-0.0685
2022-01-07,-0.0455
2022-01-10,-0.036
2022-01-11,-0.029
2022-01-12,-0.058
2022-01-13,-0.091
2022-01-14,-0.0465
2022-01-17,-0.026
2022-01-18,-0.0185
2022-01-19,-0.011
2022-01-20,-0.027
2022-01-21,-0.0655
2022-01-24,-0.1055
2022-01-25,-0.0795
2022-01-26,-0.0765
2022-01-27,-0.062
2022-01-28,-0.0485
2022-01-31,0.0085
2022-02-01,0.0335
2022-02-02,0.0415
2022-02-03,0.138
2022-02-04,0.2055
2022-02-07,0.2265
2022-02-08,0.2625
2022-02-09,0.21
2022-02-10,0.279
2022-02-11,0.297
2022-02-14,0.2805
2022-02-15,0.3055
2022-02-16,0.2745
2022-02-17,0.2275
2022-02-18,0.187
2022-02-21,0.2055
2022-02-22,0.2385
2022-02-23,0.2205
2022-02-24,0.1645
2022-02-25,0.2235
2022-02-28,0.129
2022-03-01,-0.0935
2022-03-02,0.0195
2022-03-03,0.0135
2022-03-04,-0.0755
2022-03-07,-0.0185
2022-03-08,0.1085
2022-03-09,0.2135
2022-03-10,0.2685
2022-03-11,0.2415
2022-03-14,0.3655
2022-03-15,0.3245
2022-03-16,0.3895
2022-03-17,0.3775
2022-03-18,0.3705
2022-03-21,0.466
2022-03-22,0.4995
2022-03-23,0.464
2022-03-24,0.5295
2022-03-25,0.5835
2022-03-28,0.5815
2022-03-29,0.632
2022-03-30,0.6445
2022-03-31,0.5455
2022-04-01,0.5605
2022-04-04,0.5025
2022-04-05,0.6115
2022-04-06,0.6455
2022-04-07,0.6795
2022-04-08,0.7045
2022-04-11,0.8155
2022-04-12,0.7905
2022-04-13,0.764
2022-04-14,0.8395
2022-04-19,0.911
2022-04-20,0.848
2022-04-21,0.9455
2022-04-22,0.9705
2022-04-25,0.8335
2022-04-26,0.8135
2022-04-27,0.8015
2022-04-28,0.8985
2022-04-29,0.936
2022-05-02,0.9635
2022-05-03,0.9635
2022-05-04,0.9655
2022-05-05,1.04
2022-05-06,1.1295
2022-05-09,1.092
2022-05-10,0.997
2022-05-11,0.981
2022-05-12,0.8355
2022-05-13,0.944
2022-05-16,0.936
2022-05-17,1.0415
2022-05-18,1.0275
2022-05-19,0.947
2022-05-20,0.9405
2022-05-23,1.012
2022-05-24,0.968
2022-05-25,0.9475
2022-05-26,1.0
2022-05-27,0.9595
2022-05-30,1.0525
2022-05-31,1.122
2022-06-01,1.1855
2022-06-02,1.2345
2022-06-03,1.2725
2022-06-06,1.3155
2022-06-07,1.288
2022-06-08,1.352
2022-06-09,1.426
2022-06-10,1.515
2022-06-13,1.631
2022-06-14,1.752
2022-06-15,1.6385
2022-06-16,1.7095
2022-06-17,1.658
2022-06-20,1.7465
2022-06-21,1.7675
2022-06-22,1.634
2022-06-23,1.4245
2022-06-24,1.4375
2022-06-27,1.544
2022-06-28,1.622
2022-06-29,1.516
2022-06-30,1.3345
2022-07-01,1.2305
2022-07-04,1.33
2022-07-05,1.172
2022-07-06,1.155
2022-07-07,1.308
2022-07-08,1.344
2022-07-11,1.245
2022-07-12,1.1295
2022-07-13,1.141
2022-07-14,1.1715
2022-07-15,1.131
2022-07-18,1.2115
2022-07-19,1.271
2022-07-20,1.2535
2022-07-21,1.2205
2022-07-22,1.0365
2022-07-25,1.0195
2022-07-26,0.922
2022-07-27,0.942
2022-07-28,0.824
2022-07-29,0.811
2022-08-01,0.7755
2022-08-02,0.8145
2022-08-03,0.8715
2022-08-04,0.7995
2022-08-05,0.9535
2022-08-08,0.893
2022-08-09,0.9165
2022-08-10,0.885
2022-08-11,0.969
2022-08-12,0.985
2022-08-15,0.9025
2022-08-16,0.9725
2022-08-17,1.081
2022-08-18,1.1015
2022-08-19,1.2325
2022-08-22,1.302
2022-08-23,1.3195
2022-08-24,1.3685
2022-08-25,1.3165
2022-08-26,1.385
2022-08-29,1.5
2022-08-30,1.5045
2022-08-31,1.5355
2022-09-01,1.557
2022-09-02,1.5185
2022-09-05,1.56
2022-09-06,1.629
2022-09-07,1.574
2022-09-08,1.7145
2022-09-09,1.6925
2022-09-12,1.652
2022-09-13,1.725
2022-09-14,1.7075
2022-09-15,1.761
2022-09-16,1.745
2022-09-19,1.796
2022-09-20,1.928
2022-09-21,1.88
2022-09-22,1.969
2022-09-23,2.026
2022-09-26,2.0925
2022-09-27,2.23
2022-09-28,2.1155
2022-09-29,2.204
2022-09-30,2.1145
2022-10-03,1.912
2022-10-04,1.871
2022-10-05,2.017
2022-10-06,2.0925
2022-10-07,2.191
2022-10-10,2.345
2022-10-11,2.3055
2022-10-12,2.3135
2022-10-13,2.278
2022-10-14,2.336
2022-10-17,2.2835
2022-10-18,2.2805
2022-10-19,2.376
2022-10-20,2.42
2022-10-21,2.415
2022-10-24,2.3145
2022-10-25,2.1785
2022-10-26,2.1145
2022-10-27,1.963
2022-10-28,2.0975
2022-10-31,2.14
2022-11-01,2.1295
2022-11-02,2.1275
2022-11-03,2.244
2022-11-04,2.2875
2022-11-07,2.3385
2022-11-08,2.275
2022-11-09,2.1675
2022-11-10,2.004
2022-11-11,2.149
2022-11-14,2.147
2022-11-15,2.069
2022-11-16,1.973
2022-11-17,2.019
2022-11-18,2.0165
2022-11-21,2.0205
2022-11-22,1.9805
2022-11-23,1.9145
2022-11-24,1.8445
2022-11-25,1.966
2022-11-28,1.9805
2022-11-29,1.9315
2022-11-30,1.8855
2022-12-01,1.7895
2022-12-02,1.816
2022-12-05,1.883
2022-12-06,1.783
2022-12-07,1.761
2022-12-08,1.8375
2022-12-09,1.9345
2022-12-12,1.956
2022-12-13,1.9205
2022-12-14,1.932
2022-12-15,2.079
2022-12-16,2.148
2022-12-19,2.198
2022-12-20,2.288
2022-12-21,2.303
2022-12-22,2.3595
2022-12-23,2.403
2022-12-27,2.5035
2022-12-28,2.508
2022-12-29,2.449
2022-12-30,2.568
2023-01-02,2.433
2023-01-03,2.379
2023-01-04,2.2825
2023-01-05,2.291
2023-01-06,2.195
2023-01-09,2.2325
2023-01-10,2.274
2023-01-11,2.1525
2023-01-12,2.127
2023-01-13,2.171
2023-01-16,2.17
2023-01-17,2.08
2023-01-18,2.0215
2023-01-19,2.064
2023-01-20,2.169
2023-01-23,2.2
2023-01-24,2.1515
2023-01-25,2.143
2023-01-26,2.209
2023-01-27,2.2225
2023-01-30,2.3055
2023-01-31,2.2715
2023-02-01,2.2885
2023-02-02,2.07
2023-02-03,2.2095
2023-02-06,2.2935
2023-02-07,2.3565
2023-02-08,2.3355
2023-02-09,2.305
2023-02-10,2.36
2023-02-13,2.371
2023-02-14,2.441
2023-02-15,2.463
2023-02-16,2.4885
2023-02-17,2.4215
2023-02-20,2.4575
2023-02-21,2.5475
2023-02-22,2.5185
2023-02-23,2.468
2023-02-24,2.5285
2023-02-27,2.5765
2023-02-28,2.6345
2023-03-01,2.7175
2023-03-02,2.7445
2023-03-03,2.679
2023-03-06,2.7355
2023-03-07,2.691
2023-03-08,2.638
2023-03-09,2.631
2023-03-10,2.4595
2023-03-13,2.2855
2023-03-14,2.437
2023-03-15,2.114
2023-03-16,2.2505
2023-03-17,2.107
2023-03-20,2.105
2023-03-21,2.2795
2023-03-22,2.3235
2023-03-23,2.1875
2023-03-24,2.1445
2023-03-27,2.2655
2023-03-28,2.2885
2023-03-29,2.3265
2023-03-30,2.3425
2023-03-31,2.278
2023-04-03,2.2515
2023-04-04,2.2515
2023-04-05,2.191
2023-04-06,2.173
2023-04-11,2.2985
2023-04-12,2.3525
2023-04-13,2.376
2023-04-14,2.427
2023-04-17,2.475
2023-04-18,2.4835
2023-04-19,2.4975
2023-04-20,2.4425
2023-04-21,2.476
2023-04-24,2.5055
2023-04-25,2.3375
2023-04-26,2.3935
2023-04-27,2.465
2023-04-28,2.318
2023-05-02,2.2525
2023-05-03,2.2405
2023-05-04,2.215
2023-05-05,2.2715
2023-05-08,2.33
2023-05-09,2.3555
2023-05-10,2.287
2023-05-11,2.234
2023-05-12,2.2805
2023-05-15,2.291
2023-05-16,2.3385
2023-05-17,2.342
2023-05-18,2.4655
2023-05-19,2.452
2023-05-22,2.4505
2023-05-23,2.449
2023-05-24,2.473
2023-05-25,2.533
2023-05-26,2.51
2023-05-29,2.433
2023-05-30,2.326
2023-05-31,2.271
2023-06-01,2.242
2023-06-02,2.324
2023-06-05,2.3815
2023-06-06,2.3555
2023-06-07,2.4505
2023-06-08,2.401
2023-06-09,2.3735
2023-06-12,2.355
2023-06-13,2.448
2023-06-14,2.462
2023-06-15,2.49
2023-06-16,2.4525
2023-06-19,2.513
2023-06-20,2.404
2023-06-21,2.4005
2023-06-22,2.483
2023-06-23,2.363
2023-06-26,2.299
2023-06-27,2.353
2023-06-28,2.304
2023-06-29,2.4085
2023-06-30,2.393
2023-07-03,2.4355
2023-07-04,2.437
2023-07-05,2.4965
2023-07-06,2.608
2023-07-07,2.6355
2023-07-10,2.627
2023-07-11,2.641
2023-07-12,2.5475
2023-07-13,2.4375
2023-07-14,2.4775
2023-07-17,2.442
2023-07-18,2.362
2023-07-19,2.372
2023-07-20,2.455
2023-07-21,2.4395
2023-07-24,2.4055
2023-07-25,2.3995
2023-07-26,2.4335
2023-07-27,2.486
2023-07-28,2.4625
2023-07-31,2.4535
2023-08-01,2.5185
2023-08-02,2.4925
2023-08-03,2.567
2023-08-04,2.5145
2023-08-07,2.563
2023-08-08,2.44
2023-08-09,2.472
2023-08-10,2.542
2023-08-11,2.627
2023-08-14,2.639
2023-08-15,2.688
2023-08-16,2.6665
2023-08-17,2.683
2023-08-18,2.62
2023-08-21,2.689
2023-08-22,2.648
2023-08-23,2.4995
2023-08-24,2.5255
2023-08-25,2.554
2023-08-28,2.555
2023-08-29,2.5155
2023-08-30,2.554
2023-08-31,2.4615
2023-09-01,2.538
2023-09-04,2.5765
2023-09-05,2.6185
2023-09-06,2.6545
2023-09-07,2.6095
2023-09-08,2.609
2023-09-11,2.6355
2023-09-12,2.6405
2023-09-13,2.6405
2023-09-14,2.5945
2023-09-15,2.675
2023-09-18,2.6995
2023-09-19,2.7505
2023-09-20,2.7155
2023-09-21,2.7325
2023-09-22,2.7305
2023-09-25,2.8015
2023-09-26,2.811
2023-09-27,2.857
2023-09-28,2.924
2023-09-29,2.8565
2023-10-02,2.9135
2023-10-03,2.972
2023-10-04,2.9255
2023-10-05,2.8735
2023-10-06,2.9045
2023-10-09,2.757
2023-10-10,2.7865
2023-10-11,2.715
2023-10-12,2.799
2023-10-13,2.722
2023-10-16,2.786
2023-10-17,2.884
2023-10-18,2.911
2023-10-19,2.933
2023-10-20,2.8915
2023-10-23,2.8605
2023-10-24,2.8175
2023-10-25,2.8985
2023-10-26,2.8425
2023-10-27,2.8125
2023-10-30,2.826
2023-10-31,2.8255
2023-11-01,2.75
2023-11-02,2.7025
2023-11-03,2.657
2023-11-06,2.745
2023-11-07,2.658
2023-11-08,2.6155
2023-11-09,2.6575
2023-11-10,2.7125
2023-11-13,2.708
2023-11-14,2.5925
2023-11-15,2.637
2023-11-16,2.5795
2023-11-17,2.5835
2023-11-20,2.607
2023-11-21,2.574
2023-11-22,2.561
2023-11-23,2.6185
2023-11-24,2.6295
2023-11-27,2.5405
2023-11-28,2.4885
2023-11-29,2.4165
2023-11-30,2.452
2023-12-01,2.357
2023-12-04,2.3425
2023-12-05,2.246
2023-12-06,2.1965
2023-12-07,2.1955
2023-12-08,2.2595
2023-12-11,2.249
2023-12-12,2.2205
2023-12-13,2.1565
2023-12-14,2.1145
2023-12-15,2.026
2023-12-18,2.071
2023-12-19,2.021
2023-12-20,1.9545
2023-12-21,1.974
2023-12-22,1.974
2023-12-27,1.888
2023-12-28,1.9435
2023-12-29,2.0235
2024-01-02,2.0665
2024-01-03,1.998
2024-01-04,2.125
2024-01-05,2.174
2024-01-08,2.1285
2024-01-09,2.185
2024-01-10,2.2145
2024-01-11,2.2025
2024-01-12,2.1585
2024-01-15,2.1935
2024-01-16,2.2475
2024-01-17,2.2755
2024-01-18,2.32
2024-01-19,2.297
2024-01-22,2.263
2024-01-23,2.3515
2024-01-24,2.3345
2024-01-25,2.291
2024-01-26,2.295
2024-01-29,2.2345
2024-01-30,2.2705
2024-01-31,2.1605
2024-02-01,2.1555
2024-02-02,2.2385
2024-02-05,2.304
2024-02-06,2.2785
2024-02-07,2.32
2024-02-08,2.364
2024-02-09,2.373
2024-02-12,2.3545
2024-02-13,2.401
2024-02-14,2.322
2024-02-15,2.354
2024-02-16,2.3945
2024-02-19,2.4145
2024-02-20,2.3765
2024-02-21,2.4465
2024-02-22,2.435
2024-02-23,2.362
2024-02-26,2.4395
2024-02-27,2.463
2024-02-28,2.458
2024-02-29,2.4205
2024-03-01,2.4145
2024-03-04,2.391
2024-03-05,2.321
2024-03-06,2.3175
2024-03-07,2.3045
2024-03-08,2.2655
2024-03-11,2.301
2024-03-12,2.33
2024-03-13,2.366
2024-03-14,2.4235
2024-03-15,2.44
2024-03-18,2.4575
2024-03-19,2.45
2024-03-20,2.4305
2024-03-21,2.4035
2024-03-22,2.3225
2024-03-25,2.3715
2024-03-26,2.347
2024-03-27,2.291
2024-03-28,2.293
2024-04-02,2.3975
2024-04-03,2.3945
2024-04-04,2.3605
2024-04-05,2.397
2024-04-08,2.434
2024-04-09,2.3695
2024-04-10,2.4335
2024-04-11,2.4625
2024-04-12,2.358
2024-04-15,2.4395
2024-04-16,2.486
2024-04-17,2.465
2024-04-18,2.4975
2024-04-19,2.5025
2024-04-22,2.485
2024-04-23,2.5015
2024-04-24,2.5865
2024-04-25,2.63
2024-04-26,2.573
2024-04-29,2.5315
2024-04-30,2.583
2024-05-02,2.542
2024-05-03,2.495
2024-05-06,2.467
2024-05-07,2.4195
2024-05-08,2.4615
2024-05-09,2.4935
2024-05-10,2.519
2024-05-13,2.5075
2024-05-14,2.547
2024-05-15,2.423
2024-05-16,2.46
2024-05-17,2.514
2024-05-20,2.5275
2024-05-21,2.4985
2024-05-22,2.5335
2024-05-23,2.594
2024-05-24,2.5835
2024-05-27,2.5465
2024-05-28,2.591
2024-05-29,2.69
2024-05-30,2.6505
2024-05-31,2.6635
2024-06-03,2.5785
2024-06-04,2.5325
2024-06-05,2.5095
2024-06-06,2.5465
2024-06-07,2.6155
2024-06-10,2.6725
2024-06-11,2.6215
2024-06-12,2.529
2024-06-13,2.4675
2024-06-14,2.3595
2024-06-17,2.4105
2024-06-18,2.3935
2024-06-19,2.404
2024-06-20,2.427
2024-06-21,2.4065
2024-06-24,2.4165
2024-06-25,2.4075
2024-06-26,2.45
2024-06-27,2.4475
2024-06-28,2.497
2024-07-01,2.6045
2024-07-02,2.5995
2024-07-03,2.5595
2024-07-04,2.583
2024-07-05,2.53
2024-07-08,2.5145
2024-07-09,2.553
2024-07-10,2.5305
2024-07-11,2.4615
2024-07-12,2.494
2024-07-15,2.47
2024-07-16,2.4245
2024-07-17,2.4185
2024-07-18,2.4305
2024-07-19,2.4655
2024-07-22,2.493
2024-07-23,2.4365
2024-07-24,2.4425
2024-07-25,2.4175
2024-07-26,2.4055
2024-07-29,2.3565
2024-07-30,2.338
2024-07-31,2.301
2024-08-01,2.2415
2024-08-02,2.1735
2024-08-05,2.1865
2024-08-06,2.198
2024-08-07,2.267
2024-08-08,2.265
2024-08-09,2.224
2024-08-12,2.2245
2024-08-13,2.183
2024-08-14,2.1785
2024-08-15,2.2615
2024-08-16,2.2465
2024-08-19,2.2445
2024-08-20,2.2135
2024-08-21,2.188
2024-08-22,2.243
2024-08-23,2.224
2024-08-26,2.246
2024-08-27,2.2875
2024-08-28,2.2585
2024-08-29,2.272
2024-08-30,2.298
2024-09-02,2.336
2024-09-03,2.2755
2024-09-04,2.225
2024-09-05,2.2065
2024-09-06,2.1715
2024-09-09,2.1665
2024-09-10,2.128
2024-09-11,2.112
2024-09-12,2.152
2024-09-13,2.148
2024-09-16,2.1215
2024-09-17,2.143
2024-09-18,2.189
2024-09-19,2.197
2024-09-20,2.206
2024-09-23,2.1525
2024-09-24,2.145
2024-09-25,2.173
2024-09-26,2.181
2024-09-27,2.13
2024-09-30,2.1225
2024-10-01,2.0345
2024-10-02,2.09
2024-10-03,2.1435
2024-10-04,2.208
2024-10-07,2.255
2024-10-08,2.2425
2024-10-09,2.2565
2024-10-10,2.254
2024-10-11,2.264
2024-10-14,2.2745
2024-10-15,2.2215
2024-10-16,2.1835
2024-10-17,2.208
2024-10-18,2.1825
2024-10-21,2.282
2024-10-22,2.317
2024-10-23,2.306
2024-10-24,2.2655
2024-10-25,2.291
2024-10-28,2.2855
2024-10-29,2.3375
2024-10-30,2.3885
2024-10-31,2.387
2024-11-01,2.405
2024-11-04,2.393
2024-11-05,2.4245
2024-11-06,2.4045
2024-11-07,2.4455
2024-11-08,2.3635
2024-11-11,2.325
2024-11-12,2.361
2024-11-13,2.388
2024-11-14,2.3375
2024-11-15,2.3495
2024-11-18,2.37
2024-11-19,2.3375
2024-11-20,2.3495
2024-11-21,2.3145
2024-11-22,2.241
2024-11-25,2.2085
2024-11-26,2.186
2024-11-27,2.159
2024-11-28,2.1255
2024-11-29,2.081
2024-12-02,2.03
2024-12-03,2.0535
2024-12-04,2.06
2024-12-05,2.11
2024-12-06,2.1065
2024-12-09,2.121
2024-12-10,2.1185
2024-12-11,2.126
2024-12-12,2.2035
2024-12-13,2.2545
2024-12-16,2.244
2024-12-17,2.2285
2024-12-18,2.2435
2024-12-19,2.3045
2024-12-20,2.2835
2024-12-23,2.3175
2024-12-27,2.3945
2024-12-30,2.364
2025-01-02,2.375
2025-01-03,2.4215
2025-01-06,2.443
2025-01-07,2.481
2025-01-08,2.5175
2025-01-09,2.538
2025-01-10,2.5675
2025-01-13,2.5905
2025-01-14,2.6255
2025-01-15,2.533
2025-01-16,2.52
2025-01-17,2.5055
2025-01-20,2.5015
2025-01-21,2.483
2025-01-22,2.5035
2025-01-23,2.5215
2025-01-24,2.542
2025-01-27,2.5035
2025-01-28,2.561
2025-01-29,2.582
2025-01-30,2.5175
2025-01-31,2.4565
2025-02-03,2.385
2025-02-04,2.396
2025-02-05,2.3645
2025-02-06,2.3765
2025-02-07,2.3705
2025-02-10,2.3595
2025-02-11,2.4295
2025-02-12,2.4775
2025-02-13,2.4175
2025-02-14,2.4305
2025-02-17,2.4875
2025-02-18,2.493
2025-02-19,2.5565
2025-02-20,2.5335
2025-02-21,2.4685
2025-02-24,2.4765
2025-02-25,2.456
2025-02-26,2.4325
2025-02-27,2.413
2025-02-28,2.4075
2025-03-03,2.4885
2025-03-04,2.493
2025-03-05,2.7915
2025-03-06,2.8335
2025-03-07,2.8375
2025-03-10,2.8315
2025-03-11,2.872
2025-03-12,2.8765
2025-03-13,2.8535
2025-03-14,2.8735
2025-03-17,2.8175
2025-03-18,2.81
2025-03-19,2.802
2025-03-20,2.78
2025-03-21,2.764
2025-03-24,2.7695
2025-03-25,2.7965
2025-03-26,2.793
2025-03-27,2.772
2025-03-28,2.7265
2025-03-31,2.7375
2025-04-01,2.685
2025-04-02,2.72
2025-04-03,2.651
2025-04-04,2.575
2025-04-07,2.6475
2025-04-08,2.6275
2025-04-09,2.589
2025-04-10,2.577
2025-04-11,2.5675
2025-04-14,2.507
2025-04-15,2.532
2025-04-16,2.506
2025-04-17,2.4695
2025-04-22,2.4425
2025-04-23,2.497
2025-04-24,2.4465
2025-04-25,2.4685
2025-04-28,2.52
2025-04-29,2.496
2025-04-30,2.4425
2025-05-02,2.5305
2025-05-05,2.517
2025-05-06,2.537
2025-05-07,2.473
2025-05-08,2.5335
2025-05-09,2.56
2025-05-12,2.647
2025-05-13,2.679
2025-05-14,2.698
2025-05-15,2.62
2025-05-16,2.5875
2025-05-19,2.587
2025-05-20,2.604
2025-05-21,2.6455
2025-05-22,2.642
2025-05-23,2.568
2025-05-26,2.56
2025-05-27,2.533
2025-05-28,2.554
2025-05-29,2.507
2025-05-30,2.5
2025-06-02,2.524
2025-06-03,2.528
2025-06-04,2.526
2025-06-05,2.582
2025-06-06,2.575
2025-06-09,2.566
2025-06-10,2.523
2025-06-11,2.533
2025-06-12,2.478
2025-06-13,2.534
2025-06-16,2.525
2025-06-17,2.534
2025-06-18,2.497
2025-06-19,2.521
2025-06-20,2.517
2025-06-23,2.506
2025-06-24,2.544
2025-06-25,2.564
2025-06-26,2.568
2025-06-27,2.59
2025-06-30,2.606
2025-07-01,2.572
2025-07-02,2.622
2025-07-03,2.576
2025-07-04,2.569
2025-07-07,2.605
2025-07-08,2.648
2025-07-09,2.634
2025-07-10,2.666
2025-07-11,2.685
2025-07-14,2.731
2025-07-15,2.709
2025-07-16,2.687
2025-07-17,2.674
2025-07-18,2.693
2025-07-21,2.612
2025-07-22,2.589
2025-07-23,2.639
2025-07-24,2.703
2025-07-25,2.717
2025-07-28,2.689
2025-07-29,2.707
2025-07-30,2.706
2025-07-31,2.692
2025-08-01,2.677
2025-08-04,2.6238
2025-08-05,2.6233
2025-08-06,2.6484
2025-08-07,2.6304
2025-08-08,2.6882
2025-08-11,2.6954
2025-08-12,2.7448
2025-08-13,2.6787
2025-08-14,2.712
2025-08-15,2.7866
2025-08-18,2.7636
2025-08-19,2.7495
2025-08-20,2.7166
2025-08-21,2.7558
2025-08-22,2.7212
2025-08-25,2.757
2025-08-26,2.7213
2025-08-27,2.6992
2025-08-28,2.6944
2025-08-29,2.7247
2025-09-01,2.7465
2025-09-02,2.7845
2025-09-03,2.7396
2025-09-04,2.7182
2025-09-05,2.6603
2025-09-08,2.6419
2025-09-09,2.6586
2025-09-10,2.649
2025-09-11,2.6549
2025-09-12,2.7143
2025-09-15,2.6894
2025-09-16,2.692
2025-09-17,2.6725
2025-09-18,2.7221
2025-09-19,2.7454
2025-09-22,2.7475
2025-09-23,2.7489
2025-09-24,2.7485
2025-09-25,2.7714
2025-09-26,2.7466
2025-09-29,2.7057
2025-09-30,2.71
2025-10-01,2.7126
2025-10-02,2.6991
2025-10-03,2.6981
2025-10-06,2.7176
2025-10-07,2.7082
2025-10-08,2.6785
2025-10-09,2.7029
2025-10-10,2.6427
2025-10-13,2.6361
2025-10-14,2.6092
2025-10-15,2.5703
2025-10-16,2.5705
2025-10-17,2.5797
2025-10-20,2.577
2025-10-21,2.5521
2025-10-22,2.5627
2025-10-23,2.582
2025-10-24,2.6253
2025-10-27,2.6149
2025-10-28,2.6219
2025-10-29,2.6212
2025-10-30,2.642
2025-10-31,2.6328
2025-11-03,2.6668
2025-11-04,2.6545
2025-11-05,2.6735
2025-11-06,2.6515
2025-11-07,2.667
2025-11-10,2.6683
2025-11-11,2.6586
2025-11-12,2.6438
2025-11-13,2.6886
2025-11-14,2.7192
2025-11-17,2.7121
2025-11-18,2.7062
2025-11-19,2.711
2025-11-20,2.7164
2025-11-21,2.7037
2025-11-24,2.692
2025-11-25,2.6734
2025-11-26,2.671
2025-11-27,2.681
2025-11-28,2.6883
2025-12-01,2.7508
2025-12-02,2.75
2025-12-03,2.7471
2025-12-04,2.7726
2025-12-05,2.7989
2025-12-08,2.8617
2025-12-09,2.8495
2025-12-10,2.8513
2025-12-11,2.8438
2025-12-12,2.8587
2025-12-15,2.8539
2025-12-16,2.8454
2025-12-17,2.8638
2025-12-18,2.8497
2025-12-19,2.895
2025-12-22,2.9001
2025-12-23,2.8624
2025-12-29,2.8298
2025-12-30,2.8546
2026-01-02,2.9015
2026-01-05,2.8702
2026-01-06,2.8418
2026-01-07,2.8112
2026-01-08,2.8256
2026-01-09,2.825
2026-01-12,2.8027
2026-01-13,2.8094
2026-01-14,2.7752
2026-01-15,2.8207
2026-01-16,2.8362
2026-01-19,2.8407
2026-01-20,2.8584
2026-01-21,2.884
2026-01-22,2.8885
2026-01-23,2.9074
2026-01-26,2.8684
2026-01-27,2.8752
2026-01-28,2.8581
2026-01-29,2.8414
2026-01-30,2.8436
2026-02-02,2.8686
2026-02-03,2.8915
2026-02-04,2.8602
2026-02-05,2.8438
2026-02-06,2.8427
2026-02-09,2.8416
2026-02-10,2.8095
2026-02-11,2.7936
2026-02-12,2.7785
2026-02-13,2.7559
2026-02-16,2.7549
2026-02-17,2.7387
2026-02-18,2.7396
2026-02-19,2.7439
2026-02-20,2.7386
2026-02-23,2.7115
2026-02-24,2.7073
2026-02-25,2.7087
2026-02-26,2.6937
2026-02-27,2.6445
2026-03-02,2.7132
2026-03-03,2.7528
2026-03-04,2.7547
2026-03-05,2.8428
2026-03-06,2.8614
2026-03-09,2.8628
2026-03-10,2.8576
2026-03-11,2.9359
2026-03-12,2.9555
2026-03-13,2.9854
2026-03-16,2.9514
2026-03-17,2.9086
2026-03-18,2.9457
2026-03-19,2.9643
2026-03-20,3.0436
2026-03-23,3.0037
2026-03-24,3.0341
2026-03-25,2.9579
2026-03-26,3.0746
2026-03-27,3.096
2026-03-30,3.0356
2026-03-31,3.0112
2026-04-01,2.987
2026-04-02,2.994
2026-04-07,3.0914
2026-04-08,2.9508
2026-04-09,2.9883
2026-04-10,3.0656
2026-04-13,3.0951
2026-04-14,3.0244
2026-04-15,3.049
2026-04-16,3.0349
2026-04-17,2.9657
2026-04-20,2.9819
2026-04-21,3.0052
2026-04-22,3.0128
2026-04-23,3.01
2026-04-24,2.9933
2026-04-27,3.035
2026-04-28,3.0687
2026-04-29,3.1097
2026-04-30,3.0375
2026-05-04,3.086
2026-05-05,3.063
2026-05-06,3.0008
2026-05-07,3.0034
2026-05-08,3.006
2026-05-11,3.0436
2026-05-12,3.1004
2026-05-13,3.1005
2026-05-14,3.0433
2026-05-15,3.1672
2026-05-18,3.1479
2026-05-19,3.192
2026-05-20,3.0969
2026-05-21,3.0976
2026-05-22,3.0414
2026-05-25,2.9451
2026-05-26,2.9788
2026-05-27,2.9871
2026-05-28,2.9646
2026-05-29,2.9397
2026-06-01,3.0007
2026-06-02,2.9755
2026-06-03,3.0354
2026-06-04,3.0227
2026-06-05,3.0405
2026-06-08,3.0605
2026-06-09,3.047
2026-06-10,3.0688
2026-06-11,3.0318
2026-06-12,2.9957
2026-06-15,2.9546
2026-06-16,2.9297
2026-06-17,2.927
2026-06-18,2.9293
2026-06-19,2.9853
2026-06-22,2.9542
2026-06-23,2.9204
2026-06-24,2.8654
2026-06-25,2.8578
2026-06-26,2.8514
2026-06-29,2.8577
2026-06-30,2.9066
2026-07-01,2.9264
2026-07-02,2.9528
2026-07-03,2.934
2026-07-06,2.9491
2026-07-07,2.9941
2026-07-08,3.0913
2026-07-09,3.0507
2026-07-10,3.0366
2026-07-13,3.0768
2026-07-14,3.0842
2026-07-15,3.0911
2026-07-16,3.1346
2026-07-17,3.1268
2026-07-20,3.151
2026-07-21,3.1652
2026-07-22,3.1724
2026-07-23,3.2047
2026-07-24,3.1744
2026-07-27,3.1329
2026-07-28,3.1046
2026-07-29,3.1608
2026-07-30,3.1565
2026-07-31,3.2094
2026-08-03,3.1522
2026-08-04,3.1095
2026-08-05,3.1136
2026-08-06,3.1419
2026-08-07,3.1346
2026-08-10,3.1792
2026-08-11,3.157
2026-08-12,3.16
2026-08-13,3.1325
2026-08-14,3.2057
2026-08-17,3.2221
2026-08-18,3.2598
2026-08-19,3.262
2026-08-20,3.2592
2026-08-21,3.2593
2026-08-24,3.2531
2026-08-25,3.2014
2026-08-26,3.235
2026-08-27,3.2535
2026-08-28,3.2799
2026-08-31,3.3239
2026-09-01,3.3446
2026-09-02,3.3769
2026-09-03,3.3458
